event_id,user_id,event_date,content_type,event_type
1,1001,2025-07-04,短视频,点击
2,711,2025-09-23,短视频,曝光
3,1868,2025-07-21,短视频,分享
4,893,2025-09-28,直播,曝光
5,832,2025-09-03,短视频,曝光
6,1445,2025-08-18,短视频,曝光
7,523,2025-08-28,短视频,分享
8,861,2025-08-21,短视频,曝光
9,1413,2025-08-04,短视频,曝光
10,645,2025-09-24,短视频,曝光
11,859,2025-07-06,图文,点击
12,31,2025-09-07,短视频,曝光
13,1589,2025-08-26,直播,点击
14,1722,2025-07-15,直播,点击
15,1337,2025-08-31,图文,曝光
16,1054,2025-09-26,短视频,曝光
17,1787,2025-07-27,短视频,点击
18,1703,2025-08-22,短视频,曝光
19,938,2025-08-04,直播,分享
20,1236,2025-07-02,短视频,曝光
21,1878,2025-07-06,短视频,曝光
22,402,2025-07-19,图文,曝光
23,1557,2025-08-28,短视频,曝光
24,727,2025-09-12,短视频,曝光
25,186,2025-07-08,图文,点击
26,835,2025-07-12,直播,曝光
27,1037,2025-09-18,图文,曝光
28,1480,2025-09-17,短视频,曝光
29,304,2025-08-18,短视频,点击
30,1097,2025-09-11,短视频,点击
31,1323,2025-07-20,直播,曝光
32,1274,2025-07-04,图文,曝光
33,1665,2025-09-22,图文,曝光
34,1507,2025-07-31,直播,曝光
35,931,2025-08-02,直播,曝光
36,548,2025-08-16,短视频,曝光
37,1762,2025-08-25,短视频,曝光
38,1764,2025-07-07,短视频,曝光
39,260,2025-08-23,直播,曝光
40,907,2025-08-23,图文,曝光
41,1504,2025-09-07,直播,点击
42,1323,2025-09-29,短视频,曝光
43,1750,2025-09-04,短视频,曝光
44,437,2025-08-25,短视频,曝光
45,1883,2025-09-20,短视频,曝光
46,467,2025-08-15,图文,点击
47,192,2025-07-05,直播,点击
48,1470,2025-09-18,短视频,曝光
49,1856,2025-09-28,短视频,曝光
50,701,2025-09-27,短视频,分享
51,320,2025-09-23,短视频,曝光
52,1752,2025-09-21,短视频,曝光
53,191,2025-09-02,短视频,曝光
54,1330,2025-07-04,短视频,点击
55,254,2025-09-07,短视频,分享
56,1331,2025-07-10,短视频,曝光
57,228,2025-07-14,短视频,曝光
58,761,2025-08-26,短视频,点击
59,930,2025-09-23,直播,加购
60,1806,2025-07-21,直播,曝光
61,1423,2025-07-16,短视频,曝光
62,1890,2025-08-17,图文,曝光
63,1080,2025-08-02,直播,曝光
64,516,2025-09-16,直播,曝光
65,850,2025-07-18,短视频,曝光
66,1030,2025-09-25,图文,曝光
67,1128,2025-07-25,直播,分享
68,1814,2025-07-31,直播,曝光
69,1795,2025-08-31,直播,曝光
70,203,2025-09-17,图文,曝光
71,1589,2025-08-14,直播,曝光
72,596,2025-08-16,图文,点击
73,1176,2025-08-29,短视频,加购
74,1909,2025-08-30,直播,曝光
75,1765,2025-09-11,直播,加购
76,970,2025-07-12,短视频,加购
77,92,2025-09-26,短视频,点击
78,1904,2025-07-06,图文,加购
79,1815,2025-07-22,短视频,曝光
80,761,2025-09-10,直播,曝光
81,275,2025-07-26,短视频,曝光
82,1055,2025-08-25,直播,曝光
83,1604,2025-07-15,图文,曝光
84,909,2025-09-14,图文,曝光
85,43,2025-07-28,直播,曝光
86,915,2025-07-11,短视频,曝光
87,1030,2025-07-11,短视频,曝光
88,1836,2025-07-16,短视频,曝光
89,1616,2025-09-06,短视频,分享
90,1390,2025-07-06,短视频,曝光
91,810,2025-08-24,短视频,曝光
92,1892,2025-08-29,短视频,曝光
93,464,2025-07-31,短视频,分享
94,660,2025-08-26,直播,曝光
95,1693,2025-07-27,图文,曝光
96,1988,2025-08-09,短视频,曝光
97,1630,2025-07-03,短视频,曝光
98,1416,2025-07-13,短视频,曝光
99,1876,2025-07-10,短视频,曝光
100,263,2025-07-03,直播,分享
101,1339,2025-07-31,直播,曝光
102,826,2025-07-24,直播,曝光
103,1197,2025-07-24,直播,曝光
104,498,2025-07-01,短视频,曝光
105,978,2025-09-11,图文,曝光
106,471,2025-09-26,图文,曝光
107,1287,2025-09-06,直播,点击
108,1860,2025-07-16,图文,曝光
109,118,2025-09-10,图文,点击
110,1920,2025-07-25,短视频,点击
111,1319,2025-07-28,图文,曝光
112,29,2025-09-12,直播,分享
113,1159,2025-07-20,短视频,曝光
114,277,2025-09-30,短视频,曝光
115,1606,2025-09-17,直播,曝光
116,556,2025-08-27,短视频,曝光
117,115,2025-08-16,直播,曝光
118,1696,2025-07-24,短视频,分享
119,1074,2025-08-30,短视频,加购
120,1223,2025-08-11,短视频,曝光
121,1664,2025-08-29,图文,曝光
122,1131,2025-07-06,图文,加购
123,1593,2025-08-04,图文,曝光
124,1197,2025-07-11,直播,点击
125,56,2025-08-08,图文,曝光
126,1902,2025-09-04,短视频,分享
127,1919,2025-07-11,直播,曝光
128,552,2025-09-15,短视频,曝光
129,1302,2025-09-15,短视频,曝光
130,247,2025-07-25,直播,曝光
131,570,2025-07-18,短视频,分享
132,1216,2025-09-06,图文,曝光
133,696,2025-09-09,图文,曝光
134,1938,2025-08-28,短视频,点击
135,157,2025-07-14,短视频,加购
136,1421,2025-08-16,直播,曝光
137,1226,2025-07-24,图文,点击
138,1785,2025-07-27,直播,曝光
139,1619,2025-08-23,直播,曝光
140,1793,2025-09-29,直播,曝光
141,1588,2025-07-19,图文,曝光
142,439,2025-07-23,短视频,点击
143,850,2025-07-23,图文,曝光
144,1372,2025-07-20,直播,点击
145,1999,2025-09-25,直播,曝光
146,1725,2025-07-11,短视频,曝光
147,1300,2025-07-18,图文,曝光
148,203,2025-08-30,短视频,曝光
149,842,2025-08-02,直播,加购
150,1303,2025-09-21,短视频,曝光
151,1544,2025-08-24,直播,曝光
152,545,2025-07-13,短视频,加购
153,935,2025-08-14,短视频,曝光
154,1644,2025-07-10,短视频,曝光
155,1668,2025-08-09,短视频,加购
156,447,2025-09-22,短视频,曝光
157,508,2025-08-14,短视频,分享
158,747,2025-08-30,短视频,加购
159,1288,2025-08-05,直播,曝光
160,1354,2025-09-28,直播,曝光
161,1519,2025-08-24,短视频,曝光
162,1112,2025-09-04,直播,曝光
163,1836,2025-09-12,直播,曝光
164,240,2025-09-09,直播,曝光
165,1050,2025-09-25,图文,曝光
166,451,2025-08-12,图文,分享
167,1078,2025-07-15,图文,曝光
168,1772,2025-07-22,直播,曝光
169,1771,2025-07-23,短视频,曝光
170,1978,2025-08-22,短视频,曝光
171,980,2025-07-09,直播,曝光
172,1388,2025-08-02,直播,曝光
173,954,2025-09-06,直播,点击
174,20,2025-08-13,直播,点击
175,567,2025-07-31,直播,点击
176,1487,2025-08-17,短视频,曝光
177,108,2025-07-12,图文,分享
178,1286,2025-07-03,图文,分享
179,918,2025-09-05,短视频,曝光
180,824,2025-08-25,直播,分享
181,1472,2025-09-02,图文,点击
182,457,2025-08-02,直播,曝光
183,519,2025-07-21,直播,曝光
184,332,2025-09-13,图文,曝光
185,217,2025-09-06,直播,曝光
186,168,2025-07-06,直播,点击
187,208,2025-09-27,短视频,曝光
188,1279,2025-08-21,直播,曝光
189,600,2025-07-28,图文,分享
190,675,2025-08-03,短视频,曝光
191,1507,2025-08-20,直播,加购
192,1037,2025-07-09,直播,点击
193,155,2025-07-08,短视频,曝光
194,1051,2025-08-08,图文,曝光
195,1323,2025-09-26,图文,曝光
196,1215,2025-08-07,短视频,曝光
197,1737,2025-09-17,直播,点击
198,1190,2025-09-08,短视频,加购
199,1625,2025-09-16,短视频,曝光
200,1039,2025-07-14,短视频,曝光
201,1274,2025-09-30,直播,曝光
202,311,2025-09-15,图文,曝光
203,1985,2025-09-17,直播,曝光
204,55,2025-07-05,短视频,点击
205,1937,2025-07-25,短视频,曝光
206,1153,2025-08-17,短视频,加购
207,675,2025-08-28,短视频,曝光
208,847,2025-08-29,直播,曝光
209,154,2025-09-29,图文,曝光
210,821,2025-07-02,图文,分享
211,143,2025-07-24,短视频,曝光
212,861,2025-07-07,短视频,点击
213,273,2025-08-19,直播,曝光
214,228,2025-07-26,直播,曝光
215,1425,2025-08-26,短视频,曝光
216,359,2025-08-05,图文,曝光
217,671,2025-07-24,直播,曝光
218,1325,2025-08-01,直播,曝光
219,1010,2025-08-28,图文,曝光
220,1028,2025-09-28,短视频,曝光
221,884,2025-07-16,直播,曝光
222,1220,2025-07-16,图文,曝光
223,1306,2025-09-27,图文,曝光
224,259,2025-09-20,短视频,曝光
225,1927,2025-09-21,短视频,分享
226,1629,2025-09-25,直播,曝光
227,849,2025-07-20,短视频,点击
228,746,2025-07-17,直播,加购
229,1452,2025-08-30,图文,曝光
230,1227,2025-09-08,短视频,曝光
231,1606,2025-09-15,短视频,曝光
232,932,2025-09-30,直播,曝光
233,883,2025-09-21,图文,加购
234,937,2025-07-23,直播,加购
235,592,2025-07-28,图文,曝光
236,1558,2025-08-16,直播,曝光
237,1593,2025-07-28,短视频,加购
238,221,2025-09-08,短视频,曝光
239,187,2025-09-14,直播,曝光
240,150,2025-09-06,短视频,曝光
241,659,2025-07-01,短视频,曝光
242,203,2025-09-15,短视频,曝光
243,1140,2025-07-27,直播,曝光
244,1991,2025-08-02,图文,曝光
245,1410,2025-08-21,图文,曝光
246,1855,2025-07-12,直播,曝光
247,298,2025-09-06,短视频,点击
248,1402,2025-09-01,短视频,曝光
249,1458,2025-08-11,短视频,曝光
250,896,2025-08-01,直播,曝光
251,1492,2025-07-27,直播,曝光
252,171,2025-08-29,短视频,点击
253,1232,2025-09-29,短视频,分享
254,1642,2025-08-13,图文,曝光
255,787,2025-09-28,短视频,曝光
256,379,2025-08-12,直播,曝光
257,21,2025-07-01,直播,曝光
258,546,2025-09-20,直播,曝光
259,1643,2025-08-02,短视频,曝光
260,1682,2025-08-28,图文,曝光
261,1234,2025-08-13,直播,点击
262,515,2025-08-27,直播,曝光
263,520,2025-09-09,直播,曝光
264,1690,2025-09-28,短视频,曝光
265,1168,2025-09-27,短视频,曝光
266,1572,2025-07-25,直播,曝光
267,741,2025-07-03,短视频,曝光
268,1675,2025-09-02,直播,曝光
269,942,2025-07-19,短视频,曝光
270,1349,2025-08-02,图文,点击
271,1703,2025-09-08,图文,加购
272,705,2025-08-25,图文,点击
273,1576,2025-08-25,直播,曝光
274,1307,2025-09-14,直播,曝光
275,995,2025-08-28,图文,曝光
276,1659,2025-09-23,短视频,曝光
277,880,2025-07-19,图文,曝光
278,1499,2025-08-09,图文,曝光
279,153,2025-08-10,短视频,曝光
280,1725,2025-09-15,短视频,点击
281,1930,2025-09-15,图文,分享
282,1968,2025-07-31,短视频,曝光
283,1689,2025-09-23,短视频,点击
284,1381,2025-08-30,短视频,曝光
285,1483,2025-07-22,图文,曝光
286,1857,2025-09-19,短视频,曝光
287,1461,2025-07-16,短视频,点击
288,544,2025-09-02,短视频,曝光
289,320,2025-09-24,直播,曝光
290,1947,2025-09-03,短视频,加购
291,279,2025-08-16,短视频,曝光
292,1821,2025-09-16,短视频,曝光
293,1872,2025-07-18,直播,曝光
294,83,2025-07-24,短视频,曝光
295,1615,2025-08-29,直播,曝光
296,1181,2025-09-07,直播,点击
297,780,2025-07-26,直播,点击
298,1006,2025-08-28,短视频,曝光
299,857,2025-09-11,短视频,曝光
300,1632,2025-08-20,图文,点击
301,824,2025-07-16,短视频,曝光
302,253,2025-09-28,图文,曝光
303,794,2025-08-02,短视频,曝光
304,1056,2025-08-07,直播,曝光
305,901,2025-08-22,短视频,曝光
306,1003,2025-07-22,直播,曝光
307,1975,2025-07-07,短视频,曝光
308,792,2025-09-16,直播,点击
309,1636,2025-09-08,短视频,曝光
310,1985,2025-07-18,短视频,点击
311,1662,2025-08-17,短视频,曝光
312,1080,2025-09-07,图文,点击
313,1979,2025-09-29,图文,分享
314,827,2025-09-24,短视频,加购
315,559,2025-07-07,短视频,加购
316,1713,2025-09-14,图文,曝光
317,1838,2025-07-14,短视频,曝光
318,279,2025-08-28,短视频,分享
319,639,2025-08-24,短视频,曝光
320,576,2025-09-23,短视频,点击
321,1640,2025-08-23,图文,曝光
322,558,2025-08-14,直播,曝光
323,1327,2025-08-25,短视频,曝光
324,1868,2025-07-07,直播,分享
325,1820,2025-07-03,直播,曝光
326,1761,2025-09-06,短视频,曝光
327,1059,2025-08-15,短视频,曝光
328,1214,2025-09-04,短视频,点击
329,1451,2025-08-14,短视频,加购
330,640,2025-09-18,短视频,点击
331,1003,2025-07-29,短视频,点击
332,937,2025-08-07,短视频,分享
333,1602,2025-07-25,直播,点击
334,1143,2025-07-14,短视频,曝光
335,891,2025-07-11,直播,曝光
336,1081,2025-07-10,直播,曝光
337,345,2025-07-10,直播,曝光
338,512,2025-08-01,短视频,曝光
339,1602,2025-08-10,短视频,曝光
340,261,2025-09-11,短视频,曝光
341,1366,2025-09-14,短视频,曝光
342,1816,2025-08-17,短视频,曝光
343,1368,2025-08-24,短视频,加购
344,1282,2025-07-16,直播,点击
345,1435,2025-07-25,直播,曝光
346,291,2025-07-23,短视频,加购
347,274,2025-08-15,图文,曝光
348,1980,2025-08-02,短视频,曝光
349,854,2025-07-20,直播,点击
350,823,2025-08-14,直播,分享
351,317,2025-07-11,短视频,点击
352,1466,2025-09-16,短视频,点击
353,69,2025-09-08,图文,点击
354,354,2025-09-30,短视频,曝光
355,450,2025-07-25,短视频,点击
356,1866,2025-08-25,短视频,曝光
357,1901,2025-09-13,直播,加购
358,159,2025-08-05,短视频,加购
359,279,2025-09-24,短视频,曝光
360,1912,2025-07-17,短视频,曝光
361,1269,2025-07-16,短视频,点击
362,1455,2025-08-17,短视频,曝光
363,1136,2025-08-02,短视频,曝光
364,455,2025-08-26,直播,曝光
365,1461,2025-09-17,短视频,曝光
366,362,2025-07-31,图文,曝光
367,59,2025-09-07,短视频,点击
368,1675,2025-07-30,短视频,曝光
369,760,2025-07-05,短视频,曝光
370,80,2025-09-15,直播,加购
371,869,2025-08-18,短视频,曝光
372,229,2025-08-30,短视频,曝光
373,942,2025-08-04,图文,点击
374,1346,2025-08-11,短视频,点击
375,677,2025-09-14,图文,加购
376,155,2025-08-21,短视频,曝光
377,1781,2025-07-14,短视频,曝光
378,1083,2025-08-16,图文,点击
379,47,2025-07-13,短视频,曝光
380,1149,2025-07-17,短视频,曝光
381,1848,2025-09-29,直播,曝光
382,36,2025-09-19,直播,分享
383,1574,2025-09-18,短视频,曝光
384,755,2025-07-09,直播,曝光
385,1416,2025-09-30,短视频,分享
386,58,2025-07-20,短视频,曝光
387,1814,2025-07-17,短视频,曝光
388,1934,2025-08-21,图文,加购
389,1100,2025-08-05,短视频,点击
390,431,2025-08-12,图文,曝光
391,303,2025-09-18,短视频,曝光
392,1380,2025-08-24,短视频,加购
393,1587,2025-07-28,直播,曝光
394,1348,2025-09-23,短视频,曝光
395,987,2025-09-03,短视频,曝光
396,1545,2025-07-27,短视频,分享
397,1475,2025-07-05,短视频,加购
398,671,2025-07-14,短视频,点击
399,1554,2025-07-19,短视频,曝光
400,369,2025-07-12,短视频,曝光
401,1641,2025-09-24,图文,曝光
402,1062,2025-07-06,直播,加购
403,1495,2025-09-26,图文,分享
404,1389,2025-09-11,短视频,点击
405,192,2025-07-07,短视频,曝光
406,1511,2025-08-12,短视频,曝光
407,1568,2025-07-01,短视频,点击
408,98,2025-07-24,短视频,点击
409,452,2025-07-25,短视频,曝光
410,1506,2025-09-01,直播,点击
411,722,2025-07-18,短视频,分享
412,225,2025-09-10,图文,点击
413,1710,2025-09-03,图文,曝光
414,1050,2025-09-25,直播,曝光
415,789,2025-08-20,短视频,点击
416,1111,2025-08-06,直播,曝光
417,800,2025-09-05,短视频,加购
418,255,2025-09-02,直播,曝光
419,1124,2025-07-20,短视频,加购
420,1928,2025-07-25,图文,分享
421,1904,2025-08-28,短视频,曝光
422,1277,2025-09-18,直播,分享
423,326,2025-08-18,直播,曝光
424,448,2025-09-22,直播,曝光
425,631,2025-08-20,短视频,曝光
426,102,2025-08-27,直播,曝光
427,281,2025-08-03,图文,曝光
428,1551,2025-08-30,短视频,曝光
429,859,2025-07-08,短视频,点击
430,1683,2025-08-30,图文,分享
431,124,2025-08-06,图文,曝光
432,182,2025-08-24,短视频,点击
433,1380,2025-09-29,短视频,曝光
434,515,2025-08-10,短视频,分享
435,452,2025-09-01,图文,点击
436,1285,2025-09-07,图文,点击
437,1827,2025-07-16,短视频,曝光
438,838,2025-09-28,图文,曝光
439,1526,2025-08-21,短视频,曝光
440,686,2025-09-07,短视频,加购
441,1679,2025-07-12,短视频,曝光
442,849,2025-07-29,图文,曝光
443,304,2025-09-25,短视频,曝光
444,1011,2025-08-16,图文,点击
445,585,2025-07-02,直播,曝光
446,370,2025-08-24,图文,曝光
447,368,2025-09-17,直播,曝光
448,777,2025-07-08,直播,曝光
449,20,2025-07-18,短视频,曝光
450,140,2025-08-15,短视频,曝光
451,1180,2025-08-06,直播,曝光
452,13,2025-07-10,短视频,曝光
453,1545,2025-07-18,短视频,曝光
454,1951,2025-08-16,短视频,曝光
455,368,2025-08-25,直播,点击
456,110,2025-07-09,短视频,曝光
457,421,2025-09-05,短视频,点击
458,87,2025-08-03,短视频,曝光
459,539,2025-09-30,短视频,分享
460,1780,2025-09-26,直播,曝光
461,1640,2025-08-26,短视频,曝光
462,1953,2025-07-01,直播,点击
463,1624,2025-07-12,直播,曝光
464,1690,2025-07-26,短视频,曝光
465,1185,2025-08-10,短视频,曝光
466,280,2025-08-04,短视频,点击
467,1538,2025-09-10,短视频,曝光
468,1280,2025-08-24,直播,点击
469,1925,2025-07-28,直播,曝光
470,1394,2025-09-27,图文,点击
471,1092,2025-09-21,图文,曝光
472,1544,2025-08-28,短视频,曝光
473,1313,2025-07-21,图文,曝光
474,226,2025-09-21,短视频,曝光
475,1223,2025-09-06,短视频,曝光
476,782,2025-07-15,直播,曝光
477,326,2025-07-17,直播,点击
478,553,2025-07-27,图文,点击
479,1670,2025-08-27,图文,曝光
480,1310,2025-09-20,短视频,曝光
481,117,2025-07-13,图文,点击
482,688,2025-07-01,图文,分享
483,1372,2025-09-01,直播,曝光
484,1018,2025-08-11,直播,曝光
485,1553,2025-07-08,直播,曝光
486,1253,2025-08-11,直播,曝光
487,75,2025-07-04,短视频,曝光
488,1732,2025-09-26,短视频,分享
489,1141,2025-09-18,短视频,曝光
490,1842,2025-08-11,图文,曝光
491,441,2025-09-14,短视频,曝光
492,1387,2025-09-22,短视频,点击
493,59,2025-07-03,短视频,曝光
494,313,2025-08-23,短视频,曝光
495,1766,2025-07-21,图文,曝光
496,1778,2025-07-28,短视频,曝光
497,1909,2025-08-28,直播,加购
498,410,2025-07-14,图文,曝光
499,1785,2025-09-23,图文,曝光
500,107,2025-08-15,图文,加购
501,802,2025-09-19,直播,点击
502,875,2025-07-02,短视频,加购
503,1585,2025-09-11,直播,曝光
504,1370,2025-07-31,直播,曝光
505,719,2025-09-03,短视频,曝光
506,299,2025-08-18,直播,曝光
507,731,2025-08-22,图文,曝光
508,599,2025-08-21,短视频,曝光
509,1341,2025-08-14,图文,曝光
510,161,2025-08-10,直播,曝光
511,823,2025-09-28,短视频,点击
512,1237,2025-09-27,短视频,曝光
513,1293,2025-08-24,短视频,曝光
514,1417,2025-07-14,短视频,点击
515,573,2025-07-05,短视频,加购
516,1040,2025-09-30,短视频,点击
517,197,2025-07-17,短视频,曝光
518,889,2025-09-02,短视频,曝光
519,1965,2025-09-04,短视频,曝光
520,1696,2025-09-14,图文,曝光
521,1246,2025-07-29,直播,曝光
522,839,2025-08-28,图文,曝光
523,1802,2025-08-11,直播,点击
524,884,2025-07-20,短视频,点击
525,1527,2025-09-05,图文,曝光
526,1155,2025-09-08,直播,曝光
527,43,2025-08-17,直播,点击
528,1408,2025-09-17,短视频,曝光
529,1787,2025-08-27,短视频,曝光
530,1555,2025-09-08,短视频,曝光
531,1230,2025-09-08,短视频,曝光
532,82,2025-09-19,图文,曝光
533,47,2025-08-28,直播,曝光
534,1703,2025-07-06,短视频,曝光
535,950,2025-09-27,短视频,曝光
536,903,2025-09-27,短视频,曝光
537,1282,2025-09-05,短视频,曝光
538,1812,2025-09-25,直播,加购
539,874,2025-07-19,短视频,曝光
540,1073,2025-09-21,短视频,曝光
541,1118,2025-07-12,图文,曝光
542,952,2025-08-28,短视频,曝光
543,1314,2025-08-17,图文,曝光
544,391,2025-09-16,直播,点击
545,747,2025-08-19,短视频,分享
546,940,2025-08-25,直播,曝光
547,1039,2025-07-30,直播,点击
548,986,2025-08-15,图文,曝光
549,837,2025-08-03,短视频,分享
550,1789,2025-09-24,直播,曝光
551,1602,2025-08-20,直播,曝光
552,1775,2025-07-20,短视频,曝光
553,1190,2025-07-05,直播,点击
554,973,2025-09-17,短视频,点击
555,862,2025-08-27,短视频,加购
556,1736,2025-08-10,短视频,曝光
557,1332,2025-07-27,短视频,分享
558,1709,2025-07-27,直播,曝光
559,1700,2025-08-27,图文,曝光
560,1897,2025-08-16,短视频,曝光
561,1091,2025-08-19,短视频,曝光
562,724,2025-08-28,短视频,曝光
563,1818,2025-09-24,图文,曝光
564,425,2025-07-17,直播,点击
565,646,2025-08-27,图文,曝光
566,1888,2025-09-08,直播,曝光
567,1428,2025-08-15,直播,曝光
568,1170,2025-08-06,图文,分享
569,1061,2025-08-18,短视频,点击
570,934,2025-09-03,图文,点击
571,1793,2025-08-01,短视频,加购
572,823,2025-07-15,图文,点击
573,959,2025-07-08,短视频,曝光
574,170,2025-07-06,短视频,曝光
575,230,2025-09-22,短视频,曝光
576,409,2025-07-15,短视频,曝光
577,600,2025-08-30,短视频,曝光
578,584,2025-07-17,短视频,点击
579,1334,2025-08-18,短视频,曝光
580,1103,2025-09-09,短视频,曝光
581,9,2025-07-14,短视频,分享
582,1034,2025-08-15,直播,点击
583,165,2025-08-09,短视频,曝光
584,1086,2025-09-09,直播,曝光
585,101,2025-08-22,直播,曝光
586,153,2025-09-07,短视频,曝光
587,1653,2025-08-24,短视频,点击
588,20,2025-07-23,直播,曝光
589,1945,2025-08-22,直播,曝光
590,927,2025-09-22,短视频,加购
591,1653,2025-08-07,直播,曝光
592,387,2025-09-09,短视频,曝光
593,934,2025-08-31,直播,分享
594,1784,2025-07-08,直播,曝光
595,155,2025-07-08,短视频,曝光
596,862,2025-08-22,直播,点击
597,246,2025-07-18,图文,曝光
598,704,2025-08-07,直播,点击
599,1942,2025-08-11,短视频,曝光
600,1089,2025-08-12,短视频,加购
601,668,2025-09-05,短视频,曝光
602,1258,2025-08-03,图文,曝光
603,564,2025-07-10,直播,曝光
604,164,2025-08-15,短视频,曝光
605,1131,2025-09-18,图文,加购
606,1483,2025-08-02,直播,曝光
607,358,2025-09-09,短视频,曝光
608,276,2025-08-12,直播,曝光
609,1196,2025-07-18,图文,曝光
610,774,2025-08-20,图文,曝光
611,1872,2025-08-14,短视频,曝光
612,714,2025-09-06,图文,曝光
613,785,2025-09-02,短视频,曝光
614,1139,2025-07-14,短视频,点击
615,1956,2025-07-06,直播,曝光
616,1379,2025-07-13,短视频,曝光
617,1333,2025-08-31,短视频,曝光
618,1602,2025-08-15,直播,曝光
619,1632,2025-08-04,短视频,曝光
620,1055,2025-08-13,短视频,曝光
621,574,2025-07-01,图文,点击
622,311,2025-08-21,图文,曝光
623,1135,2025-07-15,短视频,曝光
624,1392,2025-08-26,图文,曝光
625,733,2025-07-15,短视频,加购
626,958,2025-07-26,短视频,曝光
627,891,2025-09-25,直播,曝光
628,1178,2025-08-29,短视频,曝光
629,1638,2025-09-20,直播,分享
630,888,2025-08-15,直播,曝光
631,1039,2025-09-05,直播,曝光
632,833,2025-08-15,图文,点击
633,604,2025-08-27,图文,曝光
634,1403,2025-08-24,短视频,曝光
635,1234,2025-07-01,直播,分享
636,1049,2025-08-26,短视频,曝光
637,590,2025-07-13,直播,曝光
638,1736,2025-08-26,直播,分享
639,1610,2025-07-12,短视频,加购
640,1487,2025-09-15,短视频,曝光
641,1632,2025-08-23,直播,点击
642,953,2025-08-15,图文,曝光
643,1256,2025-09-25,短视频,曝光
644,429,2025-09-25,直播,点击
645,1566,2025-07-26,图文,曝光
646,36,2025-09-26,短视频,分享
647,1018,2025-08-08,短视频,曝光
648,411,2025-07-31,图文,曝光
649,1192,2025-09-25,短视频,曝光
650,563,2025-09-20,直播,曝光
651,1929,2025-09-17,短视频,曝光
652,237,2025-08-08,图文,曝光
653,1645,2025-08-24,直播,曝光
654,1339,2025-09-28,图文,曝光
655,1992,2025-07-04,直播,曝光
656,653,2025-09-24,短视频,曝光
657,1411,2025-09-24,短视频,曝光
658,61,2025-08-10,短视频,曝光
659,1354,2025-07-04,直播,曝光
660,874,2025-08-02,直播,点击
661,1453,2025-07-10,短视频,点击
662,1569,2025-09-02,图文,点击
663,974,2025-08-02,短视频,曝光
664,680,2025-08-03,短视频,曝光
665,1427,2025-08-21,直播,曝光
666,1805,2025-08-30,直播,分享
667,719,2025-07-12,短视频,曝光
668,1706,2025-08-08,图文,曝光
669,888,2025-07-09,短视频,曝光
670,1779,2025-08-16,短视频,曝光
671,1298,2025-07-31,直播,点击
672,1336,2025-08-04,直播,曝光
673,1377,2025-07-17,短视频,曝光
674,1614,2025-09-12,短视频,点击
675,1723,2025-07-26,短视频,曝光
676,778,2025-08-25,短视频,加购
677,1492,2025-08-29,图文,曝光
678,1387,2025-09-01,直播,曝光
679,1184,2025-07-01,短视频,加购
680,448,2025-09-14,图文,点击
681,931,2025-08-29,图文,曝光
682,410,2025-09-12,短视频,曝光
683,274,2025-09-07,短视频,曝光
684,1888,2025-08-16,短视频,点击
685,1448,2025-09-07,直播,曝光
686,1098,2025-07-24,短视频,曝光
687,884,2025-08-01,直播,曝光
688,144,2025-08-03,短视频,曝光
689,703,2025-08-05,直播,曝光
690,395,2025-08-20,短视频,点击
691,1077,2025-09-06,短视频,点击
692,923,2025-07-22,直播,曝光
693,1927,2025-07-31,图文,点击
694,1692,2025-09-10,短视频,分享
695,1202,2025-09-10,直播,点击
696,1792,2025-07-22,直播,曝光
697,659,2025-07-10,直播,点击
698,227,2025-07-31,直播,曝光
699,1122,2025-07-11,短视频,点击
700,125,2025-08-28,短视频,曝光
701,1886,2025-09-05,直播,曝光
702,244,2025-09-03,直播,曝光
703,1713,2025-08-01,直播,曝光
704,1343,2025-08-06,短视频,曝光
705,494,2025-08-14,短视频,点击
706,1066,2025-09-08,直播,曝光
707,1088,2025-09-26,直播,加购
708,1476,2025-09-21,直播,曝光
709,854,2025-08-01,短视频,曝光
710,1187,2025-07-16,直播,分享
711,832,2025-07-05,直播,点击
712,192,2025-09-23,短视频,曝光
713,1422,2025-09-25,短视频,曝光
714,516,2025-08-19,短视频,曝光
715,558,2025-07-07,短视频,曝光
716,664,2025-08-11,直播,分享
717,1134,2025-09-05,短视频,曝光
718,1416,2025-09-12,短视频,曝光
719,1630,2025-09-10,图文,点击
720,1194,2025-09-11,图文,曝光
721,796,2025-07-09,图文,曝光
722,1894,2025-09-01,直播,曝光
723,951,2025-09-30,短视频,曝光
724,292,2025-08-07,短视频,点击
725,1604,2025-08-17,短视频,曝光
726,1878,2025-07-25,短视频,曝光
727,582,2025-09-12,图文,曝光
728,441,2025-08-03,图文,曝光
729,705,2025-09-29,短视频,加购
730,687,2025-08-22,短视频,曝光
731,385,2025-08-01,直播,曝光
732,70,2025-08-21,直播,点击
733,376,2025-07-04,直播,曝光
734,594,2025-09-24,图文,曝光
735,377,2025-08-12,短视频,曝光
736,400,2025-08-12,短视频,曝光
737,1887,2025-08-07,短视频,曝光
738,435,2025-08-31,短视频,曝光
739,1644,2025-09-10,短视频,曝光
740,1145,2025-08-30,图文,曝光
741,873,2025-07-12,短视频,曝光
742,1562,2025-09-06,直播,曝光
743,34,2025-08-29,短视频,加购
744,1490,2025-09-30,直播,加购
745,833,2025-07-25,直播,曝光
746,1659,2025-09-12,短视频,曝光
747,1925,2025-09-19,短视频,曝光
748,1463,2025-07-04,直播,加购
749,229,2025-09-23,直播,点击
750,1954,2025-09-13,短视频,曝光
751,1520,2025-09-12,短视频,曝光
752,37,2025-09-30,短视频,曝光
753,381,2025-07-19,短视频,分享
754,1976,2025-07-04,短视频,点击
755,1674,2025-08-26,直播,点击
756,820,2025-08-24,短视频,曝光
757,1913,2025-09-17,直播,曝光
758,956,2025-08-25,直播,曝光
759,1735,2025-07-11,直播,曝光
760,1155,2025-08-18,直播,曝光
761,1321,2025-08-05,图文,点击
762,18,2025-09-19,图文,曝光
763,1941,2025-09-03,直播,曝光
764,364,2025-09-13,直播,曝光
765,427,2025-09-06,短视频,加购
766,892,2025-07-16,图文,曝光
767,1511,2025-09-18,图文,曝光
768,1540,2025-07-10,短视频,加购
769,1254,2025-07-25,短视频,加购
770,1741,2025-07-16,直播,曝光
771,1388,2025-07-09,短视频,点击
772,296,2025-09-20,图文,点击
773,1568,2025-07-13,图文,曝光
774,526,2025-07-10,短视频,曝光
775,1040,2025-07-09,直播,曝光
776,1215,2025-08-29,图文,曝光
777,785,2025-07-22,直播,点击
778,722,2025-09-01,短视频,曝光
779,536,2025-07-25,直播,曝光
780,596,2025-07-21,短视频,点击
781,1973,2025-07-16,短视频,曝光
782,767,2025-07-22,图文,点击
783,946,2025-07-22,图文,加购
784,1404,2025-09-15,直播,曝光
785,498,2025-08-18,短视频,曝光
786,398,2025-08-08,短视频,曝光
787,421,2025-09-21,短视频,曝光
788,124,2025-08-15,直播,曝光
789,903,2025-09-19,直播,点击
790,7,2025-08-06,直播,曝光
791,758,2025-09-29,直播,曝光
792,1054,2025-07-17,短视频,曝光
793,517,2025-08-17,短视频,点击
794,501,2025-08-10,图文,曝光
795,1202,2025-09-20,图文,点击
796,1124,2025-07-25,直播,曝光
797,1578,2025-08-01,图文,曝光
798,1762,2025-07-28,直播,曝光
799,497,2025-08-27,直播,加购
800,588,2025-07-19,直播,曝光
801,1049,2025-08-13,短视频,曝光
802,368,2025-08-27,图文,曝光
803,1457,2025-07-20,短视频,点击
804,4,2025-07-27,短视频,点击
805,735,2025-07-13,短视频,曝光
806,1963,2025-07-16,直播,曝光
807,1468,2025-09-23,直播,曝光
808,1034,2025-09-13,直播,加购
809,8,2025-07-18,直播,点击
810,1605,2025-08-22,直播,曝光
811,892,2025-07-10,直播,曝光
812,1717,2025-09-18,短视频,曝光
813,1568,2025-09-09,短视频,曝光
814,1991,2025-09-10,短视频,曝光
815,236,2025-07-29,直播,加购
816,1720,2025-08-04,短视频,曝光
817,1424,2025-09-19,图文,曝光
818,589,2025-08-21,短视频,曝光
819,1689,2025-08-23,直播,点击
820,1129,2025-09-29,短视频,点击
821,1320,2025-09-14,短视频,曝光
822,1926,2025-08-02,短视频,曝光
823,1146,2025-07-05,直播,曝光
824,1267,2025-07-23,短视频,加购
825,1731,2025-09-08,短视频,曝光
826,1539,2025-07-16,短视频,曝光
827,1283,2025-07-28,直播,曝光
828,1814,2025-09-25,短视频,点击
829,1821,2025-08-10,图文,曝光
830,1228,2025-07-23,短视频,分享
831,197,2025-08-20,短视频,点击
832,1385,2025-09-24,直播,曝光
833,666,2025-07-20,直播,曝光
834,1177,2025-08-24,短视频,曝光
835,755,2025-09-12,短视频,曝光
836,678,2025-08-24,短视频,点击
837,1950,2025-09-19,图文,加购
838,498,2025-08-06,图文,曝光
839,322,2025-09-11,图文,曝光
840,1268,2025-08-06,短视频,点击
841,1289,2025-07-06,直播,曝光
842,1963,2025-07-30,直播,曝光
843,115,2025-07-14,直播,曝光
844,1833,2025-09-06,短视频,曝光
845,1680,2025-08-06,短视频,曝光
846,420,2025-09-06,短视频,曝光
847,1638,2025-09-07,直播,曝光
848,1686,2025-08-18,图文,曝光
849,230,2025-09-24,短视频,分享
850,43,2025-08-11,直播,曝光
851,1322,2025-09-02,短视频,点击
852,1179,2025-08-28,短视频,曝光
853,1727,2025-09-04,直播,曝光
854,1861,2025-08-15,短视频,曝光
855,209,2025-08-09,直播,曝光
856,1919,2025-09-14,短视频,曝光
857,1707,2025-09-21,短视频,曝光
858,1207,2025-07-06,直播,曝光
859,723,2025-09-28,直播,曝光
860,1262,2025-09-22,图文,曝光
861,1130,2025-08-23,直播,曝光
862,780,2025-08-18,短视频,加购
863,157,2025-08-12,图文,点击
864,1448,2025-08-16,直播,曝光
865,612,2025-07-17,短视频,曝光
866,492,2025-08-05,图文,曝光
867,751,2025-09-26,直播,曝光
868,68,2025-08-18,图文,曝光
869,784,2025-08-03,短视频,曝光
870,1671,2025-07-21,直播,曝光
871,1463,2025-09-09,直播,曝光
872,121,2025-08-15,短视频,点击
873,661,2025-08-23,短视频,分享
874,1330,2025-08-06,短视频,曝光
875,1863,2025-07-04,短视频,曝光
876,874,2025-07-28,短视频,曝光
877,1977,2025-08-24,图文,曝光
878,87,2025-07-20,短视频,曝光
879,1821,2025-08-16,图文,点击
880,320,2025-09-18,短视频,曝光
881,1459,2025-07-18,短视频,点击
882,202,2025-09-17,直播,点击
883,1979,2025-07-13,图文,分享
884,429,2025-08-14,短视频,点击
885,737,2025-08-29,直播,曝光
886,1271,2025-07-22,图文,点击
887,101,2025-07-22,短视频,曝光
888,1142,2025-08-11,短视频,曝光
889,585,2025-07-02,短视频,加购
890,866,2025-09-24,短视频,分享
891,666,2025-07-24,短视频,曝光
892,1687,2025-09-10,直播,曝光
893,914,2025-07-27,短视频,分享
894,1507,2025-09-13,直播,曝光
895,84,2025-07-17,直播,加购
896,1366,2025-09-03,短视频,分享
897,767,2025-09-05,图文,加购
898,1198,2025-09-05,直播,点击
899,1694,2025-07-06,短视频,曝光
900,1393,2025-07-14,短视频,加购
901,708,2025-09-19,直播,曝光
902,454,2025-08-01,直播,曝光
903,1775,2025-09-12,直播,点击
904,520,2025-09-15,图文,曝光
905,71,2025-09-02,直播,曝光
906,597,2025-07-17,直播,曝光
907,22,2025-07-31,短视频,曝光
908,1483,2025-07-07,图文,曝光
909,1780,2025-07-01,短视频,加购
910,865,2025-09-16,短视频,点击
911,1228,2025-08-13,图文,曝光
912,1920,2025-09-10,短视频,曝光
913,1851,2025-07-15,短视频,曝光
914,81,2025-07-15,短视频,点击
915,139,2025-08-21,短视频,曝光
916,767,2025-08-18,短视频,曝光
917,559,2025-08-08,直播,点击
918,310,2025-07-04,短视频,曝光
919,303,2025-07-25,图文,分享
920,1633,2025-07-14,短视频,曝光
921,388,2025-07-16,短视频,曝光
922,960,2025-07-24,直播,曝光
923,90,2025-08-31,短视频,曝光
924,1241,2025-09-03,短视频,分享
925,1483,2025-09-12,直播,曝光
926,1196,2025-07-29,短视频,点击
927,570,2025-08-19,短视频,加购
928,159,2025-09-13,短视频,曝光
929,801,2025-08-14,短视频,曝光
930,1568,2025-07-03,图文,曝光
931,240,2025-08-15,短视频,点击
932,1644,2025-07-01,短视频,分享
933,1827,2025-08-05,直播,曝光
934,1215,2025-07-28,短视频,加购
935,1689,2025-09-23,图文,曝光
936,562,2025-09-06,短视频,曝光
937,1243,2025-08-30,短视频,曝光
938,1449,2025-09-26,直播,曝光
939,1430,2025-09-25,短视频,曝光
940,1402,2025-07-30,图文,加购
941,389,2025-08-20,直播,分享
942,1826,2025-08-21,短视频,分享
943,1364,2025-07-03,短视频,曝光
944,235,2025-07-04,短视频,曝光
945,1279,2025-08-01,短视频,曝光
946,1820,2025-07-01,短视频,点击
947,48,2025-09-02,短视频,曝光
948,1775,2025-07-02,直播,曝光
949,661,2025-07-21,图文,曝光
950,596,2025-07-09,短视频,点击
951,976,2025-08-15,短视频,曝光
952,1433,2025-09-19,短视频,加购
953,207,2025-07-05,图文,曝光
954,528,2025-08-29,短视频,曝光
955,1615,2025-08-19,直播,曝光
956,471,2025-09-21,短视频,曝光
957,699,2025-08-24,直播,点击
958,1284,2025-09-15,短视频,曝光
959,502,2025-09-02,短视频,曝光
960,101,2025-09-09,短视频,曝光
961,1056,2025-08-14,图文,曝光
962,193,2025-08-02,短视频,点击
963,773,2025-08-17,短视频,曝光
964,1321,2025-07-13,短视频,曝光
965,1480,2025-09-04,直播,曝光
966,1904,2025-07-10,短视频,曝光
967,1744,2025-09-24,短视频,曝光
968,69,2025-07-03,短视频,曝光
969,974,2025-07-11,短视频,分享
970,46,2025-07-17,直播,曝光
971,1603,2025-07-17,短视频,分享
972,150,2025-07-02,短视频,曝光
973,1555,2025-09-29,图文,曝光
974,4,2025-09-02,直播,点击
975,222,2025-07-28,图文,点击
976,1857,2025-08-05,短视频,点击
977,373,2025-07-21,图文,曝光
978,949,2025-08-18,直播,曝光
979,1041,2025-08-06,短视频,点击
980,1385,2025-08-14,短视频,点击
981,1871,2025-08-06,短视频,曝光
982,833,2025-07-27,图文,点击
983,1207,2025-08-16,直播,曝光
984,1995,2025-07-11,直播,曝光
985,217,2025-08-21,图文,分享
986,960,2025-08-19,短视频,曝光
987,607,2025-07-12,短视频,曝光
988,1879,2025-09-18,短视频,曝光
989,1230,2025-09-26,图文,曝光
990,1300,2025-09-07,直播,点击
991,375,2025-09-26,短视频,点击
992,1896,2025-09-24,图文,曝光
993,135,2025-09-07,直播,曝光
994,991,2025-08-02,短视频,曝光
995,1399,2025-07-20,短视频,曝光
996,1758,2025-09-16,直播,曝光
997,547,2025-08-14,图文,曝光
998,668,2025-09-05,短视频,曝光
999,76,2025-09-20,直播,点击
1000,1323,2025-09-25,短视频,曝光
1001,394,2025-09-01,短视频,曝光
1002,1235,2025-07-27,图文,曝光
1003,170,2025-07-08,直播,曝光
1004,974,2025-09-12,图文,曝光
1005,958,2025-07-03,短视频,点击
1006,1003,2025-08-16,短视频,曝光
1007,618,2025-07-28,直播,曝光
1008,341,2025-08-10,短视频,点击
1009,1552,2025-09-19,直播,曝光
1010,1813,2025-08-12,短视频,加购
1011,554,2025-07-14,短视频,点击
1012,909,2025-08-09,短视频,点击
1013,218,2025-07-10,短视频,点击
1014,303,2025-09-19,短视频,曝光
1015,706,2025-07-04,短视频,曝光
1016,1409,2025-09-25,图文,曝光
1017,1346,2025-07-21,短视频,曝光
1018,1455,2025-08-30,直播,点击
1019,178,2025-09-20,短视频,曝光
1020,91,2025-07-18,短视频,曝光
1021,551,2025-09-24,图文,分享
1022,666,2025-08-08,直播,曝光
1023,1029,2025-08-16,短视频,曝光
1024,1169,2025-08-02,短视频,曝光
1025,377,2025-09-29,直播,曝光
1026,1644,2025-08-31,短视频,曝光
1027,1494,2025-08-02,短视频,曝光
1028,622,2025-07-07,短视频,分享
1029,1292,2025-09-21,短视频,曝光
1030,600,2025-08-30,图文,曝光
1031,122,2025-07-12,短视频,曝光
1032,1474,2025-08-12,短视频,曝光
1033,173,2025-07-25,直播,曝光
1034,439,2025-07-25,短视频,曝光
1035,606,2025-08-14,图文,曝光
1036,1792,2025-07-06,短视频,曝光
1037,1173,2025-07-23,短视频,曝光
1038,1581,2025-07-05,直播,曝光
1039,1817,2025-09-25,直播,加购
1040,1787,2025-09-21,短视频,曝光
1041,1219,2025-07-15,短视频,曝光
1042,708,2025-08-23,短视频,曝光
1043,808,2025-07-21,短视频,加购
1044,332,2025-08-20,短视频,曝光
1045,1178,2025-08-11,直播,分享
1046,1171,2025-07-02,直播,点击
1047,1945,2025-09-11,直播,曝光
1048,380,2025-09-09,短视频,点击
1049,1514,2025-07-06,直播,点击
1050,533,2025-07-20,短视频,曝光
1051,158,2025-07-11,直播,曝光
1052,802,2025-08-05,短视频,点击
1053,1928,2025-08-11,直播,点击
1054,926,2025-08-29,短视频,曝光
1055,372,2025-08-28,图文,曝光
1056,645,2025-07-13,短视频,曝光
1057,1390,2025-08-14,直播,分享
1058,570,2025-09-12,短视频,曝光
1059,464,2025-09-20,短视频,曝光
1060,494,2025-09-15,直播,曝光
1061,164,2025-07-28,直播,曝光
1062,1381,2025-08-17,直播,点击
1063,642,2025-07-14,短视频,分享
1064,612,2025-08-03,直播,曝光
1065,657,2025-07-26,直播,曝光
1066,1389,2025-07-24,短视频,曝光
1067,1749,2025-09-19,短视频,点击
1068,1486,2025-09-05,短视频,曝光
1069,1136,2025-09-17,直播,曝光
1070,1429,2025-08-01,短视频,曝光
1071,454,2025-08-06,短视频,点击
1072,1829,2025-09-13,直播,点击
1073,1226,2025-07-04,直播,曝光
1074,1909,2025-09-06,短视频,点击
1075,536,2025-09-01,图文,曝光
1076,294,2025-08-02,直播,分享
1077,1430,2025-09-25,短视频,曝光
1078,642,2025-07-22,图文,曝光
1079,416,2025-08-01,直播,曝光
1080,1576,2025-08-02,短视频,曝光
1081,1066,2025-08-03,短视频,曝光
1082,1564,2025-08-01,短视频,曝光
1083,488,2025-08-13,短视频,分享
1084,142,2025-09-27,图文,曝光
1085,820,2025-08-14,短视频,曝光
1086,1925,2025-08-27,短视频,曝光
1087,1172,2025-08-31,直播,曝光
1088,1713,2025-08-30,直播,点击
1089,1687,2025-07-31,图文,曝光
1090,1799,2025-07-27,短视频,曝光
1091,918,2025-08-03,短视频,曝光
1092,409,2025-08-03,直播,加购
1093,1800,2025-09-14,短视频,点击
1094,1002,2025-08-12,短视频,曝光
1095,641,2025-09-24,短视频,曝光
1096,882,2025-09-28,图文,点击
1097,1566,2025-09-01,直播,曝光
1098,721,2025-08-31,短视频,曝光
1099,1664,2025-07-12,直播,曝光
1100,455,2025-07-15,图文,曝光
1101,636,2025-09-04,图文,曝光
1102,280,2025-09-30,直播,点击
1103,1743,2025-09-12,图文,曝光
1104,1742,2025-07-25,直播,曝光
1105,415,2025-09-01,直播,加购
1106,1061,2025-08-27,短视频,分享
1107,1584,2025-07-05,图文,曝光
1108,1202,2025-09-19,短视频,曝光
1109,1291,2025-08-01,直播,曝光
1110,524,2025-08-26,短视频,曝光
1111,59,2025-08-01,短视频,点击
1112,1871,2025-09-24,短视频,曝光
1113,1827,2025-08-13,短视频,曝光
1114,1873,2025-09-17,直播,曝光
1115,87,2025-09-25,短视频,曝光
1116,1343,2025-07-04,图文,曝光
1117,502,2025-08-08,图文,加购
1118,642,2025-09-02,直播,曝光
1119,826,2025-09-16,直播,曝光
1120,466,2025-09-05,直播,点击
1121,1190,2025-08-30,短视频,点击
1122,1191,2025-08-04,短视频,曝光
1123,1857,2025-07-16,直播,点击
1124,1666,2025-09-22,短视频,曝光
1125,1405,2025-07-05,短视频,曝光
1126,1934,2025-09-12,短视频,点击
1127,857,2025-07-04,直播,曝光
1128,137,2025-08-03,短视频,曝光
1129,1759,2025-09-18,图文,曝光
1130,669,2025-07-21,短视频,曝光
1131,893,2025-07-25,直播,曝光
1132,783,2025-07-20,短视频,点击
1133,1823,2025-09-01,直播,加购
1134,739,2025-07-21,图文,曝光
1135,1368,2025-09-03,短视频,曝光
1136,1336,2025-08-24,短视频,曝光
1137,1112,2025-09-21,直播,曝光
1138,1095,2025-08-29,图文,曝光
1139,145,2025-08-07,短视频,曝光
1140,1783,2025-07-14,直播,曝光
1141,668,2025-08-10,短视频,曝光
1142,446,2025-08-20,图文,点击
1143,439,2025-09-24,直播,加购
1144,799,2025-07-24,图文,曝光
1145,1248,2025-08-05,短视频,点击
1146,1083,2025-09-22,短视频,曝光
1147,1671,2025-09-23,短视频,曝光
1148,1634,2025-09-17,短视频,曝光
1149,672,2025-07-17,短视频,点击
1150,1647,2025-07-11,短视频,曝光
1151,1364,2025-08-04,短视频,点击
1152,1719,2025-07-24,短视频,曝光
1153,1,2025-07-29,短视频,曝光
1154,1039,2025-09-25,直播,曝光
1155,1251,2025-08-19,短视频,曝光
1156,484,2025-07-28,直播,点击
1157,1311,2025-09-05,直播,点击
1158,1453,2025-09-14,短视频,曝光
1159,278,2025-08-09,短视频,曝光
1160,1910,2025-07-05,图文,点击
1161,1892,2025-08-12,短视频,点击
1162,571,2025-08-05,图文,曝光
1163,400,2025-07-18,短视频,曝光
1164,397,2025-08-26,短视频,曝光
1165,74,2025-09-06,图文,曝光
1166,45,2025-08-06,直播,点击
1167,625,2025-08-05,直播,分享
1168,1333,2025-09-11,直播,曝光
1169,1363,2025-07-17,图文,曝光
1170,1091,2025-09-29,短视频,点击
1171,1301,2025-08-08,短视频,曝光
1172,270,2025-08-17,短视频,曝光
1173,1990,2025-08-24,直播,曝光
1174,400,2025-08-12,短视频,曝光
1175,734,2025-07-05,直播,加购
1176,1325,2025-09-03,短视频,点击
1177,255,2025-09-21,短视频,点击
1178,873,2025-09-08,短视频,加购
1179,1868,2025-09-02,图文,曝光
1180,467,2025-07-06,直播,曝光
1181,1240,2025-09-11,短视频,曝光
1182,1212,2025-08-10,直播,曝光
1183,155,2025-07-28,短视频,曝光
1184,106,2025-08-15,图文,曝光
1185,293,2025-07-22,短视频,曝光
1186,33,2025-07-29,短视频,点击
1187,1064,2025-09-13,短视频,曝光
1188,522,2025-09-08,图文,曝光
1189,1197,2025-08-21,图文,曝光
1190,580,2025-09-20,短视频,曝光
1191,701,2025-07-15,直播,曝光
1192,209,2025-09-16,直播,点击
1193,1591,2025-08-13,短视频,点击
1194,230,2025-08-28,短视频,曝光
1195,1826,2025-09-16,短视频,曝光
1196,336,2025-09-12,直播,曝光
1197,1982,2025-09-30,图文,分享
1198,1450,2025-07-22,短视频,曝光
1199,1647,2025-07-16,短视频,曝光
1200,1613,2025-07-03,短视频,点击
1201,892,2025-08-31,短视频,曝光
1202,364,2025-08-17,短视频,分享
1203,1354,2025-08-31,短视频,分享
1204,1314,2025-08-07,短视频,点击
1205,1615,2025-08-02,短视频,曝光
1206,468,2025-09-20,图文,点击
1207,1639,2025-07-17,短视频,点击
1208,1761,2025-09-11,图文,加购
1209,1463,2025-07-10,图文,曝光
1210,538,2025-08-05,直播,曝光
1211,494,2025-07-05,图文,曝光
1212,260,2025-07-02,短视频,曝光
1213,1659,2025-07-04,直播,曝光
1214,879,2025-07-26,图文,加购
1215,614,2025-09-25,直播,点击
1216,309,2025-08-03,短视频,曝光
1217,989,2025-08-26,直播,曝光
1218,397,2025-09-01,短视频,点击
1219,1672,2025-09-19,短视频,曝光
1220,679,2025-09-22,短视频,曝光
1221,892,2025-07-04,短视频,曝光
1222,1322,2025-07-21,直播,曝光
1223,1399,2025-09-09,直播,曝光
1224,234,2025-09-11,图文,曝光
1225,153,2025-09-29,直播,分享
1226,569,2025-09-06,图文,加购
1227,1494,2025-08-19,短视频,曝光
1228,1717,2025-08-02,短视频,曝光
1229,1945,2025-08-13,短视频,点击
1230,548,2025-07-02,短视频,曝光
1231,1528,2025-09-02,直播,曝光
1232,337,2025-07-04,短视频,曝光
1233,379,2025-08-29,图文,点击
1234,1068,2025-08-26,短视频,曝光
1235,196,2025-09-29,图文,曝光
1236,67,2025-09-16,直播,曝光
1237,1991,2025-09-06,图文,点击
1238,1608,2025-08-28,短视频,点击
1239,1352,2025-07-28,短视频,曝光
1240,445,2025-09-10,直播,曝光
1241,153,2025-08-20,图文,曝光
1242,266,2025-08-16,短视频,曝光
1243,843,2025-08-27,直播,曝光
1244,1617,2025-07-25,短视频,曝光
1245,1188,2025-07-24,短视频,曝光
1246,1686,2025-07-04,直播,曝光
1247,1819,2025-08-05,短视频,曝光
1248,1470,2025-09-14,短视频,曝光
1249,200,2025-07-08,短视频,点击
1250,470,2025-08-13,短视频,曝光
1251,675,2025-09-17,短视频,点击
1252,1054,2025-09-19,短视频,曝光
1253,1586,2025-09-24,短视频,曝光
1254,1939,2025-08-04,短视频,曝光
1255,1967,2025-07-31,短视频,曝光
1256,956,2025-07-26,短视频,曝光
1257,1984,2025-08-08,短视频,加购
1258,1900,2025-08-31,短视频,加购
1259,334,2025-09-01,短视频,曝光
1260,1353,2025-08-25,短视频,曝光
1261,878,2025-08-12,短视频,曝光
1262,1690,2025-09-03,直播,点击
1263,1737,2025-08-01,短视频,点击
1264,385,2025-07-09,短视频,分享
1265,1208,2025-09-27,图文,分享
1266,1854,2025-07-08,短视频,曝光
1267,1335,2025-09-17,短视频,曝光
1268,1707,2025-08-22,直播,曝光
1269,1447,2025-09-29,短视频,曝光
1270,1571,2025-08-20,直播,点击
1271,1695,2025-07-05,直播,点击
1272,1883,2025-07-09,图文,曝光
1273,397,2025-07-08,图文,曝光
1274,1578,2025-08-09,短视频,点击
1275,768,2025-09-08,图文,曝光
1276,1154,2025-08-28,短视频,曝光
1277,1315,2025-09-13,短视频,点击
1278,1298,2025-08-19,短视频,曝光
1279,394,2025-07-12,短视频,曝光
1280,1642,2025-07-18,短视频,点击
1281,1431,2025-07-15,直播,加购
1282,1499,2025-09-24,短视频,点击
1283,1233,2025-09-12,直播,曝光
1284,1184,2025-07-04,图文,点击
1285,556,2025-07-20,短视频,点击
1286,1197,2025-07-26,短视频,曝光
1287,562,2025-09-04,短视频,曝光
1288,1761,2025-07-07,短视频,分享
1289,101,2025-09-29,短视频,曝光
1290,20,2025-07-27,短视频,曝光
1291,1458,2025-09-17,直播,曝光
1292,1436,2025-09-02,直播,曝光
1293,1120,2025-08-05,短视频,曝光
1294,1132,2025-07-03,直播,曝光
1295,70,2025-08-20,直播,曝光
1296,1677,2025-07-04,直播,曝光
1297,1695,2025-09-05,短视频,加购
1298,411,2025-07-19,短视频,曝光
1299,32,2025-09-26,直播,曝光
1300,1051,2025-07-03,短视频,点击
1301,506,2025-08-02,短视频,加购
1302,256,2025-08-05,短视频,曝光
1303,226,2025-09-09,短视频,点击
1304,1319,2025-07-22,直播,曝光
1305,719,2025-09-10,直播,曝光
1306,1528,2025-07-30,短视频,曝光
1307,629,2025-07-08,图文,曝光
1308,1248,2025-09-16,短视频,曝光
1309,545,2025-07-18,短视频,曝光
1310,1110,2025-08-09,直播,点击
1311,1398,2025-08-25,短视频,曝光
1312,687,2025-07-02,图文,曝光
1313,1776,2025-08-29,直播,点击
1314,1280,2025-08-20,短视频,曝光
1315,403,2025-09-10,短视频,曝光
1316,1800,2025-07-11,短视频,曝光
1317,998,2025-09-19,短视频,曝光
1318,1443,2025-07-06,直播,加购
1319,692,2025-09-25,短视频,曝光
1320,46,2025-07-31,直播,曝光
1321,1127,2025-07-07,短视频,点击
1322,1018,2025-07-26,短视频,曝光
1323,1448,2025-08-15,短视频,曝光
1324,1473,2025-07-11,短视频,曝光
1325,1377,2025-07-28,图文,曝光
1326,1009,2025-07-28,短视频,曝光
1327,13,2025-07-16,图文,曝光
1328,1183,2025-08-14,直播,曝光
1329,1900,2025-07-03,短视频,曝光
1330,1824,2025-07-24,短视频,点击
1331,163,2025-07-14,直播,点击
1332,1748,2025-07-03,短视频,曝光
1333,289,2025-08-14,直播,曝光
1334,163,2025-09-21,图文,曝光
1335,53,2025-08-02,短视频,曝光
1336,1022,2025-08-29,图文,曝光
1337,354,2025-07-14,图文,曝光
1338,1245,2025-09-04,短视频,分享
1339,934,2025-09-01,短视频,曝光
1340,1705,2025-08-07,短视频,曝光
1341,422,2025-07-26,短视频,曝光
1342,532,2025-08-22,短视频,曝光
1343,1036,2025-08-25,短视频,曝光
1344,280,2025-09-03,直播,曝光
1345,917,2025-07-19,图文,点击
1346,1195,2025-08-02,短视频,加购
1347,1235,2025-09-14,短视频,分享
1348,936,2025-09-15,直播,曝光
1349,203,2025-09-13,直播,曝光
1350,516,2025-09-10,短视频,点击
1351,143,2025-07-08,图文,加购
1352,1886,2025-07-27,直播,曝光
1353,1163,2025-07-27,短视频,曝光
1354,636,2025-07-31,短视频,曝光
1355,604,2025-08-14,短视频,点击
1356,111,2025-07-17,短视频,点击
1357,946,2025-09-11,短视频,曝光
1358,118,2025-08-16,短视频,曝光
1359,1404,2025-07-08,图文,曝光
1360,403,2025-09-13,短视频,曝光
1361,201,2025-07-29,图文,曝光
1362,234,2025-08-21,直播,分享
1363,57,2025-08-08,直播,曝光
1364,790,2025-08-02,直播,曝光
1365,118,2025-07-31,短视频,曝光
1366,161,2025-08-07,短视频,曝光
1367,438,2025-07-07,短视频,曝光
1368,1123,2025-09-02,直播,点击
1369,441,2025-08-29,图文,曝光
1370,817,2025-08-17,短视频,曝光
1371,859,2025-09-20,短视频,点击
1372,1196,2025-08-20,图文,点击
1373,94,2025-08-05,短视频,曝光
1374,1979,2025-08-26,短视频,曝光
1375,186,2025-09-12,短视频,分享
1376,1984,2025-09-06,短视频,曝光
1377,571,2025-08-22,短视频,曝光
1378,835,2025-08-27,直播,加购
1379,134,2025-09-29,短视频,点击
1380,735,2025-09-01,直播,曝光
1381,1798,2025-09-03,直播,曝光
1382,1364,2025-08-31,短视频,曝光
1383,1247,2025-09-26,图文,点击
1384,736,2025-09-24,图文,分享
1385,1852,2025-08-01,图文,加购
1386,1557,2025-09-06,短视频,曝光
1387,505,2025-08-30,直播,分享
1388,1204,2025-08-20,短视频,曝光
1389,793,2025-08-17,短视频,曝光
1390,399,2025-09-21,短视频,点击
1391,1312,2025-09-22,直播,分享
1392,830,2025-09-21,短视频,分享
1393,196,2025-07-29,短视频,曝光
1394,1728,2025-08-02,图文,分享
1395,1213,2025-07-09,直播,曝光
1396,1107,2025-09-13,图文,点击
1397,2000,2025-09-02,短视频,曝光
1398,1420,2025-09-29,直播,曝光
1399,1959,2025-09-06,直播,曝光
1400,1420,2025-07-20,短视频,曝光
1401,339,2025-07-28,短视频,加购
1402,965,2025-08-06,短视频,曝光
1403,1019,2025-09-08,直播,曝光
1404,591,2025-08-08,短视频,曝光
1405,619,2025-09-28,短视频,曝光
1406,1193,2025-08-26,图文,加购
1407,824,2025-08-03,图文,曝光
1408,227,2025-09-27,直播,曝光
1409,1163,2025-08-19,直播,曝光
1410,1195,2025-07-29,直播,曝光
1411,1634,2025-08-05,直播,曝光
1412,206,2025-09-08,直播,曝光
1413,915,2025-07-08,直播,曝光
1414,1804,2025-09-10,短视频,点击
1415,530,2025-07-11,短视频,曝光
1416,1488,2025-09-03,直播,分享
1417,688,2025-09-05,直播,曝光
1418,363,2025-08-24,图文,分享
1419,1422,2025-07-18,短视频,曝光
1420,1570,2025-08-22,直播,点击
1421,1830,2025-09-15,直播,曝光
1422,1452,2025-07-26,直播,曝光
1423,614,2025-09-23,直播,曝光
1424,1457,2025-07-13,图文,分享
1425,65,2025-09-21,直播,加购
1426,671,2025-07-31,图文,点击
1427,427,2025-09-03,短视频,点击
1428,1046,2025-07-22,短视频,分享
1429,1381,2025-08-27,直播,点击
1430,1172,2025-08-30,短视频,曝光
1431,363,2025-08-15,图文,曝光
1432,754,2025-09-17,直播,曝光
1433,181,2025-09-22,直播,加购
1434,1121,2025-07-15,直播,曝光
1435,1487,2025-09-14,直播,加购
1436,489,2025-08-30,图文,加购
1437,1056,2025-08-18,短视频,曝光
1438,1750,2025-07-12,图文,曝光
1439,229,2025-08-25,图文,曝光
1440,1921,2025-08-04,图文,曝光
1441,664,2025-07-04,短视频,点击
1442,654,2025-07-16,图文,曝光
1443,1429,2025-07-09,短视频,曝光
1444,685,2025-07-28,短视频,曝光
1445,813,2025-07-17,短视频,点击
1446,433,2025-09-17,短视频,加购
1447,270,2025-07-27,短视频,曝光
1448,1730,2025-08-08,图文,曝光
1449,195,2025-09-07,直播,点击
1450,327,2025-07-10,直播,加购
1451,1650,2025-08-02,图文,加购
1452,1598,2025-07-19,图文,加购
1453,432,2025-08-17,图文,曝光
1454,1665,2025-09-16,图文,曝光
1455,1451,2025-08-20,图文,曝光
1456,633,2025-08-07,短视频,曝光
1457,159,2025-07-08,直播,曝光
1458,1554,2025-09-25,短视频,曝光
1459,1362,2025-08-12,短视频,分享
1460,906,2025-08-21,短视频,曝光
1461,549,2025-08-16,短视频,点击
1462,697,2025-08-16,图文,加购
1463,546,2025-07-10,短视频,曝光
1464,1787,2025-08-11,直播,曝光
1465,408,2025-08-08,短视频,曝光
1466,908,2025-09-10,短视频,点击
1467,1282,2025-08-09,图文,曝光
1468,111,2025-09-15,短视频,曝光
1469,1004,2025-08-30,直播,曝光
1470,1270,2025-07-12,短视频,曝光
1471,1056,2025-09-20,短视频,分享
1472,1317,2025-08-07,短视频,曝光
1473,977,2025-09-03,直播,曝光
1474,1270,2025-07-27,短视频,曝光
1475,1956,2025-09-08,直播,曝光
1476,721,2025-09-21,短视频,曝光
1477,714,2025-07-03,直播,曝光
1478,1358,2025-09-06,直播,曝光
1479,180,2025-09-07,短视频,曝光
1480,583,2025-07-27,短视频,分享
1481,334,2025-08-06,短视频,曝光
1482,929,2025-08-07,直播,曝光
1483,244,2025-08-11,短视频,点击
1484,434,2025-08-08,短视频,点击
1485,851,2025-09-22,短视频,曝光
1486,1227,2025-09-24,直播,曝光
1487,861,2025-09-25,图文,曝光
1488,1622,2025-08-13,短视频,曝光
1489,1600,2025-09-03,直播,分享
1490,196,2025-07-02,短视频,曝光
1491,1391,2025-07-02,短视频,曝光
1492,55,2025-09-06,短视频,曝光
1493,347,2025-08-31,图文,点击
1494,1523,2025-07-09,图文,曝光
1495,1166,2025-08-31,短视频,曝光
1496,646,2025-08-28,短视频,曝光
1497,308,2025-09-07,短视频,点击
1498,648,2025-08-17,短视频,分享
1499,1559,2025-09-09,短视频,曝光
1500,1130,2025-09-09,短视频,曝光
1501,261,2025-08-24,直播,曝光
1502,974,2025-08-20,短视频,曝光
1503,403,2025-09-12,直播,点击
1504,244,2025-07-17,直播,分享
1505,174,2025-09-29,图文,曝光
1506,1521,2025-09-21,短视频,曝光
1507,321,2025-08-19,图文,点击
1508,353,2025-09-22,直播,曝光
1509,1733,2025-09-05,直播,曝光
1510,1653,2025-08-08,直播,曝光
1511,1005,2025-08-09,短视频,分享
1512,1529,2025-08-26,短视频,点击
1513,46,2025-07-24,直播,曝光
1514,335,2025-08-20,图文,曝光
1515,708,2025-08-07,图文,曝光
1516,1517,2025-08-19,短视频,曝光
1517,182,2025-08-07,短视频,曝光
1518,1322,2025-07-09,短视频,点击
1519,141,2025-09-04,短视频,曝光
1520,1964,2025-08-15,短视频,曝光
1521,418,2025-07-19,直播,曝光
1522,1424,2025-07-21,短视频,分享
1523,1246,2025-08-17,图文,点击
1524,781,2025-09-12,短视频,曝光
1525,1527,2025-07-24,图文,曝光
1526,1241,2025-09-17,图文,曝光
1527,901,2025-09-12,短视频,点击
1528,1324,2025-07-02,图文,曝光
1529,574,2025-07-13,直播,曝光
1530,1492,2025-09-06,短视频,加购
1531,1402,2025-08-20,直播,曝光
1532,938,2025-07-11,直播,加购
1533,1316,2025-09-30,短视频,点击
1534,1656,2025-07-01,短视频,点击
1535,1285,2025-08-07,直播,曝光
1536,574,2025-07-02,短视频,曝光
1537,554,2025-09-22,直播,曝光
1538,1927,2025-08-12,图文,曝光
1539,1617,2025-08-27,短视频,点击
1540,621,2025-09-13,直播,曝光
1541,1434,2025-07-25,图文,曝光
1542,76,2025-07-29,短视频,曝光
1543,1385,2025-08-27,短视频,曝光
1544,401,2025-09-24,直播,点击
1545,623,2025-07-18,图文,曝光
1546,1855,2025-08-08,直播,曝光
1547,279,2025-07-25,短视频,曝光
1548,1581,2025-07-18,短视频,点击
1549,807,2025-07-19,直播,曝光
1550,879,2025-08-12,短视频,曝光
1551,924,2025-07-11,短视频,曝光
1552,1811,2025-08-27,图文,曝光
1553,1001,2025-07-17,直播,曝光
1554,494,2025-08-16,直播,点击
1555,15,2025-07-22,短视频,曝光
1556,468,2025-08-10,短视频,曝光
1557,318,2025-07-14,短视频,曝光
1558,258,2025-07-18,直播,加购
1559,1986,2025-07-31,图文,曝光
1560,885,2025-09-03,图文,曝光
1561,1999,2025-08-09,短视频,曝光
1562,1029,2025-08-02,短视频,曝光
1563,439,2025-08-22,短视频,曝光
1564,291,2025-09-28,短视频,曝光
1565,1520,2025-09-13,直播,曝光
1566,230,2025-08-06,短视频,分享
1567,104,2025-08-16,图文,加购
1568,781,2025-07-21,直播,点击
1569,631,2025-09-06,短视频,曝光
1570,466,2025-09-18,直播,曝光
1571,1028,2025-09-18,图文,曝光
1572,1149,2025-07-20,图文,曝光
1573,869,2025-09-07,短视频,点击
1574,1049,2025-07-16,短视频,曝光
1575,1337,2025-07-01,短视频,点击
1576,325,2025-09-05,图文,点击
1577,740,2025-08-09,短视频,曝光
1578,27,2025-07-28,直播,加购
1579,1938,2025-08-16,短视频,曝光
1580,1290,2025-08-08,短视频,分享
1581,1606,2025-07-23,短视频,曝光
1582,1546,2025-08-11,直播,曝光
1583,13,2025-07-04,短视频,点击
1584,977,2025-09-11,短视频,点击
1585,1740,2025-09-25,短视频,点击
1586,1152,2025-08-22,短视频,曝光
1587,1196,2025-08-27,短视频,加购
1588,1924,2025-09-07,直播,点击
1589,1500,2025-08-14,图文,曝光
1590,1536,2025-09-29,直播,曝光
1591,1598,2025-07-27,短视频,曝光
1592,668,2025-09-04,短视频,加购
1593,1947,2025-07-26,短视频,点击
1594,1701,2025-07-26,短视频,曝光
1595,66,2025-08-09,短视频,点击
1596,1097,2025-09-09,短视频,曝光
1597,495,2025-08-07,短视频,曝光
1598,1044,2025-09-17,直播,曝光
1599,1617,2025-08-05,短视频,曝光
1600,1384,2025-08-09,短视频,曝光
1601,1600,2025-08-17,短视频,曝光
1602,859,2025-08-30,短视频,曝光
1603,155,2025-08-10,图文,曝光
1604,1762,2025-08-15,图文,曝光
1605,159,2025-07-06,短视频,加购
1606,335,2025-07-12,短视频,曝光
1607,1446,2025-07-13,短视频,曝光
1608,844,2025-09-06,直播,曝光
1609,953,2025-08-03,短视频,分享
1610,130,2025-08-10,图文,曝光
1611,342,2025-08-19,短视频,点击
1612,1411,2025-08-01,短视频,分享
1613,1133,2025-07-12,图文,曝光
1614,541,2025-08-13,直播,曝光
1615,801,2025-08-01,短视频,曝光
1616,851,2025-08-23,短视频,曝光
1617,1846,2025-08-27,图文,曝光
1618,1773,2025-09-08,图文,曝光
1619,960,2025-08-17,直播,加购
1620,373,2025-09-22,短视频,曝光
1621,1136,2025-09-30,短视频,加购
1622,5,2025-09-01,直播,曝光
1623,1294,2025-09-24,短视频,曝光
1624,1157,2025-09-30,短视频,曝光
1625,1798,2025-09-15,短视频,点击
1626,876,2025-07-15,直播,点击
1627,1124,2025-08-31,直播,曝光
1628,110,2025-07-15,图文,曝光
1629,1650,2025-07-28,短视频,曝光
1630,593,2025-09-11,图文,点击
1631,1515,2025-08-19,短视频,曝光
1632,479,2025-08-28,图文,点击
1633,696,2025-08-06,直播,点击
1634,522,2025-09-18,短视频,加购
1635,1798,2025-08-01,图文,曝光
1636,1580,2025-09-01,直播,曝光
1637,1409,2025-09-10,直播,曝光
1638,610,2025-07-02,图文,点击
1639,1468,2025-09-16,短视频,曝光
1640,980,2025-08-31,短视频,曝光
1641,1430,2025-07-19,短视频,点击
1642,532,2025-07-20,短视频,点击
1643,1079,2025-07-07,图文,曝光
1644,1902,2025-08-11,图文,曝光
1645,157,2025-07-06,直播,点击
1646,1549,2025-09-02,直播,曝光
1647,1396,2025-07-07,短视频,曝光
1648,847,2025-08-30,图文,分享
1649,1820,2025-09-06,短视频,点击
1650,1454,2025-08-05,短视频,加购
1651,1056,2025-08-02,图文,曝光
1652,630,2025-09-04,直播,加购
1653,1374,2025-09-22,直播,曝光
1654,165,2025-09-25,短视频,曝光
1655,515,2025-08-27,短视频,曝光
1656,862,2025-07-22,短视频,曝光
1657,449,2025-08-02,短视频,曝光
1658,1130,2025-07-11,直播,分享
1659,1744,2025-07-03,直播,曝光
1660,699,2025-07-13,图文,加购
1661,815,2025-09-09,短视频,曝光
1662,804,2025-08-12,短视频,曝光
1663,1450,2025-08-22,图文,曝光
1664,1429,2025-07-28,短视频,曝光
1665,469,2025-07-06,短视频,曝光
1666,1791,2025-08-13,直播,点击
1667,1295,2025-08-09,短视频,曝光
1668,1789,2025-07-08,短视频,曝光
1669,1751,2025-08-31,直播,曝光
1670,1152,2025-07-23,短视频,点击
1671,1408,2025-08-16,图文,点击
1672,1259,2025-08-01,短视频,曝光
1673,1219,2025-07-09,短视频,曝光
1674,1066,2025-09-24,图文,加购
1675,463,2025-08-27,短视频,曝光
1676,743,2025-07-28,短视频,曝光
1677,1411,2025-07-21,直播,曝光
1678,1477,2025-07-05,短视频,曝光
1679,935,2025-09-10,短视频,点击
1680,223,2025-07-29,直播,曝光
1681,269,2025-07-21,图文,曝光
1682,1789,2025-09-25,短视频,点击
1683,252,2025-09-30,直播,点击
1684,568,2025-08-09,直播,曝光
1685,126,2025-08-25,短视频,加购
1686,438,2025-09-14,短视频,曝光
1687,1679,2025-08-25,短视频,曝光
1688,548,2025-07-25,直播,曝光
1689,1671,2025-09-09,短视频,曝光
1690,1624,2025-07-13,短视频,点击
1691,1401,2025-08-20,直播,加购
1692,538,2025-08-15,直播,曝光
1693,1995,2025-08-24,图文,点击
1694,1220,2025-09-03,直播,曝光
1695,1540,2025-07-06,直播,加购
1696,687,2025-09-16,直播,曝光
1697,1327,2025-07-28,图文,点击
1698,1313,2025-07-23,直播,分享
1699,1195,2025-08-19,短视频,曝光
1700,1184,2025-09-29,直播,曝光
1701,1407,2025-09-15,短视频,曝光
1702,1996,2025-08-15,图文,曝光
1703,1739,2025-08-24,图文,曝光
1704,622,2025-08-16,短视频,曝光
1705,1778,2025-09-01,短视频,曝光
1706,700,2025-09-17,直播,加购
1707,498,2025-07-13,直播,曝光
1708,398,2025-08-07,直播,加购
1709,1408,2025-08-22,短视频,曝光
1710,928,2025-09-08,图文,曝光
1711,1656,2025-07-09,直播,分享
1712,1675,2025-08-22,图文,曝光
1713,1077,2025-09-10,短视频,曝光
1714,422,2025-07-13,短视频,点击
1715,224,2025-07-16,直播,曝光
1716,1923,2025-07-04,直播,点击
1717,615,2025-09-17,短视频,曝光
1718,27,2025-09-24,短视频,曝光
1719,794,2025-08-13,图文,分享
1720,1611,2025-09-18,直播,曝光
1721,183,2025-08-24,短视频,加购
1722,1384,2025-09-29,短视频,曝光
1723,832,2025-07-10,图文,曝光
1724,1811,2025-09-01,短视频,曝光
1725,898,2025-09-05,直播,曝光
1726,1044,2025-08-29,直播,曝光
1727,914,2025-08-15,图文,曝光
1728,1362,2025-07-20,直播,曝光
1729,142,2025-07-16,直播,曝光
1730,99,2025-08-29,直播,曝光
1731,1165,2025-08-23,图文,曝光
1732,789,2025-08-14,短视频,曝光
1733,335,2025-07-04,短视频,曝光
1734,1542,2025-08-04,短视频,点击
1735,1499,2025-09-18,图文,曝光
1736,218,2025-09-01,直播,曝光
1737,369,2025-09-08,短视频,曝光
1738,1565,2025-07-08,短视频,曝光
1739,957,2025-08-11,直播,曝光
1740,617,2025-08-16,短视频,曝光
1741,1059,2025-09-10,直播,点击
1742,706,2025-09-08,短视频,曝光
1743,188,2025-07-09,直播,曝光
1744,1295,2025-09-15,短视频,点击
1745,1393,2025-07-04,短视频,曝光
1746,157,2025-08-15,短视频,曝光
1747,499,2025-07-23,直播,点击
1748,1250,2025-08-02,直播,曝光
1749,1515,2025-08-09,图文,曝光
1750,1828,2025-08-22,直播,曝光
1751,1208,2025-07-03,直播,加购
1752,188,2025-07-12,短视频,点击
1753,706,2025-09-02,短视频,加购
1754,506,2025-07-09,直播,曝光
1755,1976,2025-07-23,短视频,曝光
1756,28,2025-09-14,直播,曝光
1757,752,2025-07-20,短视频,加购
1758,1036,2025-07-12,短视频,加购
1759,599,2025-08-14,直播,曝光
1760,1462,2025-08-08,图文,加购
1761,263,2025-07-12,直播,曝光
1762,1853,2025-08-07,直播,曝光
1763,801,2025-09-17,直播,曝光
1764,737,2025-09-29,短视频,曝光
1765,1847,2025-07-07,直播,曝光
1766,298,2025-09-03,短视频,曝光
1767,939,2025-09-02,图文,曝光
1768,59,2025-09-09,直播,曝光
1769,1024,2025-09-09,短视频,加购
1770,651,2025-08-31,短视频,加购
1771,1481,2025-09-19,直播,点击
1772,1025,2025-07-26,短视频,曝光
1773,1251,2025-07-12,短视频,加购
1774,1802,2025-08-03,直播,曝光
1775,1901,2025-07-19,直播,曝光
1776,433,2025-07-17,短视频,曝光
1777,1005,2025-07-05,短视频,曝光
1778,1563,2025-08-19,直播,点击
1779,255,2025-09-14,短视频,曝光
1780,962,2025-07-08,图文,曝光
1781,1115,2025-08-30,直播,分享
1782,1736,2025-09-22,短视频,曝光
1783,177,2025-08-14,图文,曝光
1784,1727,2025-07-19,直播,曝光
1785,476,2025-08-31,图文,曝光
1786,1716,2025-07-20,图文,曝光
1787,1310,2025-07-12,短视频,曝光
1788,803,2025-08-14,短视频,曝光
1789,268,2025-07-02,图文,加购
1790,693,2025-07-30,短视频,曝光
1791,1480,2025-09-11,短视频,曝光
1792,415,2025-07-16,直播,曝光
1793,1340,2025-08-17,图文,曝光
1794,457,2025-09-29,直播,分享
1795,163,2025-07-21,短视频,点击
1796,1233,2025-07-26,直播,分享
1797,1625,2025-09-03,直播,点击
1798,1924,2025-09-07,短视频,曝光
1799,1004,2025-08-14,短视频,点击
1800,1212,2025-09-05,短视频,曝光
1801,1363,2025-08-28,直播,曝光
1802,825,2025-07-23,直播,曝光
1803,73,2025-09-14,直播,加购
1804,485,2025-07-26,图文,曝光
1805,759,2025-09-01,直播,加购
1806,1304,2025-08-19,短视频,曝光
1807,610,2025-08-19,直播,曝光
1808,422,2025-09-18,短视频,分享
1809,1811,2025-09-22,短视频,曝光
1810,187,2025-09-07,直播,分享
1811,1577,2025-08-24,直播,曝光
1812,188,2025-07-28,图文,点击
1813,641,2025-09-05,直播,曝光
1814,1701,2025-07-04,直播,曝光
1815,1684,2025-07-10,短视频,点击
1816,765,2025-08-25,图文,点击
1817,36,2025-07-26,短视频,曝光
1818,1881,2025-08-13,短视频,曝光
1819,1778,2025-09-25,直播,曝光
1820,994,2025-08-01,图文,曝光
1821,58,2025-08-08,短视频,曝光
1822,1384,2025-08-29,直播,点击
1823,1567,2025-09-06,直播,点击
1824,1654,2025-09-26,短视频,曝光
1825,1462,2025-07-30,短视频,曝光
1826,1749,2025-09-22,短视频,曝光
1827,1021,2025-07-21,短视频,曝光
1828,326,2025-08-31,短视频,曝光
1829,1379,2025-07-08,短视频,曝光
1830,434,2025-09-27,直播,曝光
1831,1260,2025-09-11,短视频,曝光
1832,301,2025-08-06,短视频,曝光
1833,79,2025-09-21,直播,分享
1834,892,2025-07-10,短视频,加购
1835,1185,2025-08-03,短视频,曝光
1836,311,2025-08-11,直播,曝光
1837,1570,2025-08-30,直播,曝光
1838,1302,2025-08-30,短视频,曝光
1839,1601,2025-07-05,短视频,曝光
1840,726,2025-09-12,图文,点击
1841,1319,2025-07-14,图文,曝光
1842,1929,2025-09-25,短视频,点击
1843,365,2025-08-07,直播,曝光
1844,1634,2025-08-17,直播,加购
1845,1259,2025-08-05,短视频,点击
1846,1449,2025-08-04,短视频,曝光
1847,1252,2025-08-11,短视频,点击
1848,1378,2025-07-26,短视频,曝光
1849,1560,2025-09-22,短视频,曝光
1850,80,2025-08-25,短视频,曝光
1851,64,2025-08-11,短视频,曝光
1852,168,2025-09-02,直播,曝光
1853,1860,2025-07-06,短视频,曝光
1854,865,2025-08-28,直播,点击
1855,1983,2025-07-16,短视频,分享
1856,1830,2025-07-18,直播,曝光
1857,690,2025-08-30,短视频,曝光
1858,189,2025-08-11,短视频,点击
1859,1686,2025-07-17,图文,曝光
1860,841,2025-07-07,短视频,曝光
1861,596,2025-08-26,短视频,曝光
1862,1588,2025-08-17,短视频,曝光
1863,965,2025-07-22,图文,曝光
1864,640,2025-07-20,短视频,曝光
1865,793,2025-09-07,直播,曝光
1866,1859,2025-09-20,直播,曝光
1867,605,2025-09-25,图文,点击
1868,1870,2025-09-13,图文,分享
1869,1179,2025-07-22,短视频,曝光
1870,114,2025-09-06,短视频,曝光
1871,226,2025-08-05,图文,曝光
1872,1233,2025-07-11,短视频,曝光
1873,274,2025-07-16,图文,曝光
1874,292,2025-08-11,短视频,点击
1875,926,2025-07-26,短视频,曝光
1876,883,2025-07-17,短视频,点击
1877,1883,2025-09-09,图文,加购
1878,1796,2025-07-05,短视频,曝光
1879,1860,2025-09-26,直播,曝光
1880,147,2025-08-07,直播,曝光
1881,1608,2025-07-31,短视频,曝光
1882,1875,2025-07-29,短视频,曝光
1883,1224,2025-09-01,短视频,曝光
1884,1989,2025-09-23,短视频,曝光
1885,1606,2025-07-25,图文,点击
1886,1341,2025-09-24,短视频,曝光
1887,812,2025-09-22,短视频,加购
1888,713,2025-09-25,短视频,曝光
1889,791,2025-08-26,直播,曝光
1890,503,2025-07-02,直播,曝光
1891,1158,2025-07-29,短视频,加购
1892,866,2025-08-17,短视频,点击
1893,595,2025-09-12,直播,曝光
1894,360,2025-07-02,图文,点击
1895,1033,2025-08-23,直播,点击
1896,41,2025-08-25,短视频,曝光
1897,748,2025-07-04,图文,曝光
1898,126,2025-08-16,短视频,曝光
1899,672,2025-08-08,直播,曝光
1900,1328,2025-08-09,短视频,曝光
1901,1276,2025-09-07,图文,点击
1902,42,2025-07-05,短视频,点击
1903,1417,2025-09-08,直播,曝光
1904,603,2025-07-10,短视频,曝光
1905,952,2025-09-04,短视频,曝光
1906,1353,2025-07-29,短视频,曝光
1907,73,2025-08-17,图文,曝光
1908,350,2025-07-23,短视频,曝光
1909,331,2025-09-29,短视频,曝光
1910,665,2025-07-17,短视频,曝光
1911,32,2025-08-07,短视频,曝光
1912,63,2025-09-17,短视频,曝光
1913,1025,2025-08-04,短视频,曝光
1914,225,2025-07-03,直播,曝光
1915,872,2025-07-19,短视频,曝光
1916,452,2025-07-21,直播,曝光
1917,1991,2025-07-08,直播,点击
1918,253,2025-09-23,短视频,曝光
1919,961,2025-09-15,短视频,曝光
1920,945,2025-09-19,直播,曝光
1921,1478,2025-08-20,图文,曝光
1922,254,2025-08-02,直播,曝光
1923,1929,2025-09-17,直播,曝光
1924,611,2025-09-13,短视频,曝光
1925,70,2025-09-05,短视频,曝光
1926,1448,2025-07-15,短视频,曝光
1927,1085,2025-09-16,短视频,曝光
1928,1308,2025-08-28,短视频,曝光
1929,1823,2025-09-03,短视频,曝光
1930,766,2025-09-20,直播,曝光
1931,1816,2025-07-25,图文,点击
1932,1863,2025-08-13,短视频,加购
1933,1096,2025-08-01,短视频,加购
1934,1575,2025-07-16,短视频,曝光
1935,68,2025-08-16,短视频,曝光
1936,1215,2025-08-23,短视频,曝光
1937,161,2025-07-25,直播,曝光
1938,874,2025-09-07,图文,曝光
1939,1500,2025-07-28,图文,点击
1940,121,2025-09-18,直播,曝光
1941,813,2025-09-06,短视频,曝光
1942,826,2025-08-04,短视频,加购
1943,477,2025-09-06,短视频,曝光
1944,1091,2025-07-27,直播,曝光
1945,1617,2025-08-24,图文,曝光
1946,1983,2025-09-02,直播,曝光
1947,1813,2025-07-19,图文,曝光
1948,1904,2025-07-23,短视频,曝光
1949,408,2025-07-12,直播,曝光
1950,225,2025-07-23,短视频,加购
1951,366,2025-09-03,直播,分享
1952,1959,2025-07-17,短视频,曝光
1953,438,2025-09-20,直播,曝光
1954,1510,2025-08-03,图文,点击
1955,812,2025-07-28,短视频,曝光
1956,1364,2025-08-10,图文,加购
1957,1506,2025-08-28,短视频,曝光
1958,1808,2025-09-05,直播,曝光
1959,174,2025-09-01,短视频,加购
1960,651,2025-07-10,短视频,曝光
1961,237,2025-09-19,直播,曝光
1962,799,2025-08-09,短视频,点击
1963,730,2025-09-18,短视频,曝光
1964,1742,2025-08-30,短视频,曝光
1965,1407,2025-07-07,短视频,曝光
1966,208,2025-08-20,短视频,曝光
1967,892,2025-09-15,直播,点击
1968,1419,2025-09-11,短视频,点击
1969,1482,2025-09-05,短视频,曝光
1970,1620,2025-09-21,短视频,点击
1971,450,2025-08-21,短视频,分享
1972,1771,2025-07-20,短视频,曝光
1973,1808,2025-07-01,短视频,加购
1974,439,2025-09-22,直播,曝光
1975,1321,2025-08-29,短视频,曝光
1976,1359,2025-09-20,短视频,曝光
1977,1759,2025-09-12,图文,分享
1978,172,2025-08-03,图文,曝光
1979,465,2025-07-16,图文,曝光
1980,1722,2025-09-13,直播,曝光
1981,72,2025-09-17,短视频,点击
1982,964,2025-08-17,短视频,曝光
1983,588,2025-07-23,短视频,曝光
1984,1249,2025-09-13,短视频,曝光
1985,947,2025-09-16,短视频,分享
1986,1703,2025-09-07,短视频,曝光
1987,155,2025-08-18,短视频,加购
1988,1013,2025-09-27,图文,曝光
1989,1038,2025-09-26,短视频,点击
1990,1018,2025-07-21,短视频,曝光
1991,155,2025-07-29,短视频,曝光
1992,930,2025-09-06,直播,曝光
1993,1762,2025-07-15,短视频,点击
1994,1202,2025-07-02,短视频,曝光
1995,219,2025-08-17,短视频,点击
1996,1435,2025-09-23,图文,加购
1997,1858,2025-09-19,短视频,曝光
1998,1611,2025-07-19,短视频,分享
1999,188,2025-07-21,直播,曝光
2000,60,2025-08-04,直播,曝光
2001,353,2025-09-24,直播,曝光
2002,697,2025-09-16,短视频,曝光
2003,1851,2025-09-22,图文,点击
2004,866,2025-08-13,短视频,点击
2005,1941,2025-07-08,图文,曝光
2006,198,2025-08-31,短视频,曝光
2007,1524,2025-09-21,短视频,曝光
2008,1504,2025-08-03,短视频,点击
2009,1919,2025-07-23,直播,曝光
2010,1046,2025-08-21,直播,曝光
2011,1212,2025-07-23,短视频,曝光
2012,4,2025-09-16,图文,曝光
2013,1764,2025-08-06,图文,点击
2014,1263,2025-09-21,短视频,点击
2015,1402,2025-08-25,短视频,曝光
2016,679,2025-08-11,直播,曝光
2017,156,2025-08-11,直播,曝光
2018,1454,2025-09-05,短视频,曝光
2019,1466,2025-07-23,短视频,曝光
2020,360,2025-08-12,短视频,分享
2021,1650,2025-09-18,图文,曝光
2022,3,2025-09-25,短视频,曝光
2023,1306,2025-07-04,短视频,加购
2024,174,2025-09-05,图文,加购
2025,1504,2025-09-16,直播,点击
2026,881,2025-08-09,直播,曝光
2027,655,2025-07-22,短视频,曝光
2028,1497,2025-08-15,图文,曝光
2029,1607,2025-09-21,直播,点击
2030,1208,2025-07-17,短视频,曝光
2031,1467,2025-07-30,短视频,曝光
2032,30,2025-09-25,直播,曝光
2033,1644,2025-08-30,短视频,曝光
2034,1184,2025-07-24,短视频,点击
2035,315,2025-09-01,直播,曝光
2036,965,2025-07-17,图文,曝光
2037,1255,2025-09-05,短视频,曝光
2038,1594,2025-08-11,短视频,曝光
2039,1037,2025-09-20,短视频,曝光
2040,514,2025-09-05,直播,点击
2041,509,2025-07-12,短视频,曝光
2042,1438,2025-09-01,直播,曝光
2043,1725,2025-08-30,图文,曝光
2044,1264,2025-07-24,短视频,点击
2045,1599,2025-08-17,直播,曝光
2046,1246,2025-07-25,短视频,曝光
2047,983,2025-09-07,短视频,曝光
2048,812,2025-07-22,短视频,分享
2049,979,2025-08-07,直播,曝光
2050,26,2025-08-25,短视频,点击
2051,1158,2025-07-05,直播,分享
2052,376,2025-09-27,直播,曝光
2053,1801,2025-07-04,短视频,曝光
2054,1689,2025-09-20,图文,曝光
2055,989,2025-08-29,直播,加购
2056,1234,2025-08-16,图文,曝光
2057,76,2025-08-14,直播,点击
2058,1157,2025-08-04,直播,曝光
2059,1701,2025-09-05,短视频,曝光
2060,1052,2025-08-06,短视频,曝光
2061,1722,2025-08-18,短视频,曝光
2062,154,2025-09-13,直播,曝光
2063,1950,2025-08-29,直播,曝光
2064,696,2025-08-29,直播,加购
2065,55,2025-08-22,短视频,曝光
2066,1239,2025-07-04,短视频,曝光
2067,1229,2025-07-07,短视频,曝光
2068,252,2025-07-07,直播,点击
2069,694,2025-07-25,短视频,点击
2070,1842,2025-08-14,短视频,曝光
2071,379,2025-07-23,短视频,点击
2072,146,2025-08-18,图文,曝光
2073,1644,2025-09-19,短视频,曝光
2074,1360,2025-09-27,图文,曝光
2075,998,2025-08-30,短视频,曝光
2076,603,2025-07-13,短视频,加购
2077,1743,2025-09-07,短视频,曝光
2078,1728,2025-09-13,短视频,点击
2079,2,2025-09-11,短视频,曝光
2080,1654,2025-09-21,图文,曝光
2081,946,2025-07-01,图文,曝光
2082,667,2025-08-04,直播,曝光
2083,697,2025-08-24,短视频,曝光
2084,925,2025-07-15,短视频,曝光
2085,1148,2025-08-06,短视频,曝光
2086,1919,2025-07-23,图文,曝光
2087,51,2025-07-20,直播,曝光
2088,1216,2025-08-30,短视频,点击
2089,132,2025-08-31,直播,加购
2090,13,2025-07-07,直播,曝光
2091,607,2025-09-01,短视频,曝光
2092,1555,2025-09-20,短视频,加购
2093,692,2025-07-04,短视频,曝光
2094,723,2025-09-08,图文,曝光
2095,1806,2025-09-03,短视频,曝光
2096,552,2025-09-12,短视频,曝光
2097,1536,2025-09-27,图文,分享
2098,1665,2025-09-07,图文,曝光
2099,1296,2025-08-03,直播,加购
2100,1936,2025-07-12,图文,点击
2101,1968,2025-09-22,短视频,曝光
2102,125,2025-09-06,直播,曝光
2103,341,2025-08-11,直播,点击
2104,781,2025-08-25,直播,曝光
2105,1333,2025-08-18,短视频,曝光
2106,560,2025-07-05,短视频,点击
2107,1275,2025-07-24,直播,加购
2108,1796,2025-07-27,短视频,点击
2109,13,2025-08-27,短视频,曝光
2110,1736,2025-08-08,图文,点击
2111,973,2025-08-08,直播,曝光
2112,1803,2025-08-19,短视频,曝光
2113,1361,2025-09-20,短视频,曝光
2114,86,2025-07-17,短视频,曝光
2115,1805,2025-07-11,直播,曝光
2116,101,2025-08-18,直播,点击
2117,501,2025-09-17,短视频,分享
2118,1103,2025-09-27,图文,曝光
2119,1808,2025-07-31,短视频,曝光
2120,334,2025-08-02,图文,曝光
2121,1077,2025-09-15,直播,曝光
2122,226,2025-07-14,直播,曝光
2123,680,2025-08-03,直播,点击
2124,521,2025-08-13,图文,曝光
2125,856,2025-07-28,短视频,点击
2126,1419,2025-08-11,短视频,曝光
2127,1442,2025-09-29,短视频,曝光
2128,1344,2025-09-23,短视频,分享
2129,55,2025-08-05,图文,点击
2130,1571,2025-08-12,直播,曝光
2131,1294,2025-09-24,短视频,曝光
2132,126,2025-07-23,图文,分享
2133,1894,2025-08-22,短视频,曝光
2134,1533,2025-07-21,直播,加购
2135,1384,2025-08-28,直播,曝光
2136,982,2025-07-04,图文,曝光
2137,1590,2025-07-20,直播,曝光
2138,626,2025-09-07,短视频,曝光
2139,1450,2025-09-02,短视频,加购
2140,1221,2025-07-25,直播,加购
2141,1221,2025-07-19,短视频,曝光
2142,1600,2025-09-11,直播,点击
2143,347,2025-09-29,短视频,曝光
2144,208,2025-08-20,直播,曝光
2145,1111,2025-09-05,短视频,曝光
2146,1615,2025-09-04,直播,曝光
2147,508,2025-09-21,直播,曝光
2148,1139,2025-07-19,短视频,点击
2149,1915,2025-08-22,直播,加购
2150,1241,2025-07-15,短视频,分享
2151,158,2025-07-31,图文,点击
2152,1758,2025-08-08,短视频,点击
2153,1953,2025-09-24,短视频,曝光
2154,1420,2025-08-02,短视频,曝光
2155,1222,2025-07-03,直播,点击
2156,1168,2025-08-16,短视频,曝光
2157,1247,2025-08-09,短视频,曝光
2158,673,2025-09-07,直播,曝光
2159,1290,2025-07-01,图文,曝光
2160,1021,2025-09-22,短视频,加购
2161,1585,2025-09-07,短视频,曝光
2162,1674,2025-08-24,短视频,曝光
2163,1420,2025-09-18,直播,分享
2164,1992,2025-07-21,短视频,曝光
2165,898,2025-08-06,直播,曝光
2166,1513,2025-07-28,短视频,曝光
2167,686,2025-07-26,短视频,点击
2168,1581,2025-09-22,短视频,分享
2169,535,2025-09-22,短视频,曝光
2170,1399,2025-07-20,直播,曝光
2171,29,2025-07-23,直播,曝光
2172,1534,2025-07-09,直播,曝光
2173,582,2025-07-15,短视频,曝光
2174,487,2025-09-23,短视频,曝光
2175,669,2025-07-18,直播,曝光
2176,848,2025-07-03,直播,分享
2177,257,2025-09-19,直播,曝光
2178,1112,2025-09-07,短视频,点击
2179,248,2025-09-04,短视频,点击
2180,1099,2025-07-14,直播,曝光
2181,738,2025-07-02,短视频,曝光
2182,1195,2025-08-31,短视频,曝光
2183,303,2025-08-21,直播,点击
2184,1948,2025-07-18,短视频,曝光
2185,30,2025-08-11,短视频,曝光
2186,1711,2025-09-21,短视频,曝光
2187,704,2025-09-22,直播,曝光
2188,1656,2025-07-05,短视频,点击
2189,1193,2025-07-04,直播,加购
2190,1661,2025-07-29,短视频,曝光
2191,1111,2025-09-07,直播,点击
2192,1587,2025-09-11,短视频,曝光
2193,1312,2025-08-18,直播,分享
2194,1359,2025-08-22,短视频,曝光
2195,1143,2025-08-13,直播,加购
2196,514,2025-08-08,直播,曝光
2197,1698,2025-07-12,直播,曝光
2198,1712,2025-08-10,短视频,曝光
2199,1447,2025-09-29,直播,曝光
2200,560,2025-08-16,图文,曝光
2201,815,2025-08-24,短视频,曝光
2202,1450,2025-09-30,短视频,点击
2203,374,2025-07-03,直播,曝光
2204,222,2025-08-31,直播,曝光
2205,806,2025-07-24,短视频,曝光
2206,1095,2025-08-14,短视频,曝光
2207,1788,2025-07-02,短视频,曝光
2208,638,2025-07-30,短视频,曝光
2209,433,2025-08-19,短视频,曝光
2210,1409,2025-08-16,短视频,曝光
2211,1751,2025-08-06,图文,曝光
2212,1711,2025-09-23,图文,曝光
2213,1266,2025-07-20,直播,曝光
2214,32,2025-07-21,短视频,曝光
2215,1306,2025-08-22,图文,曝光
2216,229,2025-08-01,直播,曝光
2217,1575,2025-07-26,短视频,曝光
2218,1852,2025-07-06,短视频,点击
2219,1222,2025-08-18,直播,点击
2220,479,2025-08-27,图文,曝光
2221,598,2025-08-22,短视频,曝光
2222,1462,2025-09-09,短视频,曝光
2223,1520,2025-08-30,直播,点击
2224,1626,2025-08-28,短视频,曝光
2225,204,2025-07-29,短视频,曝光
2226,1482,2025-09-13,直播,曝光
2227,1921,2025-09-20,直播,曝光
2228,65,2025-09-09,短视频,曝光
2229,863,2025-07-10,短视频,曝光
2230,1471,2025-09-28,短视频,曝光
2231,1059,2025-08-20,短视频,曝光
2232,1924,2025-08-11,直播,曝光
2233,1353,2025-07-21,图文,点击
2234,738,2025-07-08,直播,曝光
2235,1245,2025-09-16,短视频,分享
2236,1421,2025-08-19,短视频,曝光
2237,1564,2025-09-23,短视频,曝光
2238,553,2025-09-09,直播,曝光
2239,1833,2025-09-13,短视频,曝光
2240,1995,2025-08-07,短视频,曝光
2241,432,2025-08-04,短视频,曝光
2242,417,2025-08-11,直播,点击
2243,770,2025-07-01,短视频,曝光
2244,612,2025-09-06,短视频,曝光
2245,373,2025-09-21,直播,曝光
2246,336,2025-07-02,直播,曝光
2247,1420,2025-09-21,短视频,曝光
2248,1911,2025-08-30,直播,加购
2249,192,2025-08-20,直播,曝光
2250,1143,2025-09-04,短视频,分享
2251,560,2025-07-02,直播,分享
2252,494,2025-09-28,短视频,分享
2253,1145,2025-09-19,直播,点击
2254,270,2025-09-06,短视频,曝光
2255,167,2025-07-31,短视频,加购
2256,1750,2025-07-13,直播,曝光
2257,893,2025-07-28,直播,曝光
2258,126,2025-08-15,短视频,分享
2259,1754,2025-09-29,图文,曝光
2260,1287,2025-08-07,短视频,曝光
2261,1477,2025-09-06,短视频,点击
2262,1221,2025-08-06,短视频,点击
2263,948,2025-07-06,短视频,曝光
2264,1544,2025-09-11,图文,点击
2265,690,2025-08-01,短视频,曝光
2266,1364,2025-08-23,短视频,曝光
2267,1765,2025-07-31,直播,加购
2268,1673,2025-09-06,短视频,曝光
2269,1110,2025-09-14,直播,曝光
2270,77,2025-09-07,短视频,加购
2271,31,2025-09-21,图文,曝光
2272,861,2025-09-02,短视频,分享
2273,1326,2025-08-18,图文,曝光
2274,162,2025-09-08,短视频,曝光
2275,822,2025-09-01,短视频,曝光
2276,811,2025-07-21,直播,点击
2277,918,2025-07-28,短视频,曝光
2278,1122,2025-07-10,短视频,点击
2279,559,2025-09-09,短视频,加购
2280,1188,2025-07-15,短视频,曝光
2281,906,2025-07-08,直播,点击
2282,1850,2025-09-13,直播,曝光
2283,650,2025-07-05,图文,曝光
2284,1844,2025-09-26,短视频,点击
2285,1925,2025-07-21,直播,曝光
2286,620,2025-09-25,直播,曝光
2287,815,2025-08-30,直播,曝光
2288,1399,2025-07-02,短视频,分享
2289,918,2025-09-10,短视频,曝光
2290,1426,2025-09-30,短视频,曝光
2291,519,2025-09-24,短视频,曝光
2292,1915,2025-09-20,直播,曝光
2293,1397,2025-07-23,直播,曝光
2294,168,2025-07-19,短视频,曝光
2295,487,2025-07-29,图文,曝光
2296,1235,2025-08-21,直播,点击
2297,587,2025-09-10,图文,曝光
2298,815,2025-09-29,短视频,曝光
2299,1294,2025-08-14,直播,点击
2300,695,2025-08-13,短视频,曝光
2301,1809,2025-09-17,图文,点击
2302,1235,2025-09-26,短视频,曝光
2303,840,2025-08-09,短视频,曝光
2304,560,2025-08-20,直播,曝光
2305,592,2025-07-24,短视频,分享
2306,72,2025-08-01,图文,曝光
2307,173,2025-09-09,短视频,点击
2308,1556,2025-07-15,短视频,点击
2309,1538,2025-07-27,短视频,点击
2310,174,2025-07-10,短视频,曝光
2311,1105,2025-07-24,图文,加购
2312,657,2025-09-04,图文,曝光
2313,1396,2025-09-17,图文,曝光
2314,1190,2025-07-31,图文,点击
2315,1600,2025-09-21,短视频,曝光
2316,1248,2025-08-07,直播,曝光
2317,400,2025-07-25,短视频,曝光
2318,1333,2025-09-25,直播,加购
2319,1670,2025-08-17,图文,曝光
2320,1990,2025-07-19,短视频,曝光
2321,1408,2025-07-21,短视频,曝光
2322,803,2025-08-04,短视频,曝光
2323,1019,2025-07-10,图文,加购
2324,275,2025-09-22,图文,点击
2325,1274,2025-08-26,图文,曝光
2326,276,2025-09-25,直播,点击
2327,521,2025-07-23,图文,曝光
2328,1021,2025-09-12,图文,加购
2329,957,2025-09-01,短视频,曝光
2330,768,2025-08-05,图文,曝光
2331,1295,2025-08-02,直播,点击
2332,1827,2025-07-12,短视频,曝光
2333,1846,2025-09-12,直播,曝光
2334,1022,2025-09-11,短视频,点击
2335,1104,2025-08-21,直播,曝光
2336,904,2025-09-16,短视频,点击
2337,1795,2025-08-27,直播,曝光
2338,1725,2025-09-04,直播,曝光
2339,109,2025-09-30,短视频,曝光
2340,1593,2025-08-01,直播,点击
2341,60,2025-08-30,直播,点击
2342,1428,2025-08-30,图文,曝光
2343,678,2025-09-22,直播,点击
2344,1055,2025-09-03,图文,点击
2345,1566,2025-07-25,直播,点击
2346,470,2025-09-20,短视频,点击
2347,266,2025-09-13,短视频,曝光
2348,1135,2025-07-13,直播,曝光
2349,1676,2025-09-06,短视频,点击
2350,232,2025-07-25,短视频,曝光
2351,776,2025-07-25,图文,分享
2352,1074,2025-08-07,图文,曝光
2353,455,2025-07-29,短视频,加购
2354,1703,2025-09-13,短视频,曝光
2355,1197,2025-07-18,图文,曝光
2356,1031,2025-09-21,短视频,点击
2357,278,2025-07-06,短视频,曝光
2358,137,2025-07-26,短视频,点击
2359,332,2025-08-11,短视频,曝光
2360,63,2025-08-16,直播,曝光
2361,1070,2025-09-20,图文,点击
2362,1721,2025-08-25,直播,曝光
2363,1517,2025-08-18,短视频,曝光
2364,449,2025-07-16,直播,加购
2365,393,2025-07-04,直播,曝光
2366,1052,2025-09-11,短视频,曝光
2367,1556,2025-08-22,短视频,曝光
2368,1554,2025-08-13,短视频,曝光
2369,1044,2025-08-16,直播,曝光
2370,507,2025-09-21,直播,曝光
2371,967,2025-08-12,图文,曝光
2372,1475,2025-08-20,图文,曝光
2373,1760,2025-08-17,图文,曝光
2374,151,2025-09-15,图文,分享
2375,1549,2025-07-21,直播,点击
2376,1498,2025-07-05,图文,点击
2377,427,2025-09-27,短视频,曝光
2378,128,2025-08-10,短视频,曝光
2379,618,2025-08-23,图文,曝光
2380,555,2025-08-08,短视频,曝光
2381,227,2025-07-28,直播,加购
2382,514,2025-07-18,图文,曝光
2383,392,2025-09-01,直播,加购
2384,1783,2025-08-21,短视频,曝光
2385,172,2025-08-27,短视频,曝光
2386,1069,2025-09-08,直播,曝光
2387,653,2025-07-28,直播,曝光
2388,1687,2025-08-15,直播,曝光
2389,949,2025-08-25,直播,曝光
2390,1165,2025-09-15,短视频,曝光
2391,792,2025-07-09,直播,曝光
2392,1614,2025-07-27,直播,曝光
2393,1336,2025-07-19,短视频,曝光
2394,1103,2025-07-28,图文,曝光
2395,793,2025-09-25,短视频,曝光
2396,900,2025-07-16,短视频,曝光
2397,506,2025-09-08,短视频,分享
2398,1316,2025-09-11,短视频,曝光
2399,591,2025-09-07,直播,曝光
2400,573,2025-07-14,图文,曝光
2401,934,2025-07-08,短视频,点击
2402,1838,2025-07-14,直播,曝光
2403,879,2025-09-15,图文,曝光
2404,1817,2025-07-01,直播,点击
2405,1054,2025-09-05,图文,曝光
2406,146,2025-08-05,直播,分享
2407,1168,2025-09-26,图文,曝光
2408,1834,2025-08-10,直播,分享
2409,1765,2025-08-12,短视频,曝光
2410,364,2025-08-11,短视频,点击
2411,536,2025-09-13,短视频,曝光
2412,1363,2025-09-09,图文,曝光
2413,874,2025-09-27,短视频,加购
2414,1647,2025-08-08,短视频,曝光
2415,1041,2025-09-16,短视频,曝光
2416,483,2025-07-01,短视频,加购
2417,664,2025-08-26,短视频,曝光
2418,226,2025-08-26,图文,曝光
2419,573,2025-07-05,图文,点击
2420,1513,2025-07-16,直播,曝光
2421,445,2025-09-28,短视频,曝光
2422,885,2025-07-03,图文,加购
2423,360,2025-08-16,短视频,点击
2424,974,2025-09-10,短视频,曝光
2425,1932,2025-09-29,短视频,曝光
2426,1524,2025-07-23,短视频,曝光
2427,1529,2025-08-27,短视频,曝光
2428,508,2025-09-08,短视频,曝光
2429,615,2025-09-22,短视频,分享
2430,195,2025-08-29,图文,曝光
2431,1843,2025-07-22,图文,曝光
2432,1916,2025-09-20,图文,曝光
2433,678,2025-09-25,直播,曝光
2434,1400,2025-08-02,直播,曝光
2435,423,2025-08-15,直播,曝光
2436,1305,2025-08-29,图文,曝光
2437,191,2025-09-15,短视频,曝光
2438,666,2025-08-22,直播,曝光
2439,787,2025-09-07,短视频,点击
2440,1992,2025-09-11,短视频,点击
2441,935,2025-07-20,直播,曝光
2442,446,2025-07-31,图文,曝光
2443,95,2025-09-16,图文,曝光
2444,357,2025-08-25,短视频,曝光
2445,485,2025-07-19,短视频,曝光
2446,637,2025-08-19,图文,曝光
2447,273,2025-07-20,直播,曝光
2448,1478,2025-07-05,短视频,曝光
2449,774,2025-08-12,短视频,点击
2450,475,2025-07-04,直播,曝光
2451,1052,2025-09-26,直播,加购
2452,626,2025-09-22,图文,曝光
2453,1368,2025-07-21,短视频,曝光
2454,1060,2025-08-28,短视频,曝光
2455,1865,2025-08-05,短视频,曝光
2456,1300,2025-08-26,短视频,曝光
2457,734,2025-08-18,短视频,曝光
2458,299,2025-09-07,短视频,曝光
2459,204,2025-09-08,短视频,加购
2460,1310,2025-07-02,短视频,曝光
2461,66,2025-09-16,短视频,点击
2462,763,2025-07-22,图文,曝光
2463,41,2025-08-28,直播,曝光
2464,693,2025-08-29,短视频,曝光
2465,1768,2025-08-28,短视频,曝光
2466,159,2025-09-05,短视频,曝光
2467,1949,2025-07-12,直播,分享
2468,1948,2025-08-27,短视频,曝光
2469,1728,2025-08-04,短视频,曝光
2470,1387,2025-08-07,短视频,曝光
2471,357,2025-07-14,图文,曝光
2472,200,2025-08-24,短视频,曝光
2473,1839,2025-07-30,短视频,点击
2474,733,2025-09-03,直播,曝光
2475,900,2025-08-13,图文,加购
2476,161,2025-08-07,直播,点击
2477,120,2025-08-16,短视频,曝光
2478,1084,2025-08-21,直播,点击
2479,812,2025-09-01,短视频,加购
2480,1401,2025-07-08,短视频,曝光
2481,1669,2025-09-12,短视频,点击
2482,114,2025-07-16,短视频,曝光
2483,1941,2025-07-22,直播,曝光
2484,1845,2025-09-10,短视频,曝光
2485,1147,2025-07-01,直播,曝光
2486,749,2025-08-04,短视频,曝光
2487,334,2025-08-31,直播,曝光
2488,470,2025-09-10,短视频,曝光
2489,1403,2025-09-21,直播,曝光
2490,260,2025-09-01,直播,曝光
2491,1932,2025-07-22,直播,曝光
2492,292,2025-08-03,短视频,曝光
2493,1510,2025-07-03,直播,分享
2494,1700,2025-09-09,直播,曝光
2495,592,2025-07-01,短视频,点击
2496,961,2025-07-12,短视频,曝光
2497,1154,2025-09-28,直播,分享
2498,1597,2025-07-15,直播,曝光
2499,103,2025-07-27,直播,分享
2500,455,2025-08-07,直播,加购
2501,300,2025-07-13,短视频,点击
2502,636,2025-08-30,短视频,分享
2503,1346,2025-07-29,短视频,加购
2504,826,2025-07-28,图文,加购
2505,985,2025-08-22,直播,曝光
2506,910,2025-07-30,短视频,曝光
2507,11,2025-07-21,直播,曝光
2508,196,2025-09-18,直播,曝光
2509,455,2025-08-23,直播,曝光
2510,91,2025-09-21,图文,加购
2511,1645,2025-08-02,直播,曝光
2512,1992,2025-09-22,图文,曝光
2513,970,2025-09-20,直播,曝光
2514,1334,2025-07-03,直播,曝光
2515,113,2025-07-12,直播,曝光
2516,110,2025-09-12,直播,点击
2517,1210,2025-07-28,短视频,点击
2518,1546,2025-09-09,直播,曝光
2519,1859,2025-08-09,短视频,曝光
2520,723,2025-07-24,直播,曝光
2521,838,2025-07-21,直播,点击
2522,1593,2025-07-21,直播,曝光
2523,282,2025-08-31,短视频,曝光
2524,1900,2025-07-04,短视频,加购
2525,596,2025-07-18,直播,曝光
2526,54,2025-09-14,短视频,曝光
2527,1581,2025-07-30,短视频,点击
2528,1929,2025-08-25,短视频,曝光
2529,964,2025-07-28,短视频,点击
2530,332,2025-07-02,短视频,曝光
2531,303,2025-08-11,短视频,曝光
2532,595,2025-07-21,图文,曝光
2533,1068,2025-09-06,短视频,曝光
2534,1254,2025-09-15,直播,曝光
2535,1397,2025-09-20,短视频,曝光
2536,1432,2025-08-25,短视频,曝光
2537,482,2025-07-08,直播,分享
2538,341,2025-09-17,图文,加购
2539,1903,2025-09-16,短视频,点击
2540,274,2025-07-14,直播,点击
2541,1020,2025-08-07,直播,点击
2542,574,2025-09-26,直播,点击
2543,1463,2025-09-13,直播,曝光
2544,652,2025-07-20,图文,曝光
2545,201,2025-08-27,短视频,曝光
2546,637,2025-07-28,直播,点击
2547,202,2025-09-18,图文,加购
2548,343,2025-09-24,短视频,曝光
2549,946,2025-09-10,直播,点击
2550,1942,2025-07-29,直播,点击
2551,407,2025-08-06,短视频,曝光
2552,1597,2025-08-24,短视频,曝光
2553,1041,2025-09-26,图文,曝光
2554,1961,2025-08-01,短视频,曝光
2555,1041,2025-08-21,短视频,曝光
2556,208,2025-09-07,图文,曝光
2557,821,2025-08-04,短视频,曝光
2558,152,2025-07-29,短视频,曝光
2559,444,2025-08-05,短视频,曝光
2560,1072,2025-08-10,图文,曝光
2561,1801,2025-07-09,短视频,点击
2562,1229,2025-07-08,图文,分享
2563,730,2025-09-03,图文,点击
2564,1271,2025-09-23,短视频,点击
2565,489,2025-09-13,直播,曝光
2566,187,2025-09-22,直播,点击
2567,1468,2025-09-16,直播,点击
2568,1688,2025-09-12,短视频,曝光
2569,1225,2025-07-06,短视频,分享
2570,980,2025-09-19,短视频,曝光
2571,916,2025-08-11,短视频,点击
2572,737,2025-08-25,短视频,曝光
2573,1940,2025-09-20,直播,曝光
2574,1009,2025-07-08,短视频,加购
2575,1744,2025-07-24,短视频,曝光
2576,81,2025-07-07,直播,曝光
2577,706,2025-08-08,直播,加购
2578,431,2025-09-11,图文,曝光
2579,233,2025-08-15,短视频,曝光
2580,1997,2025-08-17,直播,曝光
2581,105,2025-07-22,短视频,曝光
2582,1106,2025-07-26,直播,点击
2583,435,2025-08-21,图文,曝光
2584,158,2025-07-04,短视频,曝光
2585,1966,2025-08-10,短视频,分享
2586,586,2025-09-29,短视频,点击
2587,704,2025-08-22,直播,曝光
2588,370,2025-07-09,直播,分享
2589,1373,2025-08-08,图文,加购
2590,1850,2025-08-03,直播,曝光
2591,679,2025-09-03,短视频,曝光
2592,1613,2025-09-01,短视频,曝光
2593,819,2025-09-29,短视频,曝光
2594,1094,2025-08-27,直播,曝光
2595,1601,2025-07-22,图文,加购
2596,1904,2025-07-12,直播,曝光
2597,1218,2025-07-15,短视频,曝光
2598,746,2025-08-27,图文,点击
2599,938,2025-08-24,图文,曝光
2600,1730,2025-07-31,短视频,曝光
2601,707,2025-09-06,直播,曝光
2602,936,2025-07-16,短视频,曝光
2603,1551,2025-09-04,图文,点击
2604,1698,2025-08-26,短视频,曝光
2605,894,2025-07-17,图文,点击
2606,1802,2025-09-21,短视频,曝光
2607,1725,2025-09-18,直播,点击
2608,926,2025-09-08,短视频,曝光
2609,555,2025-08-31,直播,曝光
2610,357,2025-07-15,直播,曝光
2611,242,2025-09-27,短视频,曝光
2612,385,2025-07-17,短视频,曝光
2613,138,2025-09-13,图文,曝光
2614,578,2025-08-13,短视频,点击
2615,1983,2025-08-31,短视频,曝光
2616,446,2025-07-02,短视频,点击
2617,770,2025-07-30,图文,曝光
2618,777,2025-07-02,短视频,曝光
2619,1040,2025-09-05,短视频,曝光
2620,1014,2025-07-24,短视频,加购
2621,1163,2025-07-29,短视频,加购
2622,175,2025-07-10,短视频,曝光
2623,643,2025-07-13,短视频,曝光
2624,1820,2025-08-20,短视频,加购
2625,1953,2025-08-01,短视频,曝光
2626,5,2025-07-04,短视频,曝光
2627,1261,2025-09-16,短视频,曝光
2628,277,2025-07-23,直播,曝光
2629,1072,2025-07-04,直播,曝光
2630,17,2025-07-06,图文,点击
2631,1513,2025-08-07,短视频,点击
2632,1974,2025-08-18,直播,曝光
2633,247,2025-07-12,短视频,点击
2634,822,2025-08-02,直播,曝光
2635,389,2025-08-01,图文,分享
2636,393,2025-07-08,图文,曝光
2637,1586,2025-08-29,直播,点击
2638,238,2025-08-02,短视频,曝光
2639,249,2025-09-03,短视频,曝光
2640,741,2025-07-01,短视频,曝光
2641,618,2025-07-04,短视频,曝光
2642,1952,2025-09-14,直播,点击
2643,789,2025-07-30,短视频,曝光
2644,1098,2025-08-03,短视频,曝光
2645,207,2025-08-08,直播,曝光
2646,709,2025-08-31,直播,曝光
2647,413,2025-09-04,短视频,曝光
2648,730,2025-09-04,直播,曝光
2649,608,2025-09-19,短视频,曝光
2650,235,2025-08-21,直播,曝光
2651,1110,2025-07-24,图文,分享
2652,1035,2025-08-24,直播,曝光
2653,1038,2025-07-27,图文,曝光
2654,849,2025-08-09,短视频,曝光
2655,1050,2025-07-03,短视频,曝光
2656,1458,2025-08-07,直播,曝光
2657,523,2025-08-25,直播,曝光
2658,384,2025-07-29,短视频,曝光
2659,1356,2025-07-11,直播,曝光
2660,275,2025-07-07,短视频,分享
2661,703,2025-07-11,短视频,点击
2662,1163,2025-08-02,短视频,曝光
2663,1169,2025-09-30,短视频,曝光
2664,1485,2025-08-12,直播,曝光
2665,944,2025-09-22,直播,曝光
2666,996,2025-07-13,直播,曝光
2667,89,2025-09-28,短视频,曝光
2668,1581,2025-09-22,图文,曝光
2669,474,2025-07-09,短视频,曝光
2670,1683,2025-07-01,短视频,曝光
2671,1290,2025-08-29,直播,曝光
2672,1834,2025-07-21,直播,点击
2673,1751,2025-08-28,直播,曝光
2674,757,2025-09-01,短视频,点击
2675,788,2025-07-06,图文,曝光
2676,1809,2025-09-14,短视频,曝光
2677,1767,2025-09-18,短视频,分享
2678,1419,2025-08-13,直播,点击
2679,1848,2025-09-24,直播,曝光
2680,1250,2025-08-24,短视频,曝光
2681,50,2025-09-06,短视频,曝光
2682,1108,2025-07-26,直播,曝光
2683,741,2025-08-28,直播,曝光
2684,40,2025-09-26,直播,曝光
2685,1112,2025-09-10,短视频,加购
2686,1121,2025-08-29,短视频,加购
2687,1464,2025-08-07,图文,曝光
2688,1558,2025-07-13,短视频,曝光
2689,646,2025-08-01,短视频,曝光
2690,1977,2025-09-06,直播,曝光
2691,884,2025-08-18,短视频,曝光
2692,867,2025-07-12,短视频,曝光
2693,362,2025-07-22,短视频,曝光
2694,1981,2025-08-07,直播,点击
2695,789,2025-07-05,图文,曝光
2696,343,2025-08-15,图文,点击
2697,1693,2025-09-23,直播,分享
2698,1917,2025-09-05,短视频,曝光
2699,429,2025-09-25,图文,点击
2700,1180,2025-09-30,图文,分享
2701,1811,2025-07-05,短视频,曝光
2702,1326,2025-08-04,短视频,曝光
2703,874,2025-07-19,图文,曝光
2704,1148,2025-09-01,图文,分享
2705,204,2025-07-04,图文,曝光
2706,1966,2025-08-31,图文,曝光
2707,1027,2025-08-05,短视频,曝光
2708,89,2025-07-17,直播,曝光
2709,676,2025-07-20,短视频,曝光
2710,821,2025-08-29,直播,点击
2711,1990,2025-08-13,短视频,分享
2712,1751,2025-09-19,短视频,加购
2713,608,2025-09-29,直播,曝光
2714,335,2025-08-21,直播,加购
2715,86,2025-09-02,短视频,曝光
2716,1140,2025-08-14,图文,曝光
2717,891,2025-08-06,短视频,曝光
2718,1048,2025-08-29,直播,点击
2719,546,2025-07-02,图文,曝光
2720,1615,2025-09-13,图文,曝光
2721,1034,2025-09-01,直播,曝光
2722,1837,2025-07-21,短视频,曝光
2723,480,2025-07-01,短视频,曝光
2724,518,2025-07-16,直播,曝光
2725,1173,2025-09-03,短视频,曝光
2726,1387,2025-08-29,短视频,曝光
2727,591,2025-08-31,短视频,曝光
2728,1096,2025-07-04,短视频,曝光
2729,1022,2025-07-02,图文,曝光
2730,1326,2025-09-14,直播,曝光
2731,1273,2025-08-11,图文,曝光
2732,401,2025-07-28,短视频,加购
2733,228,2025-07-08,图文,曝光
2734,546,2025-07-11,图文,曝光
2735,253,2025-09-07,直播,曝光
2736,1100,2025-09-09,短视频,加购
2737,1025,2025-07-26,短视频,点击
2738,6,2025-07-21,图文,曝光
2739,1650,2025-07-28,直播,曝光
2740,1433,2025-08-06,短视频,曝光
2741,934,2025-09-17,短视频,曝光
2742,324,2025-08-08,图文,曝光
2743,322,2025-09-10,图文,曝光
2744,1863,2025-09-14,短视频,加购
2745,473,2025-08-24,直播,曝光
2746,1722,2025-07-25,图文,点击
2747,1327,2025-09-29,直播,曝光
2748,1247,2025-08-28,直播,点击
2749,1672,2025-09-02,图文,点击
2750,1783,2025-09-30,图文,曝光
2751,541,2025-08-26,直播,加购
2752,1975,2025-08-25,短视频,点击
2753,257,2025-09-15,图文,加购
2754,1550,2025-07-13,直播,曝光
2755,773,2025-09-27,短视频,曝光
2756,1254,2025-07-27,直播,曝光
2757,1671,2025-09-28,直播,曝光
2758,899,2025-08-19,图文,加购
2759,164,2025-09-19,短视频,曝光
2760,1628,2025-07-30,短视频,曝光
2761,264,2025-09-08,短视频,曝光
2762,1409,2025-08-17,图文,曝光
2763,881,2025-08-29,直播,曝光
2764,946,2025-08-19,短视频,曝光
2765,525,2025-09-29,短视频,曝光
2766,1001,2025-09-06,短视频,曝光
2767,375,2025-07-24,短视频,曝光
2768,458,2025-08-27,短视频,加购
2769,947,2025-08-03,直播,曝光
2770,1578,2025-09-03,直播,曝光
2771,1028,2025-08-14,短视频,曝光
2772,1757,2025-07-21,直播,曝光
2773,549,2025-07-21,直播,曝光
2774,33,2025-08-08,短视频,点击
2775,617,2025-08-14,短视频,点击
2776,224,2025-09-14,直播,曝光
2777,1047,2025-08-28,直播,分享
2778,1983,2025-09-08,短视频,曝光
2779,978,2025-07-14,直播,曝光
2780,357,2025-07-17,图文,曝光
2781,1168,2025-07-04,短视频,点击
2782,1474,2025-07-06,直播,曝光
2783,1742,2025-07-14,短视频,曝光
2784,962,2025-08-30,短视频,曝光
2785,849,2025-08-12,直播,曝光
2786,1043,2025-08-10,直播,曝光
2787,428,2025-09-07,图文,曝光
2788,217,2025-08-07,短视频,点击
2789,1544,2025-07-01,直播,点击
2790,276,2025-07-03,短视频,曝光
2791,1379,2025-07-17,图文,曝光
2792,1156,2025-08-05,直播,曝光
2793,943,2025-09-20,图文,曝光
2794,756,2025-07-17,直播,加购
2795,1968,2025-09-06,短视频,点击
2796,1595,2025-07-04,直播,曝光
2797,328,2025-07-11,图文,曝光
2798,1944,2025-08-06,短视频,曝光
2799,260,2025-08-28,短视频,点击
2800,1625,2025-09-14,直播,分享
2801,854,2025-09-07,直播,曝光
2802,812,2025-09-21,短视频,曝光
2803,1009,2025-08-09,短视频,曝光
2804,965,2025-07-22,短视频,曝光
2805,253,2025-08-08,直播,曝光
2806,314,2025-07-26,图文,分享
2807,1472,2025-08-02,直播,曝光
2808,1392,2025-07-10,短视频,曝光
2809,786,2025-09-09,短视频,曝光
2810,895,2025-09-22,图文,曝光
2811,767,2025-07-09,图文,曝光
2812,1715,2025-07-06,直播,点击
2813,139,2025-09-12,直播,曝光
2814,1305,2025-09-25,图文,曝光
2815,617,2025-07-02,直播,曝光
2816,342,2025-08-29,短视频,加购
2817,315,2025-08-08,短视频,曝光
2818,822,2025-09-11,短视频,点击
2819,291,2025-08-17,短视频,曝光
2820,1354,2025-07-21,短视频,曝光
2821,656,2025-07-27,短视频,点击
2822,1716,2025-08-25,直播,加购
2823,292,2025-07-24,直播,曝光
2824,702,2025-07-11,直播,曝光
2825,766,2025-08-18,直播,曝光
2826,1339,2025-08-30,图文,曝光
2827,593,2025-09-12,短视频,点击
2828,348,2025-08-25,图文,曝光
2829,812,2025-08-07,短视频,曝光
2830,1810,2025-09-14,直播,曝光
2831,1629,2025-08-12,直播,加购
2832,1151,2025-08-29,直播,点击
2833,1992,2025-09-21,图文,点击
2834,1538,2025-09-28,直播,曝光
2835,1532,2025-08-10,短视频,曝光
2836,794,2025-08-15,直播,曝光
2837,992,2025-09-19,短视频,曝光
2838,1882,2025-08-20,短视频,曝光
2839,1853,2025-09-08,短视频,曝光
2840,1441,2025-07-07,图文,加购
2841,195,2025-09-14,短视频,曝光
2842,308,2025-07-10,图文,曝光
2843,914,2025-08-05,图文,点击
2844,1101,2025-07-16,图文,曝光
2845,1248,2025-09-24,直播,曝光
2846,544,2025-07-11,图文,曝光
2847,1561,2025-08-20,短视频,点击
2848,1667,2025-07-13,直播,曝光
2849,418,2025-07-02,直播,曝光
2850,1566,2025-07-24,短视频,点击
2851,302,2025-07-08,直播,加购
2852,990,2025-07-26,直播,点击
2853,1756,2025-07-15,短视频,曝光
2854,604,2025-09-02,图文,点击
2855,1371,2025-07-16,短视频,点击
2856,1706,2025-08-14,直播,点击
2857,982,2025-07-01,图文,曝光
2858,1701,2025-09-24,图文,曝光
2859,1276,2025-08-10,直播,分享
2860,1011,2025-08-01,图文,点击
2861,237,2025-07-30,直播,加购
2862,1435,2025-07-06,短视频,曝光
2863,622,2025-07-24,直播,曝光
2864,572,2025-09-16,短视频,曝光
2865,1840,2025-08-05,直播,点击
2866,698,2025-09-16,短视频,曝光
2867,720,2025-07-17,短视频,曝光
2868,1889,2025-08-03,短视频,曝光
2869,580,2025-08-28,短视频,曝光
2870,1473,2025-07-07,直播,点击
2871,1041,2025-08-02,短视频,点击
2872,145,2025-09-20,图文,曝光
2873,1164,2025-08-15,短视频,曝光
2874,916,2025-09-24,短视频,点击
2875,1452,2025-07-14,短视频,分享
2876,792,2025-09-30,直播,曝光
2877,481,2025-09-19,短视频,点击
2878,462,2025-08-05,图文,曝光
2879,1057,2025-08-21,短视频,曝光
2880,1990,2025-07-12,短视频,加购
2881,902,2025-07-15,直播,曝光
2882,272,2025-08-04,短视频,曝光
2883,1645,2025-07-31,直播,曝光
2884,629,2025-08-23,短视频,曝光
2885,849,2025-09-22,直播,曝光
2886,1698,2025-07-04,短视频,曝光
2887,222,2025-09-16,直播,分享
2888,265,2025-07-26,短视频,曝光
2889,403,2025-08-29,图文,加购
2890,753,2025-09-25,短视频,曝光
2891,1716,2025-09-06,直播,曝光
2892,1269,2025-07-05,直播,曝光
2893,1552,2025-08-24,短视频,点击
2894,674,2025-07-14,直播,曝光
2895,826,2025-07-24,短视频,曝光
2896,818,2025-08-23,短视频,曝光
2897,228,2025-08-23,直播,曝光
2898,1101,2025-09-27,直播,曝光
2899,665,2025-07-27,短视频,加购
2900,1906,2025-09-25,直播,曝光
2901,1383,2025-08-10,短视频,曝光
2902,1742,2025-07-24,图文,曝光
2903,391,2025-08-27,直播,分享
2904,224,2025-08-26,短视频,点击
2905,874,2025-09-21,直播,点击
2906,1139,2025-09-27,短视频,加购
2907,1120,2025-08-31,图文,加购
2908,1307,2025-08-27,短视频,曝光
2909,1665,2025-07-27,短视频,加购
2910,652,2025-07-21,短视频,加购
2911,584,2025-08-24,短视频,加购
2912,529,2025-09-02,短视频,曝光
2913,727,2025-08-03,直播,曝光
2914,1196,2025-08-17,直播,曝光
2915,1606,2025-08-22,短视频,点击
2916,830,2025-08-15,短视频,曝光
2917,837,2025-07-05,短视频,点击
2918,1811,2025-08-14,直播,点击
2919,687,2025-07-20,直播,曝光
2920,328,2025-07-11,图文,曝光
2921,690,2025-08-13,短视频,曝光
2922,83,2025-09-11,直播,曝光
2923,732,2025-09-12,短视频,曝光
2924,1800,2025-08-01,图文,曝光
2925,1621,2025-08-22,直播,点击
2926,1793,2025-07-17,短视频,加购
2927,601,2025-07-26,直播,分享
2928,834,2025-08-10,图文,曝光
2929,1697,2025-08-05,短视频,分享
2930,1508,2025-08-29,短视频,曝光
2931,371,2025-09-07,短视频,加购
2932,1692,2025-08-20,短视频,曝光
2933,206,2025-07-03,短视频,加购
2934,510,2025-09-14,短视频,曝光
2935,1066,2025-08-11,短视频,点击
2936,1309,2025-09-16,直播,曝光
2937,1597,2025-07-26,图文,加购
2938,1475,2025-08-27,短视频,加购
2939,569,2025-07-23,图文,曝光
2940,715,2025-08-20,短视频,曝光
2941,1444,2025-09-15,短视频,曝光
2942,1892,2025-08-22,直播,曝光
2943,1736,2025-09-30,短视频,曝光
2944,1935,2025-08-06,短视频,分享
2945,1351,2025-07-12,短视频,点击
2946,974,2025-08-13,直播,曝光
2947,1534,2025-09-15,短视频,曝光
2948,152,2025-08-18,短视频,曝光
2949,1873,2025-08-26,短视频,曝光
2950,1838,2025-09-12,直播,点击
2951,1010,2025-07-25,图文,曝光
2952,1046,2025-09-07,短视频,曝光
2953,1060,2025-09-26,直播,加购
2954,278,2025-07-18,直播,曝光
2955,412,2025-07-18,短视频,分享
2956,1465,2025-09-28,直播,曝光
2957,66,2025-09-28,短视频,分享
2958,1375,2025-09-27,短视频,分享
2959,611,2025-09-17,短视频,曝光
2960,280,2025-07-26,图文,加购
2961,1193,2025-08-21,短视频,加购
2962,550,2025-09-30,图文,加购
2963,895,2025-09-03,短视频,曝光
2964,1729,2025-08-18,短视频,加购
2965,1396,2025-08-25,直播,曝光
2966,1940,2025-07-21,直播,曝光
2967,795,2025-08-02,短视频,加购
2968,811,2025-09-05,直播,分享
2969,1375,2025-09-27,图文,加购
2970,270,2025-07-05,图文,曝光
2971,1715,2025-08-08,图文,分享
2972,704,2025-09-02,图文,点击
2973,940,2025-08-12,短视频,分享
2974,1016,2025-09-15,短视频,点击
2975,134,2025-08-29,短视频,曝光
2976,601,2025-08-02,短视频,点击
2977,280,2025-09-09,图文,曝光
2978,1223,2025-07-31,短视频,曝光
2979,1413,2025-08-07,短视频,曝光
2980,16,2025-07-26,图文,曝光
2981,17,2025-09-30,短视频,曝光
2982,1633,2025-08-07,短视频,曝光
2983,670,2025-09-26,短视频,曝光
2984,1690,2025-08-22,图文,曝光
2985,1317,2025-07-12,短视频,曝光
2986,1568,2025-09-09,短视频,点击
2987,769,2025-07-18,短视频,曝光
2988,607,2025-09-20,直播,曝光
2989,1446,2025-09-27,直播,曝光
2990,1265,2025-08-20,短视频,曝光
2991,1141,2025-08-06,直播,分享
2992,731,2025-08-13,短视频,点击
2993,1228,2025-09-10,短视频,曝光
2994,779,2025-08-04,短视频,曝光
2995,1781,2025-07-05,短视频,曝光
2996,1419,2025-08-24,短视频,曝光
2997,795,2025-09-07,图文,曝光
2998,1688,2025-07-14,短视频,曝光
2999,143,2025-08-03,直播,加购
3000,1662,2025-08-12,图文,曝光
3001,830,2025-08-26,直播,曝光
3002,463,2025-08-16,图文,曝光
3003,1661,2025-09-08,短视频,曝光
3004,1317,2025-08-27,直播,曝光
3005,149,2025-09-04,直播,点击
3006,535,2025-07-07,短视频,曝光
3007,903,2025-09-23,短视频,点击
3008,1257,2025-08-09,直播,点击
3009,1613,2025-08-08,短视频,曝光
3010,735,2025-09-09,直播,曝光
3011,1618,2025-08-08,直播,曝光
3012,1580,2025-09-11,短视频,点击
3013,757,2025-09-14,短视频,加购
3014,1875,2025-08-19,图文,点击
3015,1889,2025-08-22,图文,点击
3016,580,2025-09-19,短视频,曝光
3017,1114,2025-09-07,短视频,点击
3018,1738,2025-09-08,短视频,分享
3019,1078,2025-09-03,直播,曝光
3020,1481,2025-09-12,短视频,曝光
3021,1599,2025-09-09,短视频,点击
3022,1133,2025-09-11,短视频,点击
3023,720,2025-08-07,短视频,曝光
3024,1050,2025-09-06,短视频,曝光
3025,1665,2025-08-17,短视频,曝光
3026,639,2025-09-17,短视频,曝光
3027,1689,2025-08-15,短视频,加购
3028,407,2025-07-09,短视频,点击
3029,925,2025-09-13,图文,曝光
3030,167,2025-08-16,短视频,曝光
3031,1709,2025-07-04,图文,曝光
3032,1425,2025-09-14,直播,点击
3033,237,2025-07-05,直播,曝光
3034,445,2025-07-11,短视频,加购
3035,1056,2025-09-04,图文,点击
3036,991,2025-07-15,短视频,曝光
3037,226,2025-07-25,短视频,点击
3038,1780,2025-08-06,短视频,加购
3039,922,2025-09-28,短视频,曝光
3040,1343,2025-08-21,短视频,曝光
3041,1506,2025-09-28,图文,点击
3042,339,2025-09-05,直播,曝光
3043,667,2025-07-27,图文,曝光
3044,1469,2025-08-21,直播,点击
3045,1548,2025-07-31,短视频,点击
3046,430,2025-07-20,直播,加购
3047,640,2025-08-19,短视频,点击
3048,1560,2025-09-17,图文,曝光
3049,688,2025-09-11,直播,加购
3050,156,2025-07-25,短视频,点击
3051,996,2025-07-24,直播,曝光
3052,284,2025-09-17,直播,曝光
3053,1188,2025-08-28,图文,曝光
3054,1869,2025-08-15,直播,分享
3055,202,2025-09-14,直播,曝光
3056,561,2025-07-04,短视频,曝光
3057,1133,2025-09-08,短视频,曝光
3058,302,2025-08-14,短视频,曝光
3059,1070,2025-08-14,直播,加购
3060,430,2025-08-30,图文,点击
3061,1272,2025-07-21,直播,点击
3062,723,2025-09-19,图文,点击
3063,1852,2025-07-08,直播,点击
3064,1676,2025-08-23,直播,点击
3065,1988,2025-08-13,短视频,曝光
3066,306,2025-09-30,直播,曝光
3067,1897,2025-08-29,短视频,曝光
3068,32,2025-08-05,直播,曝光
3069,439,2025-08-08,直播,曝光
3070,1730,2025-07-23,直播,加购
3071,1725,2025-07-05,图文,曝光
3072,600,2025-08-10,短视频,曝光
3073,1684,2025-07-02,短视频,曝光
3074,154,2025-08-30,直播,点击
3075,673,2025-09-21,短视频,曝光
3076,56,2025-07-09,短视频,加购
3077,1035,2025-09-28,短视频,点击
3078,1800,2025-07-09,图文,曝光
3079,1227,2025-08-13,短视频,曝光
3080,1047,2025-08-27,图文,曝光
3081,397,2025-08-28,短视频,曝光
3082,1221,2025-08-05,直播,曝光
3083,649,2025-07-05,直播,曝光
3084,1233,2025-09-11,短视频,点击
3085,262,2025-08-12,短视频,曝光
3086,1045,2025-07-25,直播,曝光
3087,996,2025-08-11,短视频,曝光
3088,1539,2025-08-09,短视频,分享
3089,1819,2025-08-24,直播,曝光
3090,1813,2025-08-17,直播,点击
3091,684,2025-08-25,图文,点击
3092,1283,2025-09-25,短视频,曝光
3093,1307,2025-09-23,短视频,曝光
3094,1688,2025-07-01,直播,曝光
3095,1615,2025-08-29,直播,曝光
3096,20,2025-07-20,短视频,曝光
3097,1602,2025-07-07,短视频,曝光
3098,961,2025-07-09,短视频,点击
3099,1901,2025-08-28,短视频,加购
3100,1209,2025-09-30,短视频,曝光
3101,774,2025-09-10,短视频,曝光
3102,403,2025-07-13,短视频,曝光
3103,1899,2025-07-20,直播,曝光
3104,321,2025-09-14,短视频,曝光
3105,181,2025-08-25,直播,曝光
3106,273,2025-08-17,图文,曝光
3107,1104,2025-07-17,短视频,曝光
3108,570,2025-09-10,短视频,点击
3109,1162,2025-09-15,短视频,曝光
3110,1647,2025-07-28,短视频,分享
3111,583,2025-09-30,短视频,加购
3112,56,2025-08-13,图文,点击
3113,719,2025-07-04,短视频,加购
3114,1205,2025-09-28,短视频,曝光
3115,1457,2025-07-18,短视频,点击
3116,137,2025-07-09,短视频,曝光
3117,1757,2025-08-11,短视频,加购
3118,1187,2025-08-27,图文,曝光
3119,964,2025-08-27,短视频,点击
3120,505,2025-09-27,直播,曝光
3121,1918,2025-08-12,短视频,点击
3122,315,2025-07-12,直播,曝光
3123,898,2025-08-11,图文,分享
3124,932,2025-09-16,短视频,分享
3125,1094,2025-07-02,短视频,曝光
3126,463,2025-07-26,直播,加购
3127,1888,2025-09-01,短视频,曝光
3128,757,2025-07-19,短视频,曝光
3129,1425,2025-08-14,短视频,加购
3130,1267,2025-07-16,短视频,点击
3131,406,2025-07-12,短视频,曝光
3132,1873,2025-09-06,直播,曝光
3133,921,2025-09-10,短视频,曝光
3134,1236,2025-07-04,直播,曝光
3135,1292,2025-08-19,短视频,曝光
3136,1015,2025-08-08,短视频,点击
3137,1277,2025-08-03,短视频,曝光
3138,1115,2025-09-03,直播,曝光
3139,1482,2025-08-28,短视频,曝光
3140,945,2025-07-13,直播,曝光
3141,1625,2025-09-28,直播,曝光
3142,1126,2025-07-21,短视频,曝光
3143,1998,2025-08-20,短视频,点击
3144,1141,2025-07-15,图文,曝光
3145,1181,2025-08-25,短视频,分享
3146,985,2025-07-03,直播,点击
3147,795,2025-07-25,直播,曝光
3148,1577,2025-08-11,直播,曝光
3149,1270,2025-07-10,直播,曝光
3150,782,2025-08-15,短视频,分享
3151,1614,2025-08-23,直播,曝光
3152,218,2025-09-26,图文,曝光
3153,125,2025-08-04,直播,曝光
3154,1287,2025-09-05,短视频,曝光
3155,917,2025-07-25,直播,分享
3156,1593,2025-09-28,直播,曝光
3157,1329,2025-09-27,短视频,曝光
3158,1561,2025-09-08,短视频,曝光
3159,531,2025-07-20,直播,点击
3160,505,2025-09-29,直播,加购
3161,503,2025-08-06,直播,点击
3162,1295,2025-07-23,图文,点击
3163,1349,2025-08-06,图文,曝光
3164,1998,2025-07-16,图文,曝光
3165,434,2025-08-02,图文,曝光
3166,210,2025-08-06,短视频,曝光
3167,1917,2025-09-30,短视频,曝光
3168,1046,2025-08-15,短视频,点击
3169,734,2025-09-07,直播,曝光
3170,611,2025-09-14,直播,曝光
3171,1768,2025-09-25,图文,曝光
3172,1583,2025-08-19,直播,分享
3173,350,2025-08-23,直播,曝光
3174,650,2025-09-26,图文,点击
3175,1741,2025-09-01,直播,分享
3176,1468,2025-07-27,短视频,曝光
3177,1631,2025-08-24,短视频,曝光
3178,321,2025-08-23,图文,曝光
3179,1159,2025-08-23,直播,曝光
3180,134,2025-08-29,短视频,曝光
3181,901,2025-08-09,短视频,曝光
3182,209,2025-07-15,直播,曝光
3183,537,2025-08-03,直播,分享
3184,521,2025-09-11,图文,点击
3185,378,2025-09-30,短视频,曝光
3186,1700,2025-08-28,图文,点击
3187,743,2025-09-10,图文,曝光
3188,301,2025-07-18,直播,曝光
3189,1977,2025-09-11,直播,曝光
3190,67,2025-08-08,短视频,曝光
3191,297,2025-09-03,短视频,曝光
3192,1707,2025-08-28,短视频,加购
3193,903,2025-09-08,短视频,曝光
3194,750,2025-09-06,短视频,曝光
3195,611,2025-08-29,直播,曝光
3196,1178,2025-08-08,短视频,曝光
3197,718,2025-09-13,图文,分享
3198,168,2025-09-05,图文,曝光
3199,1928,2025-07-13,短视频,点击
3200,1815,2025-07-24,图文,曝光
3201,353,2025-07-25,短视频,曝光
3202,1009,2025-07-29,图文,曝光
3203,908,2025-09-03,直播,加购
3204,180,2025-07-02,短视频,曝光
3205,798,2025-07-24,直播,曝光
3206,1268,2025-08-14,直播,曝光
3207,209,2025-07-17,图文,曝光
3208,732,2025-07-18,直播,曝光
3209,503,2025-08-09,直播,曝光
3210,707,2025-08-25,直播,点击
3211,1260,2025-07-31,图文,分享
3212,817,2025-09-27,直播,曝光
3213,1536,2025-08-08,直播,分享
3214,1017,2025-09-30,短视频,曝光
3215,1384,2025-08-21,图文,曝光
3216,1239,2025-08-04,图文,曝光
3217,1634,2025-07-11,直播,曝光
3218,293,2025-09-06,图文,曝光
3219,1982,2025-08-19,直播,加购
3220,1509,2025-09-27,直播,曝光
3221,397,2025-09-27,图文,曝光
3222,55,2025-08-18,短视频,曝光
3223,52,2025-07-23,直播,曝光
3224,1399,2025-07-31,图文,曝光
3225,846,2025-07-07,图文,曝光
3226,367,2025-07-15,直播,曝光
3227,636,2025-08-07,短视频,曝光
3228,894,2025-07-17,直播,曝光
3229,83,2025-09-17,短视频,加购
3230,1124,2025-09-17,直播,曝光
3231,73,2025-07-17,直播,曝光
3232,1295,2025-07-24,图文,曝光
3233,123,2025-09-15,短视频,加购
3234,1583,2025-07-25,直播,曝光
3235,507,2025-07-24,直播,曝光
3236,1033,2025-09-07,直播,曝光
3237,772,2025-08-06,直播,点击
3238,1761,2025-09-15,短视频,曝光
3239,1589,2025-08-18,直播,曝光
3240,1911,2025-07-20,短视频,曝光
3241,1431,2025-07-15,图文,曝光
3242,1953,2025-09-02,短视频,曝光
3243,451,2025-08-11,图文,点击
3244,640,2025-08-11,短视频,点击
3245,1620,2025-09-01,短视频,点击
3246,65,2025-07-26,直播,曝光
3247,358,2025-09-30,短视频,曝光
3248,1432,2025-08-17,直播,曝光
3249,800,2025-09-18,直播,曝光
3250,504,2025-09-10,短视频,分享
3251,607,2025-08-25,直播,曝光
3252,1536,2025-07-10,短视频,曝光
3253,961,2025-09-06,直播,曝光
3254,11,2025-07-07,直播,曝光
3255,1034,2025-09-06,直播,加购
3256,1555,2025-09-22,短视频,曝光
3257,333,2025-08-18,直播,曝光
3258,141,2025-09-27,短视频,点击
3259,1256,2025-08-27,短视频,加购
3260,1759,2025-08-18,短视频,曝光
3261,142,2025-08-18,短视频,曝光
3262,1303,2025-07-14,图文,曝光
3263,1558,2025-07-07,直播,曝光
3264,324,2025-07-08,短视频,曝光
3265,521,2025-09-21,图文,曝光
3266,1016,2025-07-15,直播,曝光
3267,1222,2025-08-28,直播,曝光
3268,1011,2025-07-27,图文,曝光
3269,368,2025-08-05,直播,加购
3270,1759,2025-09-01,直播,曝光
3271,842,2025-09-19,直播,曝光
3272,1065,2025-07-11,短视频,点击
3273,1072,2025-08-18,直播,分享
3274,1101,2025-07-13,短视频,曝光
3275,580,2025-07-19,短视频,曝光
3276,638,2025-09-04,短视频,点击
3277,278,2025-07-03,短视频,加购
3278,1458,2025-07-24,短视频,曝光
3279,628,2025-08-21,图文,点击
3280,101,2025-07-20,短视频,加购
3281,94,2025-08-05,图文,曝光
3282,1936,2025-08-23,直播,曝光
3283,856,2025-09-21,短视频,曝光
3284,1213,2025-07-08,短视频,曝光
3285,1069,2025-08-16,直播,曝光
3286,1692,2025-08-27,短视频,曝光
3287,1776,2025-08-14,直播,点击
3288,1563,2025-07-02,短视频,曝光
3289,1965,2025-09-09,短视频,加购
3290,437,2025-07-22,直播,曝光
3291,899,2025-07-10,短视频,曝光
3292,579,2025-08-11,短视频,曝光
3293,1666,2025-07-18,短视频,曝光
3294,557,2025-08-28,短视频,曝光
3295,1589,2025-08-19,直播,点击
3296,452,2025-07-19,直播,曝光
3297,1386,2025-09-23,图文,曝光
3298,32,2025-09-19,直播,曝光
3299,1578,2025-07-29,图文,曝光
3300,1654,2025-09-23,短视频,曝光
3301,1127,2025-07-30,直播,曝光
3302,1076,2025-08-14,图文,曝光
3303,919,2025-08-22,图文,曝光
3304,1183,2025-07-26,图文,加购
3305,1131,2025-08-25,短视频,曝光
3306,984,2025-07-11,短视频,曝光
3307,1042,2025-08-25,短视频,曝光
3308,249,2025-09-25,短视频,加购
3309,932,2025-07-30,短视频,曝光
3310,873,2025-07-13,短视频,曝光
3311,1791,2025-08-23,短视频,加购
3312,588,2025-07-28,短视频,曝光
3313,1937,2025-09-07,直播,曝光
3314,1785,2025-07-31,图文,曝光
3315,1567,2025-07-06,短视频,曝光
3316,1403,2025-07-25,图文,加购
3317,634,2025-09-15,图文,曝光
3318,326,2025-07-01,短视频,曝光
3319,1580,2025-09-20,图文,曝光
3320,1404,2025-07-20,短视频,曝光
3321,1664,2025-07-26,短视频,曝光
3322,1097,2025-09-07,短视频,加购
3323,1797,2025-09-24,直播,曝光
3324,164,2025-07-19,短视频,分享
3325,220,2025-09-22,短视频,曝光
3326,140,2025-09-09,直播,曝光
3327,644,2025-07-03,图文,曝光
3328,295,2025-08-08,直播,曝光
3329,82,2025-07-24,短视频,曝光
3330,1621,2025-07-08,图文,曝光
3331,313,2025-09-23,短视频,分享
3332,1660,2025-09-15,图文,分享
3333,1286,2025-09-19,短视频,曝光
3334,1217,2025-08-28,图文,点击
3335,234,2025-09-06,短视频,点击
3336,32,2025-08-26,短视频,曝光
3337,280,2025-07-05,图文,点击
3338,635,2025-07-14,直播,加购
3339,1913,2025-09-20,直播,曝光
3340,802,2025-08-27,直播,点击
3341,467,2025-07-30,直播,曝光
3342,569,2025-09-12,短视频,曝光
3343,670,2025-08-18,短视频,曝光
3344,1163,2025-09-30,直播,曝光
3345,1613,2025-08-15,短视频,加购
3346,125,2025-08-31,短视频,加购
3347,1550,2025-09-29,短视频,分享
3348,40,2025-08-09,直播,曝光
3349,644,2025-09-24,短视频,曝光
3350,1176,2025-09-14,短视频,点击
3351,210,2025-07-04,短视频,曝光
3352,530,2025-07-05,直播,加购
3353,1278,2025-07-09,短视频,点击
3354,1374,2025-08-08,短视频,曝光
3355,166,2025-09-13,直播,曝光
3356,1556,2025-09-06,短视频,曝光
3357,817,2025-09-06,图文,加购
3358,1223,2025-08-03,图文,曝光
3359,426,2025-07-05,短视频,曝光
3360,1980,2025-07-06,短视频,曝光
3361,1523,2025-07-13,短视频,曝光
3362,1286,2025-07-11,直播,曝光
3363,372,2025-09-26,短视频,加购
3364,1546,2025-07-16,短视频,曝光
3365,755,2025-07-30,直播,曝光
3366,1283,2025-09-15,直播,曝光
3367,1301,2025-07-20,短视频,曝光
3368,1611,2025-09-05,短视频,点击
3369,1673,2025-08-12,直播,点击
3370,782,2025-09-09,直播,曝光
3371,163,2025-07-28,短视频,曝光
3372,869,2025-09-22,图文,点击
3373,801,2025-09-06,短视频,加购
3374,671,2025-07-28,直播,分享
3375,978,2025-08-31,直播,曝光
3376,1153,2025-09-07,直播,曝光
3377,1247,2025-09-29,图文,曝光
3378,750,2025-08-03,短视频,加购
3379,1233,2025-09-28,图文,曝光
3380,1976,2025-09-11,短视频,加购
3381,1302,2025-08-10,短视频,曝光
3382,1207,2025-09-03,图文,曝光
3383,572,2025-08-21,短视频,曝光
3384,672,2025-09-30,直播,分享
3385,104,2025-07-06,直播,加购
3386,1017,2025-09-08,直播,曝光
3387,149,2025-09-15,短视频,曝光
3388,1562,2025-07-01,短视频,曝光
3389,1915,2025-08-16,图文,曝光
3390,1613,2025-09-03,短视频,曝光
3391,314,2025-09-17,直播,曝光
3392,1275,2025-07-10,短视频,点击
3393,862,2025-07-26,短视频,曝光
3394,5,2025-08-20,短视频,分享
3395,1434,2025-08-29,短视频,曝光
3396,1738,2025-07-15,图文,曝光
3397,924,2025-09-14,短视频,曝光
3398,1820,2025-08-15,直播,点击
3399,112,2025-08-06,直播,加购
3400,1744,2025-09-11,图文,点击
3401,1363,2025-08-17,短视频,曝光
3402,1343,2025-07-27,直播,加购
3403,1007,2025-08-10,短视频,曝光
3404,55,2025-07-15,图文,曝光
3405,905,2025-09-16,图文,曝光
3406,1902,2025-07-29,图文,分享
3407,925,2025-08-02,短视频,分享
3408,136,2025-07-16,短视频,加购
3409,989,2025-08-04,图文,点击
3410,299,2025-07-17,直播,曝光
3411,843,2025-07-05,短视频,点击
3412,1256,2025-09-03,短视频,曝光
3413,134,2025-08-04,短视频,曝光
3414,924,2025-09-03,直播,加购
3415,1012,2025-07-21,直播,曝光
3416,1510,2025-08-18,图文,曝光
3417,136,2025-07-20,直播,曝光
3418,1267,2025-07-24,图文,曝光
3419,1244,2025-09-28,短视频,分享
3420,9,2025-08-18,直播,点击
3421,240,2025-07-01,图文,曝光
3422,1286,2025-09-26,直播,点击
3423,1721,2025-09-14,直播,曝光
3424,1717,2025-08-05,短视频,曝光
3425,1538,2025-07-23,短视频,曝光
3426,1705,2025-08-08,直播,曝光
3427,1214,2025-09-10,短视频,曝光
3428,315,2025-08-15,图文,曝光
3429,1063,2025-07-17,直播,点击
3430,695,2025-07-17,直播,曝光
3431,511,2025-09-30,直播,曝光
3432,240,2025-07-23,直播,曝光
3433,40,2025-08-23,直播,曝光
3434,1503,2025-09-02,直播,点击
3435,341,2025-07-15,短视频,曝光
3436,1256,2025-07-15,短视频,曝光
3437,606,2025-07-29,图文,曝光
3438,969,2025-08-25,短视频,点击
3439,795,2025-09-16,短视频,点击
3440,600,2025-08-05,图文,曝光
3441,962,2025-07-27,短视频,分享
3442,1575,2025-07-29,图文,点击
3443,1009,2025-09-10,短视频,加购
3444,1583,2025-08-20,短视频,点击
3445,1822,2025-08-26,直播,点击
3446,983,2025-07-21,直播,点击
3447,1606,2025-08-29,图文,分享
3448,249,2025-07-29,直播,曝光
3449,1132,2025-09-20,直播,曝光
3450,931,2025-08-18,图文,分享
3451,12,2025-07-15,直播,分享
3452,1793,2025-08-30,短视频,加购
3453,1484,2025-07-03,短视频,曝光
3454,1169,2025-09-15,短视频,曝光
3455,1392,2025-08-07,直播,曝光
3456,1509,2025-09-14,图文,曝光
3457,1556,2025-09-25,直播,曝光
3458,590,2025-08-15,直播,曝光
3459,836,2025-07-11,短视频,曝光
3460,687,2025-07-07,直播,曝光
3461,1823,2025-07-30,直播,加购
3462,235,2025-07-18,直播,曝光
3463,1815,2025-09-04,短视频,曝光
3464,686,2025-07-01,短视频,曝光
3465,1558,2025-09-04,直播,曝光
3466,340,2025-07-18,短视频,曝光
3467,1687,2025-07-12,直播,曝光
3468,1078,2025-07-03,短视频,曝光
3469,1970,2025-09-13,短视频,曝光
3470,788,2025-09-04,短视频,曝光
3471,1990,2025-09-21,短视频,曝光
3472,1672,2025-08-20,短视频,点击
3473,17,2025-08-24,短视频,点击
3474,766,2025-07-04,直播,曝光
3475,812,2025-07-02,直播,曝光
3476,425,2025-08-26,直播,曝光
3477,1757,2025-08-17,直播,曝光
3478,169,2025-09-13,短视频,曝光
3479,518,2025-08-20,短视频,曝光
3480,506,2025-07-03,短视频,曝光
3481,837,2025-08-29,短视频,曝光
3482,1395,2025-07-12,短视频,曝光
3483,14,2025-09-20,图文,分享
3484,1253,2025-08-13,短视频,点击
3485,810,2025-08-10,短视频,曝光
3486,1240,2025-07-04,图文,点击
3487,124,2025-07-29,直播,曝光
3488,1717,2025-07-02,图文,曝光
3489,1155,2025-07-11,短视频,曝光
3490,506,2025-08-23,直播,曝光
3491,1580,2025-08-14,图文,曝光
3492,942,2025-08-21,图文,点击
3493,781,2025-09-13,短视频,加购
3494,337,2025-09-13,直播,分享
3495,982,2025-09-20,短视频,点击
3496,438,2025-07-08,直播,曝光
3497,1468,2025-07-07,短视频,点击
3498,742,2025-09-21,短视频,曝光
3499,237,2025-09-19,短视频,曝光
3500,1415,2025-07-02,短视频,曝光
3501,1691,2025-07-03,图文,点击
3502,1668,2025-07-28,短视频,曝光
3503,970,2025-08-20,图文,加购
3504,615,2025-07-05,短视频,分享
3505,443,2025-08-11,直播,加购
3506,796,2025-07-23,短视频,曝光
3507,203,2025-09-23,短视频,加购
3508,1776,2025-09-13,图文,曝光
3509,499,2025-08-18,短视频,曝光
3510,1561,2025-07-12,短视频,曝光
3511,771,2025-07-25,图文,曝光
3512,1381,2025-07-19,短视频,曝光
3513,1822,2025-09-18,图文,点击
3514,815,2025-08-26,短视频,曝光
3515,1930,2025-08-01,短视频,加购
3516,683,2025-07-02,直播,曝光
3517,510,2025-09-15,短视频,分享
3518,1447,2025-08-25,直播,曝光
3519,282,2025-07-23,图文,曝光
3520,187,2025-09-21,短视频,曝光
3521,737,2025-09-08,直播,曝光
3522,1087,2025-07-07,短视频,曝光
3523,937,2025-07-01,直播,点击
3524,122,2025-07-01,直播,曝光
3525,1097,2025-07-25,直播,曝光
3526,1247,2025-08-07,短视频,点击
3527,570,2025-09-24,直播,曝光
3528,1137,2025-09-17,直播,点击
3529,710,2025-09-30,短视频,曝光
3530,120,2025-09-25,短视频,点击
3531,1489,2025-07-01,短视频,曝光
3532,840,2025-09-12,短视频,曝光
3533,1968,2025-09-23,短视频,点击
3534,385,2025-08-29,短视频,曝光
3535,16,2025-09-27,短视频,曝光
3536,1597,2025-08-09,短视频,点击
3537,1725,2025-09-11,直播,分享
3538,1827,2025-09-11,短视频,曝光
3539,1980,2025-07-21,短视频,点击
3540,630,2025-09-08,直播,加购
3541,1358,2025-08-13,直播,分享
3542,59,2025-07-17,短视频,曝光
3543,835,2025-07-10,图文,曝光
3544,1796,2025-09-04,短视频,曝光
3545,1269,2025-09-13,直播,点击
3546,1690,2025-09-11,图文,曝光
3547,1893,2025-09-28,短视频,曝光
3548,1594,2025-09-21,图文,加购
3549,1375,2025-07-18,直播,加购
3550,713,2025-09-06,短视频,曝光
3551,1064,2025-07-21,短视频,曝光
3552,160,2025-09-06,图文,曝光
3553,1155,2025-08-09,图文,曝光
3554,1950,2025-09-21,直播,加购
3555,296,2025-07-12,短视频,曝光
3556,987,2025-07-18,直播,曝光
3557,1799,2025-08-27,短视频,加购
3558,714,2025-08-20,短视频,点击
3559,1179,2025-09-18,图文,加购
3560,1555,2025-09-21,短视频,点击
3561,1577,2025-07-25,直播,曝光
3562,1342,2025-08-28,短视频,曝光
3563,126,2025-09-08,直播,曝光
3564,84,2025-09-24,短视频,加购
3565,1510,2025-08-02,短视频,点击
3566,1917,2025-07-05,直播,曝光
3567,536,2025-08-02,图文,点击
3568,1113,2025-07-20,图文,曝光
3569,143,2025-07-05,短视频,曝光
3570,377,2025-07-21,直播,加购
3571,970,2025-07-18,短视频,曝光
3572,32,2025-07-08,短视频,曝光
3573,1178,2025-09-09,直播,曝光
3574,1105,2025-08-27,短视频,曝光
3575,186,2025-07-15,短视频,加购
3576,1189,2025-08-06,短视频,曝光
3577,911,2025-09-16,直播,曝光
3578,200,2025-07-23,图文,点击
3579,438,2025-07-22,图文,曝光
3580,1090,2025-09-05,图文,曝光
3581,1622,2025-08-06,直播,点击
3582,864,2025-09-01,短视频,点击
3583,1265,2025-07-18,图文,曝光
3584,876,2025-07-04,短视频,曝光
3585,1723,2025-08-19,直播,曝光
3586,1951,2025-08-10,图文,加购
3587,846,2025-09-16,直播,曝光
3588,592,2025-09-05,直播,分享
3589,1152,2025-08-01,直播,点击
3590,1769,2025-07-10,图文,加购
3591,1199,2025-08-19,短视频,点击
3592,690,2025-09-12,短视频,曝光
3593,1553,2025-07-28,图文,曝光
3594,360,2025-08-26,图文,曝光
3595,546,2025-07-04,直播,曝光
3596,305,2025-09-05,短视频,曝光
3597,1826,2025-09-15,图文,曝光
3598,1882,2025-07-24,图文,分享
3599,1918,2025-08-31,短视频,曝光
3600,47,2025-09-07,直播,曝光
3601,1799,2025-07-22,图文,曝光
3602,439,2025-07-16,短视频,加购
3603,1905,2025-08-05,短视频,点击
3604,681,2025-09-18,图文,点击
3605,613,2025-08-03,直播,曝光
3606,1314,2025-07-19,直播,曝光
3607,1581,2025-07-27,直播,曝光
3608,752,2025-07-25,短视频,曝光
3609,1649,2025-08-18,图文,加购
3610,41,2025-08-31,直播,曝光
3611,1798,2025-07-26,直播,曝光
3612,1034,2025-07-31,直播,曝光
3613,1074,2025-08-14,直播,分享
3614,1769,2025-07-29,直播,分享
3615,110,2025-08-11,短视频,曝光
3616,1774,2025-07-06,短视频,加购
3617,407,2025-08-05,直播,点击
3618,1984,2025-09-14,短视频,曝光
3619,1439,2025-08-10,图文,分享
3620,685,2025-08-12,直播,曝光
3621,133,2025-08-25,直播,曝光
3622,245,2025-08-06,短视频,分享
3623,244,2025-08-08,短视频,曝光
3624,140,2025-07-23,图文,曝光
3625,1232,2025-09-08,短视频,加购
3626,1735,2025-08-21,直播,分享
3627,1600,2025-07-02,短视频,加购
3628,1497,2025-08-21,图文,加购
3629,1961,2025-08-03,直播,曝光
3630,1256,2025-07-01,图文,分享
3631,190,2025-08-16,图文,曝光
3632,994,2025-07-08,短视频,曝光
3633,1517,2025-07-18,直播,曝光
3634,915,2025-08-26,短视频,点击
3635,615,2025-08-17,直播,曝光
3636,988,2025-07-27,短视频,曝光
3637,1563,2025-09-18,短视频,曝光
3638,728,2025-09-29,直播,曝光
3639,707,2025-07-09,短视频,曝光
3640,950,2025-07-23,短视频,曝光
3641,839,2025-07-01,直播,曝光
3642,421,2025-07-14,短视频,曝光
3643,560,2025-08-03,图文,曝光
3644,236,2025-07-05,短视频,曝光
3645,1504,2025-09-23,短视频,点击
3646,423,2025-09-02,短视频,曝光
3647,1958,2025-07-08,图文,曝光
3648,1942,2025-07-27,直播,曝光
3649,1345,2025-09-04,短视频,曝光
3650,1982,2025-07-26,短视频,曝光
3651,1728,2025-08-13,直播,加购
3652,1504,2025-07-11,图文,曝光
3653,712,2025-09-18,短视频,加购
3654,1675,2025-07-05,图文,曝光
3655,682,2025-07-09,直播,曝光
3656,208,2025-07-22,直播,分享
3657,1132,2025-08-03,短视频,曝光
3658,247,2025-08-06,短视频,加购
3659,185,2025-09-02,短视频,曝光
3660,186,2025-08-30,直播,点击
3661,1823,2025-07-01,短视频,点击
3662,127,2025-07-10,短视频,曝光
3663,790,2025-07-30,短视频,曝光
3664,1495,2025-08-03,图文,点击
3665,1605,2025-09-10,短视频,点击
3666,113,2025-09-30,短视频,曝光
3667,1788,2025-07-24,短视频,点击
3668,1899,2025-09-01,短视频,曝光
3669,1940,2025-07-26,直播,点击
3670,1309,2025-09-30,直播,曝光
3671,1025,2025-08-27,直播,曝光
3672,342,2025-07-08,直播,曝光
3673,248,2025-07-09,短视频,曝光
3674,1636,2025-08-07,短视频,分享
3675,1701,2025-08-10,直播,点击
3676,1648,2025-07-22,短视频,曝光
3677,1237,2025-07-08,短视频,加购
3678,1128,2025-09-25,短视频,曝光
3679,388,2025-09-02,短视频,曝光
3680,182,2025-09-22,短视频,曝光
3681,402,2025-07-27,图文,曝光
3682,802,2025-08-22,短视频,曝光
3683,603,2025-08-28,图文,分享
3684,1098,2025-07-29,短视频,曝光
3685,1564,2025-08-29,短视频,曝光
3686,1488,2025-08-20,直播,曝光
3687,1657,2025-09-17,短视频,点击
3688,598,2025-09-19,图文,分享
3689,1872,2025-09-24,直播,分享
3690,1747,2025-08-22,图文,曝光
3691,698,2025-07-06,短视频,曝光
3692,502,2025-09-09,短视频,曝光
3693,1776,2025-08-07,图文,分享
3694,1997,2025-09-02,短视频,曝光
3695,931,2025-08-31,短视频,点击
3696,231,2025-07-09,直播,曝光
3697,1213,2025-07-18,短视频,曝光
3698,1666,2025-09-08,直播,曝光
3699,938,2025-08-21,图文,曝光
3700,265,2025-07-20,直播,曝光
3701,1472,2025-09-17,短视频,点击
3702,1519,2025-09-19,图文,分享
3703,1750,2025-07-21,图文,曝光
3704,1725,2025-07-29,直播,曝光
3705,956,2025-07-18,直播,曝光
3706,626,2025-08-21,直播,曝光
3707,332,2025-09-09,短视频,加购
3708,203,2025-07-27,短视频,曝光
3709,1654,2025-07-02,短视频,曝光
3710,2000,2025-07-01,短视频,曝光
3711,1287,2025-07-25,短视频,曝光
3712,1943,2025-09-10,短视频,曝光
3713,615,2025-08-03,短视频,曝光
3714,1514,2025-09-04,短视频,曝光
3715,794,2025-09-22,直播,曝光
3716,773,2025-09-23,短视频,曝光
3717,1281,2025-07-29,图文,曝光
3718,269,2025-08-22,直播,加购
3719,825,2025-09-06,图文,曝光
3720,837,2025-07-18,短视频,加购
3721,862,2025-09-03,短视频,曝光
3722,1441,2025-07-16,直播,曝光
3723,557,2025-08-21,直播,加购
3724,305,2025-08-05,短视频,加购
3725,1222,2025-08-05,图文,点击
3726,34,2025-07-31,直播,曝光
3727,1977,2025-08-15,图文,曝光
3728,1809,2025-08-07,直播,曝光
3729,766,2025-07-24,直播,曝光
3730,1400,2025-07-21,短视频,曝光
3731,1038,2025-08-14,短视频,加购
3732,1388,2025-09-29,短视频,曝光
3733,439,2025-08-29,短视频,点击
3734,1895,2025-07-08,图文,曝光
3735,1763,2025-07-07,短视频,加购
3736,1042,2025-09-07,图文,曝光
3737,1755,2025-08-20,图文,曝光
3738,637,2025-08-22,短视频,曝光
3739,1572,2025-08-04,短视频,点击
3740,1819,2025-08-21,图文,曝光
3741,1393,2025-08-23,直播,分享
3742,1972,2025-08-26,图文,曝光
3743,429,2025-09-25,直播,分享
3744,41,2025-09-22,短视频,曝光
3745,1054,2025-09-15,直播,曝光
3746,662,2025-09-01,短视频,曝光
3747,1279,2025-09-02,直播,曝光
3748,725,2025-07-25,短视频,点击
3749,1738,2025-09-18,直播,曝光
3750,223,2025-07-25,图文,点击
3751,1928,2025-07-12,短视频,点击
3752,444,2025-09-15,短视频,曝光
3753,654,2025-08-08,直播,分享
3754,49,2025-08-13,短视频,点击
3755,1358,2025-08-27,短视频,分享
3756,1393,2025-09-03,短视频,曝光
3757,1859,2025-07-08,短视频,加购
3758,214,2025-08-04,短视频,曝光
3759,965,2025-09-11,短视频,加购
3760,1776,2025-09-06,图文,曝光
3761,61,2025-08-27,短视频,曝光
3762,1168,2025-08-09,短视频,点击
3763,460,2025-08-02,短视频,加购
3764,713,2025-08-15,短视频,曝光
3765,1512,2025-07-17,直播,曝光
3766,1618,2025-09-24,直播,加购
3767,12,2025-07-18,短视频,曝光
3768,1302,2025-08-15,直播,点击
3769,789,2025-09-08,短视频,点击
3770,1507,2025-07-21,直播,曝光
3771,1683,2025-09-29,短视频,曝光
3772,1756,2025-08-18,图文,曝光
3773,205,2025-07-15,短视频,曝光
3774,1616,2025-07-01,短视频,曝光
3775,1929,2025-07-29,短视频,曝光
3776,1559,2025-07-26,短视频,曝光
3777,754,2025-07-05,直播,曝光
3778,1460,2025-08-25,直播,曝光
3779,136,2025-08-17,直播,曝光
3780,755,2025-07-07,短视频,曝光
3781,1649,2025-09-15,短视频,曝光
3782,1304,2025-08-11,短视频,加购
3783,531,2025-08-24,图文,曝光
3784,1132,2025-08-25,短视频,加购
3785,4,2025-09-16,图文,曝光
3786,1927,2025-07-21,图文,点击
3787,1102,2025-07-04,短视频,曝光
3788,1002,2025-07-21,图文,曝光
3789,667,2025-09-01,直播,加购
3790,444,2025-08-31,短视频,曝光
3791,658,2025-07-29,直播,分享
3792,916,2025-09-28,短视频,点击
3793,852,2025-09-02,短视频,加购
3794,830,2025-07-29,短视频,分享
3795,1017,2025-09-29,直播,曝光
3796,938,2025-07-20,短视频,分享
3797,620,2025-07-03,图文,曝光
3798,1163,2025-09-29,图文,曝光
3799,493,2025-08-10,直播,曝光
3800,1897,2025-09-15,直播,曝光
3801,1335,2025-09-17,图文,曝光
3802,563,2025-09-25,短视频,曝光
3803,1386,2025-09-08,图文,曝光
3804,1939,2025-07-05,短视频,点击
3805,1530,2025-08-20,图文,点击
3806,1560,2025-09-24,短视频,曝光
3807,437,2025-09-09,直播,点击
3808,366,2025-09-16,图文,曝光
3809,1124,2025-09-11,直播,曝光
3810,561,2025-07-28,短视频,曝光
3811,241,2025-09-10,短视频,曝光
3812,1819,2025-08-27,直播,曝光
3813,691,2025-08-23,短视频,曝光
3814,1603,2025-07-16,图文,曝光
3815,1464,2025-07-10,直播,点击
3816,287,2025-08-08,短视频,曝光
3817,376,2025-07-23,短视频,曝光
3818,1170,2025-08-25,短视频,分享
3819,1248,2025-07-30,图文,点击
3820,554,2025-07-11,直播,曝光
3821,307,2025-07-04,直播,分享
3822,1260,2025-09-27,图文,曝光
3823,473,2025-07-10,短视频,曝光
3824,348,2025-09-24,短视频,点击
3825,757,2025-08-21,短视频,曝光
3826,704,2025-09-18,短视频,点击
3827,805,2025-09-22,短视频,曝光
3828,778,2025-07-12,短视频,点击
3829,1132,2025-08-19,直播,曝光
3830,1076,2025-08-31,短视频,分享
3831,75,2025-08-28,直播,曝光
3832,479,2025-09-20,短视频,曝光
3833,1010,2025-07-16,直播,曝光
3834,1456,2025-07-13,直播,曝光
3835,61,2025-09-15,短视频,曝光
3836,1619,2025-08-29,直播,曝光
3837,189,2025-09-23,直播,点击
3838,1280,2025-07-19,短视频,曝光
3839,438,2025-07-06,短视频,点击
3840,1807,2025-09-02,短视频,加购
3841,1387,2025-09-08,图文,曝光
3842,1581,2025-08-29,短视频,曝光
3843,1624,2025-07-05,直播,加购
3844,89,2025-09-19,直播,分享
3845,1694,2025-07-24,短视频,点击
3846,170,2025-08-14,短视频,曝光
3847,1086,2025-07-03,短视频,曝光
3848,1320,2025-09-08,短视频,曝光
3849,1800,2025-09-14,短视频,曝光
3850,1444,2025-07-18,直播,曝光
3851,1424,2025-07-08,直播,点击
3852,1936,2025-08-29,短视频,加购
3853,33,2025-08-20,短视频,曝光
3854,7,2025-09-19,直播,分享
3855,381,2025-07-27,短视频,点击
3856,474,2025-09-05,直播,点击
3857,1000,2025-09-16,短视频,分享
3858,1664,2025-09-19,直播,曝光
3859,786,2025-07-08,直播,曝光
3860,1784,2025-08-27,图文,分享
3861,1282,2025-08-01,短视频,曝光
3862,929,2025-08-20,短视频,曝光
3863,1587,2025-08-31,直播,点击
3864,968,2025-09-23,短视频,加购
3865,86,2025-08-13,短视频,曝光
3866,1708,2025-07-30,图文,点击
3867,266,2025-07-18,短视频,曝光
3868,920,2025-09-07,直播,加购
3869,312,2025-08-01,短视频,曝光
3870,1575,2025-09-02,直播,曝光
3871,1275,2025-07-25,短视频,曝光
3872,1898,2025-09-13,短视频,点击
3873,1733,2025-08-31,短视频,曝光
3874,524,2025-08-15,短视频,曝光
3875,506,2025-09-29,直播,加购
3876,549,2025-08-15,短视频,曝光
3877,308,2025-08-19,短视频,曝光
3878,1878,2025-07-04,短视频,曝光
3879,166,2025-08-29,短视频,分享
3880,849,2025-09-24,短视频,分享
3881,564,2025-08-23,直播,曝光
3882,32,2025-08-05,直播,曝光
3883,1662,2025-08-29,短视频,曝光
3884,1005,2025-08-20,直播,点击
3885,1756,2025-07-20,短视频,曝光
3886,1234,2025-07-19,短视频,曝光
3887,992,2025-09-21,短视频,曝光
3888,490,2025-08-26,直播,曝光
3889,1183,2025-09-20,短视频,曝光
3890,1455,2025-08-01,短视频,曝光
3891,56,2025-09-26,图文,曝光
3892,466,2025-08-23,短视频,曝光
3893,724,2025-09-18,直播,点击
3894,240,2025-09-06,短视频,点击
3895,169,2025-09-24,短视频,曝光
3896,499,2025-08-26,直播,曝光
3897,682,2025-09-09,短视频,分享
3898,1068,2025-07-03,图文,曝光
3899,1628,2025-08-19,短视频,曝光
3900,1712,2025-09-13,直播,曝光
3901,764,2025-09-14,图文,曝光
3902,1059,2025-08-21,短视频,分享
3903,29,2025-09-25,直播,点击
3904,1698,2025-07-22,短视频,曝光
3905,470,2025-09-12,图文,曝光
3906,129,2025-07-30,短视频,曝光
3907,1205,2025-07-24,短视频,曝光
3908,746,2025-09-13,图文,曝光
3909,823,2025-09-13,直播,曝光
3910,871,2025-09-25,直播,曝光
3911,1257,2025-08-09,短视频,加购
3912,1604,2025-09-13,短视频,曝光
3913,1144,2025-09-09,图文,曝光
3914,1222,2025-09-20,直播,曝光
3915,1618,2025-07-29,直播,点击
3916,1571,2025-08-15,图文,曝光
3917,345,2025-09-04,直播,曝光
3918,678,2025-08-08,直播,点击
3919,988,2025-09-30,短视频,曝光
3920,1869,2025-09-14,短视频,曝光
3921,1214,2025-07-02,直播,曝光
3922,1628,2025-08-06,图文,曝光
3923,1590,2025-08-19,短视频,曝光
3924,1831,2025-09-03,直播,曝光
3925,1037,2025-08-19,短视频,曝光
3926,526,2025-08-26,短视频,点击
3927,823,2025-08-23,短视频,点击
3928,14,2025-07-15,短视频,曝光
3929,1368,2025-08-02,短视频,曝光
3930,1231,2025-07-29,短视频,加购
3931,331,2025-08-04,直播,点击
3932,986,2025-07-20,短视频,加购
3933,1433,2025-09-26,直播,曝光
3934,1558,2025-07-12,短视频,点击
3935,1552,2025-07-31,短视频,曝光
3936,195,2025-08-08,短视频,曝光
3937,748,2025-08-27,直播,分享
3938,1191,2025-07-19,短视频,曝光
3939,211,2025-09-04,图文,曝光
3940,398,2025-07-07,短视频,点击
3941,1886,2025-07-06,短视频,点击
3942,1030,2025-07-20,短视频,曝光
3943,1157,2025-07-21,短视频,曝光
3944,317,2025-08-26,短视频,曝光
3945,1268,2025-09-13,图文,曝光
3946,1825,2025-09-13,短视频,曝光
3947,1920,2025-07-17,短视频,曝光
3948,367,2025-08-12,短视频,曝光
3949,444,2025-07-16,直播,曝光
3950,1151,2025-08-26,直播,曝光
3951,1774,2025-07-24,短视频,曝光
3952,12,2025-08-29,短视频,点击
3953,451,2025-09-10,直播,曝光
3954,313,2025-08-29,直播,曝光
3955,1580,2025-07-01,直播,加购
3956,999,2025-09-29,直播,点击
3957,1429,2025-08-11,图文,分享
3958,82,2025-08-26,短视频,曝光
3959,265,2025-09-02,短视频,曝光
3960,1086,2025-08-20,图文,曝光
3961,840,2025-09-27,短视频,曝光
3962,369,2025-09-18,图文,曝光
3963,522,2025-08-30,直播,曝光
3964,1454,2025-08-27,直播,曝光
3965,28,2025-08-02,图文,点击
3966,1737,2025-08-12,直播,曝光
3967,319,2025-07-01,短视频,曝光
3968,1518,2025-09-07,短视频,曝光
3969,1260,2025-07-13,短视频,曝光
3970,127,2025-07-21,短视频,曝光
3971,1529,2025-08-23,短视频,曝光
3972,993,2025-08-31,短视频,分享
3973,603,2025-07-04,直播,曝光
3974,223,2025-09-09,直播,点击
3975,231,2025-07-13,短视频,曝光
3976,819,2025-08-28,短视频,点击
3977,590,2025-09-10,直播,点击
3978,1680,2025-07-18,直播,点击
3979,1086,2025-08-06,短视频,曝光
3980,83,2025-08-17,短视频,曝光
3981,1754,2025-08-20,短视频,点击
3982,504,2025-09-13,图文,曝光
3983,1214,2025-09-26,短视频,曝光
3984,1654,2025-08-07,图文,曝光
3985,1336,2025-08-24,图文,点击
3986,812,2025-09-24,直播,点击
3987,15,2025-08-25,图文,曝光
3988,471,2025-07-05,短视频,加购
3989,1139,2025-07-29,直播,点击
3990,1899,2025-08-31,直播,曝光
3991,72,2025-09-29,短视频,点击
3992,312,2025-07-22,直播,曝光
3993,717,2025-07-20,图文,加购
3994,1578,2025-08-29,直播,点击
3995,1901,2025-07-11,短视频,曝光
3996,357,2025-09-26,短视频,曝光
3997,1161,2025-09-22,短视频,点击
3998,1927,2025-08-22,短视频,分享
3999,1998,2025-08-01,图文,点击
4000,1573,2025-08-10,短视频,点击
4001,1558,2025-08-20,图文,加购
4002,553,2025-09-17,直播,点击
4003,619,2025-09-05,直播,分享
4004,1968,2025-08-12,直播,曝光
4005,1246,2025-08-28,短视频,点击
4006,229,2025-08-21,直播,曝光
4007,139,2025-07-11,短视频,曝光
4008,1720,2025-07-29,短视频,曝光
4009,260,2025-07-19,图文,曝光
4010,1399,2025-08-20,短视频,曝光
4011,644,2025-09-28,直播,曝光
4012,348,2025-09-04,短视频,曝光
4013,229,2025-08-30,短视频,曝光
4014,1093,2025-08-16,短视频,曝光
4015,1608,2025-08-02,短视频,分享
4016,24,2025-07-20,直播,曝光
4017,1408,2025-09-22,短视频,点击
4018,1147,2025-07-02,直播,曝光
4019,1589,2025-09-22,短视频,曝光
4020,1165,2025-07-21,短视频,点击
4021,253,2025-09-12,直播,加购
4022,818,2025-09-17,短视频,曝光
4023,1975,2025-09-23,短视频,曝光
4024,1649,2025-09-27,短视频,点击
4025,703,2025-08-16,短视频,曝光
4026,1862,2025-08-21,直播,分享
4027,15,2025-07-03,直播,点击
4028,1068,2025-09-15,短视频,曝光
4029,1548,2025-08-23,短视频,曝光
4030,1348,2025-07-05,直播,点击
4031,358,2025-08-01,短视频,曝光
4032,292,2025-09-17,直播,曝光
4033,1488,2025-08-05,图文,曝光
4034,1997,2025-07-27,直播,曝光
4035,1529,2025-07-26,短视频,曝光
4036,1716,2025-07-17,短视频,曝光
4037,1821,2025-08-19,短视频,曝光
4038,1899,2025-07-26,短视频,曝光
4039,1580,2025-08-23,直播,点击
4040,1557,2025-08-15,短视频,曝光
4041,1580,2025-08-29,直播,曝光
4042,646,2025-08-24,直播,曝光
4043,1081,2025-07-06,短视频,曝光
4044,444,2025-07-01,短视频,曝光
4045,1062,2025-07-28,短视频,分享
4046,1023,2025-08-01,直播,点击
4047,137,2025-08-11,短视频,曝光
4048,166,2025-09-03,短视频,分享
4049,1902,2025-09-28,图文,曝光
4050,1104,2025-09-08,短视频,点击
4051,66,2025-08-03,直播,曝光
4052,740,2025-07-22,短视频,曝光
4053,1783,2025-08-02,短视频,曝光
4054,1456,2025-07-23,图文,点击
4055,1648,2025-08-21,直播,曝光
4056,1252,2025-09-01,直播,曝光
4057,1401,2025-07-25,直播,加购
4058,494,2025-08-26,直播,曝光
4059,1684,2025-08-04,短视频,曝光
4060,1467,2025-08-15,短视频,曝光
4061,479,2025-07-22,图文,加购
4062,623,2025-08-20,直播,曝光
4063,1535,2025-07-09,图文,点击
4064,498,2025-08-15,直播,曝光
4065,1339,2025-08-11,直播,曝光
4066,838,2025-08-07,直播,曝光
4067,575,2025-09-22,图文,曝光
4068,316,2025-09-11,直播,曝光
4069,1444,2025-08-22,短视频,点击
4070,651,2025-09-20,短视频,分享
4071,1113,2025-08-30,短视频,曝光
4072,520,2025-08-28,短视频,曝光
4073,295,2025-08-14,短视频,点击
4074,44,2025-07-25,短视频,点击
4075,1879,2025-07-28,短视频,曝光
4076,602,2025-09-28,短视频,曝光
4077,1153,2025-09-01,直播,曝光
4078,934,2025-07-09,短视频,分享
4079,740,2025-07-22,直播,曝光
4080,1660,2025-09-26,图文,曝光
4081,1822,2025-07-20,短视频,曝光
4082,361,2025-08-21,短视频,点击
4083,63,2025-08-02,直播,曝光
4084,655,2025-09-04,直播,点击
4085,207,2025-09-18,短视频,曝光
4086,59,2025-08-08,短视频,点击
4087,1611,2025-07-01,图文,加购
4088,151,2025-08-02,直播,曝光
4089,141,2025-07-03,图文,曝光
4090,713,2025-07-21,直播,曝光
4091,1136,2025-08-05,短视频,曝光
4092,1000,2025-07-11,直播,加购
4093,1492,2025-07-04,图文,曝光
4094,1497,2025-07-29,短视频,点击
4095,34,2025-07-03,短视频,分享
4096,1527,2025-07-24,短视频,曝光
4097,86,2025-07-11,图文,曝光
4098,1828,2025-08-19,图文,点击
4099,612,2025-09-12,直播,曝光
4100,1816,2025-09-17,直播,点击
4101,1999,2025-08-27,短视频,曝光
4102,203,2025-07-08,直播,曝光
4103,762,2025-07-07,直播,点击
4104,225,2025-09-07,短视频,加购
4105,1937,2025-09-07,短视频,加购
4106,994,2025-07-25,直播,点击
4107,1676,2025-09-30,图文,曝光
4108,1179,2025-08-28,图文,曝光
4109,1696,2025-08-10,短视频,曝光
4110,1196,2025-08-27,短视频,曝光
4111,97,2025-07-02,直播,点击
4112,973,2025-09-06,短视频,曝光
4113,1310,2025-07-21,直播,曝光
4114,1963,2025-07-02,直播,曝光
4115,1666,2025-08-27,短视频,曝光
4116,1018,2025-07-01,图文,分享
4117,1612,2025-07-03,直播,曝光
4118,1871,2025-07-16,图文,分享
4119,1752,2025-09-26,直播,曝光
4120,1977,2025-09-29,短视频,曝光
4121,719,2025-08-08,短视频,点击
4122,889,2025-08-01,图文,曝光
4123,29,2025-08-09,短视频,曝光
4124,268,2025-08-27,直播,曝光
4125,1634,2025-08-22,直播,曝光
4126,652,2025-07-29,图文,曝光
4127,878,2025-07-24,图文,曝光
4128,718,2025-08-14,直播,曝光
4129,1854,2025-07-27,短视频,加购
4130,1777,2025-08-10,短视频,分享
4131,1479,2025-07-03,短视频,曝光
4132,1924,2025-07-18,短视频,点击
4133,1094,2025-09-28,图文,点击
4134,340,2025-08-02,图文,曝光
4135,1270,2025-08-09,直播,曝光
4136,41,2025-07-18,短视频,点击
4137,840,2025-09-19,短视频,曝光
4138,1662,2025-07-26,短视频,曝光
4139,361,2025-07-28,短视频,曝光
4140,1118,2025-08-08,直播,曝光
4141,1555,2025-09-13,图文,曝光
4142,1503,2025-09-12,短视频,曝光
4143,1184,2025-07-17,图文,曝光
4144,664,2025-07-19,图文,曝光
4145,485,2025-07-24,图文,点击
4146,318,2025-07-19,短视频,点击
4147,1474,2025-08-16,短视频,加购
4148,530,2025-07-23,短视频,曝光
4149,1300,2025-07-07,直播,曝光
4150,97,2025-09-11,短视频,曝光
4151,584,2025-08-01,短视频,曝光
4152,772,2025-07-23,图文,分享
4153,1546,2025-07-14,短视频,曝光
4154,199,2025-09-14,短视频,点击
4155,941,2025-08-25,短视频,曝光
4156,928,2025-07-30,直播,加购
4157,644,2025-09-15,直播,曝光
4158,1599,2025-07-28,短视频,点击
4159,1961,2025-07-23,短视频,曝光
4160,96,2025-08-04,短视频,曝光
4161,1865,2025-07-04,直播,曝光
4162,1794,2025-08-11,图文,曝光
4163,1685,2025-09-08,短视频,点击
4164,247,2025-08-08,直播,曝光
4165,776,2025-08-23,短视频,点击
4166,1312,2025-08-06,直播,点击
4167,409,2025-09-14,短视频,曝光
4168,482,2025-09-30,直播,点击
4169,1127,2025-08-19,直播,曝光
4170,1690,2025-09-02,直播,曝光
4171,326,2025-08-26,短视频,加购
4172,21,2025-09-20,短视频,曝光
4173,1992,2025-09-22,图文,加购
4174,843,2025-09-21,短视频,加购
4175,153,2025-07-07,图文,点击
4176,1924,2025-08-09,短视频,点击
4177,547,2025-08-16,直播,曝光
4178,226,2025-09-10,直播,曝光
4179,1337,2025-08-21,短视频,曝光
4180,1522,2025-08-13,短视频,曝光
4181,254,2025-08-19,短视频,曝光
4182,1454,2025-08-24,短视频,点击
4183,756,2025-08-25,短视频,曝光
4184,639,2025-09-06,短视频,曝光
4185,1334,2025-08-06,直播,点击
4186,121,2025-08-23,直播,曝光
4187,337,2025-07-12,直播,点击
4188,1667,2025-08-16,短视频,曝光
4189,1972,2025-08-04,短视频,分享
4190,1810,2025-07-02,图文,点击
4191,1567,2025-07-20,图文,曝光
4192,256,2025-09-28,图文,曝光
4193,618,2025-08-20,直播,加购
4194,1696,2025-07-04,直播,曝光
4195,1427,2025-09-20,直播,曝光
4196,1667,2025-07-12,直播,点击
4197,822,2025-08-27,短视频,曝光
4198,1155,2025-07-04,短视频,曝光
4199,1474,2025-09-15,短视频,曝光
4200,1568,2025-08-27,直播,曝光
4201,1452,2025-09-17,短视频,曝光
4202,79,2025-07-28,短视频,点击
4203,406,2025-09-21,短视频,曝光
4204,993,2025-09-21,图文,点击
4205,1399,2025-08-13,直播,曝光
4206,1934,2025-08-24,短视频,曝光
4207,602,2025-08-04,短视频,曝光
4208,1551,2025-09-10,直播,曝光
4209,1329,2025-08-29,直播,曝光
4210,537,2025-07-14,短视频,曝光
4211,347,2025-08-07,短视频,点击
4212,1248,2025-08-07,直播,曝光
4213,657,2025-08-10,图文,曝光
4214,426,2025-08-27,短视频,曝光
4215,438,2025-07-26,短视频,曝光
4216,445,2025-07-18,直播,曝光
4217,183,2025-08-12,直播,分享
4218,379,2025-08-05,短视频,曝光
4219,1952,2025-09-22,图文,曝光
4220,380,2025-09-08,直播,分享
4221,818,2025-07-23,直播,分享
4222,999,2025-09-01,直播,曝光
4223,1405,2025-08-25,短视频,曝光
4224,620,2025-09-21,直播,曝光
4225,1654,2025-09-07,短视频,分享
4226,1556,2025-08-21,短视频,加购
4227,1017,2025-07-24,短视频,曝光
4228,1789,2025-07-20,图文,曝光
4229,697,2025-08-04,图文,曝光
4230,976,2025-09-19,短视频,加购
4231,1197,2025-09-21,直播,曝光
4232,383,2025-09-27,直播,曝光
4233,164,2025-09-29,短视频,点击
4234,1996,2025-08-14,短视频,曝光
4235,97,2025-08-25,图文,点击
4236,95,2025-07-08,直播,点击
4237,204,2025-07-15,直播,曝光
4238,1100,2025-07-24,图文,曝光
4239,537,2025-07-16,图文,曝光
4240,440,2025-09-08,短视频,曝光
4241,1721,2025-09-16,短视频,曝光
4242,1876,2025-07-01,直播,曝光
4243,1752,2025-09-01,直播,加购
4244,650,2025-07-28,图文,点击
4245,171,2025-08-15,短视频,分享
4246,1917,2025-08-03,直播,曝光
4247,1092,2025-07-14,短视频,曝光
4248,1946,2025-09-11,短视频,点击
4249,335,2025-07-29,短视频,点击
4250,1886,2025-08-10,短视频,曝光
4251,620,2025-08-24,直播,曝光
4252,1586,2025-08-18,短视频,曝光
4253,221,2025-07-17,短视频,点击
4254,1483,2025-08-31,直播,点击
4255,947,2025-07-15,短视频,曝光
4256,1906,2025-09-11,直播,曝光
4257,296,2025-08-29,短视频,曝光
4258,448,2025-08-01,短视频,点击
4259,1273,2025-08-02,短视频,曝光
4260,1620,2025-07-16,直播,曝光
4261,1777,2025-08-10,直播,曝光
4262,227,2025-07-17,直播,曝光
4263,14,2025-08-16,直播,曝光
4264,724,2025-07-15,短视频,曝光
4265,196,2025-09-20,短视频,曝光
4266,804,2025-07-11,短视频,曝光
4267,954,2025-09-05,短视频,曝光
4268,1991,2025-08-10,短视频,加购
4269,67,2025-08-01,直播,曝光
4270,642,2025-07-17,直播,曝光
4271,678,2025-08-28,短视频,曝光
4272,1110,2025-09-10,短视频,点击
4273,641,2025-08-29,图文,曝光
4274,1267,2025-07-01,短视频,曝光
4275,1699,2025-09-15,直播,点击
4276,1356,2025-09-26,直播,曝光
4277,1322,2025-09-03,直播,曝光
4278,241,2025-07-02,短视频,曝光
4279,1775,2025-08-16,图文,曝光
4280,1119,2025-07-30,短视频,分享
4281,330,2025-08-30,直播,曝光
4282,1270,2025-09-08,直播,曝光
4283,974,2025-09-20,直播,曝光
4284,1807,2025-09-19,直播,曝光
4285,1296,2025-09-27,直播,点击
4286,1915,2025-07-09,直播,曝光
4287,1950,2025-07-11,直播,曝光
4288,471,2025-09-12,直播,曝光
4289,585,2025-09-04,直播,曝光
4290,422,2025-09-08,图文,曝光
4291,462,2025-07-22,图文,曝光
4292,1368,2025-08-12,短视频,曝光
4293,1899,2025-08-29,图文,曝光
4294,979,2025-08-27,直播,加购
4295,1617,2025-09-17,直播,点击
4296,1488,2025-08-03,直播,加购
4297,522,2025-09-15,短视频,曝光
4298,1697,2025-07-29,短视频,点击
4299,958,2025-09-08,短视频,曝光
4300,22,2025-07-04,图文,曝光
4301,1432,2025-07-19,直播,曝光
4302,1758,2025-07-01,短视频,曝光
4303,491,2025-07-20,直播,曝光
4304,531,2025-08-18,直播,曝光
4305,1465,2025-09-19,直播,曝光
4306,1939,2025-07-02,短视频,点击
4307,521,2025-08-23,直播,曝光
4308,861,2025-07-12,图文,曝光
4309,1359,2025-07-16,短视频,点击
4310,1705,2025-07-09,直播,曝光
4311,68,2025-08-24,短视频,曝光
4312,400,2025-08-28,直播,曝光
4313,1789,2025-07-26,直播,加购
4314,1051,2025-08-31,图文,加购
4315,1517,2025-08-06,短视频,加购
4316,127,2025-09-08,图文,分享
4317,182,2025-08-18,图文,点击
4318,1470,2025-09-28,图文,曝光
4319,752,2025-08-31,直播,点击
4320,1885,2025-09-29,短视频,点击
4321,862,2025-09-22,直播,点击
4322,1687,2025-07-20,直播,加购
4323,1087,2025-08-01,短视频,曝光
4324,1361,2025-08-02,图文,曝光
4325,1308,2025-08-26,短视频,点击
4326,238,2025-08-21,图文,曝光
4327,1589,2025-08-13,图文,曝光
4328,1968,2025-07-05,直播,曝光
4329,774,2025-08-11,图文,曝光
4330,688,2025-07-18,短视频,曝光
4331,1195,2025-09-26,短视频,曝光
4332,1266,2025-09-17,短视频,加购
4333,767,2025-07-17,短视频,点击
4334,546,2025-08-07,短视频,曝光
4335,1943,2025-08-28,短视频,点击
4336,1655,2025-08-14,短视频,曝光
4337,1144,2025-07-16,直播,曝光
4338,757,2025-09-06,短视频,加购
4339,705,2025-09-22,直播,点击
4340,782,2025-09-13,直播,曝光
4341,1186,2025-08-02,直播,曝光
4342,9,2025-09-18,图文,点击
4343,1315,2025-09-20,直播,点击
4344,1151,2025-09-21,直播,曝光
4345,290,2025-09-14,短视频,曝光
4346,502,2025-07-28,短视频,点击
4347,555,2025-08-16,直播,点击
4348,1844,2025-08-29,图文,曝光
4349,1870,2025-09-13,直播,点击
4350,1567,2025-07-11,图文,曝光
4351,1364,2025-07-07,图文,曝光
4352,1905,2025-09-28,图文,曝光
4353,1469,2025-09-03,直播,曝光
4354,780,2025-07-25,图文,点击
4355,717,2025-09-30,直播,曝光
4356,1324,2025-08-05,短视频,曝光
4357,818,2025-08-28,短视频,曝光
4358,904,2025-09-24,图文,曝光
4359,1945,2025-09-17,短视频,曝光
4360,1819,2025-08-27,短视频,分享
4361,1213,2025-08-20,直播,曝光
4362,649,2025-07-27,短视频,点击
4363,885,2025-07-17,直播,曝光
4364,658,2025-07-08,图文,曝光
4365,839,2025-07-02,直播,曝光
4366,732,2025-08-14,短视频,曝光
4367,891,2025-08-02,短视频,加购
4368,996,2025-08-24,直播,曝光
4369,1286,2025-08-17,短视频,点击
4370,1776,2025-08-31,短视频,曝光
4371,1058,2025-07-18,短视频,曝光
4372,415,2025-07-16,短视频,曝光
4373,371,2025-07-12,图文,点击
4374,1303,2025-09-03,短视频,曝光
4375,1997,2025-09-22,短视频,加购
4376,612,2025-08-03,直播,点击
4377,177,2025-07-14,短视频,点击
4378,166,2025-09-25,短视频,曝光
4379,549,2025-07-22,短视频,分享
4380,1908,2025-08-30,图文,曝光
4381,1562,2025-09-20,短视频,曝光
4382,1572,2025-09-23,直播,曝光
4383,666,2025-07-21,直播,加购
4384,1905,2025-07-03,短视频,点击
4385,816,2025-08-08,直播,曝光
4386,801,2025-09-22,短视频,点击
4387,1876,2025-08-13,短视频,曝光
4388,1514,2025-09-19,直播,曝光
4389,578,2025-09-15,短视频,曝光
4390,1303,2025-08-16,图文,曝光
4391,701,2025-09-18,直播,加购
4392,1239,2025-09-28,短视频,曝光
4393,275,2025-09-01,短视频,曝光
4394,81,2025-09-07,直播,曝光
4395,1928,2025-08-11,图文,加购
4396,144,2025-09-30,短视频,曝光
4397,803,2025-08-02,短视频,点击
4398,391,2025-09-08,直播,曝光
4399,30,2025-09-25,直播,曝光
4400,1500,2025-09-23,直播,曝光
4401,567,2025-09-20,直播,曝光
4402,1597,2025-07-19,短视频,点击
4403,1100,2025-09-29,短视频,点击
4404,1295,2025-07-19,图文,曝光
4405,1338,2025-07-22,短视频,曝光
4406,385,2025-08-16,短视频,加购
4407,912,2025-07-14,短视频,曝光
4408,1556,2025-09-06,短视频,曝光
4409,469,2025-09-24,短视频,曝光
4410,227,2025-07-25,图文,曝光
4411,830,2025-07-31,图文,分享
4412,1789,2025-08-08,直播,点击
4413,644,2025-07-08,短视频,曝光
4414,770,2025-07-16,直播,曝光
4415,253,2025-09-26,短视频,点击
4416,1455,2025-09-24,短视频,曝光
4417,676,2025-08-16,短视频,曝光
4418,339,2025-09-07,直播,曝光
4419,205,2025-07-05,短视频,曝光
4420,629,2025-07-04,短视频,加购
4421,407,2025-09-20,直播,曝光
4422,991,2025-07-03,图文,点击
4423,853,2025-09-04,直播,曝光
4424,993,2025-09-30,直播,点击
4425,734,2025-09-11,短视频,点击
4426,195,2025-08-06,短视频,曝光
4427,1555,2025-08-19,短视频,分享
4428,1097,2025-08-25,短视频,分享
4429,369,2025-08-10,短视频,曝光
4430,151,2025-09-26,图文,点击
4431,1880,2025-07-05,短视频,曝光
4432,1848,2025-09-26,短视频,曝光
4433,378,2025-09-18,短视频,曝光
4434,844,2025-07-09,短视频,加购
4435,1165,2025-08-22,短视频,曝光
4436,879,2025-08-28,直播,分享
4437,1673,2025-09-29,直播,加购
4438,1154,2025-09-30,短视频,曝光
4439,531,2025-08-13,直播,点击
4440,1564,2025-07-17,短视频,点击
4441,1750,2025-09-13,短视频,分享
4442,140,2025-08-30,图文,曝光
4443,1703,2025-08-17,图文,曝光
4444,1406,2025-09-10,短视频,曝光
4445,1836,2025-07-08,直播,曝光
4446,1822,2025-07-07,直播,点击
4447,100,2025-08-14,图文,曝光
4448,879,2025-08-05,短视频,分享
4449,143,2025-07-15,短视频,点击
4450,27,2025-07-19,直播,分享
4451,1835,2025-08-14,短视频,曝光
4452,495,2025-07-06,图文,曝光
4453,122,2025-09-04,短视频,加购
4454,1883,2025-07-10,直播,曝光
4455,816,2025-08-31,短视频,曝光
4456,237,2025-08-01,直播,曝光
4457,510,2025-07-15,短视频,曝光
4458,28,2025-08-23,短视频,点击
4459,1355,2025-08-28,短视频,分享
4460,1872,2025-09-26,直播,点击
4461,783,2025-08-10,短视频,曝光
4462,1727,2025-09-25,短视频,点击
4463,687,2025-08-13,图文,曝光
4464,921,2025-09-19,短视频,曝光
4465,428,2025-07-26,短视频,曝光
4466,11,2025-09-09,直播,加购
4467,327,2025-07-21,短视频,曝光
4468,1168,2025-07-04,直播,加购
4469,199,2025-07-12,短视频,曝光
4470,1634,2025-08-07,图文,曝光
4471,1835,2025-07-12,短视频,加购
4472,573,2025-09-10,短视频,曝光
4473,542,2025-07-09,图文,曝光
4474,346,2025-09-28,直播,曝光
4475,820,2025-08-02,短视频,曝光
4476,1810,2025-08-12,短视频,加购
4477,781,2025-09-07,直播,曝光
4478,1536,2025-09-03,直播,曝光
4479,644,2025-09-16,短视频,曝光
4480,897,2025-09-30,直播,曝光
4481,987,2025-07-29,短视频,加购
4482,1811,2025-08-27,图文,曝光
4483,998,2025-08-31,直播,曝光
4484,1217,2025-09-10,直播,曝光
4485,1709,2025-07-27,直播,曝光
4486,1889,2025-09-27,短视频,曝光
4487,1790,2025-07-23,短视频,点击
4488,207,2025-09-04,图文,分享
4489,225,2025-09-20,图文,曝光
4490,873,2025-07-13,短视频,分享
4491,703,2025-08-19,图文,点击
4492,1359,2025-09-29,短视频,曝光
4493,865,2025-07-14,直播,曝光
4494,816,2025-09-12,图文,曝光
4495,181,2025-09-16,短视频,曝光
4496,700,2025-07-25,短视频,加购
4497,1143,2025-09-04,短视频,曝光
4498,1391,2025-09-29,直播,曝光
4499,338,2025-08-05,直播,加购
4500,1212,2025-07-08,直播,曝光
4501,1146,2025-07-24,图文,曝光
4502,566,2025-09-25,短视频,曝光
4503,1780,2025-09-23,图文,分享
4504,889,2025-09-16,短视频,曝光
4505,528,2025-08-23,图文,曝光
4506,1414,2025-07-26,直播,点击
4507,378,2025-08-26,图文,曝光
4508,1254,2025-09-18,图文,曝光
4509,1365,2025-09-14,短视频,曝光
4510,907,2025-07-06,直播,曝光
4511,408,2025-09-04,短视频,曝光
4512,521,2025-09-26,短视频,曝光
4513,444,2025-07-12,直播,分享
4514,230,2025-08-25,直播,曝光
4515,1996,2025-08-27,直播,分享
4516,1681,2025-08-17,直播,曝光
4517,1044,2025-09-08,短视频,点击
4518,1641,2025-09-30,短视频,曝光
4519,1315,2025-08-29,图文,曝光
4520,1227,2025-07-03,直播,曝光
4521,1435,2025-08-17,短视频,曝光
4522,1143,2025-08-17,短视频,分享
4523,1121,2025-07-25,图文,曝光
4524,273,2025-09-06,短视频,曝光
4525,1221,2025-08-22,图文,曝光
4526,894,2025-07-11,短视频,曝光
4527,493,2025-09-10,直播,曝光
4528,968,2025-07-02,短视频,加购
4529,1667,2025-09-18,短视频,点击
4530,923,2025-08-26,短视频,分享
4531,953,2025-09-30,直播,加购
4532,485,2025-08-01,直播,加购
4533,1612,2025-07-21,短视频,曝光
4534,248,2025-08-14,直播,曝光
4535,1675,2025-09-13,短视频,曝光
4536,1863,2025-08-27,图文,曝光
4537,355,2025-08-10,直播,点击
4538,1113,2025-08-05,短视频,分享
4539,1172,2025-09-11,直播,曝光
4540,1726,2025-07-20,短视频,点击
4541,653,2025-07-04,图文,点击
4542,1344,2025-07-22,短视频,点击
4543,199,2025-07-20,直播,曝光
4544,1641,2025-07-18,直播,曝光
4545,1516,2025-07-29,图文,曝光
4546,432,2025-09-04,短视频,曝光
4547,251,2025-07-23,直播,点击
4548,213,2025-07-13,短视频,分享
4549,1659,2025-08-06,短视频,加购
4550,1228,2025-09-28,短视频,曝光
4551,743,2025-09-25,短视频,曝光
4552,1099,2025-07-01,直播,点击
4553,1117,2025-07-02,短视频,曝光
4554,193,2025-07-28,图文,曝光
4555,880,2025-07-14,图文,曝光
4556,1223,2025-09-12,短视频,点击
4557,1215,2025-07-14,短视频,点击
4558,364,2025-07-09,短视频,点击
4559,1857,2025-07-21,直播,曝光
4560,217,2025-08-24,直播,曝光
4561,1725,2025-07-16,短视频,曝光
4562,1971,2025-07-27,直播,曝光
4563,1502,2025-08-16,短视频,点击
4564,1112,2025-09-27,短视频,曝光
4565,386,2025-09-18,短视频,点击
4566,660,2025-07-21,直播,点击
4567,1098,2025-07-27,直播,曝光
4568,197,2025-07-07,短视频,曝光
4569,1416,2025-07-28,短视频,曝光
4570,1834,2025-08-26,短视频,曝光
4571,1485,2025-08-17,直播,曝光
4572,1886,2025-08-04,短视频,曝光
4573,949,2025-07-02,直播,曝光
4574,514,2025-09-22,直播,曝光
4575,34,2025-08-05,直播,曝光
4576,871,2025-09-23,短视频,加购
4577,231,2025-09-06,直播,曝光
4578,1292,2025-09-12,短视频,曝光
4579,1605,2025-08-08,短视频,曝光
4580,223,2025-07-12,短视频,曝光
4581,1034,2025-07-21,短视频,曝光
4582,1074,2025-08-30,短视频,曝光
4583,623,2025-08-23,直播,曝光
4584,438,2025-07-09,图文,曝光
4585,1428,2025-09-18,图文,曝光
4586,451,2025-07-03,直播,点击
4587,64,2025-08-13,图文,曝光
4588,1207,2025-07-19,短视频,曝光
4589,136,2025-07-16,图文,曝光
4590,621,2025-08-15,短视频,曝光
4591,175,2025-07-31,直播,曝光
4592,1101,2025-08-11,短视频,曝光
4593,436,2025-09-25,直播,曝光
4594,525,2025-09-10,直播,曝光
4595,800,2025-07-30,直播,曝光
4596,976,2025-08-18,短视频,曝光
4597,1439,2025-08-04,图文,曝光
4598,1865,2025-07-25,短视频,点击
4599,1207,2025-08-11,短视频,加购
4600,970,2025-07-13,短视频,点击
4601,1168,2025-07-22,短视频,点击
4602,1003,2025-08-22,直播,分享
4603,12,2025-09-06,短视频,曝光
4604,986,2025-09-01,直播,曝光
4605,1488,2025-09-29,图文,曝光
4606,1714,2025-07-20,直播,分享
4607,184,2025-07-12,直播,曝光
4608,1364,2025-08-28,短视频,加购
4609,221,2025-08-22,短视频,分享
4610,62,2025-09-18,短视频,点击
4611,92,2025-07-12,短视频,曝光
4612,236,2025-07-23,短视频,点击
4613,169,2025-08-07,直播,曝光
4614,1156,2025-09-14,直播,曝光
4615,1842,2025-07-19,图文,曝光
4616,1521,2025-09-26,直播,曝光
4617,1463,2025-07-11,直播,曝光
4618,235,2025-09-25,图文,曝光
4619,1877,2025-08-31,短视频,曝光
4620,1006,2025-07-13,图文,曝光
4621,63,2025-09-30,短视频,点击
4622,1285,2025-07-05,短视频,曝光
4623,1410,2025-08-05,直播,曝光
4624,802,2025-09-05,图文,分享
4625,1431,2025-08-01,短视频,曝光
4626,1388,2025-08-05,直播,曝光
4627,1162,2025-07-27,图文,加购
4628,686,2025-07-17,短视频,加购
4629,1998,2025-08-23,直播,曝光
4630,1247,2025-08-11,短视频,曝光
4631,925,2025-09-13,图文,曝光
4632,1532,2025-08-19,短视频,曝光
4633,486,2025-08-17,直播,点击
4634,1912,2025-07-15,直播,曝光
4635,1472,2025-07-24,短视频,加购
4636,1278,2025-07-04,图文,曝光
4637,533,2025-09-28,短视频,曝光
4638,704,2025-09-10,短视频,曝光
4639,1900,2025-07-25,直播,曝光
4640,1443,2025-08-11,短视频,分享
4641,223,2025-08-21,图文,点击
4642,1609,2025-07-23,直播,曝光
4643,238,2025-07-12,图文,曝光
4644,830,2025-09-26,直播,曝光
4645,835,2025-08-02,图文,曝光
4646,726,2025-09-08,直播,曝光
4647,991,2025-08-28,短视频,曝光
4648,305,2025-08-07,短视频,曝光
4649,1323,2025-08-26,短视频,分享
4650,1354,2025-07-26,图文,点击
4651,1704,2025-07-24,图文,加购
4652,890,2025-09-06,短视频,曝光
4653,1062,2025-09-10,短视频,曝光
4654,266,2025-09-05,短视频,曝光
4655,695,2025-09-03,直播,曝光
4656,1123,2025-09-20,短视频,曝光
4657,833,2025-07-28,图文,分享
4658,1980,2025-07-02,短视频,曝光
4659,555,2025-07-26,直播,曝光
4660,103,2025-08-27,直播,曝光
4661,1735,2025-08-24,短视频,曝光
4662,1032,2025-07-26,直播,曝光
4663,143,2025-09-10,直播,曝光
4664,1872,2025-09-28,图文,点击
4665,415,2025-07-12,图文,曝光
4666,1919,2025-07-03,直播,曝光
4667,689,2025-09-02,直播,曝光
4668,684,2025-08-14,图文,曝光
4669,424,2025-08-31,图文,点击
4670,344,2025-09-04,直播,曝光
4671,1601,2025-07-04,短视频,点击
4672,842,2025-09-08,短视频,点击
4673,1113,2025-07-17,图文,分享
4674,638,2025-08-28,短视频,曝光
4675,848,2025-09-29,图文,点击
4676,966,2025-08-13,直播,曝光
4677,621,2025-08-02,图文,曝光
4678,1192,2025-09-22,短视频,曝光
4679,931,2025-08-08,短视频,曝光
4680,1537,2025-08-23,图文,曝光
4681,1556,2025-07-19,直播,点击
4682,1269,2025-08-17,直播,加购
4683,207,2025-07-07,图文,曝光
4684,1785,2025-09-17,短视频,曝光
4685,1392,2025-08-26,短视频,曝光
4686,1472,2025-08-10,短视频,曝光
4687,1299,2025-09-07,直播,点击
4688,1038,2025-08-25,直播,曝光
4689,1128,2025-08-08,直播,点击
4690,239,2025-07-31,直播,曝光
4691,1838,2025-07-07,直播,曝光
4692,1608,2025-07-20,短视频,曝光
4693,1820,2025-08-07,短视频,分享
4694,1429,2025-08-12,图文,点击
4695,530,2025-09-30,短视频,曝光
4696,673,2025-07-31,直播,曝光
4697,1734,2025-08-14,直播,点击
4698,464,2025-07-04,直播,曝光
4699,1230,2025-07-09,图文,曝光
4700,1317,2025-08-14,图文,曝光
4701,367,2025-08-02,图文,曝光
4702,169,2025-08-30,短视频,曝光
4703,68,2025-09-16,短视频,加购
4704,1575,2025-07-05,直播,点击
4705,582,2025-07-16,直播,曝光
4706,454,2025-08-22,短视频,分享
4707,1819,2025-07-10,直播,曝光
4708,1187,2025-07-29,直播,曝光
4709,49,2025-09-04,直播,曝光
4710,608,2025-07-04,图文,曝光
4711,951,2025-08-26,图文,曝光
4712,955,2025-07-09,短视频,曝光
4713,1568,2025-09-08,短视频,曝光
4714,1602,2025-09-04,短视频,曝光
4715,64,2025-07-05,图文,曝光
4716,575,2025-08-19,短视频,曝光
4717,1201,2025-08-13,直播,加购
4718,67,2025-09-26,短视频,点击
4719,1142,2025-07-04,直播,曝光
4720,155,2025-09-01,短视频,加购
4721,1147,2025-08-20,短视频,分享
4722,149,2025-09-27,直播,点击
4723,1478,2025-09-06,短视频,曝光
4724,919,2025-07-27,短视频,曝光
4725,1903,2025-07-11,图文,点击
4726,167,2025-08-23,短视频,曝光
4727,1740,2025-09-17,图文,曝光
4728,826,2025-08-21,图文,曝光
4729,976,2025-08-23,短视频,曝光
4730,1396,2025-08-18,短视频,曝光
4731,1245,2025-08-04,短视频,曝光
4732,1760,2025-09-21,直播,曝光
4733,1663,2025-07-16,短视频,曝光
4734,443,2025-08-18,短视频,曝光
4735,550,2025-09-18,直播,曝光
4736,1754,2025-07-25,直播,曝光
4737,1621,2025-08-08,直播,曝光
4738,1957,2025-09-03,短视频,曝光
4739,1832,2025-07-12,直播,曝光
4740,1252,2025-07-25,直播,点击
4741,1925,2025-09-05,图文,曝光
4742,1475,2025-07-08,直播,曝光
4743,1775,2025-08-04,直播,曝光
4744,967,2025-08-24,直播,点击
4745,1931,2025-09-17,短视频,加购
4746,150,2025-07-13,直播,曝光
4747,1816,2025-08-19,图文,加购
4748,1920,2025-09-04,图文,曝光
4749,1579,2025-08-06,短视频,点击
4750,1891,2025-08-10,短视频,曝光
4751,842,2025-08-12,短视频,曝光
4752,646,2025-09-18,直播,点击
4753,268,2025-08-26,直播,曝光
4754,392,2025-08-07,图文,曝光
4755,1734,2025-07-01,短视频,点击
4756,131,2025-08-06,直播,曝光
4757,401,2025-09-14,短视频,曝光
4758,996,2025-08-09,直播,曝光
4759,720,2025-08-06,图文,曝光
4760,1850,2025-09-04,图文,点击
4761,60,2025-09-28,短视频,曝光
4762,82,2025-07-15,图文,曝光
4763,545,2025-09-25,图文,曝光
4764,1224,2025-08-01,直播,曝光
4765,712,2025-08-23,短视频,曝光
4766,1672,2025-07-25,短视频,曝光
4767,192,2025-07-02,短视频,曝光
4768,760,2025-08-05,图文,曝光
4769,1299,2025-09-20,短视频,点击
4770,1224,2025-09-22,图文,点击
4771,1036,2025-08-04,直播,加购
4772,888,2025-08-28,短视频,分享
4773,189,2025-09-09,短视频,曝光
4774,131,2025-08-16,短视频,点击
4775,110,2025-09-13,短视频,曝光
4776,1009,2025-07-12,直播,曝光
4777,1770,2025-09-24,短视频,曝光
4778,179,2025-08-23,直播,点击
4779,131,2025-07-15,图文,点击
4780,1370,2025-09-12,短视频,曝光
4781,1001,2025-09-24,短视频,曝光
4782,621,2025-08-03,图文,曝光
4783,36,2025-08-12,直播,点击
4784,1606,2025-09-22,短视频,曝光
4785,1319,2025-08-19,短视频,曝光
4786,1175,2025-08-02,短视频,点击
4787,469,2025-08-29,短视频,曝光
4788,1871,2025-07-15,直播,点击
4789,126,2025-08-01,短视频,曝光
4790,1476,2025-09-15,短视频,曝光
4791,1456,2025-07-09,短视频,曝光
4792,1450,2025-08-22,直播,曝光
4793,1204,2025-09-01,短视频,曝光
4794,610,2025-08-17,短视频,分享
4795,912,2025-08-05,短视频,曝光
4796,884,2025-09-24,图文,曝光
4797,1733,2025-09-13,图文,点击
4798,1492,2025-09-14,直播,曝光
4799,953,2025-07-09,图文,加购
4800,1445,2025-09-30,图文,点击
4801,1939,2025-08-16,直播,曝光
4802,1385,2025-09-02,图文,曝光
4803,713,2025-08-04,图文,点击
4804,16,2025-08-23,短视频,曝光
4805,1757,2025-09-04,短视频,点击
4806,35,2025-08-19,直播,曝光
4807,1019,2025-08-22,直播,曝光
4808,135,2025-08-02,直播,点击
4809,1759,2025-09-30,直播,曝光
4810,64,2025-07-17,短视频,点击
4811,1368,2025-08-04,短视频,分享
4812,1546,2025-09-14,短视频,分享
4813,1466,2025-08-13,直播,曝光
4814,1094,2025-07-01,短视频,曝光
4815,1182,2025-07-10,短视频,曝光
4816,1010,2025-09-20,图文,曝光
4817,1515,2025-09-30,直播,点击
4818,172,2025-07-25,短视频,曝光
4819,1781,2025-07-20,短视频,曝光
4820,1550,2025-07-23,短视频,曝光
4821,1938,2025-09-23,短视频,曝光
4822,186,2025-07-01,短视频,曝光
4823,419,2025-07-09,短视频,曝光
4824,444,2025-08-03,图文,曝光
4825,825,2025-09-29,短视频,分享
4826,1638,2025-07-09,图文,曝光
4827,1574,2025-07-31,图文,曝光
4828,1386,2025-07-17,短视频,曝光
4829,793,2025-07-31,短视频,曝光
4830,186,2025-09-02,直播,曝光
4831,1389,2025-07-19,图文,曝光
4832,148,2025-08-08,直播,曝光
4833,409,2025-07-15,短视频,曝光
4834,813,2025-07-02,图文,分享
4835,1554,2025-08-15,直播,加购
4836,1207,2025-07-30,短视频,曝光
4837,208,2025-09-07,短视频,曝光
4838,494,2025-07-01,直播,曝光
4839,1699,2025-07-05,直播,分享
4840,1171,2025-09-23,短视频,曝光
4841,1316,2025-08-09,图文,曝光
4842,719,2025-09-18,短视频,曝光
4843,1631,2025-07-10,短视频,点击
4844,1178,2025-08-02,直播,曝光
4845,163,2025-09-03,短视频,曝光
4846,1452,2025-07-23,直播,曝光
4847,577,2025-07-21,短视频,曝光
4848,1687,2025-07-10,短视频,点击
4849,1277,2025-08-02,短视频,曝光
4850,392,2025-09-03,短视频,曝光
4851,59,2025-07-27,短视频,曝光
4852,171,2025-07-12,短视频,分享
4853,493,2025-08-27,直播,分享
4854,237,2025-08-31,图文,曝光
4855,1317,2025-08-07,短视频,曝光
4856,331,2025-07-24,短视频,曝光
4857,893,2025-09-06,短视频,曝光
4858,649,2025-09-06,短视频,点击
4859,1316,2025-08-25,短视频,曝光
4860,58,2025-08-06,直播,点击
4861,805,2025-08-16,短视频,曝光
4862,1666,2025-07-13,短视频,点击
4863,493,2025-07-01,短视频,曝光
4864,1699,2025-07-26,图文,曝光
4865,344,2025-08-17,直播,曝光
4866,1427,2025-09-02,图文,曝光
4867,565,2025-07-22,短视频,曝光
4868,713,2025-09-02,图文,曝光
4869,1045,2025-07-29,图文,加购
4870,1414,2025-08-24,图文,曝光
4871,1054,2025-07-11,短视频,点击
4872,1150,2025-07-30,短视频,曝光
4873,579,2025-07-18,图文,分享
4874,1325,2025-08-28,直播,曝光
4875,142,2025-09-04,直播,加购
4876,176,2025-07-04,短视频,曝光
4877,320,2025-08-06,短视频,曝光
4878,1750,2025-08-25,短视频,曝光
4879,1227,2025-09-07,直播,曝光
4880,698,2025-09-10,短视频,曝光
4881,1251,2025-09-09,短视频,分享
4882,539,2025-07-13,图文,点击
4883,1466,2025-08-28,图文,点击
4884,782,2025-09-14,图文,点击
4885,1238,2025-08-21,短视频,曝光
4886,495,2025-09-22,直播,曝光
4887,71,2025-09-14,短视频,曝光
4888,1989,2025-09-27,图文,曝光
4889,1307,2025-09-26,直播,曝光
4890,1293,2025-07-03,图文,曝光
4891,1207,2025-08-06,短视频,曝光
4892,1793,2025-09-21,图文,曝光
4893,38,2025-07-08,短视频,曝光
4894,1903,2025-07-06,短视频,曝光
4895,919,2025-07-26,图文,曝光
4896,1163,2025-08-04,短视频,点击
4897,1876,2025-08-27,短视频,点击
4898,1602,2025-08-20,短视频,点击
4899,701,2025-09-06,直播,曝光
4900,1811,2025-07-21,直播,曝光
4901,167,2025-08-14,图文,加购
4902,301,2025-08-01,直播,分享
4903,455,2025-09-21,直播,曝光
4904,539,2025-09-22,直播,曝光
4905,1347,2025-09-14,短视频,曝光
4906,804,2025-07-17,短视频,曝光
4907,1701,2025-07-09,图文,曝光
4908,1246,2025-08-19,短视频,曝光
4909,1211,2025-09-04,短视频,点击
4910,1537,2025-09-15,图文,曝光
4911,821,2025-09-12,图文,曝光
4912,691,2025-07-23,直播,曝光
4913,217,2025-08-01,直播,曝光
4914,1686,2025-09-25,短视频,曝光
4915,466,2025-09-04,直播,曝光
4916,1309,2025-09-29,直播,曝光
4917,1582,2025-07-21,直播,曝光
4918,745,2025-07-25,短视频,点击
4919,328,2025-08-30,短视频,曝光
4920,1362,2025-08-13,直播,曝光
4921,651,2025-09-28,直播,加购
4922,1705,2025-07-02,直播,曝光
4923,891,2025-08-27,短视频,曝光
4924,672,2025-09-27,直播,曝光
4925,1455,2025-08-18,图文,曝光
4926,774,2025-07-13,直播,点击
4927,1594,2025-07-06,短视频,曝光
4928,1384,2025-08-09,图文,曝光
4929,1769,2025-09-09,直播,分享
4930,860,2025-08-31,直播,曝光
4931,174,2025-07-10,短视频,点击
4932,356,2025-08-29,短视频,曝光
4933,11,2025-09-22,图文,曝光
4934,1709,2025-08-30,图文,曝光
4935,487,2025-07-24,短视频,曝光
4936,404,2025-07-02,图文,曝光
4937,1213,2025-08-21,直播,曝光
4938,493,2025-09-06,短视频,曝光
4939,1959,2025-09-19,短视频,曝光
4940,1736,2025-09-07,直播,点击
4941,902,2025-08-12,短视频,分享
4942,1284,2025-08-20,直播,曝光
4943,774,2025-07-19,图文,曝光
4944,864,2025-09-06,直播,曝光
4945,961,2025-08-30,图文,曝光
4946,764,2025-07-01,直播,曝光
4947,874,2025-07-29,直播,曝光
4948,367,2025-07-16,短视频,曝光
4949,1304,2025-09-28,直播,曝光
4950,136,2025-07-07,图文,曝光
4951,1819,2025-08-17,短视频,曝光
4952,1819,2025-07-29,短视频,分享
4953,417,2025-09-24,直播,点击
4954,90,2025-07-19,图文,曝光
4955,959,2025-09-26,短视频,曝光
4956,124,2025-07-18,短视频,曝光
4957,807,2025-07-04,图文,曝光
4958,1505,2025-08-08,短视频,曝光
4959,620,2025-08-15,短视频,曝光
4960,1788,2025-08-27,短视频,点击
4961,29,2025-08-18,直播,曝光
4962,1420,2025-08-19,短视频,曝光
4963,1008,2025-07-29,短视频,点击
4964,485,2025-09-15,直播,曝光
4965,861,2025-08-20,短视频,点击
4966,542,2025-08-06,短视频,点击
4967,1241,2025-07-08,短视频,曝光
4968,1923,2025-08-07,短视频,曝光
4969,1003,2025-08-10,图文,分享
4970,1401,2025-07-01,短视频,点击
4971,1223,2025-09-13,短视频,点击
4972,1656,2025-09-08,直播,曝光
4973,1126,2025-07-22,短视频,曝光
4974,893,2025-08-25,直播,曝光
4975,239,2025-07-13,短视频,点击
4976,1554,2025-07-12,直播,曝光
4977,1796,2025-08-31,短视频,曝光
4978,1962,2025-07-18,直播,曝光
4979,1460,2025-09-23,图文,曝光
4980,714,2025-07-16,图文,曝光
4981,1407,2025-08-29,图文,点击
4982,642,2025-08-07,直播,曝光
4983,1798,2025-07-07,短视频,曝光
4984,86,2025-07-04,短视频,加购
4985,1797,2025-07-13,短视频,曝光
4986,1475,2025-09-10,图文,曝光
4987,1779,2025-09-30,直播,曝光
4988,482,2025-07-30,短视频,曝光
4989,1017,2025-07-25,短视频,曝光
4990,508,2025-09-23,短视频,曝光
4991,1422,2025-08-07,图文,曝光
4992,1265,2025-07-25,短视频,加购
4993,1384,2025-08-20,图文,曝光
4994,1478,2025-08-03,直播,曝光
4995,90,2025-07-28,图文,曝光
4996,815,2025-09-23,直播,曝光
4997,506,2025-09-06,短视频,加购
4998,1890,2025-07-16,短视频,曝光
4999,1059,2025-08-24,图文,曝光
5000,324,2025-09-16,直播,曝光
5001,785,2025-08-14,直播,曝光
5002,1055,2025-07-14,直播,曝光
5003,650,2025-08-14,短视频,曝光
5004,1235,2025-08-15,直播,加购
5005,1539,2025-07-19,图文,加购
5006,1235,2025-09-19,短视频,曝光
5007,1158,2025-07-04,短视频,曝光
5008,1314,2025-07-15,短视频,曝光
5009,576,2025-07-10,图文,曝光
5010,1268,2025-07-04,直播,曝光
5011,103,2025-07-27,直播,曝光
5012,1584,2025-07-23,短视频,曝光
5013,761,2025-09-13,短视频,点击
5014,1629,2025-07-25,短视频,曝光
5015,508,2025-07-23,直播,曝光
5016,1955,2025-08-07,短视频,点击
5017,1041,2025-07-09,图文,曝光
5018,1880,2025-09-07,直播,点击
5019,585,2025-09-13,短视频,点击
5020,1040,2025-07-05,短视频,曝光
5021,1428,2025-08-28,短视频,曝光
5022,1412,2025-08-22,短视频,曝光
5023,506,2025-09-28,图文,点击
5024,805,2025-09-05,图文,曝光
5025,461,2025-09-22,短视频,曝光
5026,1302,2025-09-13,短视频,曝光
5027,831,2025-08-26,短视频,曝光
5028,15,2025-09-27,直播,曝光
5029,586,2025-08-26,短视频,曝光
5030,736,2025-09-14,短视频,曝光
5031,1122,2025-08-10,短视频,曝光
5032,1830,2025-07-10,短视频,加购
5033,1968,2025-08-30,短视频,曝光
5034,1351,2025-07-17,短视频,加购
5035,1809,2025-08-16,直播,分享
5036,35,2025-09-05,短视频,曝光
5037,1721,2025-09-19,短视频,点击
5038,1046,2025-07-20,直播,曝光
5039,746,2025-09-21,直播,曝光
5040,732,2025-07-23,图文,曝光
5041,699,2025-09-11,短视频,曝光
5042,1618,2025-09-17,短视频,曝光
5043,918,2025-08-30,直播,点击
5044,230,2025-08-12,短视频,曝光
5045,1803,2025-08-23,短视频,曝光
5046,1209,2025-08-06,短视频,点击
5047,782,2025-07-10,直播,曝光
5048,1425,2025-08-13,短视频,曝光
5049,702,2025-07-02,短视频,曝光
5050,1191,2025-07-24,短视频,曝光
5051,16,2025-09-30,直播,曝光
5052,549,2025-07-09,短视频,点击
5053,685,2025-07-06,直播,曝光
5054,1587,2025-09-28,图文,点击
5055,1509,2025-09-05,短视频,曝光
5056,1588,2025-07-27,直播,曝光
5057,958,2025-07-11,直播,加购
5058,722,2025-08-17,短视频,加购
5059,1057,2025-09-25,图文,曝光
5060,534,2025-07-06,直播,曝光
5061,1058,2025-09-30,直播,曝光
5062,1328,2025-07-14,短视频,曝光
5063,1939,2025-09-28,直播,曝光
5064,736,2025-07-10,短视频,点击
5065,227,2025-07-25,短视频,分享
5066,691,2025-07-05,短视频,曝光
5067,1653,2025-08-10,短视频,曝光
5068,902,2025-08-29,短视频,分享
5069,834,2025-07-13,图文,曝光
5070,917,2025-07-02,图文,分享
5071,506,2025-07-13,短视频,曝光
5072,1660,2025-08-12,短视频,点击
5073,1343,2025-08-17,短视频,点击
5074,1906,2025-08-31,短视频,点击
5075,197,2025-09-25,短视频,曝光
5076,1427,2025-08-03,直播,曝光
5077,162,2025-08-23,短视频,曝光
5078,177,2025-07-14,直播,加购
5079,1691,2025-08-01,图文,曝光
5080,676,2025-07-21,短视频,加购
5081,632,2025-07-18,直播,曝光
5082,380,2025-07-15,短视频,曝光
5083,217,2025-07-05,直播,曝光
5084,1327,2025-07-28,短视频,曝光
5085,1047,2025-07-05,短视频,点击
5086,1197,2025-08-02,短视频,曝光
5087,309,2025-07-06,图文,曝光
5088,1965,2025-08-06,短视频,曝光
5089,16,2025-09-13,短视频,曝光
5090,896,2025-07-21,短视频,曝光
5091,1044,2025-07-08,短视频,加购
5092,211,2025-07-22,直播,曝光
5093,1158,2025-08-09,图文,点击
5094,1197,2025-08-28,直播,点击
5095,1062,2025-08-27,直播,点击
5096,734,2025-07-03,直播,点击
5097,1860,2025-09-24,短视频,曝光
5098,356,2025-08-10,图文,曝光
5099,1489,2025-07-30,图文,曝光
5100,742,2025-09-24,短视频,点击
5101,775,2025-07-18,短视频,加购
5102,477,2025-09-09,直播,加购
5103,1350,2025-09-29,图文,曝光
5104,395,2025-07-31,直播,曝光
5105,746,2025-08-09,短视频,曝光
5106,968,2025-08-20,短视频,曝光
5107,20,2025-09-15,短视频,曝光
5108,1621,2025-09-29,图文,曝光
5109,663,2025-08-21,直播,曝光
5110,1772,2025-09-04,图文,曝光
5111,1298,2025-09-17,短视频,曝光
5112,521,2025-08-24,短视频,加购
5113,1325,2025-09-11,直播,曝光
5114,897,2025-08-21,短视频,加购
5115,974,2025-08-20,短视频,曝光
5116,1686,2025-09-21,图文,曝光
5117,1283,2025-08-03,直播,曝光
5118,1978,2025-07-18,直播,曝光
5119,1857,2025-09-05,短视频,曝光
5120,1700,2025-08-23,短视频,曝光
5121,932,2025-08-21,图文,曝光
5122,989,2025-08-02,短视频,点击
5123,1765,2025-09-04,直播,曝光
5124,1741,2025-08-13,直播,曝光
5125,742,2025-08-30,短视频,分享
5126,1414,2025-07-04,图文,点击
5127,1199,2025-09-24,短视频,曝光
5128,228,2025-09-11,短视频,点击
5129,247,2025-08-15,直播,点击
5130,169,2025-07-17,短视频,曝光
5131,513,2025-09-29,图文,分享
5132,1873,2025-08-21,短视频,曝光
5133,635,2025-08-12,直播,曝光
5134,1849,2025-09-23,短视频,曝光
5135,881,2025-09-22,直播,点击
5136,917,2025-07-24,短视频,曝光
5137,512,2025-08-31,短视频,加购
5138,1324,2025-07-31,图文,点击
5139,1179,2025-07-04,直播,曝光
5140,610,2025-08-07,直播,曝光
5141,1570,2025-07-23,图文,曝光
5142,1403,2025-08-20,短视频,分享
5143,1423,2025-08-10,短视频,曝光
5144,893,2025-07-22,直播,曝光
5145,1295,2025-08-11,短视频,曝光
5146,697,2025-09-06,直播,曝光
5147,1999,2025-08-27,直播,分享
5148,882,2025-08-27,短视频,曝光
5149,549,2025-07-12,直播,加购
5150,912,2025-07-09,短视频,曝光
5151,1883,2025-08-28,短视频,曝光
5152,1886,2025-08-16,图文,加购
5153,712,2025-08-27,短视频,点击
5154,1770,2025-08-03,短视频,分享
5155,612,2025-07-10,直播,曝光
5156,389,2025-08-02,短视频,点击
5157,444,2025-08-29,短视频,分享
5158,557,2025-09-29,直播,曝光
5159,586,2025-08-22,直播,曝光
5160,599,2025-08-07,短视频,曝光
5161,767,2025-08-03,图文,点击
5162,24,2025-07-03,短视频,曝光
5163,755,2025-07-19,短视频,点击
5164,1061,2025-08-02,短视频,点击
5165,802,2025-08-26,图文,曝光
5166,966,2025-08-25,短视频,曝光
5167,451,2025-07-31,直播,点击
5168,250,2025-08-18,短视频,加购
5169,1801,2025-07-22,图文,曝光
5170,1981,2025-07-08,图文,曝光
5171,816,2025-07-27,短视频,加购
5172,1523,2025-07-16,短视频,曝光
5173,282,2025-08-19,短视频,加购
5174,367,2025-09-09,图文,曝光
5175,1040,2025-07-16,直播,曝光
5176,1411,2025-07-01,图文,曝光
5177,1403,2025-07-06,短视频,曝光
5178,682,2025-07-22,图文,曝光
5179,1754,2025-07-16,图文,曝光
5180,1266,2025-09-29,短视频,点击
5181,634,2025-07-22,短视频,曝光
5182,941,2025-08-30,短视频,点击
5183,597,2025-09-03,直播,曝光
5184,278,2025-07-23,直播,曝光
5185,12,2025-07-14,图文,曝光
5186,921,2025-07-18,直播,点击
5187,13,2025-09-19,短视频,曝光
5188,1924,2025-08-08,图文,曝光
5189,1756,2025-07-01,图文,曝光
5190,1497,2025-08-29,短视频,加购
5191,1501,2025-08-09,图文,曝光
5192,1254,2025-07-16,短视频,点击
5193,1465,2025-07-15,直播,分享
5194,1688,2025-09-07,直播,曝光
5195,1026,2025-07-29,短视频,曝光
5196,1658,2025-07-04,直播,曝光
5197,475,2025-09-09,直播,曝光
5198,1777,2025-07-18,直播,点击
5199,1414,2025-09-30,直播,曝光
5200,218,2025-08-24,短视频,曝光
5201,364,2025-08-20,短视频,曝光
5202,259,2025-09-03,短视频,曝光
5203,485,2025-07-21,短视频,点击
5204,1598,2025-08-31,短视频,加购
5205,1654,2025-07-17,直播,曝光
5206,1991,2025-07-25,短视频,曝光
5207,258,2025-08-22,直播,曝光
5208,1126,2025-08-05,图文,点击
5209,1644,2025-09-21,短视频,点击
5210,1929,2025-07-04,短视频,曝光
5211,197,2025-07-10,短视频,曝光
5212,1326,2025-07-01,直播,曝光
5213,160,2025-09-22,短视频,曝光
5214,171,2025-08-08,短视频,曝光
5215,1670,2025-09-19,图文,曝光
5216,1853,2025-08-19,直播,曝光
5217,371,2025-09-18,短视频,曝光
5218,1679,2025-09-14,直播,曝光
5219,1824,2025-07-09,短视频,曝光
5220,1072,2025-09-27,图文,曝光
5221,343,2025-08-17,图文,曝光
5222,1488,2025-08-25,短视频,点击
5223,1097,2025-07-23,图文,加购
5224,704,2025-09-14,直播,曝光
5225,1731,2025-07-08,短视频,点击
5226,1232,2025-07-13,图文,曝光
5227,529,2025-07-21,短视频,点击
5228,827,2025-09-14,短视频,曝光
5229,619,2025-09-14,直播,曝光
5230,1055,2025-07-24,短视频,点击
5231,543,2025-08-20,图文,点击
5232,1274,2025-08-07,短视频,加购
5233,897,2025-08-20,直播,曝光
5234,108,2025-07-02,直播,曝光
5235,12,2025-08-10,图文,曝光
5236,193,2025-08-13,短视频,点击
5237,322,2025-07-02,短视频,曝光
5238,165,2025-08-29,图文,曝光
5239,1324,2025-08-05,短视频,曝光
5240,1190,2025-07-24,直播,曝光
5241,42,2025-09-11,短视频,曝光
5242,826,2025-09-13,直播,点击
5243,588,2025-07-24,短视频,分享
5244,1001,2025-09-24,直播,曝光
5245,1171,2025-07-02,直播,曝光
5246,1001,2025-08-22,直播,曝光
5247,798,2025-09-04,短视频,点击
5248,81,2025-07-23,短视频,曝光
5249,1586,2025-08-03,短视频,曝光
5250,1593,2025-09-03,短视频,曝光
5251,1720,2025-08-03,短视频,曝光
5252,1402,2025-07-28,短视频,曝光
5253,655,2025-08-29,图文,曝光
5254,1376,2025-07-15,直播,曝光
5255,1803,2025-08-21,短视频,曝光
5256,69,2025-07-27,图文,分享
5257,1015,2025-07-30,短视频,曝光
5258,1304,2025-08-10,短视频,曝光
5259,1971,2025-09-06,短视频,点击
5260,1001,2025-07-21,直播,曝光
5261,1760,2025-08-31,短视频,曝光
5262,1522,2025-08-01,短视频,点击
5263,1580,2025-09-20,短视频,曝光
5264,194,2025-08-06,图文,曝光
5265,1009,2025-08-08,图文,曝光
5266,1494,2025-09-08,直播,曝光
5267,250,2025-07-05,图文,曝光
5268,1924,2025-09-17,短视频,曝光
5269,1369,2025-07-31,直播,曝光
5270,1702,2025-09-14,图文,加购
5271,1266,2025-08-03,直播,曝光
5272,1789,2025-07-18,短视频,曝光
5273,1801,2025-07-10,短视频,曝光
5274,152,2025-09-13,图文,曝光
5275,1875,2025-07-03,短视频,曝光
5276,1060,2025-08-28,短视频,曝光
5277,978,2025-08-25,直播,点击
5278,494,2025-07-22,直播,分享
5279,809,2025-09-08,直播,曝光
5280,1090,2025-08-04,图文,曝光
5281,1066,2025-09-12,图文,点击
5282,1414,2025-08-01,短视频,点击
5283,1359,2025-09-10,短视频,点击
5284,1494,2025-08-10,图文,点击
5285,1157,2025-08-12,短视频,分享
5286,1984,2025-09-16,直播,加购
5287,1758,2025-07-10,直播,曝光
5288,1916,2025-08-07,图文,曝光
5289,1449,2025-07-05,短视频,分享
5290,495,2025-07-06,图文,曝光
5291,1930,2025-07-13,短视频,曝光
5292,1832,2025-09-06,短视频,曝光
5293,594,2025-09-11,短视频,分享
5294,1769,2025-09-11,直播,加购
5295,1045,2025-09-30,短视频,曝光
5296,1447,2025-08-22,短视频,曝光
5297,685,2025-07-19,图文,曝光
5298,516,2025-08-13,直播,分享
5299,805,2025-08-20,直播,曝光
5300,377,2025-09-10,短视频,曝光
5301,283,2025-08-13,直播,点击
5302,872,2025-07-03,短视频,曝光
5303,1896,2025-09-16,短视频,曝光
5304,79,2025-08-23,图文,曝光
5305,655,2025-07-10,短视频,曝光
5306,568,2025-09-26,短视频,曝光
5307,416,2025-08-11,图文,曝光
5308,147,2025-09-12,直播,曝光
5309,352,2025-09-05,短视频,点击
5310,1050,2025-07-26,短视频,分享
5311,854,2025-09-21,短视频,曝光
5312,1234,2025-09-23,短视频,点击
5313,1713,2025-09-25,图文,加购
5314,223,2025-07-19,直播,点击
5315,661,2025-07-13,直播,加购
5316,1748,2025-08-20,短视频,分享
5317,472,2025-07-23,直播,曝光
5318,194,2025-08-27,短视频,曝光
5319,480,2025-08-31,直播,曝光
5320,793,2025-07-04,直播,点击
5321,512,2025-09-09,短视频,曝光
5322,1002,2025-07-12,短视频,曝光
5323,409,2025-08-22,图文,曝光
5324,1165,2025-08-20,直播,曝光
5325,1732,2025-07-02,直播,曝光
5326,639,2025-07-17,图文,加购
5327,1085,2025-08-19,短视频,点击
5328,1427,2025-08-08,直播,分享
5329,133,2025-08-13,短视频,曝光
5330,683,2025-09-03,短视频,曝光
5331,1269,2025-09-02,直播,点击
5332,506,2025-08-27,短视频,曝光
5333,824,2025-09-06,短视频,曝光
5334,907,2025-09-19,短视频,曝光
5335,1874,2025-07-20,直播,曝光
5336,227,2025-09-23,图文,分享
5337,1269,2025-08-13,直播,点击
5338,1933,2025-09-24,直播,曝光
5339,1811,2025-08-28,短视频,曝光
5340,1101,2025-08-06,短视频,曝光
5341,777,2025-07-05,直播,点击
5342,289,2025-07-12,短视频,曝光
5343,524,2025-08-27,直播,曝光
5344,1593,2025-08-31,短视频,分享
5345,54,2025-07-13,短视频,曝光
5346,1441,2025-09-23,直播,曝光
5347,1860,2025-07-31,短视频,曝光
5348,862,2025-09-09,直播,加购
5349,1619,2025-09-10,短视频,曝光
5350,1968,2025-09-03,短视频,曝光
5351,1524,2025-09-23,短视频,曝光
5352,1002,2025-09-12,图文,曝光
5353,1129,2025-07-16,短视频,曝光
5354,426,2025-08-07,图文,点击
5355,264,2025-08-22,短视频,曝光
5356,1583,2025-08-16,短视频,曝光
5357,1039,2025-08-18,图文,点击
5358,1858,2025-07-19,短视频,曝光
5359,1486,2025-09-28,短视频,曝光
5360,525,2025-08-31,直播,分享
5361,1926,2025-09-13,短视频,曝光
5362,14,2025-08-02,直播,曝光
5363,192,2025-08-31,短视频,点击
5364,1219,2025-07-25,图文,曝光
5365,1209,2025-08-24,直播,曝光
5366,1466,2025-07-24,短视频,曝光
5367,1295,2025-09-24,短视频,曝光
5368,522,2025-08-16,短视频,曝光
5369,297,2025-08-15,短视频,曝光
5370,1928,2025-08-19,图文,曝光
5371,677,2025-07-21,短视频,加购
5372,336,2025-09-15,短视频,分享
5373,139,2025-07-27,短视频,曝光
5374,1603,2025-09-23,短视频,加购
5375,1690,2025-09-15,短视频,曝光
5376,1753,2025-07-29,短视频,曝光
5377,1706,2025-08-21,短视频,点击
5378,342,2025-07-31,图文,点击
5379,29,2025-07-13,短视频,点击
5380,1003,2025-07-26,短视频,曝光
5381,1016,2025-09-19,直播,曝光
5382,57,2025-07-28,短视频,点击
5383,1753,2025-09-24,短视频,曝光
5384,1284,2025-09-06,直播,点击
5385,1364,2025-08-11,直播,点击
5386,1093,2025-08-27,短视频,曝光
5387,1987,2025-09-20,图文,曝光
5388,1557,2025-07-08,图文,曝光
5389,1157,2025-09-12,短视频,曝光
5390,1003,2025-08-22,短视频,曝光
5391,1670,2025-09-29,短视频,点击
5392,708,2025-09-16,短视频,曝光
5393,1723,2025-09-21,短视频,曝光
5394,274,2025-07-06,短视频,曝光
5395,73,2025-08-11,短视频,曝光
5396,103,2025-09-22,短视频,曝光
5397,734,2025-07-25,直播,曝光
5398,1058,2025-07-24,直播,曝光
5399,1793,2025-08-31,直播,加购
5400,1838,2025-07-31,图文,分享
5401,63,2025-08-24,短视频,曝光
5402,1533,2025-08-06,短视频,曝光
5403,403,2025-08-11,短视频,曝光
5404,787,2025-07-14,短视频,曝光
5405,1717,2025-09-15,短视频,曝光
5406,1968,2025-07-10,短视频,点击
5407,1588,2025-07-16,短视频,曝光
5408,369,2025-07-23,直播,点击
5409,76,2025-07-26,短视频,曝光
5410,1996,2025-07-01,直播,加购
5411,471,2025-09-27,直播,曝光
5412,461,2025-08-23,短视频,曝光
5413,1044,2025-08-15,直播,曝光
5414,337,2025-07-13,短视频,曝光
5415,1332,2025-08-28,直播,曝光
5416,1717,2025-07-09,直播,分享
5417,693,2025-07-26,短视频,点击
5418,938,2025-08-21,短视频,加购
5419,1800,2025-09-29,短视频,点击
5420,1784,2025-08-24,直播,曝光
5421,187,2025-08-13,短视频,曝光
5422,1497,2025-08-30,图文,点击
5423,40,2025-09-06,直播,点击
5424,314,2025-08-16,短视频,点击
5425,1255,2025-08-01,短视频,曝光
5426,244,2025-09-20,短视频,曝光
5427,369,2025-07-29,直播,曝光
5428,894,2025-07-12,图文,曝光
5429,832,2025-07-27,直播,点击
5430,1124,2025-09-11,短视频,曝光
5431,1841,2025-07-08,短视频,曝光
5432,847,2025-08-07,图文,分享
5433,613,2025-07-04,短视频,曝光
5434,424,2025-09-22,直播,曝光
5435,1754,2025-07-31,短视频,曝光
5436,436,2025-07-22,短视频,加购
5437,9,2025-09-02,短视频,曝光
5438,1020,2025-09-26,短视频,曝光
5439,1464,2025-07-05,短视频,点击
5440,29,2025-09-18,直播,曝光
5441,1274,2025-08-06,短视频,加购
5442,878,2025-07-16,直播,点击
5443,1554,2025-07-07,短视频,曝光
5444,67,2025-08-10,图文,曝光
5445,1795,2025-07-23,短视频,曝光
5446,1747,2025-07-23,图文,曝光
5447,1374,2025-07-18,短视频,曝光
5448,1241,2025-07-14,短视频,曝光
5449,1409,2025-09-11,直播,分享
5450,321,2025-08-05,直播,曝光
5451,1794,2025-09-12,直播,曝光
5452,1538,2025-08-19,短视频,点击
5453,1511,2025-07-08,短视频,加购
5454,986,2025-08-06,短视频,曝光
5455,282,2025-07-08,短视频,加购
5456,1022,2025-07-31,直播,点击
5457,1090,2025-09-14,直播,曝光
5458,513,2025-07-31,短视频,曝光
5459,1849,2025-07-22,直播,点击
5460,788,2025-07-15,图文,点击
5461,1909,2025-07-13,直播,点击
5462,1757,2025-07-21,图文,曝光
5463,150,2025-09-22,短视频,点击
5464,295,2025-08-18,短视频,分享
5465,786,2025-09-11,短视频,曝光
5466,1248,2025-07-15,短视频,曝光
5467,228,2025-08-26,图文,曝光
5468,434,2025-09-15,直播,曝光
5469,1713,2025-09-10,短视频,曝光
5470,890,2025-09-06,直播,曝光
5471,1112,2025-09-08,短视频,曝光
5472,1067,2025-09-29,短视频,曝光
5473,1939,2025-08-05,图文,曝光
5474,244,2025-07-30,短视频,曝光
5475,1043,2025-07-09,直播,点击
5476,158,2025-07-17,短视频,曝光
5477,93,2025-08-07,短视频,加购
5478,969,2025-07-07,短视频,曝光
5479,1808,2025-09-08,图文,分享
5480,819,2025-08-02,短视频,曝光
5481,1435,2025-07-30,短视频,曝光
5482,1842,2025-09-23,短视频,曝光
5483,13,2025-07-06,短视频,曝光
5484,1396,2025-08-24,短视频,曝光
5485,1798,2025-08-25,短视频,曝光
5486,1794,2025-09-27,短视频,点击
5487,1472,2025-08-07,短视频,曝光
5488,1857,2025-09-23,短视频,曝光
5489,1204,2025-09-01,图文,曝光
5490,39,2025-08-04,短视频,曝光
5491,1965,2025-08-18,直播,曝光
5492,1760,2025-08-10,直播,曝光
5493,381,2025-08-25,短视频,曝光
5494,1917,2025-07-28,直播,点击
5495,1304,2025-07-31,短视频,加购
5496,906,2025-09-07,图文,加购
5497,1638,2025-09-29,图文,曝光
5498,1272,2025-08-22,直播,曝光
5499,1578,2025-07-31,图文,曝光
5500,692,2025-07-06,图文,分享
5501,780,2025-09-25,短视频,分享
5502,198,2025-09-23,图文,分享
5503,1779,2025-07-20,直播,点击
5504,526,2025-09-11,短视频,曝光
5505,275,2025-09-01,直播,点击
5506,162,2025-09-24,直播,加购
5507,773,2025-08-16,直播,曝光
5508,974,2025-07-23,短视频,曝光
5509,1669,2025-08-01,直播,分享
5510,1308,2025-09-08,图文,曝光
5511,1613,2025-07-19,图文,分享
5512,11,2025-08-28,直播,曝光
5513,59,2025-09-15,图文,分享
5514,458,2025-07-12,图文,曝光
5515,772,2025-08-18,直播,点击
5516,148,2025-07-24,短视频,曝光
5517,1736,2025-08-15,直播,加购
5518,1932,2025-07-18,图文,曝光
5519,970,2025-07-30,短视频,曝光
5520,1607,2025-07-15,直播,曝光
5521,382,2025-08-06,图文,点击
5522,62,2025-08-29,直播,曝光
5523,1798,2025-07-29,图文,曝光
5524,1628,2025-09-18,直播,曝光
5525,1516,2025-08-25,图文,加购
5526,1655,2025-09-29,图文,曝光
5527,1421,2025-09-01,直播,曝光
5528,1611,2025-07-20,直播,曝光
5529,1935,2025-08-22,图文,分享
5530,1757,2025-09-01,直播,点击
5531,1781,2025-08-13,直播,曝光
5532,937,2025-07-08,直播,曝光
5533,1638,2025-07-17,短视频,曝光
5534,479,2025-07-22,图文,曝光
5535,629,2025-08-07,短视频,曝光
5536,1741,2025-09-16,短视频,曝光
5537,727,2025-07-03,短视频,曝光
5538,1670,2025-09-25,直播,曝光
5539,991,2025-08-18,图文,曝光
5540,550,2025-09-28,直播,曝光
5541,824,2025-09-01,短视频,点击
5542,1162,2025-08-12,短视频,点击
5543,127,2025-07-11,短视频,加购
5544,1114,2025-09-06,图文,曝光
5545,211,2025-08-26,短视频,点击
5546,976,2025-08-03,图文,曝光
5547,647,2025-09-14,短视频,加购
5548,1218,2025-09-03,直播,曝光
5549,1679,2025-07-27,图文,曝光
5550,168,2025-07-15,短视频,曝光
5551,171,2025-08-30,直播,点击
5552,910,2025-07-12,短视频,点击
5553,1508,2025-08-18,图文,曝光
5554,560,2025-09-29,图文,曝光
5555,1566,2025-09-07,短视频,曝光
5556,5,2025-07-29,图文,分享
5557,590,2025-09-27,短视频,分享
5558,1039,2025-09-21,直播,分享
5559,1253,2025-08-15,短视频,分享
5560,730,2025-07-03,短视频,点击
5561,1765,2025-09-20,直播,曝光
5562,863,2025-09-15,直播,加购
5563,1272,2025-09-28,直播,曝光
5564,223,2025-09-25,直播,曝光
5565,1859,2025-08-15,短视频,加购
5566,1012,2025-07-02,短视频,曝光
5567,941,2025-08-06,直播,曝光
5568,541,2025-08-05,直播,点击
5569,1216,2025-07-28,直播,点击
5570,2,2025-09-13,直播,曝光
5571,904,2025-09-13,直播,曝光
5572,1561,2025-07-01,直播,曝光
5573,1556,2025-09-23,短视频,点击
5574,1256,2025-07-29,图文,曝光
5575,749,2025-07-17,直播,曝光
5576,1056,2025-07-24,直播,曝光
5577,338,2025-07-06,图文,点击
5578,1245,2025-07-13,直播,分享
5579,433,2025-07-28,图文,曝光
5580,648,2025-07-09,短视频,曝光
5581,1469,2025-07-16,图文,曝光
5582,247,2025-07-23,直播,曝光
5583,661,2025-09-09,直播,曝光
5584,714,2025-07-19,图文,曝光
5585,1893,2025-09-23,图文,曝光
5586,1578,2025-09-28,短视频,曝光
5587,745,2025-08-01,短视频,曝光
5588,1217,2025-07-03,直播,曝光
5589,480,2025-07-27,短视频,曝光
5590,1583,2025-07-12,短视频,分享
5591,690,2025-07-03,短视频,曝光
5592,1805,2025-09-13,短视频,曝光
5593,1782,2025-07-11,直播,曝光
5594,500,2025-09-09,短视频,点击
5595,819,2025-08-31,直播,曝光
5596,1829,2025-08-13,短视频,加购
5597,193,2025-07-30,直播,曝光
5598,1326,2025-08-05,图文,曝光
5599,1033,2025-07-29,短视频,曝光
5600,1122,2025-08-01,图文,曝光
5601,1145,2025-07-25,图文,曝光
5602,1007,2025-09-28,短视频,曝光
5603,686,2025-09-23,短视频,点击
5604,938,2025-09-18,短视频,曝光
5605,1957,2025-09-16,图文,分享
5606,148,2025-07-25,短视频,曝光
5607,322,2025-09-18,短视频,曝光
5608,110,2025-08-12,短视频,曝光
5609,1252,2025-07-16,短视频,曝光
5610,662,2025-09-07,图文,曝光
5611,90,2025-09-27,图文,曝光
5612,408,2025-09-14,短视频,点击
5613,521,2025-07-02,直播,点击
5614,174,2025-07-12,直播,曝光
5615,1534,2025-07-13,短视频,曝光
5616,49,2025-09-26,直播,曝光
5617,1766,2025-08-18,图文,曝光
5618,1957,2025-09-14,直播,曝光
5619,1835,2025-07-13,直播,曝光
5620,425,2025-08-16,直播,点击
5621,457,2025-08-04,图文,曝光
5622,1970,2025-08-16,直播,曝光
5623,1246,2025-08-31,图文,曝光
5624,1090,2025-08-16,图文,曝光
5625,1730,2025-07-07,短视频,曝光
5626,384,2025-09-14,直播,曝光
5627,813,2025-09-22,短视频,曝光
5628,291,2025-08-20,图文,曝光
5629,1598,2025-07-17,短视频,曝光
5630,402,2025-09-13,短视频,点击
5631,264,2025-08-25,短视频,曝光
5632,728,2025-09-18,图文,曝光
5633,1129,2025-08-26,图文,曝光
5634,410,2025-09-03,直播,曝光
5635,1801,2025-09-11,直播,曝光
5636,1657,2025-07-05,直播,加购
5637,1840,2025-07-23,直播,曝光
5638,735,2025-08-11,短视频,加购
5639,778,2025-09-04,短视频,曝光
5640,1054,2025-07-24,直播,点击
5641,1820,2025-08-11,短视频,曝光
5642,1003,2025-07-04,直播,加购
5643,777,2025-08-28,图文,点击
5644,1320,2025-08-29,直播,曝光
5645,266,2025-08-20,直播,曝光
5646,1995,2025-08-17,短视频,加购
5647,1378,2025-09-30,短视频,曝光
5648,888,2025-07-06,短视频,加购
5649,181,2025-09-04,短视频,曝光
5650,646,2025-08-27,图文,点击
5651,1147,2025-08-11,图文,曝光
5652,1949,2025-07-18,直播,点击
5653,975,2025-09-25,直播,曝光
5654,1996,2025-09-25,短视频,曝光
5655,1036,2025-08-01,短视频,曝光
5656,1562,2025-09-03,短视频,曝光
5657,197,2025-07-10,图文,曝光
5658,1596,2025-07-01,图文,点击
5659,485,2025-09-27,短视频,曝光
5660,815,2025-09-19,短视频,点击
5661,647,2025-07-01,短视频,点击
5662,1078,2025-07-06,短视频,曝光
5663,1229,2025-07-14,短视频,曝光
5664,704,2025-07-02,短视频,曝光
5665,115,2025-08-04,图文,曝光
5666,1238,2025-08-06,短视频,曝光
5667,841,2025-08-30,直播,曝光
5668,1652,2025-07-15,短视频,点击
5669,1391,2025-09-19,短视频,曝光
5670,749,2025-09-14,短视频,曝光
5671,104,2025-09-03,直播,曝光
5672,1071,2025-09-25,短视频,曝光
5673,1591,2025-07-18,直播,曝光
5674,1550,2025-09-11,短视频,曝光
5675,670,2025-08-10,图文,曝光
5676,418,2025-08-03,短视频,曝光
5677,148,2025-09-01,图文,点击
5678,1221,2025-07-27,直播,曝光
5679,526,2025-07-02,图文,曝光
5680,1552,2025-08-01,图文,分享
5681,1195,2025-09-10,直播,曝光
5682,105,2025-07-08,直播,点击
5683,1383,2025-09-17,直播,曝光
5684,508,2025-09-22,图文,曝光
5685,1745,2025-08-13,直播,点击
5686,51,2025-07-23,图文,点击
5687,734,2025-09-13,短视频,曝光
5688,13,2025-07-24,短视频,曝光
5689,1267,2025-07-20,短视频,加购
5690,956,2025-09-04,直播,加购
5691,1067,2025-07-30,图文,曝光
5692,1402,2025-08-26,短视频,曝光
5693,1792,2025-07-22,直播,分享
5694,767,2025-09-27,直播,曝光
5695,1141,2025-07-21,直播,加购
5696,1243,2025-09-29,短视频,曝光
5697,1763,2025-09-08,短视频,加购
5698,383,2025-08-08,直播,点击
5699,1048,2025-09-01,短视频,曝光
5700,1673,2025-09-23,直播,曝光
5701,563,2025-08-27,短视频,曝光
5702,726,2025-09-26,短视频,加购
5703,899,2025-09-23,短视频,曝光
5704,1415,2025-09-17,短视频,曝光
5705,1342,2025-09-23,图文,曝光
5706,260,2025-09-24,短视频,加购
5707,412,2025-07-03,短视频,曝光
5708,1637,2025-08-25,直播,曝光
5709,1348,2025-08-31,短视频,点击
5710,1037,2025-07-11,直播,曝光
5711,841,2025-08-31,直播,曝光
5712,1941,2025-09-18,图文,加购
5713,1765,2025-09-07,短视频,曝光
5714,811,2025-07-29,直播,点击
5715,704,2025-08-15,短视频,加购
5716,1746,2025-09-24,短视频,曝光
5717,692,2025-07-25,短视频,曝光
5718,825,2025-08-17,图文,曝光
5719,1834,2025-09-16,直播,曝光
5720,216,2025-08-15,直播,曝光
5721,1407,2025-07-11,短视频,曝光
5722,1376,2025-09-15,短视频,曝光
5723,759,2025-08-01,短视频,曝光
5724,366,2025-08-05,短视频,加购
5725,1723,2025-09-16,短视频,曝光
5726,1600,2025-07-10,短视频,分享
5727,1717,2025-09-07,短视频,曝光
5728,670,2025-09-11,直播,曝光
5729,1926,2025-09-21,直播,曝光
5730,1513,2025-07-27,直播,分享
5731,480,2025-07-03,图文,曝光
5732,963,2025-09-16,短视频,曝光
5733,633,2025-07-15,图文,点击
5734,1075,2025-09-23,直播,点击
5735,377,2025-09-04,直播,曝光
5736,1470,2025-08-06,图文,曝光
5737,920,2025-08-04,图文,曝光
5738,1331,2025-08-31,直播,点击
5739,1284,2025-09-17,短视频,点击
5740,1329,2025-07-02,直播,曝光
5741,1520,2025-07-02,图文,曝光
5742,1318,2025-09-12,短视频,加购
5743,1032,2025-08-07,短视频,曝光
5744,1171,2025-08-12,短视频,曝光
5745,1263,2025-07-01,短视频,曝光
5746,1615,2025-07-25,直播,分享
5747,952,2025-08-25,直播,曝光
5748,601,2025-09-19,短视频,曝光
5749,505,2025-07-12,短视频,曝光
5750,364,2025-08-07,短视频,曝光
5751,1206,2025-09-06,直播,分享
5752,1471,2025-09-14,短视频,点击
5753,635,2025-08-15,短视频,分享
5754,1080,2025-08-08,短视频,曝光
5755,745,2025-09-15,直播,曝光
5756,1802,2025-09-26,短视频,点击
5757,1813,2025-09-09,直播,点击
5758,1931,2025-08-31,图文,分享
5759,1723,2025-09-02,短视频,曝光
5760,1735,2025-08-31,短视频,曝光
5761,1115,2025-08-17,图文,曝光
5762,1096,2025-07-12,图文,点击
5763,604,2025-09-21,直播,分享
5764,1509,2025-09-07,短视频,加购
5765,641,2025-08-01,短视频,点击
5766,669,2025-08-17,图文,曝光
5767,1892,2025-07-07,短视频,曝光
5768,30,2025-09-05,短视频,曝光
5769,237,2025-08-07,短视频,曝光
5770,1561,2025-09-18,短视频,点击
5771,1371,2025-07-21,短视频,加购
5772,1563,2025-09-03,直播,曝光
5773,934,2025-08-01,短视频,曝光
5774,17,2025-08-15,短视频,点击
5775,596,2025-07-30,短视频,曝光
5776,1728,2025-09-17,直播,曝光
5777,1333,2025-07-20,图文,点击
5778,1763,2025-09-06,短视频,曝光
5779,19,2025-07-03,短视频,点击
5780,642,2025-09-09,图文,曝光
5781,1375,2025-08-13,短视频,点击
5782,35,2025-09-22,短视频,曝光
5783,900,2025-08-07,短视频,曝光
5784,1753,2025-07-13,短视频,曝光
5785,324,2025-09-01,直播,曝光
5786,142,2025-08-15,短视频,曝光
5787,1274,2025-07-04,短视频,曝光
5788,465,2025-07-12,直播,曝光
5789,368,2025-08-15,短视频,曝光
5790,1086,2025-09-07,图文,曝光
5791,1213,2025-09-29,短视频,曝光
5792,1634,2025-08-09,短视频,点击
5793,208,2025-09-26,图文,点击
5794,1564,2025-09-05,短视频,加购
5795,1341,2025-08-19,短视频,曝光
5796,1363,2025-07-12,直播,曝光
5797,478,2025-09-16,短视频,曝光
5798,1658,2025-08-27,短视频,曝光
5799,247,2025-09-11,直播,曝光
5800,1371,2025-07-11,直播,曝光
5801,270,2025-09-25,直播,曝光
5802,1276,2025-08-02,短视频,点击
5803,904,2025-08-07,直播,曝光
5804,336,2025-08-19,图文,点击
5805,389,2025-07-03,图文,曝光
5806,880,2025-09-02,直播,曝光
5807,733,2025-07-25,直播,加购
5808,903,2025-08-16,直播,点击
5809,867,2025-08-18,图文,曝光
5810,37,2025-09-06,短视频,曝光
5811,859,2025-09-12,短视频,曝光
5812,812,2025-07-16,短视频,曝光
5813,783,2025-09-13,图文,曝光
5814,455,2025-08-29,图文,曝光
5815,385,2025-09-23,短视频,加购
5816,180,2025-08-05,图文,分享
5817,1250,2025-08-21,直播,曝光
5818,1093,2025-07-15,图文,曝光
5819,1624,2025-08-02,图文,曝光
5820,475,2025-09-17,短视频,曝光
5821,816,2025-09-10,短视频,点击
5822,381,2025-09-28,短视频,曝光
5823,1881,2025-09-17,直播,曝光
5824,1574,2025-07-23,直播,曝光
5825,298,2025-07-30,短视频,曝光
5826,1621,2025-07-15,直播,曝光
5827,1848,2025-08-16,短视频,分享
5828,1322,2025-09-09,短视频,曝光
5829,1982,2025-09-14,图文,曝光
5830,380,2025-09-30,直播,曝光
5831,578,2025-08-01,直播,曝光
5832,1266,2025-08-08,短视频,曝光
5833,1077,2025-08-22,短视频,曝光
5834,1427,2025-09-11,短视频,加购
5835,1931,2025-09-27,短视频,曝光
5836,467,2025-07-14,直播,加购
5837,1745,2025-08-01,直播,曝光
5838,266,2025-07-21,短视频,曝光
5839,919,2025-07-23,短视频,曝光
5840,868,2025-07-13,直播,曝光
5841,1613,2025-08-24,图文,曝光
5842,849,2025-08-31,短视频,曝光
5843,1661,2025-08-10,直播,加购
5844,307,2025-08-24,短视频,分享
5845,1987,2025-09-02,直播,曝光
5846,384,2025-08-30,直播,曝光
5847,1184,2025-09-25,直播,点击
5848,1000,2025-07-16,短视频,加购
5849,182,2025-09-26,短视频,曝光
5850,1055,2025-07-08,图文,点击
5851,1747,2025-07-03,短视频,曝光
5852,1076,2025-08-19,短视频,曝光
5853,1406,2025-08-14,短视频,加购
5854,1965,2025-08-18,图文,曝光
5855,606,2025-09-30,短视频,曝光
5856,80,2025-08-08,短视频,曝光
5857,1379,2025-09-16,短视频,曝光
5858,1573,2025-09-01,短视频,点击
5859,286,2025-07-06,直播,点击
5860,704,2025-08-08,直播,分享
5861,717,2025-07-13,短视频,曝光
5862,1506,2025-09-17,短视频,点击
5863,1752,2025-08-03,图文,点击
5864,1471,2025-09-10,直播,点击
5865,594,2025-07-07,图文,曝光
5866,1240,2025-07-31,短视频,曝光
5867,539,2025-09-12,短视频,点击
5868,1263,2025-09-21,短视频,曝光
5869,1931,2025-07-03,短视频,曝光
5870,1328,2025-08-15,短视频,曝光
5871,1571,2025-09-19,短视频,曝光
5872,1496,2025-08-12,图文,加购
5873,954,2025-07-28,短视频,点击
5874,264,2025-09-05,短视频,加购
5875,1952,2025-09-11,短视频,点击
5876,722,2025-09-26,图文,曝光
5877,1774,2025-09-22,图文,分享
5878,1685,2025-07-04,短视频,曝光
5879,1368,2025-09-13,图文,分享
5880,1096,2025-07-17,短视频,曝光
5881,548,2025-09-15,直播,曝光
5882,274,2025-09-13,直播,加购
5883,1746,2025-07-22,图文,加购
5884,1924,2025-08-10,短视频,曝光
5885,1346,2025-09-09,直播,曝光
5886,1976,2025-09-17,直播,曝光
5887,433,2025-09-19,短视频,曝光
5888,1026,2025-08-02,图文,曝光
5889,350,2025-07-08,图文,曝光
5890,1067,2025-09-28,直播,曝光
5891,1783,2025-09-18,图文,曝光
5892,585,2025-07-20,直播,点击
5893,842,2025-08-23,直播,加购
5894,1033,2025-09-26,直播,曝光
5895,928,2025-07-30,直播,加购
5896,1938,2025-09-11,短视频,曝光
5897,853,2025-08-14,短视频,曝光
5898,510,2025-09-28,短视频,曝光
5899,656,2025-08-07,直播,加购
5900,610,2025-07-15,短视频,加购
5901,631,2025-09-26,短视频,点击
5902,1796,2025-08-02,短视频,曝光
5903,1026,2025-07-26,图文,加购
5904,769,2025-07-19,图文,曝光
5905,283,2025-08-07,短视频,曝光
5906,1946,2025-09-15,直播,点击
5907,307,2025-08-01,直播,曝光
5908,700,2025-07-25,短视频,分享
5909,1399,2025-08-10,短视频,曝光
5910,10,2025-08-18,短视频,曝光
5911,633,2025-09-15,短视频,分享
5912,1908,2025-07-18,短视频,曝光
5913,49,2025-07-30,短视频,曝光
5914,474,2025-09-04,图文,曝光
5915,173,2025-08-09,直播,加购
5916,1389,2025-09-07,短视频,点击
5917,24,2025-08-10,短视频,点击
5918,95,2025-07-11,短视频,曝光
5919,946,2025-09-18,短视频,曝光
5920,1497,2025-09-02,短视频,点击
5921,1810,2025-07-13,短视频,分享
5922,441,2025-07-16,短视频,曝光
5923,1144,2025-08-01,直播,曝光
5924,1601,2025-09-26,图文,曝光
5925,1460,2025-07-28,短视频,曝光
5926,1934,2025-09-19,短视频,曝光
5927,152,2025-08-14,短视频,曝光
5928,91,2025-07-19,短视频,曝光
5929,1373,2025-07-11,短视频,曝光
5930,736,2025-08-01,短视频,曝光
5931,1477,2025-07-21,图文,曝光
5932,1432,2025-08-24,直播,曝光
5933,886,2025-09-29,图文,曝光
5934,1993,2025-09-13,直播,曝光
5935,1764,2025-07-29,图文,曝光
5936,727,2025-09-25,短视频,曝光
5937,11,2025-09-27,短视频,加购
5938,1990,2025-08-08,直播,分享
5939,1937,2025-08-14,图文,加购
5940,1799,2025-08-14,图文,加购
5941,112,2025-08-07,短视频,曝光
5942,1439,2025-07-15,图文,曝光
5943,1922,2025-09-21,直播,曝光
5944,764,2025-08-02,短视频,曝光
5945,1509,2025-07-08,短视频,曝光
5946,1074,2025-09-30,直播,点击
5947,927,2025-07-12,直播,加购
5948,1441,2025-09-25,图文,曝光
5949,1161,2025-07-13,图文,曝光
5950,1372,2025-08-08,直播,点击
5951,448,2025-08-17,短视频,点击
5952,577,2025-07-21,短视频,加购
5953,1280,2025-08-23,直播,曝光
5954,1115,2025-08-22,短视频,曝光
5955,767,2025-09-18,直播,点击
5956,1671,2025-08-08,短视频,点击
5957,683,2025-09-19,短视频,点击
5958,951,2025-09-08,短视频,分享
5959,633,2025-09-13,图文,分享
5960,1133,2025-08-27,直播,曝光
5961,1125,2025-07-17,短视频,点击
5962,656,2025-08-30,短视频,曝光
5963,1548,2025-09-04,短视频,点击
5964,321,2025-08-04,图文,点击
5965,1541,2025-08-28,短视频,曝光
5966,132,2025-08-26,短视频,曝光
5967,502,2025-08-29,短视频,点击
5968,813,2025-09-02,短视频,点击
5969,848,2025-08-31,短视频,曝光
5970,1264,2025-08-29,图文,曝光
5971,1878,2025-07-30,直播,曝光
5972,1521,2025-09-02,短视频,曝光
5973,1089,2025-07-14,短视频,曝光
5974,169,2025-09-20,短视频,曝光
5975,1985,2025-09-12,短视频,曝光
5976,637,2025-07-25,短视频,加购
5977,1241,2025-07-07,短视频,曝光
5978,1616,2025-07-15,短视频,曝光
5979,1400,2025-09-01,短视频,曝光
5980,225,2025-07-04,短视频,曝光
5981,520,2025-07-10,图文,曝光
5982,1987,2025-09-03,直播,分享
5983,1536,2025-08-15,短视频,曝光
5984,1266,2025-07-31,直播,曝光
5985,893,2025-07-26,短视频,曝光
5986,1881,2025-08-16,短视频,曝光
5987,1454,2025-07-28,直播,加购
5988,1461,2025-07-07,短视频,点击
5989,1833,2025-08-11,直播,点击
5990,1928,2025-09-24,短视频,加购
5991,1720,2025-08-17,短视频,加购
5992,1331,2025-08-24,直播,点击
5993,458,2025-07-31,直播,点击
5994,537,2025-07-12,图文,分享
5995,309,2025-09-07,短视频,曝光
5996,1601,2025-08-07,图文,曝光
5997,670,2025-07-08,短视频,曝光
5998,453,2025-07-29,图文,曝光
5999,1452,2025-07-04,短视频,曝光
6000,1131,2025-09-18,图文,曝光
6001,492,2025-09-30,图文,点击
6002,747,2025-09-19,短视频,曝光
6003,963,2025-09-13,短视频,曝光
6004,1599,2025-09-11,直播,曝光
6005,14,2025-08-13,短视频,曝光
6006,1519,2025-08-05,短视频,曝光
6007,158,2025-07-08,图文,曝光
6008,1728,2025-09-25,直播,曝光
6009,236,2025-07-02,直播,曝光
6010,494,2025-07-26,图文,曝光
6011,739,2025-08-09,直播,曝光
6012,1996,2025-08-30,直播,曝光
6013,797,2025-09-30,直播,曝光
6014,1611,2025-08-18,短视频,曝光
6015,513,2025-09-14,短视频,曝光
6016,774,2025-08-10,直播,曝光
6017,1035,2025-09-30,直播,加购
6018,256,2025-07-18,短视频,曝光
6019,61,2025-08-07,短视频,加购
6020,699,2025-07-23,图文,加购
6021,1573,2025-07-25,短视频,曝光
6022,213,2025-09-14,直播,曝光
6023,1637,2025-09-04,直播,曝光
6024,1231,2025-08-31,短视频,曝光
6025,549,2025-07-09,直播,曝光
6026,226,2025-09-24,直播,曝光
6027,1102,2025-09-25,短视频,点击
6028,862,2025-09-01,短视频,点击
6029,218,2025-08-07,短视频,曝光
6030,1336,2025-07-06,直播,曝光
6031,1675,2025-08-11,短视频,曝光
6032,907,2025-07-11,图文,曝光
6033,903,2025-08-29,图文,曝光
6034,1764,2025-09-05,图文,加购
6035,775,2025-07-07,直播,点击
6036,482,2025-07-24,直播,曝光
6037,1695,2025-08-29,图文,曝光
6038,1048,2025-07-23,图文,曝光
6039,1876,2025-09-17,图文,曝光
6040,1827,2025-08-07,短视频,曝光
6041,1622,2025-08-31,短视频,曝光
6042,707,2025-09-07,直播,曝光
6043,1436,2025-08-25,直播,分享
6044,946,2025-08-28,图文,点击
6045,1529,2025-08-22,短视频,曝光
6046,1866,2025-07-18,短视频,曝光
6047,1466,2025-07-28,短视频,曝光
6048,999,2025-09-21,直播,点击
6049,1986,2025-08-02,直播,曝光
6050,1729,2025-09-28,图文,加购
6051,490,2025-08-22,直播,曝光
6052,1881,2025-09-11,短视频,点击
6053,960,2025-07-22,短视频,曝光
6054,513,2025-07-18,直播,曝光
6055,590,2025-08-05,短视频,曝光
6056,1572,2025-09-12,直播,曝光
6057,771,2025-09-02,短视频,曝光
6058,1308,2025-08-17,短视频,曝光
6059,890,2025-07-17,短视频,分享
6060,1974,2025-07-03,直播,曝光
6061,273,2025-07-12,图文,曝光
6062,1172,2025-08-31,直播,分享
6063,712,2025-09-27,短视频,曝光
6064,1586,2025-09-28,图文,曝光
6065,1886,2025-09-09,短视频,点击
6066,692,2025-08-09,短视频,曝光
6067,1816,2025-09-05,短视频,曝光
6068,1213,2025-07-06,直播,点击
6069,111,2025-08-02,直播,点击
6070,1558,2025-07-22,图文,曝光
6071,1103,2025-09-28,直播,曝光
6072,1934,2025-08-21,短视频,曝光
6073,918,2025-09-25,直播,分享
6074,504,2025-09-11,短视频,分享
6075,346,2025-09-06,直播,点击
6076,158,2025-07-18,直播,曝光
6077,1412,2025-07-08,短视频,曝光
6078,1953,2025-07-21,直播,曝光
6079,1294,2025-09-14,短视频,曝光
6080,1206,2025-09-23,短视频,曝光
6081,57,2025-09-03,图文,曝光
6082,35,2025-09-20,短视频,加购
6083,999,2025-07-07,图文,点击
6084,1040,2025-09-23,直播,曝光
6085,852,2025-07-10,图文,曝光
6086,1873,2025-07-17,短视频,曝光
6087,661,2025-09-15,图文,加购
6088,1969,2025-09-24,直播,曝光
6089,528,2025-07-15,短视频,加购
6090,652,2025-08-01,短视频,曝光
6091,599,2025-09-14,图文,曝光
6092,1564,2025-08-17,短视频,分享
6093,663,2025-08-07,短视频,曝光
6094,918,2025-08-11,短视频,曝光
6095,223,2025-07-28,短视频,曝光
6096,797,2025-09-28,短视频,曝光
6097,400,2025-08-18,直播,曝光
6098,1517,2025-07-25,短视频,曝光
6099,1626,2025-09-21,图文,曝光
6100,540,2025-09-27,直播,曝光
6101,1977,2025-07-06,短视频,加购
6102,853,2025-09-27,短视频,分享
6103,1670,2025-09-28,短视频,曝光
6104,494,2025-09-23,直播,曝光
6105,1718,2025-07-14,短视频,点击
6106,286,2025-08-02,图文,曝光
6107,724,2025-09-18,直播,曝光
6108,759,2025-08-04,图文,点击
6109,373,2025-08-10,直播,曝光
6110,1919,2025-07-19,短视频,曝光
6111,588,2025-08-08,短视频,曝光
6112,838,2025-08-13,短视频,曝光
6113,34,2025-08-07,短视频,点击
6114,1367,2025-07-23,短视频,分享
6115,360,2025-07-09,短视频,曝光
6116,571,2025-08-27,短视频,加购
6117,1835,2025-07-06,短视频,曝光
6118,1731,2025-09-18,短视频,曝光
6119,230,2025-07-07,短视频,加购
6120,1250,2025-09-26,直播,点击
6121,1495,2025-08-21,图文,曝光
6122,1901,2025-08-10,直播,曝光
6123,482,2025-09-16,图文,曝光
6124,652,2025-08-09,直播,曝光
6125,474,2025-07-13,短视频,曝光
6126,1077,2025-08-17,短视频,点击
6127,1207,2025-08-14,短视频,曝光
6128,383,2025-09-22,短视频,曝光
6129,46,2025-08-17,短视频,曝光
6130,272,2025-07-08,图文,曝光
6131,418,2025-08-01,短视频,点击
6132,1171,2025-07-29,图文,曝光
6133,401,2025-07-21,短视频,分享
6134,1607,2025-07-19,直播,曝光
6135,1285,2025-07-08,短视频,点击
6136,400,2025-09-10,直播,加购
6137,1982,2025-08-06,短视频,曝光
6138,1406,2025-08-04,直播,分享
6139,1741,2025-08-09,短视频,曝光
6140,1344,2025-09-27,图文,曝光
6141,1321,2025-09-03,直播,曝光
6142,966,2025-09-29,直播,曝光
6143,1313,2025-08-25,短视频,点击
6144,1534,2025-09-20,直播,点击
6145,1973,2025-09-24,短视频,曝光
6146,1188,2025-08-16,短视频,点击
6147,1508,2025-08-15,短视频,曝光
6148,1893,2025-09-24,图文,曝光
6149,1221,2025-09-05,短视频,曝光
6150,1528,2025-08-04,直播,曝光
6151,378,2025-07-30,短视频,曝光
6152,1774,2025-08-06,直播,曝光
6153,1958,2025-07-24,短视频,曝光
6154,723,2025-08-13,图文,曝光
6155,1775,2025-08-31,短视频,曝光
6156,1622,2025-09-03,直播,曝光
6157,466,2025-07-04,图文,曝光
6158,1985,2025-07-06,直播,曝光
6159,1170,2025-08-27,短视频,点击
6160,327,2025-08-19,图文,分享
6161,217,2025-07-06,短视频,点击
6162,1023,2025-09-27,直播,点击
6163,1042,2025-09-28,直播,加购
6164,1725,2025-07-07,短视频,加购
6165,1021,2025-07-01,图文,曝光
6166,794,2025-07-08,短视频,曝光
6167,634,2025-08-29,图文,曝光
6168,1017,2025-09-25,短视频,曝光
6169,533,2025-08-07,图文,分享
6170,1496,2025-09-15,直播,点击
6171,272,2025-07-20,短视频,曝光
6172,1650,2025-07-01,短视频,曝光
6173,433,2025-08-14,短视频,曝光
6174,400,2025-08-11,短视频,曝光
6175,1949,2025-09-30,短视频,曝光
6176,783,2025-07-29,直播,曝光
6177,1361,2025-08-09,直播,曝光
6178,790,2025-07-16,短视频,曝光
6179,1964,2025-08-06,图文,曝光
6180,306,2025-07-05,短视频,加购
6181,932,2025-08-01,直播,曝光
6182,183,2025-07-23,图文,曝光
6183,1143,2025-08-04,短视频,曝光
6184,1490,2025-08-30,短视频,曝光
6185,937,2025-09-11,短视频,曝光
6186,1704,2025-07-28,短视频,曝光
6187,1537,2025-09-19,图文,分享
6188,1904,2025-07-29,短视频,曝光
6189,1992,2025-07-08,图文,曝光
6190,1913,2025-07-25,直播,加购
6191,867,2025-07-23,图文,点击
6192,1990,2025-07-09,短视频,曝光
6193,1323,2025-08-30,直播,分享
6194,166,2025-08-24,短视频,曝光
6195,165,2025-07-29,短视频,分享
6196,794,2025-09-06,直播,曝光
6197,1113,2025-07-21,短视频,曝光
6198,165,2025-09-29,图文,曝光
6199,1154,2025-08-02,短视频,曝光
6200,1356,2025-07-21,短视频,曝光
6201,1387,2025-09-07,图文,加购
6202,1945,2025-07-15,图文,曝光
6203,729,2025-09-27,图文,曝光
6204,74,2025-09-04,直播,曝光
6205,1916,2025-07-19,直播,曝光
6206,1053,2025-07-30,短视频,曝光
6207,1261,2025-09-27,直播,曝光
6208,1067,2025-08-16,直播,曝光
6209,974,2025-08-20,短视频,曝光
6210,327,2025-09-04,图文,曝光
6211,1129,2025-07-24,短视频,曝光
6212,1667,2025-08-08,直播,分享
6213,227,2025-08-08,直播,曝光
6214,790,2025-08-04,短视频,曝光
6215,1871,2025-07-29,短视频,点击
6216,841,2025-08-10,直播,点击
6217,324,2025-09-11,图文,曝光
6218,1924,2025-08-12,短视频,曝光
6219,274,2025-07-09,直播,点击
6220,495,2025-07-01,短视频,加购
6221,931,2025-07-02,短视频,点击
6222,771,2025-07-18,短视频,曝光
6223,833,2025-09-09,直播,曝光
6224,1541,2025-08-26,短视频,点击
6225,1114,2025-08-02,短视频,曝光
6226,960,2025-07-02,短视频,加购
6227,1407,2025-07-31,短视频,曝光
6228,1207,2025-07-26,图文,分享
6229,1258,2025-08-15,直播,点击
6230,956,2025-08-10,图文,加购
6231,1109,2025-07-16,直播,分享
6232,567,2025-08-10,短视频,曝光
6233,828,2025-07-12,直播,点击
6234,326,2025-07-05,短视频,曝光
6235,165,2025-09-24,短视频,曝光
6236,1701,2025-09-19,短视频,曝光
6237,1615,2025-09-30,短视频,曝光
6238,551,2025-07-09,直播,曝光
6239,922,2025-09-01,短视频,分享
6240,1995,2025-09-19,短视频,加购
6241,1063,2025-08-06,直播,分享
6242,21,2025-09-30,直播,曝光
6243,1155,2025-09-27,短视频,曝光
6244,1764,2025-07-17,短视频,加购
6245,462,2025-09-18,直播,曝光
6246,1895,2025-07-07,直播,点击
6247,1527,2025-07-15,短视频,曝光
6248,118,2025-07-12,直播,曝光
6249,1976,2025-09-29,直播,加购
6250,1256,2025-09-17,直播,点击
6251,432,2025-07-26,短视频,曝光
6252,1566,2025-09-28,图文,点击
6253,1643,2025-07-12,直播,曝光
6254,1231,2025-08-24,短视频,曝光
6255,1929,2025-09-18,图文,曝光
6256,1761,2025-09-26,直播,加购
6257,624,2025-07-21,短视频,点击
6258,265,2025-09-09,图文,加购
6259,1615,2025-09-02,直播,曝光
6260,1898,2025-08-22,短视频,曝光
6261,589,2025-09-13,直播,曝光
6262,1102,2025-09-23,短视频,曝光
6263,1021,2025-07-14,短视频,分享
6264,689,2025-08-13,短视频,点击
6265,1077,2025-07-20,短视频,曝光
6266,1051,2025-08-07,短视频,曝光
6267,1971,2025-08-04,短视频,曝光
6268,679,2025-09-05,短视频,点击
6269,298,2025-08-26,直播,曝光
6270,911,2025-09-07,短视频,曝光
6271,284,2025-09-03,短视频,曝光
6272,313,2025-08-02,短视频,曝光
6273,1271,2025-08-29,直播,曝光
6274,1690,2025-08-13,短视频,曝光
6275,232,2025-08-19,直播,点击
6276,780,2025-07-20,短视频,曝光
6277,367,2025-07-26,直播,曝光
6278,935,2025-07-12,图文,曝光
6279,1182,2025-07-15,直播,分享
6280,1820,2025-08-02,直播,曝光
6281,1789,2025-07-18,短视频,曝光
6282,1815,2025-08-15,短视频,曝光
6283,845,2025-09-04,短视频,曝光
6284,1577,2025-07-15,直播,曝光
6285,582,2025-07-20,直播,曝光
6286,61,2025-07-15,短视频,曝光
6287,1860,2025-09-13,直播,点击
6288,1813,2025-07-12,直播,点击
6289,363,2025-09-23,图文,曝光
6290,378,2025-09-19,图文,点击
6291,1815,2025-08-05,短视频,曝光
6292,877,2025-09-02,图文,点击
6293,1580,2025-07-17,短视频,曝光
6294,1806,2025-07-14,直播,加购
6295,1092,2025-08-30,直播,加购
6296,191,2025-08-30,短视频,曝光
6297,1201,2025-07-28,直播,曝光
6298,267,2025-08-14,直播,曝光
6299,1376,2025-08-18,直播,曝光
6300,1153,2025-08-22,直播,曝光
6301,875,2025-07-27,短视频,曝光
6302,936,2025-09-15,短视频,曝光
6303,1925,2025-08-25,短视频,曝光
6304,780,2025-08-13,短视频,曝光
6305,1698,2025-08-17,直播,加购
6306,1620,2025-07-27,短视频,加购
6307,1993,2025-08-01,短视频,点击
6308,1790,2025-09-10,短视频,曝光
6309,1243,2025-07-13,图文,曝光
6310,1983,2025-07-15,图文,曝光
6311,1401,2025-07-16,短视频,曝光
6312,246,2025-09-24,短视频,曝光
6313,193,2025-09-13,短视频,曝光
6314,1353,2025-09-25,图文,曝光
6315,1060,2025-07-29,直播,曝光
6316,1743,2025-08-01,短视频,曝光
6317,1077,2025-07-26,短视频,曝光
6318,482,2025-09-10,图文,曝光
6319,1715,2025-09-08,短视频,曝光
6320,961,2025-09-23,图文,点击
6321,1909,2025-07-27,直播,点击
6322,15,2025-09-23,直播,点击
6323,37,2025-09-26,图文,曝光
6324,270,2025-07-11,直播,曝光
6325,1915,2025-08-01,直播,曝光
6326,252,2025-07-16,短视频,曝光
6327,1426,2025-09-29,图文,分享
6328,1416,2025-08-15,图文,曝光
6329,1760,2025-07-02,图文,曝光
6330,1245,2025-08-20,短视频,曝光
6331,42,2025-07-17,图文,曝光
6332,78,2025-08-01,短视频,点击
6333,29,2025-08-22,短视频,曝光
6334,1192,2025-07-08,直播,曝光
6335,861,2025-09-22,直播,曝光
6336,137,2025-08-09,短视频,曝光
6337,42,2025-08-29,短视频,曝光
6338,405,2025-07-26,短视频,点击
6339,960,2025-09-09,图文,曝光
6340,1803,2025-08-11,短视频,曝光
6341,1655,2025-08-17,直播,分享
6342,895,2025-07-26,图文,曝光
6343,574,2025-07-18,图文,曝光
6344,1563,2025-08-10,短视频,点击
6345,1875,2025-07-30,直播,分享
6346,629,2025-08-24,短视频,点击
6347,996,2025-08-24,直播,曝光
6348,222,2025-08-03,直播,曝光
6349,260,2025-07-13,图文,点击
6350,1777,2025-07-20,直播,曝光
6351,453,2025-07-25,直播,点击
6352,328,2025-08-06,图文,曝光
6353,638,2025-09-08,图文,曝光
6354,700,2025-07-24,短视频,曝光
6355,408,2025-09-06,直播,加购
6356,1403,2025-07-06,图文,曝光
6357,1148,2025-08-30,图文,加购
6358,1184,2025-08-28,图文,加购
6359,1971,2025-09-11,直播,曝光
6360,1856,2025-08-28,短视频,曝光
6361,565,2025-07-30,短视频,加购
6362,1976,2025-07-30,短视频,点击
6363,1357,2025-09-13,直播,曝光
6364,294,2025-09-27,图文,曝光
6365,639,2025-08-16,短视频,曝光
6366,454,2025-09-11,直播,加购
6367,1599,2025-09-29,直播,加购
6368,1279,2025-09-22,短视频,曝光
6369,1559,2025-07-04,短视频,点击
6370,294,2025-08-13,短视频,曝光
6371,1032,2025-08-25,直播,曝光
6372,1085,2025-08-18,直播,曝光
6373,1362,2025-08-24,短视频,点击
6374,746,2025-09-02,图文,曝光
6375,126,2025-07-21,短视频,曝光
6376,1777,2025-08-24,直播,分享
6377,853,2025-08-31,短视频,曝光
6378,1837,2025-08-31,短视频,分享
6379,829,2025-08-23,直播,曝光
6380,518,2025-08-09,短视频,曝光
6381,929,2025-08-02,直播,曝光
6382,192,2025-07-13,短视频,曝光
6383,1118,2025-09-08,短视频,加购
6384,1983,2025-09-13,图文,曝光
6385,513,2025-09-29,直播,点击
6386,300,2025-08-05,直播,曝光
6387,274,2025-07-20,图文,曝光
6388,347,2025-08-25,直播,曝光
6389,786,2025-08-25,短视频,分享
6390,505,2025-08-03,直播,加购
6391,1429,2025-08-01,直播,点击
6392,682,2025-08-14,短视频,点击
6393,727,2025-08-08,直播,曝光
6394,296,2025-08-28,直播,点击
6395,1147,2025-09-05,直播,曝光
6396,645,2025-08-23,短视频,加购
6397,1412,2025-09-02,直播,曝光
6398,45,2025-07-13,短视频,曝光
6399,1286,2025-07-29,短视频,曝光
6400,1602,2025-07-22,直播,曝光
6401,1424,2025-09-12,短视频,曝光
6402,528,2025-07-16,直播,曝光
6403,1394,2025-09-18,短视频,曝光
6404,1636,2025-08-22,直播,曝光
6405,1054,2025-07-17,短视频,曝光
6406,1294,2025-08-06,短视频,曝光
6407,1632,2025-07-06,图文,曝光
6408,962,2025-07-23,短视频,曝光
6409,298,2025-08-25,图文,曝光
6410,1945,2025-07-05,直播,加购
6411,654,2025-08-18,短视频,曝光
6412,774,2025-09-09,短视频,曝光
6413,1226,2025-07-23,短视频,点击
6414,357,2025-07-05,直播,曝光
6415,693,2025-08-27,短视频,点击
6416,1155,2025-08-05,图文,曝光
6417,1467,2025-08-07,短视频,曝光
6418,281,2025-08-11,短视频,点击
6419,1657,2025-08-24,短视频,曝光
6420,554,2025-08-11,直播,曝光
6421,1828,2025-07-28,短视频,曝光
6422,1816,2025-07-13,直播,点击
6423,1423,2025-09-29,直播,分享
6424,1785,2025-09-04,图文,曝光
6425,320,2025-08-30,短视频,曝光
6426,932,2025-07-21,直播,点击
6427,282,2025-07-02,短视频,曝光
6428,957,2025-08-27,短视频,曝光
6429,1165,2025-09-22,图文,曝光
6430,1134,2025-08-04,图文,曝光
6431,152,2025-07-11,短视频,曝光
6432,169,2025-08-17,直播,分享
6433,1997,2025-09-29,直播,点击
6434,507,2025-08-11,短视频,曝光
6435,990,2025-08-01,短视频,点击
6436,1160,2025-09-26,图文,曝光
6437,319,2025-07-23,直播,曝光
6438,643,2025-08-01,短视频,曝光
6439,1204,2025-07-23,短视频,曝光
6440,427,2025-07-15,图文,曝光
6441,1585,2025-09-20,短视频,分享
6442,1295,2025-08-03,直播,点击
6443,1978,2025-09-12,短视频,点击
6444,1133,2025-08-15,短视频,曝光
6445,1601,2025-09-05,短视频,曝光
6446,655,2025-07-07,短视频,点击
6447,1389,2025-08-22,短视频,曝光
6448,1875,2025-09-23,短视频,曝光
6449,1645,2025-09-29,直播,点击
6450,1556,2025-07-19,短视频,加购
6451,902,2025-09-09,图文,曝光
6452,1193,2025-09-24,图文,曝光
6453,1186,2025-09-06,短视频,加购
6454,419,2025-08-07,直播,曝光
6455,526,2025-07-13,短视频,曝光
6456,1297,2025-08-21,短视频,分享
6457,1274,2025-07-03,短视频,曝光
6458,1376,2025-09-01,图文,点击
6459,1208,2025-08-07,短视频,加购
6460,1163,2025-07-06,短视频,曝光
6461,1040,2025-09-03,直播,分享
6462,1276,2025-08-08,直播,分享
6463,725,2025-08-16,短视频,曝光
6464,325,2025-07-26,直播,曝光
6465,1354,2025-08-09,直播,曝光
6466,670,2025-07-16,短视频,点击
6467,1516,2025-07-18,短视频,分享
6468,1782,2025-08-31,直播,分享
6469,783,2025-09-15,直播,曝光
6470,275,2025-07-16,短视频,点击
6471,2,2025-07-15,短视频,分享
6472,1180,2025-08-23,短视频,曝光
6473,1765,2025-08-21,图文,曝光
6474,1796,2025-08-05,短视频,曝光
6475,1798,2025-09-29,直播,点击
6476,29,2025-09-28,短视频,曝光
6477,109,2025-08-28,短视频,曝光
6478,1935,2025-09-22,图文,加购
6479,1349,2025-08-11,图文,曝光
6480,1767,2025-07-01,短视频,曝光
6481,1961,2025-07-10,图文,分享
6482,1431,2025-09-13,短视频,曝光
6483,803,2025-07-12,直播,点击
6484,1419,2025-07-16,短视频,曝光
6485,1254,2025-09-01,直播,曝光
6486,1736,2025-08-13,直播,曝光
6487,1723,2025-07-23,短视频,曝光
6488,342,2025-09-13,图文,曝光
6489,1762,2025-09-05,短视频,曝光
6490,1400,2025-07-27,直播,曝光
6491,1470,2025-07-19,图文,分享
6492,687,2025-09-06,短视频,曝光
6493,973,2025-07-22,图文,曝光
6494,1752,2025-07-23,直播,曝光
6495,278,2025-09-20,直播,分享
6496,1067,2025-09-19,短视频,加购
6497,1935,2025-09-28,短视频,曝光
6498,1532,2025-08-10,短视频,曝光
6499,298,2025-09-06,图文,曝光
6500,335,2025-07-19,短视频,分享
6501,1008,2025-09-30,短视频,点击
6502,485,2025-07-05,短视频,点击
6503,1764,2025-09-17,图文,曝光
6504,1677,2025-08-25,直播,曝光
6505,1908,2025-09-25,短视频,曝光
6506,791,2025-09-01,直播,曝光
6507,572,2025-07-18,短视频,曝光
6508,1056,2025-09-01,图文,曝光
6509,231,2025-09-07,直播,曝光
6510,1452,2025-08-15,短视频,曝光
6511,1740,2025-08-24,短视频,曝光
6512,340,2025-08-07,直播,点击
6513,396,2025-07-25,直播,曝光
6514,606,2025-08-26,短视频,曝光
6515,1602,2025-08-16,图文,曝光
6516,652,2025-07-04,直播,点击
6517,1459,2025-09-08,图文,曝光
6518,1834,2025-07-23,短视频,曝光
6519,877,2025-07-05,直播,曝光
6520,276,2025-07-24,图文,加购
6521,1832,2025-09-21,短视频,曝光
6522,743,2025-09-10,直播,点击
6523,1199,2025-08-08,直播,曝光
6524,1919,2025-08-10,短视频,曝光
6525,1795,2025-08-09,图文,曝光
6526,1670,2025-07-05,短视频,曝光
6527,707,2025-08-03,短视频,点击
6528,1341,2025-09-21,直播,分享
6529,669,2025-08-27,短视频,曝光
6530,1098,2025-08-05,图文,曝光
6531,675,2025-09-29,短视频,曝光
6532,1678,2025-07-08,图文,曝光
6533,1503,2025-09-18,直播,曝光
6534,1893,2025-08-08,直播,曝光
6535,533,2025-08-16,图文,点击
6536,1849,2025-09-26,图文,曝光
6537,496,2025-09-24,图文,曝光
6538,1279,2025-09-12,直播,曝光
6539,348,2025-08-18,直播,加购
6540,1456,2025-08-24,短视频,曝光
6541,1550,2025-09-22,短视频,曝光
6542,1551,2025-09-08,直播,曝光
6543,555,2025-07-28,短视频,曝光
6544,1619,2025-08-17,直播,曝光
6545,319,2025-09-14,直播,曝光
6546,1467,2025-09-12,直播,分享
6547,941,2025-07-28,直播,曝光
6548,360,2025-09-16,图文,曝光
6549,1949,2025-08-22,短视频,曝光
6550,1520,2025-08-01,直播,曝光
6551,293,2025-08-15,直播,曝光
6552,781,2025-08-10,短视频,加购
6553,1477,2025-07-07,直播,曝光
6554,400,2025-07-21,短视频,点击
6555,947,2025-07-13,直播,点击
6556,206,2025-09-02,图文,点击
6557,46,2025-08-08,短视频,分享
6558,481,2025-07-13,直播,曝光
6559,1423,2025-08-24,图文,曝光
6560,1016,2025-08-13,直播,曝光
6561,618,2025-09-01,短视频,曝光
6562,494,2025-09-27,直播,曝光
6563,1608,2025-09-29,短视频,曝光
6564,1332,2025-08-12,短视频,曝光
6565,1727,2025-07-03,图文,曝光
6566,1929,2025-07-07,短视频,曝光
6567,1266,2025-07-13,图文,曝光
6568,89,2025-07-02,直播,曝光
6569,1876,2025-08-29,短视频,分享
6570,262,2025-09-26,图文,点击
6571,1419,2025-09-08,短视频,曝光
6572,495,2025-09-04,图文,曝光
6573,1534,2025-07-30,直播,曝光
6574,1609,2025-09-04,直播,曝光
6575,1587,2025-08-17,短视频,曝光
6576,543,2025-08-04,图文,曝光
6577,1284,2025-07-06,图文,曝光
6578,384,2025-08-16,直播,曝光
6579,1775,2025-08-08,图文,点击
6580,306,2025-08-21,直播,曝光
6581,1683,2025-08-12,直播,曝光
6582,300,2025-09-09,直播,点击
6583,578,2025-09-22,短视频,点击
6584,1440,2025-08-16,短视频,曝光
6585,1917,2025-08-01,直播,加购
6586,1417,2025-07-29,短视频,曝光
6587,686,2025-09-20,图文,曝光
6588,623,2025-08-18,直播,点击
6589,1262,2025-09-28,短视频,曝光
6590,899,2025-09-01,直播,曝光
6591,415,2025-08-23,直播,曝光
6592,1257,2025-07-06,直播,曝光
6593,869,2025-09-06,图文,曝光
6594,1951,2025-08-13,直播,点击
6595,59,2025-07-10,直播,曝光
6596,1487,2025-08-01,直播,加购
6597,1597,2025-08-11,直播,曝光
6598,1607,2025-09-21,短视频,曝光
6599,1401,2025-08-28,短视频,加购
6600,1956,2025-08-05,直播,曝光
6601,619,2025-09-29,直播,点击
6602,763,2025-08-27,短视频,曝光
6603,1869,2025-09-28,短视频,曝光
6604,139,2025-08-11,短视频,曝光
6605,1654,2025-09-17,直播,曝光
6606,1494,2025-09-13,短视频,曝光
6607,1178,2025-09-04,短视频,分享
6608,243,2025-09-24,短视频,曝光
6609,1223,2025-08-20,短视频,加购
6610,878,2025-07-08,图文,曝光
6611,176,2025-08-04,短视频,曝光
6612,1477,2025-07-02,短视频,加购
6613,1625,2025-07-25,短视频,曝光
6614,1117,2025-09-03,直播,曝光
6615,326,2025-07-12,图文,曝光
6616,735,2025-08-28,图文,曝光
6617,1082,2025-08-28,短视频,曝光
6618,1029,2025-08-21,直播,曝光
6619,1184,2025-09-02,图文,加购
6620,491,2025-08-09,短视频,曝光
6621,1593,2025-08-30,图文,曝光
6622,149,2025-09-07,图文,点击
6623,1973,2025-08-23,图文,加购
6624,825,2025-09-03,图文,曝光
6625,1659,2025-09-09,短视频,分享
6626,117,2025-08-08,直播,曝光
6627,1339,2025-09-23,短视频,分享
6628,1960,2025-07-30,短视频,点击
6629,1922,2025-07-06,直播,曝光
6630,896,2025-09-27,图文,曝光
6631,749,2025-09-16,短视频,曝光
6632,1765,2025-08-07,直播,曝光
6633,1276,2025-07-20,短视频,曝光
6634,1904,2025-07-20,短视频,曝光
6635,469,2025-08-22,短视频,曝光
6636,899,2025-09-27,直播,曝光
6637,626,2025-07-30,短视频,曝光
6638,841,2025-09-03,短视频,分享
6639,1746,2025-08-03,短视频,曝光
6640,1787,2025-08-21,短视频,曝光
6641,1191,2025-08-28,直播,曝光
6642,70,2025-09-09,短视频,点击
6643,884,2025-09-06,短视频,曝光
6644,975,2025-07-21,短视频,曝光
6645,1428,2025-07-11,直播,曝光
6646,538,2025-08-21,短视频,曝光
6647,1158,2025-08-07,短视频,曝光
6648,1506,2025-07-26,短视频,分享
6649,1140,2025-07-19,图文,曝光
6650,1674,2025-09-18,直播,曝光
6651,506,2025-07-08,短视频,曝光
6652,1241,2025-07-13,直播,分享
6653,912,2025-08-01,图文,点击
6654,814,2025-07-21,直播,点击
6655,849,2025-07-07,直播,分享
6656,1110,2025-07-23,短视频,点击
6657,1027,2025-08-03,直播,曝光
6658,1149,2025-08-10,短视频,点击
6659,1921,2025-08-18,短视频,曝光
6660,1271,2025-07-13,图文,点击
6661,1094,2025-09-29,直播,曝光
6662,1845,2025-08-20,短视频,曝光
6663,476,2025-08-06,直播,曝光
6664,499,2025-09-06,图文,点击
6665,233,2025-09-25,直播,点击
6666,404,2025-07-01,直播,曝光
6667,157,2025-08-16,短视频,点击
6668,381,2025-09-20,直播,点击
6669,1312,2025-07-22,图文,点击
6670,1395,2025-09-17,短视频,曝光
6671,1296,2025-08-24,直播,曝光
6672,1810,2025-07-05,直播,曝光
6673,1716,2025-09-19,短视频,点击
6674,654,2025-07-07,短视频,曝光
6675,380,2025-09-04,图文,曝光
6676,842,2025-08-22,短视频,曝光
6677,1855,2025-09-11,短视频,曝光
6678,1937,2025-07-29,短视频,曝光
6679,410,2025-07-11,直播,曝光
6680,291,2025-08-15,短视频,曝光
6681,1476,2025-09-07,短视频,曝光
6682,1760,2025-08-22,短视频,曝光
6683,1901,2025-07-08,图文,曝光
6684,1919,2025-08-28,短视频,曝光
6685,566,2025-08-06,短视频,曝光
6686,1600,2025-09-06,直播,曝光
6687,1348,2025-09-24,图文,曝光
6688,673,2025-09-17,直播,曝光
6689,32,2025-09-30,短视频,曝光
6690,1308,2025-08-25,短视频,曝光
6691,723,2025-09-05,短视频,曝光
6692,583,2025-07-10,短视频,曝光
6693,20,2025-07-16,短视频,曝光
6694,242,2025-07-13,直播,曝光
6695,381,2025-09-06,图文,曝光
6696,215,2025-08-26,图文,曝光
6697,1900,2025-09-23,短视频,分享
6698,19,2025-09-04,短视频,曝光
6699,778,2025-09-19,直播,曝光
6700,1957,2025-09-08,直播,曝光
6701,236,2025-08-27,直播,分享
6702,1311,2025-08-17,图文,点击
6703,501,2025-07-13,短视频,曝光
6704,643,2025-08-25,短视频,曝光
6705,889,2025-08-18,直播,曝光
6706,1159,2025-09-28,直播,曝光
6707,1522,2025-09-22,短视频,曝光
6708,1239,2025-08-02,短视频,曝光
6709,42,2025-07-18,图文,曝光
6710,366,2025-07-20,直播,曝光
6711,1256,2025-08-14,直播,曝光
6712,578,2025-09-28,短视频,曝光
6713,120,2025-09-18,图文,曝光
6714,1095,2025-09-23,直播,曝光
6715,635,2025-07-22,短视频,曝光
6716,1680,2025-07-01,短视频,曝光
6717,1780,2025-08-31,短视频,曝光
6718,260,2025-08-06,短视频,曝光
6719,1555,2025-08-12,短视频,点击
6720,1717,2025-09-06,短视频,加购
6721,1282,2025-09-30,短视频,曝光
6722,1218,2025-07-17,直播,曝光
6723,928,2025-08-25,短视频,点击
6724,980,2025-07-03,短视频,曝光
6725,158,2025-08-16,图文,曝光
6726,288,2025-07-04,短视频,加购
6727,1369,2025-09-14,短视频,曝光
6728,1100,2025-08-21,直播,曝光
6729,348,2025-07-24,图文,曝光
6730,708,2025-07-22,直播,分享
6731,1293,2025-08-30,短视频,曝光
6732,378,2025-07-24,直播,曝光
6733,422,2025-08-05,短视频,曝光
6734,1760,2025-07-02,直播,曝光
6735,917,2025-08-02,短视频,点击
6736,922,2025-09-05,短视频,点击
6737,147,2025-07-06,直播,点击
6738,160,2025-09-16,短视频,加购
6739,1299,2025-07-25,直播,加购
6740,605,2025-09-06,短视频,曝光
6741,560,2025-07-13,图文,曝光
6742,364,2025-07-13,直播,曝光
6743,1507,2025-09-19,短视频,曝光
6744,1879,2025-09-27,直播,曝光
6745,522,2025-07-25,图文,点击
6746,487,2025-09-27,短视频,曝光
6747,1560,2025-09-14,直播,点击
6748,1013,2025-07-24,直播,曝光
6749,1589,2025-09-13,直播,曝光
6750,1492,2025-09-29,短视频,曝光
6751,1592,2025-07-28,直播,曝光
6752,318,2025-08-10,短视频,曝光
6753,1071,2025-07-27,短视频,曝光
6754,875,2025-07-04,短视频,曝光
6755,1734,2025-09-24,短视频,点击
6756,1307,2025-08-22,直播,点击
6757,1491,2025-07-17,短视频,曝光
6758,1764,2025-08-18,短视频,曝光
6759,1382,2025-09-10,短视频,曝光
6760,1309,2025-09-17,短视频,分享
6761,1060,2025-09-10,直播,曝光
6762,161,2025-08-02,图文,点击
6763,1442,2025-09-24,短视频,加购
6764,644,2025-09-09,直播,曝光
6765,247,2025-08-11,直播,曝光
6766,702,2025-09-11,短视频,点击
6767,695,2025-09-30,短视频,曝光
6768,777,2025-07-04,短视频,分享
6769,561,2025-08-26,短视频,曝光
6770,1884,2025-08-31,短视频,加购
6771,1768,2025-09-19,直播,曝光
6772,72,2025-08-14,短视频,分享
6773,994,2025-08-01,直播,曝光
6774,605,2025-07-19,图文,曝光
6775,1698,2025-08-07,短视频,曝光
6776,985,2025-08-08,图文,曝光
6777,1269,2025-09-15,短视频,点击
6778,173,2025-09-17,短视频,点击
6779,1427,2025-08-16,直播,加购
6780,968,2025-09-02,直播,点击
6781,1751,2025-09-06,直播,曝光
6782,215,2025-08-27,直播,加购
6783,606,2025-09-08,短视频,曝光
6784,1676,2025-07-08,短视频,曝光
6785,469,2025-08-12,短视频,曝光
6786,541,2025-08-31,图文,曝光
6787,605,2025-08-17,图文,曝光
6788,1047,2025-09-08,短视频,点击
6789,110,2025-07-30,直播,曝光
6790,1237,2025-09-26,短视频,曝光
6791,1620,2025-07-12,直播,点击
6792,612,2025-09-12,短视频,曝光
6793,343,2025-09-05,直播,曝光
6794,703,2025-07-08,短视频,曝光
6795,1291,2025-07-23,直播,曝光
6796,1022,2025-09-25,短视频,点击
6797,1208,2025-09-01,直播,点击
6798,1611,2025-09-11,短视频,曝光
6799,1896,2025-09-16,图文,点击
6800,906,2025-07-01,直播,曝光
6801,1522,2025-09-17,短视频,曝光
6802,982,2025-09-04,短视频,曝光
6803,277,2025-07-23,短视频,分享
6804,1192,2025-07-28,直播,曝光
6805,1906,2025-08-06,短视频,加购
6806,851,2025-08-25,直播,曝光
6807,1081,2025-07-25,直播,曝光
6808,1453,2025-07-27,短视频,点击
6809,1660,2025-08-19,短视频,点击
6810,10,2025-09-06,图文,加购
6811,115,2025-08-09,直播,点击
6812,967,2025-07-18,直播,点击
6813,224,2025-07-11,直播,曝光
6814,1847,2025-09-15,短视频,曝光
6815,1410,2025-08-14,图文,曝光
6816,1232,2025-07-07,短视频,曝光
6817,1168,2025-08-04,短视频,曝光
6818,973,2025-07-03,直播,曝光
6819,100,2025-07-19,图文,曝光
6820,1545,2025-07-13,直播,分享
6821,957,2025-09-24,直播,曝光
6822,787,2025-08-05,短视频,点击
6823,874,2025-07-16,短视频,点击
6824,935,2025-08-30,图文,曝光
6825,1884,2025-09-30,直播,曝光
6826,391,2025-08-14,图文,曝光
6827,355,2025-07-17,图文,曝光
6828,249,2025-08-13,短视频,曝光
6829,1242,2025-08-27,直播,曝光
6830,52,2025-09-18,直播,点击
6831,1584,2025-07-13,短视频,曝光
6832,1464,2025-08-21,直播,曝光
6833,1418,2025-07-04,图文,曝光
6834,937,2025-08-16,图文,曝光
6835,821,2025-07-02,直播,点击
6836,1879,2025-08-08,短视频,加购
6837,1662,2025-08-15,图文,曝光
6838,354,2025-09-29,图文,点击
6839,518,2025-07-18,直播,点击
6840,488,2025-07-23,短视频,曝光
6841,946,2025-08-23,短视频,曝光
6842,1278,2025-07-15,短视频,曝光
6843,443,2025-07-06,短视频,曝光
6844,110,2025-08-15,短视频,点击
6845,771,2025-07-23,短视频,曝光
6846,1007,2025-09-01,直播,曝光
6847,1345,2025-07-09,短视频,曝光
6848,248,2025-07-02,图文,曝光
6849,1379,2025-07-21,短视频,曝光
6850,323,2025-09-17,短视频,点击
6851,587,2025-08-20,短视频,曝光
6852,1025,2025-07-27,直播,曝光
6853,211,2025-08-24,短视频,加购
6854,1139,2025-08-29,短视频,曝光
6855,78,2025-08-10,直播,曝光
6856,425,2025-07-16,直播,点击
6857,1132,2025-08-03,短视频,曝光
6858,543,2025-09-19,图文,点击
6859,866,2025-09-03,直播,曝光
6860,569,2025-08-03,直播,曝光
6861,1001,2025-09-21,图文,曝光
6862,284,2025-07-18,直播,加购
6863,312,2025-07-16,短视频,点击
6864,1932,2025-07-02,图文,点击
6865,665,2025-07-09,直播,曝光
6866,1385,2025-07-29,短视频,曝光
6867,18,2025-07-06,短视频,曝光
6868,222,2025-08-04,短视频,曝光
6869,1576,2025-07-07,短视频,分享
6870,715,2025-07-04,短视频,曝光
6871,601,2025-08-23,直播,曝光
6872,346,2025-08-21,短视频,点击
6873,533,2025-09-12,短视频,分享
6874,469,2025-08-11,短视频,点击
6875,1595,2025-09-18,短视频,曝光
6876,1879,2025-08-15,图文,曝光
6877,70,2025-07-25,短视频,点击
6878,274,2025-07-13,图文,分享
6879,1255,2025-08-15,图文,曝光
6880,1760,2025-08-05,短视频,曝光
6881,634,2025-08-17,短视频,点击
6882,1684,2025-09-28,图文,曝光
6883,10,2025-07-05,短视频,点击
6884,1488,2025-08-02,短视频,曝光
6885,1887,2025-07-13,图文,点击
6886,994,2025-09-11,直播,加购
6887,1169,2025-08-19,短视频,曝光
6888,517,2025-07-12,短视频,加购
6889,1571,2025-09-12,直播,曝光
6890,1662,2025-07-12,短视频,曝光
6891,1667,2025-09-10,直播,曝光
6892,1669,2025-09-30,短视频,曝光
6893,155,2025-08-17,图文,点击
6894,1051,2025-08-29,直播,曝光
6895,1019,2025-07-03,图文,曝光
6896,96,2025-08-31,图文,加购
6897,1603,2025-07-14,短视频,曝光
6898,386,2025-08-09,短视频,曝光
6899,850,2025-08-17,图文,曝光
6900,113,2025-09-09,短视频,曝光
6901,1579,2025-09-11,短视频,点击
6902,360,2025-09-24,直播,分享
6903,1034,2025-09-08,短视频,曝光
6904,1017,2025-07-08,短视频,点击
6905,192,2025-09-01,短视频,曝光
6906,1709,2025-07-16,短视频,曝光
6907,14,2025-09-26,图文,曝光
6908,1307,2025-09-18,直播,曝光
6909,345,2025-07-29,短视频,加购
6910,1202,2025-07-08,短视频,曝光
6911,452,2025-09-22,直播,曝光
6912,1496,2025-08-03,短视频,曝光
6913,1128,2025-09-17,短视频,曝光
6914,1280,2025-07-08,短视频,点击
6915,1975,2025-07-24,直播,曝光
6916,887,2025-08-07,图文,加购
6917,1518,2025-07-12,直播,加购
6918,1631,2025-08-11,短视频,曝光
6919,650,2025-09-24,短视频,曝光
6920,621,2025-07-17,短视频,曝光
6921,1412,2025-08-08,短视频,曝光
6922,1857,2025-07-08,直播,曝光
6923,30,2025-08-30,图文,曝光
6924,233,2025-08-08,短视频,曝光
6925,338,2025-08-16,短视频,曝光
6926,1276,2025-08-17,直播,曝光
6927,842,2025-08-30,短视频,点击
6928,1002,2025-09-06,短视频,点击
6929,635,2025-09-28,短视频,曝光
6930,852,2025-09-05,直播,曝光
6931,1550,2025-09-16,直播,点击
6932,860,2025-07-07,直播,曝光
6933,786,2025-07-12,图文,点击
6934,85,2025-08-10,短视频,曝光
6935,757,2025-07-13,短视频,曝光
6936,1504,2025-09-16,短视频,加购
6937,275,2025-09-17,短视频,曝光
6938,705,2025-08-24,直播,曝光
6939,571,2025-08-14,短视频,点击
6940,954,2025-09-17,直播,曝光
6941,1643,2025-08-22,短视频,曝光
6942,1696,2025-09-26,短视频,曝光
6943,768,2025-09-13,短视频,点击
6944,1155,2025-07-31,短视频,曝光
6945,1636,2025-08-29,短视频,曝光
6946,1703,2025-07-13,直播,点击
6947,1206,2025-07-05,直播,曝光
6948,275,2025-07-08,直播,曝光
6949,754,2025-09-29,短视频,点击
6950,564,2025-07-12,图文,曝光
6951,1361,2025-07-19,直播,曝光
6952,456,2025-09-01,直播,曝光
6953,69,2025-07-16,图文,分享
6954,1773,2025-07-11,直播,曝光
6955,222,2025-09-03,图文,曝光
6956,1564,2025-09-26,短视频,加购
6957,1910,2025-07-12,图文,曝光
6958,1669,2025-08-30,图文,点击
6959,978,2025-08-19,短视频,点击
6960,1138,2025-09-26,短视频,点击
6961,1436,2025-09-26,图文,点击
6962,442,2025-08-21,短视频,曝光
6963,846,2025-09-20,直播,曝光
6964,754,2025-07-19,短视频,曝光
6965,547,2025-08-24,短视频,曝光
6966,1101,2025-07-16,直播,曝光
6967,841,2025-07-03,短视频,曝光
6968,38,2025-09-09,直播,曝光
6969,183,2025-08-21,直播,曝光
6970,1280,2025-07-01,图文,曝光
6971,1104,2025-09-13,短视频,点击
6972,1710,2025-09-19,直播,点击
6973,147,2025-08-06,短视频,曝光
6974,652,2025-07-03,图文,曝光
6975,775,2025-07-28,图文,曝光
6976,1360,2025-08-25,短视频,曝光
6977,874,2025-07-05,图文,曝光
6978,968,2025-08-05,直播,点击
6979,1841,2025-07-21,短视频,加购
6980,8,2025-08-26,短视频,曝光
6981,1787,2025-07-20,短视频,曝光
6982,568,2025-09-10,直播,曝光
6983,81,2025-07-28,短视频,曝光
6984,1056,2025-07-11,短视频,曝光
6985,425,2025-07-25,图文,点击
6986,1450,2025-09-26,直播,曝光
6987,1519,2025-09-12,图文,点击
6988,805,2025-08-24,短视频,加购
6989,1562,2025-07-20,短视频,点击
6990,373,2025-08-05,图文,点击
6991,673,2025-08-12,直播,曝光
6992,123,2025-09-29,短视频,曝光
6993,1284,2025-07-30,短视频,曝光
6994,1430,2025-09-13,短视频,曝光
6995,1526,2025-07-27,直播,加购
6996,731,2025-07-15,短视频,分享
6997,1676,2025-09-10,短视频,曝光
6998,1295,2025-07-09,图文,点击
6999,1151,2025-09-09,短视频,分享
7000,444,2025-09-23,直播,分享
7001,1684,2025-07-14,短视频,曝光
7002,1510,2025-08-23,短视频,曝光
7003,1752,2025-07-16,短视频,曝光
7004,689,2025-08-12,短视频,曝光
7005,1103,2025-08-12,直播,曝光
7006,105,2025-07-08,短视频,曝光
7007,1198,2025-07-18,短视频,点击
7008,1021,2025-08-19,短视频,曝光
7009,1638,2025-09-16,图文,加购
7010,1463,2025-07-25,直播,点击
7011,1981,2025-09-16,短视频,曝光
7012,1865,2025-07-18,图文,分享
7013,336,2025-07-03,短视频,曝光
7014,1942,2025-08-05,短视频,点击
7015,61,2025-07-01,直播,点击
7016,913,2025-07-04,短视频,曝光
7017,1866,2025-07-29,短视频,加购
7018,1224,2025-08-25,短视频,点击
7019,1984,2025-09-27,直播,点击
7020,1115,2025-08-27,直播,加购
7021,1364,2025-08-31,短视频,曝光
7022,1068,2025-09-02,短视频,点击
7023,1855,2025-08-18,短视频,曝光
7024,230,2025-07-03,短视频,点击
7025,779,2025-08-01,短视频,点击
7026,1342,2025-07-17,直播,曝光
7027,987,2025-08-21,短视频,点击
7028,1931,2025-09-10,短视频,曝光
7029,1165,2025-08-09,图文,曝光
7030,254,2025-08-22,短视频,曝光
7031,1227,2025-08-28,直播,曝光
7032,624,2025-07-01,短视频,曝光
7033,940,2025-09-07,直播,曝光
7034,155,2025-09-06,直播,曝光
7035,1739,2025-09-27,直播,分享
7036,806,2025-08-08,短视频,点击
7037,1613,2025-09-28,短视频,曝光
7038,964,2025-07-25,短视频,分享
7039,1897,2025-08-07,直播,分享
7040,717,2025-09-08,图文,点击
7041,213,2025-08-15,短视频,点击
7042,954,2025-08-03,短视频,曝光
7043,69,2025-08-23,短视频,曝光
7044,1606,2025-08-11,短视频,曝光
7045,1838,2025-07-09,直播,曝光
7046,428,2025-09-18,短视频,点击
7047,106,2025-09-09,直播,曝光
7048,1516,2025-07-14,短视频,曝光
7049,1378,2025-07-20,直播,加购
7050,1587,2025-08-22,直播,曝光
7051,1139,2025-08-11,图文,曝光
7052,1163,2025-07-10,直播,点击
7053,543,2025-08-02,直播,点击
7054,631,2025-09-28,直播,曝光
7055,1263,2025-07-27,短视频,分享
7056,1874,2025-07-29,短视频,曝光
7057,619,2025-09-14,图文,曝光
7058,728,2025-09-22,图文,曝光
7059,1179,2025-07-18,图文,曝光
7060,100,2025-08-03,直播,曝光
7061,1306,2025-09-16,短视频,曝光
7062,273,2025-09-16,图文,曝光
7063,1367,2025-08-07,直播,曝光
7064,1784,2025-09-09,短视频,曝光
7065,1833,2025-07-29,短视频,曝光
7066,300,2025-07-22,直播,曝光
7067,1195,2025-09-25,直播,点击
7068,895,2025-08-29,短视频,曝光
7069,981,2025-09-10,图文,曝光
7070,1384,2025-07-22,短视频,曝光
7071,1982,2025-07-02,短视频,曝光
7072,1148,2025-07-02,短视频,曝光
7073,1109,2025-09-03,短视频,点击
7074,1307,2025-07-28,短视频,点击
7075,1011,2025-08-17,直播,曝光
7076,698,2025-09-04,短视频,曝光
7077,1647,2025-09-09,直播,曝光
7078,1325,2025-07-17,直播,点击
7079,1131,2025-08-22,图文,曝光
7080,19,2025-08-27,图文,曝光
7081,551,2025-08-22,图文,点击
7082,527,2025-09-09,图文,点击
7083,1300,2025-08-03,短视频,曝光
7084,248,2025-07-29,直播,曝光
7085,764,2025-07-30,图文,点击
7086,911,2025-07-10,图文,曝光
7087,1482,2025-07-04,图文,曝光
7088,292,2025-08-24,短视频,分享
7089,1212,2025-09-30,短视频,曝光
7090,1095,2025-07-13,短视频,曝光
7091,1479,2025-07-24,短视频,点击
7092,362,2025-07-01,直播,曝光
7093,1200,2025-07-23,图文,加购
7094,829,2025-07-13,直播,曝光
7095,519,2025-09-30,直播,点击
7096,149,2025-07-25,图文,曝光
7097,762,2025-09-24,直播,曝光
7098,880,2025-09-01,短视频,加购
7099,102,2025-07-29,直播,曝光
7100,1616,2025-07-31,短视频,曝光
7101,1383,2025-07-09,短视频,曝光
7102,634,2025-09-23,短视频,加购
7103,95,2025-09-12,图文,分享
7104,1413,2025-09-07,短视频,分享
7105,48,2025-07-03,图文,点击
7106,852,2025-09-29,短视频,曝光
7107,415,2025-07-23,短视频,曝光
7108,469,2025-08-31,图文,分享
7109,1511,2025-08-22,短视频,曝光
7110,607,2025-07-02,直播,曝光
7111,492,2025-08-06,图文,曝光
7112,606,2025-07-14,短视频,曝光
7113,298,2025-07-16,短视频,点击
7114,1485,2025-07-25,直播,曝光
7115,991,2025-07-01,短视频,点击
7116,402,2025-09-03,短视频,曝光
7117,617,2025-09-07,直播,点击
7118,1956,2025-08-29,图文,点击
7119,1157,2025-08-11,短视频,加购
7120,1375,2025-07-19,短视频,曝光
7121,1714,2025-08-26,直播,曝光
7122,803,2025-09-03,直播,曝光
7123,697,2025-07-20,直播,曝光
7124,1997,2025-07-26,图文,曝光
7125,1133,2025-09-17,短视频,曝光
7126,433,2025-08-31,直播,曝光
7127,1717,2025-08-15,短视频,曝光
7128,1526,2025-07-29,短视频,点击
7129,802,2025-07-21,直播,曝光
7130,542,2025-07-20,短视频,点击
7131,1314,2025-09-20,短视频,曝光
7132,1088,2025-08-15,短视频,点击
7133,474,2025-08-21,短视频,曝光
7134,109,2025-09-29,短视频,曝光
7135,1639,2025-09-03,短视频,曝光
7136,1693,2025-08-29,短视频,点击
7137,1814,2025-07-21,直播,曝光
7138,733,2025-08-02,短视频,曝光
7139,1409,2025-07-07,短视频,曝光
7140,1169,2025-08-17,直播,曝光
7141,533,2025-07-26,图文,分享
7142,1855,2025-08-10,直播,加购
7143,673,2025-08-09,短视频,曝光
7144,61,2025-07-03,直播,分享
7145,332,2025-08-16,短视频,曝光
7146,1937,2025-09-01,短视频,曝光
7147,138,2025-09-12,图文,曝光
7148,1051,2025-07-19,短视频,曝光
7149,971,2025-08-06,图文,曝光
7150,1562,2025-08-19,短视频,曝光
7151,1643,2025-09-15,直播,曝光
7152,947,2025-07-07,短视频,分享
7153,1264,2025-08-15,直播,曝光
7154,1632,2025-09-11,直播,曝光
7155,1620,2025-07-04,短视频,曝光
7156,1762,2025-07-02,短视频,曝光
7157,1415,2025-07-09,直播,曝光
7158,764,2025-07-30,直播,曝光
7159,1119,2025-07-11,直播,曝光
7160,1446,2025-08-05,图文,曝光
7161,593,2025-07-28,短视频,曝光
7162,1998,2025-09-10,图文,曝光
7163,888,2025-08-04,短视频,曝光
7164,1515,2025-09-28,图文,点击
7165,1013,2025-07-15,短视频,点击
7166,1914,2025-07-18,直播,曝光
7167,1336,2025-09-12,图文,点击
7168,1474,2025-07-13,图文,曝光
7169,1549,2025-08-04,短视频,曝光
7170,660,2025-08-27,直播,点击
7171,699,2025-09-21,短视频,点击
7172,1655,2025-07-20,短视频,曝光
7173,925,2025-07-26,直播,曝光
7174,1333,2025-07-03,短视频,曝光
7175,1036,2025-08-07,直播,曝光
7176,67,2025-07-22,直播,点击
7177,943,2025-07-27,图文,点击
7178,345,2025-07-22,短视频,点击
7179,174,2025-09-30,短视频,加购
7180,523,2025-08-20,短视频,加购
7181,586,2025-08-16,直播,加购
7182,1488,2025-08-11,图文,点击
7183,505,2025-08-23,短视频,曝光
7184,1595,2025-07-31,短视频,点击
7185,421,2025-07-14,直播,加购
7186,1654,2025-07-27,短视频,曝光
7187,1053,2025-07-30,短视频,曝光
7188,135,2025-07-25,短视频,曝光
7189,222,2025-07-14,直播,曝光
7190,145,2025-09-18,短视频,曝光
7191,821,2025-08-09,直播,曝光
7192,599,2025-08-12,直播,曝光
7193,93,2025-09-20,短视频,点击
7194,1363,2025-09-17,直播,点击
7195,1707,2025-07-23,短视频,曝光
7196,1685,2025-09-30,图文,曝光
7197,302,2025-08-08,图文,曝光
7198,1739,2025-08-15,直播,曝光
7199,852,2025-09-24,短视频,曝光
7200,416,2025-09-24,图文,曝光
7201,267,2025-09-25,短视频,点击
7202,1535,2025-07-17,直播,曝光
7203,513,2025-07-08,图文,点击
7204,1282,2025-07-29,直播,曝光
7205,1109,2025-07-27,短视频,曝光
7206,1854,2025-08-30,短视频,曝光
7207,1432,2025-07-15,直播,曝光
7208,1546,2025-07-22,短视频,曝光
7209,986,2025-09-12,短视频,曝光
7210,1058,2025-08-24,短视频,点击
7211,299,2025-09-12,直播,曝光
7212,1567,2025-09-21,图文,曝光
7213,1505,2025-09-25,短视频,点击
7214,617,2025-09-28,直播,曝光
7215,280,2025-08-31,直播,曝光
7216,1573,2025-08-19,直播,曝光
7217,1542,2025-08-29,直播,分享
7218,1563,2025-09-06,直播,曝光
7219,60,2025-09-19,图文,点击
7220,1711,2025-08-25,短视频,曝光
7221,720,2025-08-23,短视频,曝光
7222,485,2025-08-08,图文,曝光
7223,1053,2025-09-13,短视频,曝光
7224,1699,2025-08-02,图文,曝光
7225,1630,2025-08-01,短视频,曝光
7226,339,2025-08-26,短视频,曝光
7227,1953,2025-08-28,短视频,加购
7228,1544,2025-08-01,短视频,曝光
7229,1866,2025-07-02,图文,分享
7230,1860,2025-09-07,直播,曝光
7231,1051,2025-07-09,短视频,点击
7232,72,2025-07-12,直播,曝光
7233,145,2025-07-11,直播,曝光
7234,1253,2025-09-05,直播,曝光
7235,183,2025-09-08,短视频,点击
7236,1320,2025-08-17,图文,曝光
7237,207,2025-07-09,短视频,曝光
7238,1631,2025-07-08,图文,曝光
7239,535,2025-08-21,直播,点击
7240,206,2025-09-16,图文,曝光
7241,681,2025-09-04,图文,曝光
7242,1819,2025-08-20,短视频,曝光
7243,1104,2025-08-16,短视频,曝光
7244,1988,2025-09-06,直播,曝光
7245,517,2025-07-20,短视频,点击
7246,1345,2025-07-12,直播,曝光
7247,374,2025-08-02,短视频,曝光
7248,860,2025-07-15,图文,加购
7249,754,2025-07-25,短视频,曝光
7250,1271,2025-09-19,短视频,曝光
7251,1347,2025-08-14,短视频,曝光
7252,110,2025-08-12,短视频,点击
7253,1391,2025-09-07,图文,曝光
7254,1507,2025-07-28,短视频,曝光
7255,764,2025-09-04,直播,曝光
7256,140,2025-08-17,短视频,曝光
7257,845,2025-08-22,图文,曝光
7258,646,2025-08-04,图文,曝光
7259,1585,2025-09-24,图文,点击
7260,279,2025-09-28,短视频,曝光
7261,594,2025-07-12,短视频,曝光
7262,1453,2025-07-19,短视频,曝光
7263,1882,2025-09-07,图文,曝光
7264,1189,2025-08-18,图文,曝光
7265,5,2025-09-09,短视频,曝光
7266,1399,2025-07-31,短视频,点击
7267,63,2025-08-29,直播,曝光
7268,130,2025-07-16,直播,曝光
7269,1336,2025-09-27,短视频,曝光
7270,741,2025-09-01,直播,分享
7271,55,2025-08-29,直播,分享
7272,813,2025-07-13,短视频,分享
7273,759,2025-09-21,短视频,曝光
7274,1205,2025-07-26,短视频,曝光
7275,1888,2025-07-12,短视频,曝光
7276,205,2025-08-14,直播,加购
7277,1332,2025-09-27,直播,曝光
7278,1295,2025-08-08,短视频,点击
7279,1954,2025-07-01,短视频,曝光
7280,790,2025-09-22,图文,曝光
7281,324,2025-08-30,图文,曝光
7282,1812,2025-08-29,直播,曝光
7283,101,2025-08-21,短视频,曝光
7284,900,2025-07-07,直播,曝光
7285,1308,2025-09-03,短视频,曝光
7286,205,2025-07-14,图文,分享
7287,594,2025-07-20,直播,曝光
7288,207,2025-08-23,短视频,曝光
7289,1692,2025-08-17,短视频,曝光
7290,509,2025-07-21,直播,加购
7291,1207,2025-07-07,短视频,曝光
7292,480,2025-07-19,短视频,分享
7293,1388,2025-07-05,短视频,曝光
7294,1594,2025-09-29,图文,曝光
7295,81,2025-07-08,直播,曝光
7296,1445,2025-09-04,短视频,曝光
7297,1322,2025-08-04,直播,曝光
7298,154,2025-07-28,短视频,曝光
7299,529,2025-07-01,短视频,点击
7300,1703,2025-07-03,短视频,曝光
7301,887,2025-09-30,短视频,分享
7302,193,2025-09-12,短视频,点击
7303,1284,2025-07-26,图文,分享
7304,1572,2025-08-23,短视频,曝光
7305,867,2025-09-21,直播,曝光
7306,224,2025-07-29,图文,曝光
7307,261,2025-09-27,短视频,曝光
7308,753,2025-08-18,短视频,点击
7309,969,2025-08-11,直播,曝光
7310,1502,2025-09-21,直播,曝光
7311,1363,2025-08-12,图文,曝光
7312,508,2025-07-06,短视频,曝光
7313,1380,2025-07-14,图文,曝光
7314,227,2025-09-06,短视频,曝光
7315,369,2025-08-28,短视频,曝光
7316,1575,2025-09-18,图文,加购
7317,1802,2025-07-19,短视频,点击
7318,1382,2025-08-17,直播,分享
7319,913,2025-08-04,短视频,曝光
7320,1783,2025-09-27,直播,曝光
7321,707,2025-09-12,短视频,曝光
7322,1284,2025-07-22,直播,曝光
7323,1372,2025-09-07,直播,曝光
7324,148,2025-09-05,直播,分享
7325,1919,2025-08-05,短视频,点击
7326,1278,2025-08-09,短视频,加购
7327,482,2025-07-22,短视频,曝光
7328,1646,2025-08-04,直播,曝光
7329,763,2025-07-10,图文,点击
7330,168,2025-08-28,短视频,点击
7331,1352,2025-08-16,图文,曝光
7332,272,2025-08-26,图文,曝光
7333,1194,2025-09-27,短视频,曝光
7334,1356,2025-08-03,直播,曝光
7335,314,2025-07-12,短视频,加购
7336,1583,2025-08-04,短视频,点击
7337,915,2025-08-02,图文,曝光
7338,707,2025-08-14,短视频,点击
7339,204,2025-09-16,图文,点击
7340,1471,2025-09-30,直播,曝光
7341,329,2025-08-28,直播,点击
7342,335,2025-09-12,短视频,加购
7343,532,2025-07-27,短视频,曝光
7344,889,2025-08-03,短视频,曝光
7345,1759,2025-09-19,直播,曝光
7346,1496,2025-08-03,短视频,曝光
7347,1476,2025-08-04,直播,曝光
7348,398,2025-09-21,短视频,曝光
7349,1297,2025-09-12,直播,曝光
7350,698,2025-09-10,直播,曝光
7351,948,2025-09-05,图文,点击
7352,1259,2025-08-30,短视频,曝光
7353,334,2025-08-20,短视频,曝光
7354,692,2025-09-04,图文,点击
7355,791,2025-07-04,图文,加购
7356,1749,2025-07-06,直播,曝光
7357,1935,2025-09-19,短视频,曝光
7358,1914,2025-07-09,直播,曝光
7359,1056,2025-08-29,图文,曝光
7360,1285,2025-07-30,短视频,曝光
7361,1433,2025-09-07,短视频,分享
7362,1565,2025-08-13,图文,曝光
7363,1353,2025-07-28,短视频,曝光
7364,1814,2025-09-04,直播,曝光
7365,767,2025-09-29,图文,曝光
7366,1404,2025-09-10,短视频,曝光
7367,1222,2025-07-22,图文,曝光
7368,1547,2025-09-20,图文,点击
7369,1860,2025-09-30,直播,曝光
7370,161,2025-07-25,直播,点击
7371,1706,2025-08-29,短视频,曝光
7372,1648,2025-09-07,直播,分享
7373,1741,2025-08-27,短视频,曝光
7374,550,2025-09-30,短视频,加购
7375,1158,2025-07-24,直播,曝光
7376,142,2025-07-20,图文,点击
7377,122,2025-09-20,短视频,曝光
7378,1179,2025-07-07,短视频,曝光
7379,1942,2025-07-03,短视频,点击
7380,454,2025-09-21,图文,点击
7381,1581,2025-09-17,短视频,曝光
7382,160,2025-07-13,短视频,点击
7383,130,2025-09-15,图文,点击
7384,1220,2025-09-05,短视频,曝光
7385,558,2025-09-22,直播,曝光
7386,198,2025-08-05,直播,点击
7387,1830,2025-07-30,图文,曝光
7388,1775,2025-08-02,短视频,曝光
7389,29,2025-08-30,直播,曝光
7390,1939,2025-09-25,短视频,曝光
7391,37,2025-09-25,直播,加购
7392,1477,2025-08-02,短视频,曝光
7393,1568,2025-07-07,短视频,曝光
7394,576,2025-08-07,图文,曝光
7395,272,2025-08-11,直播,曝光
7396,1126,2025-07-02,直播,点击
7397,1772,2025-09-28,短视频,分享
7398,63,2025-07-17,直播,曝光
7399,1703,2025-08-23,短视频,曝光
7400,1243,2025-08-03,直播,加购
7401,1974,2025-09-04,直播,加购
7402,528,2025-08-31,图文,曝光
7403,1290,2025-09-22,短视频,曝光
7404,911,2025-07-06,图文,曝光
7405,1270,2025-07-26,短视频,点击
7406,358,2025-08-02,直播,点击
7407,996,2025-09-21,短视频,曝光
7408,1974,2025-08-03,图文,曝光
7409,1689,2025-08-16,短视频,点击
7410,415,2025-09-11,短视频,曝光
7411,118,2025-09-23,图文,曝光
7412,834,2025-07-26,短视频,加购
7413,458,2025-08-30,图文,曝光
7414,510,2025-09-21,图文,曝光
7415,365,2025-07-25,直播,曝光
7416,1084,2025-09-25,短视频,加购
7417,188,2025-08-06,短视频,加购
7418,1811,2025-07-21,短视频,曝光
7419,61,2025-09-12,图文,曝光
7420,327,2025-08-04,短视频,曝光
7421,1124,2025-08-08,短视频,点击
7422,282,2025-09-06,短视频,曝光
7423,1008,2025-07-21,直播,曝光
7424,149,2025-07-25,直播,曝光
7425,1740,2025-09-04,直播,曝光
7426,1179,2025-09-14,图文,曝光
7427,608,2025-07-17,短视频,曝光
7428,1205,2025-09-28,短视频,曝光
7429,1082,2025-07-05,直播,曝光
7430,1643,2025-08-28,短视频,曝光
7431,1453,2025-08-08,短视频,曝光
7432,1672,2025-07-15,直播,曝光
7433,1728,2025-09-10,短视频,曝光
7434,204,2025-07-01,图文,曝光
7435,1539,2025-07-26,直播,曝光
7436,1822,2025-08-07,短视频,加购
7437,397,2025-09-02,短视频,曝光
7438,1659,2025-07-21,短视频,曝光
7439,1221,2025-07-05,短视频,曝光
7440,1295,2025-09-10,直播,点击
7441,1427,2025-07-08,直播,加购
7442,695,2025-08-13,短视频,点击
7443,1796,2025-08-31,短视频,曝光
7444,1492,2025-08-28,短视频,曝光
7445,878,2025-07-10,短视频,分享
7446,1242,2025-08-25,短视频,曝光
7447,1909,2025-07-02,短视频,分享
7448,707,2025-07-04,图文,加购
7449,1787,2025-07-22,短视频,曝光
7450,27,2025-09-04,短视频,曝光
7451,1588,2025-07-20,短视频,曝光
7452,1185,2025-09-14,短视频,加购
7453,1421,2025-07-13,短视频,曝光
7454,1153,2025-08-13,图文,曝光
7455,958,2025-08-14,图文,曝光
7456,310,2025-08-23,短视频,曝光
7457,486,2025-08-05,短视频,曝光
7458,1813,2025-07-14,图文,曝光
7459,814,2025-09-05,短视频,曝光
7460,319,2025-08-30,短视频,曝光
7461,258,2025-08-30,短视频,加购
7462,575,2025-09-25,直播,曝光
7463,1464,2025-09-20,短视频,曝光
7464,744,2025-09-04,直播,加购
7465,861,2025-08-09,图文,曝光
7466,1366,2025-07-02,短视频,曝光
7467,1211,2025-07-20,图文,曝光
7468,164,2025-07-29,直播,点击
7469,783,2025-07-28,短视频,曝光
7470,1405,2025-09-26,图文,曝光
7471,1419,2025-07-06,图文,点击
7472,829,2025-08-31,短视频,点击
7473,429,2025-08-14,图文,加购
7474,366,2025-07-30,图文,曝光
7475,181,2025-09-06,短视频,曝光
7476,225,2025-08-25,短视频,曝光
7477,1940,2025-09-16,短视频,曝光
7478,825,2025-07-16,短视频,曝光
7479,642,2025-07-25,短视频,点击
7480,892,2025-09-24,短视频,曝光
7481,1035,2025-09-19,图文,曝光
7482,275,2025-08-05,短视频,曝光
7483,1809,2025-08-07,直播,点击
7484,965,2025-07-18,图文,曝光
7485,1125,2025-07-08,直播,曝光
7486,1005,2025-07-07,图文,曝光
7487,1876,2025-07-01,短视频,曝光
7488,1963,2025-07-04,短视频,分享
7489,252,2025-08-04,直播,点击
7490,1427,2025-08-29,直播,曝光
7491,327,2025-08-29,直播,曝光
7492,25,2025-09-01,短视频,曝光
7493,1105,2025-08-29,短视频,曝光
7494,954,2025-08-30,短视频,曝光
7495,985,2025-08-05,图文,曝光
7496,44,2025-07-29,图文,曝光
7497,1288,2025-08-09,短视频,曝光
7498,1023,2025-09-11,直播,曝光
7499,117,2025-08-19,短视频,曝光
7500,676,2025-09-16,直播,曝光
7501,271,2025-07-31,短视频,点击
7502,1808,2025-08-25,短视频,曝光
7503,1485,2025-08-29,短视频,加购
7504,987,2025-08-26,图文,曝光
7505,175,2025-07-10,短视频,曝光
7506,1700,2025-07-18,图文,曝光
7507,710,2025-08-27,短视频,点击
7508,1168,2025-09-17,短视频,加购
7509,1441,2025-08-14,短视频,曝光
7510,794,2025-07-08,短视频,曝光
7511,1945,2025-09-19,直播,曝光
7512,460,2025-09-12,短视频,点击
7513,687,2025-09-13,短视频,曝光
7514,367,2025-08-08,图文,点击
7515,687,2025-08-29,图文,曝光
7516,1590,2025-07-10,短视频,曝光
7517,943,2025-07-03,直播,点击
7518,1766,2025-07-06,短视频,点击
7519,1781,2025-08-09,短视频,曝光
7520,649,2025-09-29,图文,曝光
7521,1591,2025-07-06,图文,加购
7522,990,2025-08-22,图文,曝光
7523,847,2025-09-08,直播,曝光
7524,576,2025-08-10,图文,曝光
7525,134,2025-07-05,短视频,曝光
7526,911,2025-09-24,短视频,曝光
7527,1337,2025-09-21,直播,曝光
7528,1739,2025-08-12,直播,加购
7529,824,2025-09-16,短视频,曝光
7530,276,2025-09-16,直播,曝光
7531,938,2025-08-29,短视频,曝光
7532,583,2025-09-17,直播,曝光
7533,1838,2025-09-03,短视频,曝光
7534,1391,2025-09-08,直播,曝光
7535,1812,2025-07-11,图文,曝光
7536,622,2025-07-09,图文,曝光
7537,891,2025-07-15,图文,曝光
7538,163,2025-09-26,短视频,点击
7539,271,2025-08-07,短视频,曝光
7540,749,2025-08-27,直播,曝光
7541,794,2025-08-22,直播,曝光
7542,1353,2025-08-07,直播,曝光
7543,431,2025-09-04,短视频,曝光
7544,1969,2025-09-09,短视频,点击
7545,1561,2025-09-26,直播,曝光
7546,1785,2025-07-07,短视频,点击
7547,614,2025-08-02,短视频,点击
7548,1124,2025-07-17,图文,曝光
7549,1036,2025-08-20,图文,分享
7550,1555,2025-09-01,短视频,曝光
7551,1697,2025-07-17,图文,曝光
7552,1143,2025-08-27,图文,曝光
7553,1949,2025-07-05,短视频,曝光
7554,988,2025-08-18,短视频,点击
7555,549,2025-09-28,短视频,曝光
7556,342,2025-09-01,直播,曝光
7557,755,2025-09-10,短视频,曝光
7558,585,2025-09-26,图文,点击
7559,401,2025-08-17,短视频,点击
7560,905,2025-07-12,短视频,曝光
7561,523,2025-08-23,直播,曝光
7562,1972,2025-08-01,直播,曝光
7563,610,2025-09-27,短视频,曝光
7564,1218,2025-07-27,图文,曝光
7565,1505,2025-08-18,短视频,点击
7566,1890,2025-09-25,短视频,点击
7567,1374,2025-09-07,图文,曝光
7568,518,2025-07-18,图文,曝光
7569,1113,2025-09-19,短视频,曝光
7570,138,2025-08-03,短视频,曝光
7571,541,2025-09-04,短视频,点击
7572,1957,2025-09-22,短视频,曝光
7573,10,2025-09-29,短视频,曝光
7574,660,2025-08-31,直播,曝光
7575,107,2025-09-06,图文,加购
7576,1071,2025-07-03,短视频,曝光
7577,1503,2025-09-26,图文,曝光
7578,143,2025-09-27,短视频,加购
7579,258,2025-07-20,短视频,点击
7580,1721,2025-07-06,短视频,曝光
7581,558,2025-09-26,短视频,曝光
7582,2,2025-08-18,短视频,曝光
7583,197,2025-07-17,直播,曝光
7584,1813,2025-07-23,短视频,曝光
7585,1847,2025-08-30,直播,曝光
7586,331,2025-08-28,短视频,曝光
7587,561,2025-08-26,直播,曝光
7588,367,2025-07-27,直播,曝光
7589,984,2025-09-09,图文,分享
7590,1652,2025-09-14,直播,加购
7591,1520,2025-07-04,直播,曝光
7592,773,2025-08-21,图文,曝光
7593,1391,2025-09-03,图文,加购
7594,513,2025-07-29,图文,曝光
7595,1819,2025-09-03,短视频,曝光
7596,1193,2025-09-18,直播,曝光
7597,1835,2025-09-21,直播,曝光
7598,509,2025-09-10,图文,加购
7599,1901,2025-09-04,直播,曝光
7600,574,2025-08-15,短视频,曝光
7601,1369,2025-07-09,短视频,曝光
7602,92,2025-08-15,短视频,点击
7603,462,2025-09-11,直播,曝光
7604,1079,2025-08-13,短视频,曝光
7605,1009,2025-09-24,图文,加购
7606,259,2025-08-19,图文,曝光
7607,20,2025-07-01,直播,曝光
7608,1675,2025-09-17,短视频,曝光
7609,489,2025-08-10,直播,曝光
7610,1503,2025-07-07,图文,曝光
7611,347,2025-09-02,直播,加购
7612,571,2025-08-05,直播,加购
7613,34,2025-09-11,短视频,点击
7614,1068,2025-09-08,短视频,加购
7615,1034,2025-09-26,直播,加购
7616,1155,2025-09-27,图文,曝光
7617,1498,2025-09-08,直播,曝光
7618,1333,2025-07-15,短视频,曝光
7619,405,2025-09-14,直播,曝光
7620,838,2025-07-04,短视频,曝光
7621,153,2025-08-12,短视频,曝光
7622,1306,2025-09-13,短视频,曝光
7623,793,2025-09-22,直播,曝光
7624,339,2025-09-28,图文,曝光
7625,1756,2025-07-12,短视频,点击
7626,943,2025-09-04,短视频,点击
7627,106,2025-07-08,直播,曝光
7628,189,2025-08-20,图文,加购
7629,584,2025-08-02,短视频,曝光
7630,1883,2025-07-22,短视频,曝光
7631,197,2025-09-07,短视频,曝光
7632,803,2025-09-27,直播,曝光
7633,796,2025-08-01,短视频,加购
7634,1235,2025-09-05,短视频,曝光
7635,1199,2025-09-09,短视频,曝光
7636,980,2025-09-02,短视频,点击
7637,1614,2025-07-31,直播,曝光
7638,54,2025-09-20,短视频,加购
7639,787,2025-09-03,直播,曝光
7640,126,2025-09-19,短视频,曝光
7641,602,2025-07-23,直播,曝光
7642,530,2025-07-08,短视频,曝光
7643,1768,2025-09-02,直播,曝光
7644,1350,2025-07-02,直播,曝光
7645,480,2025-07-19,短视频,点击
7646,1283,2025-07-21,图文,曝光
7647,1665,2025-07-18,短视频,曝光
7648,376,2025-09-22,短视频,点击
7649,1130,2025-09-19,短视频,曝光
7650,978,2025-08-19,短视频,曝光
7651,1829,2025-09-01,图文,点击
7652,735,2025-08-29,短视频,加购
7653,1358,2025-09-19,短视频,曝光
7654,1138,2025-08-01,直播,曝光
7655,646,2025-09-03,直播,曝光
7656,670,2025-08-09,图文,分享
7657,1724,2025-08-16,直播,点击
7658,1793,2025-07-28,短视频,点击
7659,521,2025-09-08,短视频,曝光
7660,945,2025-09-25,图文,曝光
7661,286,2025-09-29,直播,曝光
7662,854,2025-08-07,短视频,曝光
7663,1736,2025-07-08,直播,曝光
7664,1407,2025-09-15,短视频,加购
7665,972,2025-07-03,短视频,曝光
7666,1562,2025-07-15,短视频,曝光
7667,1106,2025-09-21,图文,曝光
7668,876,2025-07-30,短视频,曝光
7669,34,2025-08-19,短视频,加购
7670,218,2025-07-17,图文,曝光
7671,1078,2025-07-25,短视频,点击
7672,171,2025-07-27,直播,曝光
7673,24,2025-07-21,图文,曝光
7674,654,2025-08-31,短视频,曝光
7675,1113,2025-09-01,直播,曝光
7676,1466,2025-07-14,短视频,曝光
7677,1932,2025-09-29,图文,曝光
7678,1308,2025-08-19,短视频,曝光
7679,1951,2025-09-05,短视频,分享
7680,576,2025-07-01,直播,曝光
7681,1316,2025-08-05,图文,分享
7682,9,2025-09-29,短视频,加购
7683,272,2025-09-17,短视频,曝光
7684,1286,2025-07-04,直播,曝光
7685,632,2025-09-01,短视频,曝光
7686,1129,2025-09-08,短视频,曝光
7687,1886,2025-07-13,短视频,分享
7688,1545,2025-09-18,短视频,加购
7689,704,2025-07-17,短视频,曝光
7690,1373,2025-09-30,直播,曝光
7691,1848,2025-07-01,短视频,点击
7692,494,2025-08-29,直播,曝光
7693,1110,2025-07-22,短视频,曝光
7694,1466,2025-08-25,直播,曝光
7695,1319,2025-09-09,短视频,曝光
7696,973,2025-08-21,短视频,曝光
7697,867,2025-09-07,直播,曝光
7698,1150,2025-09-09,短视频,曝光
7699,993,2025-07-31,短视频,曝光
7700,714,2025-09-19,短视频,曝光
7701,1749,2025-07-08,图文,点击
7702,1582,2025-08-18,直播,曝光
7703,1283,2025-09-08,直播,曝光
7704,393,2025-09-05,短视频,加购
7705,1029,2025-07-30,短视频,曝光
7706,410,2025-09-27,短视频,点击
7707,326,2025-09-29,直播,曝光
7708,475,2025-07-11,短视频,曝光
7709,316,2025-07-09,短视频,点击
7710,1580,2025-08-24,短视频,曝光
7711,1029,2025-07-18,直播,曝光
7712,1457,2025-07-07,短视频,曝光
7713,1953,2025-09-13,短视频,曝光
7714,540,2025-08-10,直播,曝光
7715,391,2025-09-18,短视频,曝光
7716,288,2025-09-05,图文,点击
7717,38,2025-08-30,短视频,加购
7718,57,2025-08-04,直播,点击
7719,1191,2025-09-07,直播,点击
7720,1368,2025-07-10,图文,点击
7721,585,2025-07-29,图文,曝光
7722,1078,2025-09-15,短视频,点击
7723,414,2025-09-01,直播,曝光
7724,1405,2025-07-23,短视频,加购
7725,1422,2025-09-17,图文,点击
7726,1417,2025-08-16,直播,点击
7727,1024,2025-09-06,短视频,点击
7728,1690,2025-07-14,短视频,加购
7729,167,2025-07-13,图文,点击
7730,832,2025-09-30,直播,曝光
7731,127,2025-09-23,直播,分享
7732,1655,2025-08-05,图文,曝光
7733,148,2025-09-24,短视频,点击
7734,872,2025-09-14,短视频,点击
7735,372,2025-07-25,图文,加购
7736,1416,2025-08-05,直播,曝光
7737,805,2025-08-18,直播,曝光
7738,1103,2025-08-02,短视频,曝光
7739,1925,2025-07-27,短视频,点击
7740,1843,2025-07-23,短视频,曝光
7741,858,2025-08-28,短视频,曝光
7742,741,2025-08-07,短视频,曝光
7743,599,2025-09-28,图文,点击
7744,1380,2025-09-19,图文,曝光
7745,1990,2025-07-09,直播,曝光
7746,1197,2025-08-30,短视频,曝光
7747,1131,2025-08-28,直播,曝光
7748,1998,2025-07-05,短视频,加购
7749,381,2025-09-11,短视频,加购
7750,155,2025-08-19,短视频,加购
7751,190,2025-09-15,直播,加购
7752,1197,2025-08-15,短视频,曝光
7753,1793,2025-08-08,直播,曝光
7754,465,2025-09-02,直播,点击
7755,1449,2025-09-09,短视频,曝光
7756,1769,2025-09-08,短视频,点击
7757,1833,2025-08-14,图文,曝光
7758,1589,2025-08-22,直播,曝光
7759,735,2025-09-30,短视频,分享
7760,1324,2025-09-19,直播,点击
7761,1110,2025-08-06,短视频,曝光
7762,961,2025-08-29,直播,曝光
7763,1417,2025-07-16,直播,点击
7764,1363,2025-08-01,短视频,曝光
7765,1617,2025-08-19,直播,曝光
7766,1109,2025-08-04,直播,曝光
7767,1318,2025-09-24,直播,曝光
7768,575,2025-09-17,短视频,曝光
7769,947,2025-07-03,短视频,点击
7770,1639,2025-07-24,短视频,曝光
7771,1544,2025-07-15,直播,加购
7772,1026,2025-07-14,短视频,点击
7773,1134,2025-08-20,直播,曝光
7774,515,2025-09-08,图文,点击
7775,766,2025-09-06,图文,曝光
7776,1329,2025-08-09,图文,分享
7777,232,2025-08-07,图文,曝光
7778,38,2025-07-21,直播,曝光
7779,1200,2025-09-18,短视频,曝光
7780,1441,2025-09-15,短视频,点击
7781,1962,2025-08-03,短视频,曝光
7782,941,2025-07-18,短视频,曝光
7783,247,2025-08-13,直播,曝光
7784,1269,2025-09-06,直播,曝光
7785,616,2025-07-26,图文,曝光
7786,315,2025-08-01,短视频,曝光
7787,1243,2025-07-14,图文,曝光
7788,1437,2025-09-04,图文,加购
7789,110,2025-09-20,直播,曝光
7790,1447,2025-09-10,短视频,曝光
7791,1149,2025-09-12,直播,曝光
7792,1484,2025-07-15,直播,曝光
7793,1260,2025-09-18,直播,点击
7794,935,2025-09-14,直播,曝光
7795,669,2025-07-30,图文,曝光
7796,1282,2025-08-26,短视频,曝光
7797,400,2025-07-07,短视频,加购
7798,1099,2025-09-18,直播,曝光
7799,1506,2025-07-01,图文,点击
7800,467,2025-07-03,短视频,加购
7801,171,2025-08-26,短视频,曝光
7802,47,2025-09-08,直播,曝光
7803,1110,2025-09-14,直播,加购
7804,828,2025-09-29,直播,曝光
7805,1309,2025-07-02,短视频,曝光
7806,1630,2025-09-03,短视频,曝光
7807,1958,2025-07-30,短视频,曝光
7808,645,2025-09-23,短视频,点击
7809,225,2025-07-27,直播,曝光
7810,1499,2025-08-08,短视频,加购
7811,39,2025-07-28,直播,点击
7812,1280,2025-09-03,直播,点击
7813,551,2025-09-22,图文,曝光
7814,707,2025-08-22,图文,分享
7815,248,2025-08-02,短视频,加购
7816,2,2025-07-31,短视频,曝光
7817,388,2025-09-01,短视频,曝光
7818,863,2025-08-27,直播,加购
7819,588,2025-07-23,短视频,曝光
7820,786,2025-08-03,图文,曝光
7821,224,2025-09-26,直播,点击
7822,278,2025-09-26,图文,曝光
7823,1496,2025-08-05,直播,曝光
7824,1638,2025-09-12,图文,点击
7825,1480,2025-07-07,图文,点击
7826,1911,2025-09-19,短视频,曝光
7827,1463,2025-07-30,直播,曝光
7828,243,2025-08-28,图文,分享
7829,1475,2025-08-26,图文,曝光
7830,462,2025-09-16,图文,曝光
7831,1555,2025-09-27,直播,曝光
7832,1265,2025-08-03,直播,曝光
7833,1694,2025-08-19,直播,曝光
7834,1902,2025-08-30,短视频,曝光
7835,1378,2025-08-23,短视频,点击
7836,1868,2025-07-31,短视频,曝光
7837,1081,2025-08-05,短视频,曝光
7838,1863,2025-08-24,短视频,分享
7839,179,2025-09-25,短视频,曝光
7840,881,2025-07-07,短视频,曝光
7841,1526,2025-07-21,图文,点击
7842,1972,2025-09-11,图文,加购
7843,1739,2025-08-24,直播,曝光
7844,730,2025-08-08,直播,曝光
7845,1256,2025-08-02,图文,点击
7846,174,2025-09-29,短视频,点击
7847,232,2025-09-20,直播,曝光
7848,1409,2025-09-17,直播,曝光
7849,626,2025-07-27,直播,曝光
7850,1113,2025-08-26,图文,曝光
7851,413,2025-09-27,短视频,曝光
7852,1599,2025-07-25,图文,曝光
7853,173,2025-07-20,短视频,点击
7854,1243,2025-08-27,直播,加购
7855,1355,2025-07-19,短视频,曝光
7856,1642,2025-09-08,短视频,曝光
7857,511,2025-09-18,直播,点击
7858,688,2025-08-13,直播,曝光
7859,1112,2025-09-30,短视频,加购
7860,576,2025-08-24,图文,加购
7861,1473,2025-08-07,直播,曝光
7862,1515,2025-09-19,短视频,曝光
7863,1512,2025-08-27,短视频,曝光
7864,996,2025-07-13,图文,曝光
7865,1256,2025-09-18,图文,曝光
7866,359,2025-08-15,直播,曝光
7867,396,2025-08-01,直播,曝光
7868,751,2025-09-18,直播,曝光
7869,414,2025-09-10,直播,曝光
7870,1602,2025-08-05,图文,加购
7871,516,2025-09-29,短视频,曝光
7872,1848,2025-09-20,直播,加购
7873,822,2025-07-16,直播,曝光
7874,1521,2025-08-21,短视频,曝光
7875,153,2025-08-28,短视频,点击
7876,1437,2025-08-06,短视频,曝光
7877,912,2025-08-18,图文,加购
7878,1624,2025-09-30,短视频,点击
7879,362,2025-08-22,短视频,曝光
7880,402,2025-07-15,直播,加购
7881,1726,2025-09-17,短视频,曝光
7882,1160,2025-08-01,直播,曝光
7883,1125,2025-07-16,直播,曝光
7884,1189,2025-07-21,直播,分享
7885,716,2025-09-15,短视频,曝光
7886,1892,2025-09-29,直播,曝光
7887,1109,2025-07-18,短视频,曝光
7888,31,2025-07-14,直播,曝光
7889,573,2025-09-28,直播,曝光
7890,1942,2025-07-11,图文,点击
7891,973,2025-08-21,直播,曝光
7892,1453,2025-07-25,直播,曝光
7893,38,2025-07-19,直播,曝光
7894,45,2025-08-25,短视频,点击
7895,410,2025-07-17,短视频,曝光
7896,1038,2025-07-25,直播,点击
7897,1219,2025-08-29,直播,曝光
7898,140,2025-07-31,短视频,加购
7899,1834,2025-09-29,直播,曝光
7900,1207,2025-08-19,短视频,点击
7901,703,2025-07-11,短视频,曝光
7902,904,2025-08-28,短视频,加购
7903,1012,2025-08-26,短视频,点击
7904,1545,2025-08-23,短视频,曝光
7905,186,2025-09-27,直播,点击
7906,1159,2025-08-26,短视频,曝光
7907,1046,2025-09-08,图文,曝光
7908,1573,2025-08-31,直播,加购
7909,721,2025-07-24,短视频,曝光
7910,738,2025-09-19,图文,曝光
7911,1615,2025-09-01,短视频,曝光
7912,1714,2025-09-01,直播,曝光
7913,1648,2025-07-07,短视频,点击
7914,1733,2025-09-05,图文,曝光
7915,205,2025-07-09,短视频,曝光
7916,1311,2025-08-06,短视频,曝光
7917,1377,2025-08-21,短视频,曝光
7918,528,2025-09-25,短视频,点击
7919,907,2025-07-17,短视频,曝光
7920,1983,2025-09-13,直播,点击
7921,279,2025-08-19,直播,曝光
7922,1636,2025-08-23,短视频,曝光
7923,636,2025-09-22,短视频,点击
7924,1704,2025-08-11,短视频,曝光
7925,1070,2025-07-13,短视频,曝光
7926,24,2025-07-02,直播,曝光
7927,219,2025-08-02,短视频,曝光
7928,1653,2025-09-29,图文,曝光
7929,1584,2025-07-20,直播,加购
7930,436,2025-07-14,直播,加购
7931,1283,2025-07-04,图文,曝光
7932,1017,2025-08-16,直播,曝光
7933,108,2025-08-03,直播,曝光
7934,1409,2025-08-01,直播,曝光
7935,319,2025-08-25,直播,曝光
7936,821,2025-07-30,图文,点击
7937,17,2025-07-06,直播,曝光
7938,488,2025-08-08,图文,点击
7939,1873,2025-09-07,短视频,曝光
7940,1001,2025-08-22,短视频,曝光
7941,1448,2025-09-25,图文,曝光
7942,600,2025-07-01,短视频,曝光
7943,87,2025-07-06,图文,点击
7944,1231,2025-07-15,图文,分享
7945,481,2025-07-04,短视频,曝光
7946,220,2025-08-26,图文,曝光
7947,989,2025-08-27,图文,点击
7948,817,2025-09-07,短视频,曝光
7949,233,2025-07-20,图文,曝光
7950,1184,2025-09-01,直播,曝光
7951,892,2025-07-17,短视频,加购
7952,1982,2025-09-30,短视频,曝光
7953,178,2025-07-24,图文,曝光
7954,991,2025-07-05,直播,曝光
7955,1587,2025-07-17,直播,曝光
7956,852,2025-08-17,直播,曝光
7957,418,2025-09-04,直播,曝光
7958,1979,2025-08-08,短视频,加购
7959,651,2025-07-30,图文,曝光
7960,1851,2025-07-19,直播,曝光
7961,1682,2025-07-12,图文,点击
7962,1346,2025-09-20,直播,点击
7963,1547,2025-09-07,短视频,曝光
7964,1090,2025-07-14,短视频,曝光
7965,1338,2025-07-15,直播,曝光
7966,542,2025-08-16,直播,曝光
7967,112,2025-08-02,图文,曝光
7968,1248,2025-07-18,图文,曝光
7969,1607,2025-08-10,短视频,曝光
7970,1668,2025-08-10,图文,加购
7971,1525,2025-08-23,图文,分享
7972,1964,2025-09-11,短视频,曝光
7973,1190,2025-07-26,短视频,曝光
7974,342,2025-09-03,直播,曝光
7975,411,2025-09-06,短视频,曝光
7976,549,2025-09-03,短视频,曝光
7977,1952,2025-09-24,直播,曝光
7978,1769,2025-07-20,图文,点击
7979,1452,2025-09-06,图文,曝光
7980,1722,2025-07-03,短视频,曝光
7981,684,2025-07-31,直播,分享
7982,1434,2025-09-05,短视频,曝光
7983,334,2025-09-24,图文,点击
7984,208,2025-07-10,直播,曝光
7985,1285,2025-09-06,短视频,曝光
7986,1413,2025-08-05,图文,曝光
7987,1191,2025-08-19,短视频,曝光
7988,939,2025-09-16,短视频,分享
7989,1213,2025-09-17,短视频,加购
7990,743,2025-08-07,短视频,曝光
7991,588,2025-09-19,短视频,点击
7992,502,2025-08-12,图文,曝光
7993,729,2025-07-22,直播,点击
7994,636,2025-09-27,直播,点击
7995,318,2025-08-02,短视频,曝光
7996,1072,2025-09-22,短视频,点击
7997,823,2025-09-23,短视频,点击
7998,324,2025-07-09,直播,曝光
7999,1814,2025-09-04,直播,曝光
8000,1019,2025-09-18,短视频,曝光
8001,286,2025-07-19,短视频,点击
8002,97,2025-08-15,短视频,曝光
8003,171,2025-09-30,直播,加购
8004,822,2025-09-12,短视频,曝光
8005,485,2025-08-01,直播,曝光
8006,1921,2025-08-02,图文,加购
8007,940,2025-07-10,短视频,曝光
8008,1478,2025-09-27,短视频,曝光
8009,489,2025-09-20,短视频,曝光
8010,138,2025-09-12,直播,曝光
8011,670,2025-08-07,短视频,加购
8012,1376,2025-08-11,短视频,曝光
8013,1529,2025-08-04,直播,曝光
8014,393,2025-08-03,直播,曝光
8015,593,2025-07-06,直播,曝光
8016,949,2025-07-20,短视频,曝光
8017,694,2025-08-26,图文,曝光
8018,589,2025-07-26,短视频,曝光
8019,1968,2025-07-15,图文,点击
8020,1869,2025-08-10,短视频,曝光
8021,713,2025-09-13,短视频,点击
8022,109,2025-08-02,短视频,曝光
8023,718,2025-09-08,图文,分享
8024,1762,2025-08-29,直播,分享
8025,1799,2025-07-31,直播,加购
8026,1403,2025-08-28,图文,曝光
8027,1352,2025-08-16,短视频,曝光
8028,726,2025-07-18,短视频,曝光
8029,882,2025-08-09,短视频,曝光
8030,1760,2025-07-24,短视频,曝光
8031,433,2025-08-20,短视频,曝光
8032,813,2025-07-05,短视频,点击
8033,1755,2025-07-08,短视频,曝光
8034,1397,2025-08-05,直播,点击
8035,219,2025-08-17,短视频,加购
8036,1576,2025-08-13,短视频,点击
8037,136,2025-07-08,直播,曝光
8038,573,2025-07-10,短视频,曝光
8039,1840,2025-07-10,短视频,曝光
8040,145,2025-07-08,直播,曝光
8041,376,2025-09-15,图文,曝光
8042,1737,2025-07-25,图文,曝光
8043,1340,2025-09-12,图文,分享
8044,463,2025-08-15,直播,曝光
8045,689,2025-09-30,短视频,点击
8046,1864,2025-09-29,直播,曝光
8047,1211,2025-08-25,直播,曝光
8048,631,2025-09-23,短视频,曝光
8049,289,2025-08-06,图文,曝光
8050,830,2025-08-06,图文,加购
8051,635,2025-07-12,直播,曝光
8052,861,2025-08-21,短视频,曝光
8053,98,2025-08-30,直播,曝光
8054,936,2025-08-21,图文,曝光
8055,494,2025-07-22,短视频,曝光
8056,1926,2025-08-01,短视频,曝光
8057,554,2025-07-24,直播,分享
8058,491,2025-09-17,短视频,曝光
8059,605,2025-07-13,短视频,分享
8060,1217,2025-07-27,短视频,曝光
8061,1463,2025-07-31,直播,曝光
8062,589,2025-08-09,短视频,点击
8063,1389,2025-07-29,短视频,曝光
8064,262,2025-09-22,短视频,曝光
8065,384,2025-08-16,短视频,曝光
8066,578,2025-08-01,短视频,加购
8067,1399,2025-08-01,短视频,曝光
8068,1105,2025-08-17,短视频,曝光
8069,923,2025-08-03,短视频,曝光
8070,1214,2025-09-19,直播,曝光
8071,393,2025-07-12,图文,曝光
8072,528,2025-07-31,短视频,点击
8073,1412,2025-08-09,图文,曝光
8074,1975,2025-09-27,短视频,曝光
8075,1,2025-07-28,直播,曝光
8076,726,2025-07-19,短视频,曝光
8077,1767,2025-08-06,图文,曝光
8078,1665,2025-09-01,直播,曝光
8079,524,2025-09-29,直播,点击
8080,71,2025-07-06,短视频,曝光
8081,1136,2025-08-29,图文,曝光
8082,1391,2025-08-19,图文,曝光
8083,509,2025-08-01,短视频,曝光
8084,607,2025-07-15,短视频,曝光
8085,1348,2025-08-30,图文,曝光
8086,1074,2025-08-27,直播,曝光
8087,565,2025-07-13,短视频,分享
8088,1674,2025-08-26,短视频,点击
8089,1807,2025-08-17,直播,曝光
8090,1450,2025-08-08,图文,曝光
8091,1893,2025-08-18,短视频,点击
8092,720,2025-09-24,短视频,点击
8093,222,2025-08-09,短视频,点击
8094,1465,2025-09-21,图文,分享
8095,1121,2025-07-03,图文,点击
8096,828,2025-09-06,直播,曝光
8097,522,2025-09-07,短视频,曝光
8098,127,2025-09-05,直播,曝光
8099,344,2025-08-03,直播,分享
8100,1332,2025-07-07,图文,曝光
8101,457,2025-07-06,直播,加购
8102,1874,2025-07-30,直播,曝光
8103,947,2025-07-12,图文,曝光
8104,168,2025-07-19,短视频,曝光
8105,1309,2025-07-02,直播,点击
8106,1376,2025-08-05,图文,点击
8107,360,2025-09-22,短视频,曝光
8108,1680,2025-07-11,短视频,曝光
8109,1476,2025-08-03,短视频,点击
8110,1194,2025-07-30,图文,分享
8111,243,2025-08-10,直播,曝光
8112,971,2025-08-22,直播,曝光
8113,1942,2025-09-23,直播,点击
8114,475,2025-07-16,短视频,曝光
8115,1872,2025-07-28,短视频,曝光
8116,388,2025-07-10,短视频,曝光
8117,1213,2025-07-05,短视频,点击
8118,793,2025-09-04,图文,曝光
8119,137,2025-07-27,图文,曝光
8120,1283,2025-07-23,短视频,点击
8121,947,2025-08-10,短视频,点击
8122,630,2025-08-13,直播,曝光
8123,466,2025-08-10,直播,点击
8124,977,2025-09-16,短视频,曝光
8125,212,2025-09-01,短视频,曝光
8126,1200,2025-08-04,直播,点击
8127,186,2025-07-18,直播,曝光
8128,420,2025-07-10,直播,点击
8129,1019,2025-09-04,短视频,分享
8130,1483,2025-09-11,短视频,曝光
8131,796,2025-09-03,直播,点击
8132,1258,2025-09-06,短视频,分享
8133,1864,2025-08-28,短视频,曝光
8134,1184,2025-08-26,短视频,曝光
8135,1501,2025-09-27,直播,曝光
8136,957,2025-08-19,短视频,点击
8137,520,2025-09-22,短视频,曝光
8138,730,2025-09-08,短视频,曝光
8139,704,2025-08-10,图文,曝光
8140,1098,2025-08-02,图文,曝光
8141,303,2025-07-16,直播,加购
8142,1532,2025-07-31,短视频,曝光
8143,306,2025-08-18,直播,曝光
8144,1413,2025-08-27,图文,曝光
8145,945,2025-09-16,直播,曝光
8146,1476,2025-07-16,短视频,曝光
8147,351,2025-07-15,短视频,曝光
8148,419,2025-08-28,短视频,曝光
8149,505,2025-07-02,短视频,点击
8150,1560,2025-09-18,直播,曝光
8151,531,2025-07-20,直播,分享
8152,671,2025-08-17,短视频,曝光
8153,280,2025-07-08,短视频,加购
8154,467,2025-07-08,短视频,点击
8155,1713,2025-09-21,图文,曝光
8156,244,2025-08-30,短视频,曝光
8157,1825,2025-09-25,短视频,分享
8158,1661,2025-09-18,图文,曝光
8159,1897,2025-09-29,直播,分享
8160,1247,2025-07-19,短视频,加购
8161,1369,2025-09-06,直播,曝光
8162,1683,2025-08-26,直播,曝光
8163,1419,2025-07-20,图文,曝光
8164,1123,2025-07-19,直播,曝光
8165,843,2025-08-05,图文,曝光
8166,1721,2025-09-14,直播,点击
8167,633,2025-08-12,直播,曝光
8168,1114,2025-07-24,图文,曝光
8169,121,2025-08-23,短视频,曝光
8170,1292,2025-08-27,短视频,曝光
8171,264,2025-08-26,短视频,点击
8172,113,2025-08-24,短视频,曝光
8173,593,2025-08-05,短视频,曝光
8174,1340,2025-08-04,短视频,分享
8175,1648,2025-08-04,直播,曝光
8176,1196,2025-09-21,图文,加购
8177,1309,2025-08-09,短视频,曝光
8178,485,2025-09-21,直播,点击
8179,214,2025-07-30,图文,加购
8180,226,2025-08-01,短视频,加购
8181,151,2025-08-02,短视频,曝光
8182,695,2025-08-02,图文,曝光
8183,1496,2025-07-30,短视频,分享
8184,121,2025-08-30,图文,曝光
8185,694,2025-09-27,短视频,曝光
8186,1202,2025-07-27,直播,曝光
8187,120,2025-07-29,图文,点击
8188,1092,2025-07-28,图文,曝光
8189,796,2025-07-23,短视频,点击
8190,1836,2025-07-02,短视频,曝光
8191,993,2025-07-01,短视频,点击
8192,1036,2025-07-09,短视频,曝光
8193,1701,2025-07-14,短视频,曝光
8194,1460,2025-08-30,短视频,曝光
8195,1096,2025-07-12,直播,曝光
8196,1328,2025-07-30,图文,点击
8197,808,2025-08-12,图文,点击
8198,1400,2025-07-08,短视频,曝光
8199,618,2025-08-13,图文,曝光
8200,628,2025-09-24,短视频,曝光
8201,1657,2025-07-01,图文,曝光
8202,831,2025-07-28,直播,曝光
8203,1063,2025-07-09,短视频,曝光
8204,240,2025-07-20,图文,曝光
8205,688,2025-09-16,短视频,点击
8206,1301,2025-08-18,直播,曝光
8207,1061,2025-08-01,直播,曝光
8208,605,2025-09-15,短视频,曝光
8209,60,2025-09-23,短视频,点击
8210,1098,2025-09-19,短视频,曝光
8211,698,2025-08-16,短视频,曝光
8212,1844,2025-07-29,图文,曝光
8213,88,2025-08-16,短视频,曝光
8214,1366,2025-09-07,直播,曝光
8215,767,2025-08-10,直播,曝光
8216,536,2025-08-18,直播,曝光
8217,1428,2025-09-10,短视频,曝光
8218,1030,2025-08-24,短视频,曝光
8219,150,2025-09-08,图文,点击
8220,1205,2025-08-10,短视频,曝光
8221,358,2025-09-13,短视频,曝光
8222,1701,2025-07-17,图文,加购
8223,483,2025-09-03,图文,曝光
8224,1588,2025-09-14,直播,曝光
8225,659,2025-08-08,图文,曝光
8226,631,2025-08-20,图文,曝光
8227,5,2025-08-26,短视频,曝光
8228,1840,2025-08-06,短视频,分享
8229,1105,2025-08-14,直播,点击
8230,295,2025-09-01,直播,曝光
8231,69,2025-09-07,图文,加购
8232,553,2025-08-09,短视频,分享
8233,986,2025-09-20,短视频,曝光
8234,68,2025-09-17,短视频,曝光
8235,722,2025-09-05,图文,曝光
8236,623,2025-07-13,直播,点击
8237,1746,2025-08-05,短视频,曝光
8238,829,2025-07-03,直播,曝光
8239,210,2025-09-24,直播,分享
8240,483,2025-08-22,短视频,曝光
8241,1653,2025-07-31,图文,曝光
8242,26,2025-07-24,短视频,曝光
8243,267,2025-09-01,直播,点击
8244,22,2025-07-11,短视频,曝光
8245,99,2025-08-03,直播,曝光
8246,1848,2025-07-03,图文,点击
8247,1982,2025-09-07,直播,曝光
8248,1470,2025-09-09,直播,点击
8249,184,2025-09-07,直播,曝光
8250,1397,2025-09-27,直播,曝光
8251,1546,2025-08-14,图文,分享
8252,1572,2025-08-26,直播,曝光
8253,1495,2025-09-18,直播,曝光
8254,1389,2025-09-10,短视频,曝光
8255,885,2025-08-12,短视频,曝光
8256,123,2025-09-16,短视频,曝光
8257,1648,2025-09-09,直播,曝光
8258,1852,2025-09-13,图文,曝光
8259,1001,2025-08-14,直播,曝光
8260,858,2025-07-31,短视频,点击
8261,1836,2025-09-10,直播,分享
8262,907,2025-07-01,短视频,加购
8263,742,2025-09-19,直播,曝光
8264,1774,2025-08-27,直播,点击
8265,1854,2025-09-15,直播,点击
8266,410,2025-09-26,图文,分享
8267,551,2025-09-06,直播,加购
8268,626,2025-09-20,直播,曝光
8269,320,2025-08-28,直播,加购
8270,1711,2025-07-01,图文,曝光
8271,1948,2025-08-04,直播,曝光
8272,1040,2025-09-22,短视频,点击
8273,1423,2025-07-21,短视频,曝光
8274,841,2025-07-01,短视频,曝光
8275,1992,2025-08-08,短视频,点击
8276,1910,2025-08-18,图文,曝光
8277,1499,2025-08-15,短视频,点击
8278,1778,2025-09-17,短视频,曝光
8279,270,2025-07-17,短视频,曝光
8280,1775,2025-08-08,短视频,曝光
8281,854,2025-08-24,短视频,曝光
8282,425,2025-09-01,直播,曝光
8283,1863,2025-09-16,短视频,加购
8284,1688,2025-07-22,短视频,曝光
8285,270,2025-09-20,直播,曝光
8286,1314,2025-09-28,图文,点击
8287,1765,2025-09-30,短视频,曝光
8288,1384,2025-07-05,短视频,曝光
8289,965,2025-08-03,短视频,分享
8290,96,2025-08-28,短视频,曝光
8291,992,2025-07-27,短视频,曝光
8292,1112,2025-07-04,图文,加购
8293,1686,2025-07-25,短视频,曝光
8294,438,2025-07-04,短视频,曝光
8295,414,2025-09-06,直播,曝光
8296,1855,2025-07-25,图文,曝光
8297,1676,2025-08-31,短视频,加购
8298,1124,2025-07-02,短视频,曝光
8299,892,2025-09-11,短视频,曝光
8300,1235,2025-07-20,图文,曝光
8301,305,2025-07-23,图文,曝光
8302,487,2025-07-15,图文,曝光
8303,1084,2025-07-08,短视频,曝光
8304,843,2025-09-22,短视频,加购
8305,357,2025-09-25,短视频,曝光
8306,1059,2025-07-04,短视频,曝光
8307,1307,2025-07-26,短视频,曝光
8308,1625,2025-08-26,短视频,曝光
8309,1260,2025-08-22,图文,点击
8310,1224,2025-08-31,直播,曝光
8311,1114,2025-09-22,短视频,曝光
8312,227,2025-09-14,短视频,曝光
8313,769,2025-07-29,图文,曝光
8314,902,2025-08-03,图文,分享
8315,1048,2025-08-01,短视频,曝光
8316,592,2025-07-17,图文,点击
8317,1489,2025-08-22,短视频,曝光
8318,1078,2025-07-12,直播,点击
8319,612,2025-07-11,直播,点击
8320,940,2025-07-14,直播,曝光
8321,1420,2025-09-07,短视频,曝光
8322,45,2025-08-18,直播,曝光
8323,683,2025-07-29,短视频,曝光
8324,416,2025-08-24,短视频,加购
8325,644,2025-09-05,短视频,曝光
8326,1321,2025-09-11,直播,曝光
8327,427,2025-08-12,短视频,加购
8328,1089,2025-09-13,短视频,曝光
8329,755,2025-07-30,短视频,曝光
8330,107,2025-09-16,直播,分享
8331,1772,2025-07-18,短视频,曝光
8332,1196,2025-07-15,短视频,曝光
8333,595,2025-09-08,短视频,点击
8334,1007,2025-09-07,短视频,分享
8335,1975,2025-09-19,图文,曝光
8336,301,2025-07-07,短视频,曝光
8337,1704,2025-09-22,直播,曝光
8338,4,2025-09-20,图文,曝光
8339,1729,2025-08-21,短视频,点击
8340,671,2025-08-18,直播,分享
8341,593,2025-07-14,短视频,曝光
8342,1560,2025-08-29,图文,曝光
8343,328,2025-09-09,短视频,曝光
8344,267,2025-08-27,短视频,曝光
8345,934,2025-07-21,短视频,曝光
8346,1889,2025-08-21,图文,点击
8347,663,2025-07-15,短视频,点击
8348,1085,2025-08-18,图文,点击
8349,796,2025-09-20,图文,曝光
8350,1517,2025-09-23,图文,点击
8351,1799,2025-09-05,短视频,曝光
8352,1954,2025-08-02,直播,曝光
8353,539,2025-08-01,短视频,曝光
8354,526,2025-09-10,短视频,曝光
8355,1850,2025-07-02,短视频,曝光
8356,1166,2025-08-03,图文,点击
8357,657,2025-08-21,短视频,曝光
8358,682,2025-07-05,图文,曝光
8359,353,2025-09-12,短视频,曝光
8360,170,2025-08-04,直播,曝光
8361,694,2025-09-15,直播,曝光
8362,1588,2025-07-14,短视频,曝光
8363,1319,2025-07-04,直播,曝光
8364,25,2025-08-10,短视频,曝光
8365,90,2025-09-27,短视频,点击
8366,1738,2025-07-08,直播,曝光
8367,1588,2025-07-12,直播,曝光
8368,1590,2025-09-11,直播,曝光
8369,1724,2025-07-11,图文,曝光
8370,1277,2025-08-24,直播,曝光
8371,676,2025-07-04,短视频,点击
8372,1183,2025-07-04,图文,曝光
8373,1285,2025-08-05,图文,曝光
8374,1692,2025-08-29,短视频,曝光
8375,1064,2025-08-24,图文,曝光
8376,112,2025-09-26,图文,分享
8377,1245,2025-07-06,直播,曝光
8378,1473,2025-07-06,图文,曝光
8379,1892,2025-09-10,短视频,加购
8380,361,2025-08-02,短视频,曝光
8381,1721,2025-07-20,短视频,曝光
8382,41,2025-09-21,短视频,加购
8383,1462,2025-07-30,直播,曝光
8384,625,2025-07-04,短视频,分享
8385,235,2025-07-02,短视频,曝光
8386,655,2025-09-23,短视频,加购
8387,1104,2025-07-15,短视频,加购
8388,386,2025-09-29,图文,点击
8389,1102,2025-07-19,图文,点击
8390,1422,2025-08-05,短视频,加购
8391,1753,2025-07-06,直播,曝光
8392,1118,2025-08-12,直播,点击
8393,1203,2025-09-27,直播,曝光
8394,1841,2025-09-29,短视频,曝光
8395,70,2025-08-04,短视频,曝光
8396,1524,2025-07-06,短视频,点击
8397,1955,2025-09-02,直播,曝光
8398,1653,2025-07-30,短视频,点击
8399,1846,2025-09-18,直播,曝光
8400,1806,2025-07-06,直播,曝光
8401,1178,2025-07-09,直播,曝光
8402,1613,2025-09-07,直播,曝光
8403,729,2025-08-29,短视频,曝光
8404,237,2025-08-29,直播,曝光
8405,170,2025-08-20,短视频,曝光
8406,371,2025-09-18,短视频,曝光
8407,1449,2025-08-31,图文,点击
8408,804,2025-07-18,直播,曝光
8409,1623,2025-09-12,直播,曝光
8410,665,2025-08-20,短视频,曝光
8411,1582,2025-07-17,直播,点击
8412,1771,2025-09-04,短视频,加购
8413,654,2025-09-01,短视频,曝光
8414,1049,2025-07-26,短视频,分享
8415,1074,2025-07-18,直播,曝光
8416,1752,2025-09-20,短视频,点击
8417,750,2025-09-17,短视频,加购
8418,775,2025-07-19,短视频,分享
8419,1552,2025-09-02,短视频,曝光
8420,1814,2025-07-11,短视频,曝光
8421,57,2025-09-22,直播,曝光
8422,144,2025-07-26,短视频,曝光
8423,1867,2025-07-16,直播,曝光
8424,892,2025-09-12,短视频,分享
8425,1119,2025-09-27,短视频,加购
8426,1803,2025-09-04,短视频,曝光
8427,794,2025-09-21,短视频,曝光
8428,900,2025-09-20,图文,曝光
8429,1695,2025-07-28,短视频,曝光
8430,1466,2025-08-26,图文,点击
8431,1388,2025-09-02,短视频,曝光
8432,722,2025-09-23,短视频,曝光
8433,1404,2025-08-19,短视频,曝光
8434,1659,2025-08-19,短视频,曝光
8435,1827,2025-09-14,图文,点击
8436,1263,2025-09-23,直播,点击
8437,1744,2025-07-06,直播,曝光
8438,1624,2025-09-19,短视频,曝光
8439,1463,2025-08-06,短视频,曝光
8440,1073,2025-08-13,直播,曝光
8441,870,2025-08-09,直播,曝光
8442,1276,2025-07-01,短视频,曝光
8443,1771,2025-08-22,直播,曝光
8444,1058,2025-09-29,直播,分享
8445,1400,2025-09-04,短视频,曝光
8446,1135,2025-08-15,短视频,分享
8447,1298,2025-07-03,直播,曝光
8448,1379,2025-09-07,短视频,点击
8449,105,2025-08-31,短视频,曝光
8450,242,2025-08-11,直播,曝光
8451,78,2025-08-03,图文,曝光
8452,1538,2025-08-03,短视频,曝光
8453,1791,2025-07-20,短视频,曝光
8454,711,2025-08-02,短视频,曝光
8455,152,2025-07-15,短视频,曝光
8456,26,2025-08-02,短视频,分享
8457,890,2025-09-25,图文,曝光
8458,1288,2025-08-23,图文,曝光
8459,667,2025-08-23,短视频,曝光
8460,1228,2025-09-13,图文,点击
8461,307,2025-09-19,短视频,曝光
8462,1452,2025-08-22,短视频,点击
8463,661,2025-08-03,图文,曝光
8464,1997,2025-08-18,短视频,曝光
8465,1539,2025-09-18,短视频,曝光
8466,923,2025-07-29,短视频,曝光
8467,1893,2025-09-29,短视频,曝光
8468,1947,2025-08-12,图文,曝光
8469,395,2025-09-06,短视频,曝光
8470,1156,2025-07-17,短视频,曝光
8471,1310,2025-09-29,图文,加购
8472,716,2025-09-07,短视频,曝光
8473,1999,2025-09-21,图文,点击
8474,1356,2025-09-11,短视频,曝光
8475,1523,2025-08-09,直播,曝光
8476,393,2025-07-22,图文,曝光
8477,1805,2025-09-12,图文,曝光
8478,1933,2025-08-22,短视频,曝光
8479,1809,2025-07-23,直播,曝光
8480,883,2025-07-27,短视频,分享
8481,1869,2025-07-18,短视频,曝光
8482,22,2025-09-28,短视频,点击
8483,408,2025-09-03,直播,曝光
8484,1311,2025-07-28,短视频,曝光
8485,1546,2025-07-20,图文,曝光
8486,241,2025-09-18,短视频,加购
8487,587,2025-09-05,短视频,曝光
8488,178,2025-09-03,直播,分享
8489,208,2025-07-07,直播,点击
8490,48,2025-09-27,短视频,曝光
8491,1983,2025-08-10,直播,点击
8492,1766,2025-09-05,短视频,曝光
8493,1218,2025-07-17,短视频,曝光
8494,68,2025-08-26,图文,加购
8495,1461,2025-07-09,直播,曝光
8496,1075,2025-08-12,短视频,曝光
8497,1553,2025-07-22,图文,曝光
8498,979,2025-08-13,图文,曝光
8499,18,2025-09-18,短视频,曝光
8500,1823,2025-07-01,图文,点击
8501,1760,2025-08-12,短视频,曝光
8502,1823,2025-09-30,图文,点击
8503,1324,2025-09-28,直播,分享
8504,1842,2025-08-22,短视频,分享
8505,143,2025-08-31,短视频,点击
8506,801,2025-08-24,短视频,曝光
8507,641,2025-08-12,短视频,曝光
8508,948,2025-07-17,直播,曝光
8509,83,2025-09-13,短视频,曝光
8510,1652,2025-08-09,短视频,点击
8511,598,2025-09-19,直播,曝光
8512,241,2025-07-21,直播,加购
8513,396,2025-07-19,短视频,曝光
8514,229,2025-07-21,短视频,曝光
8515,1373,2025-08-29,直播,曝光
8516,1844,2025-08-20,短视频,加购
8517,168,2025-08-30,短视频,点击
8518,59,2025-07-23,图文,曝光
8519,1761,2025-08-03,短视频,曝光
8520,766,2025-08-31,图文,点击
8521,242,2025-08-16,短视频,点击
8522,390,2025-08-04,图文,加购
8523,1353,2025-07-30,短视频,曝光
8524,168,2025-08-04,直播,曝光
8525,806,2025-07-26,图文,分享
8526,1948,2025-09-03,短视频,曝光
8527,862,2025-07-16,短视频,曝光
8528,332,2025-08-31,短视频,分享
8529,1518,2025-07-08,直播,加购
8530,864,2025-08-07,直播,曝光
8531,796,2025-08-15,图文,曝光
8532,513,2025-09-24,短视频,曝光
8533,1507,2025-08-30,短视频,曝光
8534,983,2025-07-31,短视频,曝光
8535,968,2025-08-03,短视频,分享
8536,1534,2025-09-05,短视频,曝光
8537,726,2025-09-18,短视频,分享
8538,1320,2025-09-12,短视频,点击
8539,345,2025-09-21,短视频,分享
8540,1144,2025-07-21,直播,曝光
8541,858,2025-08-15,直播,曝光
8542,1022,2025-08-13,图文,分享
8543,731,2025-08-08,短视频,曝光
8544,264,2025-07-02,直播,曝光
8545,1842,2025-07-21,直播,曝光
8546,806,2025-07-31,图文,曝光
8547,1495,2025-08-07,直播,点击
8548,1811,2025-07-25,短视频,点击
8549,888,2025-08-02,短视频,曝光
8550,1642,2025-09-09,直播,曝光
8551,879,2025-07-31,直播,点击
8552,130,2025-07-21,短视频,曝光
8553,1765,2025-08-12,直播,曝光
8554,1681,2025-07-03,短视频,曝光
8555,1133,2025-07-21,图文,曝光
8556,1657,2025-07-03,图文,分享
8557,1339,2025-07-07,图文,分享
8558,1604,2025-09-09,图文,点击
8559,114,2025-07-03,图文,曝光
8560,1630,2025-07-14,短视频,分享
8561,429,2025-07-17,直播,点击
8562,1967,2025-08-29,短视频,分享
8563,1933,2025-07-31,短视频,分享
8564,111,2025-07-19,短视频,曝光
8565,1304,2025-09-06,直播,曝光
8566,768,2025-07-21,短视频,曝光
8567,510,2025-09-25,图文,分享
8568,1937,2025-09-13,图文,曝光
8569,803,2025-09-20,图文,曝光
8570,1106,2025-09-01,短视频,曝光
8571,627,2025-07-26,图文,曝光
8572,1365,2025-08-30,短视频,点击
8573,505,2025-09-08,短视频,曝光
8574,724,2025-09-24,直播,分享
8575,1411,2025-07-05,短视频,曝光
8576,424,2025-09-19,图文,曝光
8577,1570,2025-09-13,图文,曝光
8578,1957,2025-09-16,直播,曝光
8579,1408,2025-07-19,短视频,曝光
8580,724,2025-07-13,图文,曝光
8581,364,2025-08-30,直播,点击
8582,1122,2025-07-16,短视频,曝光
8583,876,2025-07-18,短视频,点击
8584,488,2025-09-29,短视频,曝光
8585,735,2025-09-22,图文,分享
8586,1934,2025-08-23,图文,曝光
8587,338,2025-08-29,直播,曝光
8588,517,2025-08-20,短视频,曝光
8589,698,2025-09-07,直播,曝光
8590,1828,2025-08-16,短视频,曝光
8591,717,2025-08-26,短视频,曝光
8592,584,2025-09-06,图文,曝光
8593,595,2025-09-12,图文,曝光
8594,1894,2025-08-24,短视频,曝光
8595,708,2025-09-07,图文,曝光
8596,735,2025-07-14,短视频,点击
8597,729,2025-07-05,短视频,曝光
8598,1745,2025-07-10,直播,分享
8599,1421,2025-09-07,直播,曝光
8600,1200,2025-07-28,直播,曝光
8601,427,2025-09-11,短视频,曝光
8602,228,2025-09-19,短视频,曝光
8603,177,2025-09-03,直播,曝光
8604,592,2025-08-07,直播,曝光
8605,1584,2025-07-10,短视频,曝光
8606,1522,2025-09-19,直播,曝光
8607,1565,2025-07-31,直播,加购
8608,1336,2025-08-22,直播,曝光
8609,1032,2025-09-05,直播,曝光
8610,713,2025-09-24,短视频,曝光
8611,1454,2025-08-17,短视频,曝光
8612,391,2025-09-20,短视频,点击
8613,138,2025-09-05,短视频,曝光
8614,1658,2025-08-04,直播,点击
8615,949,2025-08-02,图文,点击
8616,1245,2025-08-20,直播,曝光
8617,1915,2025-09-04,直播,曝光
8618,1364,2025-09-04,直播,曝光
8619,1529,2025-09-06,图文,曝光
8620,959,2025-07-05,图文,曝光
8621,638,2025-08-08,图文,点击
8622,701,2025-07-15,短视频,曝光
8623,1802,2025-07-04,直播,曝光
8624,765,2025-09-06,直播,曝光
8625,1868,2025-09-29,短视频,曝光
8626,63,2025-09-23,短视频,点击
8627,586,2025-09-19,短视频,曝光
8628,1888,2025-07-28,短视频,曝光
8629,1160,2025-07-15,短视频,加购
8630,734,2025-08-06,短视频,曝光
8631,352,2025-08-10,短视频,曝光
8632,966,2025-09-19,短视频,曝光
8633,1915,2025-07-30,图文,曝光
8634,715,2025-07-25,短视频,分享
8635,964,2025-09-29,直播,曝光
8636,711,2025-09-24,短视频,点击
8637,1722,2025-09-04,短视频,点击
8638,1372,2025-07-13,短视频,点击
8639,1234,2025-08-21,图文,曝光
8640,1341,2025-07-24,直播,曝光
8641,824,2025-07-15,短视频,曝光
8642,1621,2025-07-04,图文,曝光
8643,1228,2025-07-30,直播,曝光
8644,144,2025-07-09,短视频,曝光
8645,748,2025-07-09,短视频,分享
8646,1749,2025-07-24,短视频,曝光
8647,510,2025-08-13,直播,曝光
8648,1914,2025-08-30,短视频,曝光
8649,1630,2025-09-18,短视频,曝光
8650,1979,2025-07-19,直播,曝光
8651,1596,2025-09-11,短视频,点击
8652,258,2025-09-25,直播,曝光
8653,382,2025-09-09,图文,曝光
8654,974,2025-08-02,短视频,曝光
8655,717,2025-07-29,短视频,曝光
8656,1879,2025-08-17,短视频,曝光
8657,1698,2025-09-15,短视频,曝光
8658,1518,2025-08-31,图文,曝光
8659,1882,2025-08-11,短视频,分享
8660,121,2025-07-13,短视频,曝光
8661,1404,2025-08-31,直播,曝光
8662,1741,2025-09-02,直播,加购
8663,1951,2025-08-16,短视频,曝光
8664,1678,2025-07-12,短视频,曝光
8665,1619,2025-08-10,短视频,曝光
8666,1561,2025-09-15,短视频,曝光
8667,257,2025-09-26,短视频,曝光
8668,824,2025-08-14,短视频,曝光
8669,1752,2025-09-17,短视频,点击
8670,1265,2025-07-09,图文,曝光
8671,521,2025-07-07,短视频,曝光
8672,1432,2025-09-04,直播,曝光
8673,53,2025-09-28,短视频,曝光
8674,794,2025-07-08,短视频,曝光
8675,1509,2025-07-14,图文,曝光
8676,1569,2025-09-28,直播,曝光
8677,1019,2025-09-27,短视频,点击
8678,547,2025-08-11,直播,曝光
8679,994,2025-07-04,直播,曝光
8680,368,2025-08-05,直播,曝光
8681,1873,2025-08-31,短视频,点击
8682,1718,2025-07-29,短视频,曝光
8683,1445,2025-07-31,图文,曝光
8684,679,2025-08-11,短视频,曝光
8685,287,2025-08-11,直播,曝光
8686,114,2025-09-10,直播,曝光
8687,767,2025-08-15,直播,曝光
8688,1666,2025-08-17,直播,分享
8689,740,2025-08-07,短视频,加购
8690,1599,2025-08-29,图文,曝光
8691,354,2025-09-03,短视频,曝光
8692,1605,2025-07-06,短视频,点击
8693,154,2025-07-04,图文,曝光
8694,682,2025-09-17,直播,点击
8695,301,2025-07-05,短视频,曝光
8696,1207,2025-08-18,图文,曝光
8697,376,2025-09-15,短视频,曝光
8698,28,2025-08-18,短视频,曝光
8699,644,2025-07-09,图文,曝光
8700,5,2025-07-24,直播,曝光
8701,759,2025-07-15,短视频,点击
8702,519,2025-07-08,图文,点击
8703,1867,2025-08-02,直播,曝光
8704,1051,2025-07-31,图文,曝光
8705,880,2025-08-30,直播,曝光
8706,1201,2025-09-14,短视频,点击
8707,274,2025-08-23,图文,曝光
8708,267,2025-08-20,图文,曝光
8709,309,2025-09-12,直播,曝光
8710,1736,2025-07-25,短视频,加购
8711,1491,2025-08-13,图文,加购
8712,1920,2025-08-24,直播,加购
8713,1626,2025-09-13,短视频,曝光
8714,239,2025-08-02,短视频,分享
8715,331,2025-08-16,图文,曝光
8716,1648,2025-07-21,直播,点击
8717,1095,2025-07-29,直播,曝光
8718,1229,2025-09-07,直播,曝光
8719,468,2025-09-16,直播,点击
8720,1005,2025-07-16,直播,曝光
8721,1805,2025-09-30,短视频,曝光
8722,979,2025-08-23,短视频,曝光
8723,1376,2025-09-29,图文,点击
8724,1500,2025-09-06,短视频,曝光
8725,1850,2025-07-12,短视频,曝光
8726,418,2025-07-06,短视频,曝光
8727,1821,2025-09-22,图文,曝光
8728,1218,2025-09-03,短视频,曝光
8729,1667,2025-09-18,直播,点击
8730,523,2025-07-02,短视频,曝光
8731,236,2025-07-15,短视频,曝光
8732,171,2025-09-13,短视频,曝光
8733,767,2025-09-16,图文,曝光
8734,1106,2025-07-26,短视频,点击
8735,576,2025-09-29,短视频,曝光
8736,538,2025-07-15,短视频,曝光
8737,1633,2025-07-29,直播,曝光
8738,1486,2025-07-12,短视频,点击
8739,1269,2025-08-22,直播,曝光
8740,1301,2025-08-10,直播,分享
8741,1693,2025-08-25,直播,加购
8742,449,2025-07-27,短视频,曝光
8743,1880,2025-08-18,直播,点击
8744,1724,2025-08-13,短视频,曝光
8745,688,2025-07-27,图文,点击
8746,694,2025-09-16,直播,曝光
8747,369,2025-09-18,短视频,曝光
8748,1419,2025-07-10,直播,曝光
8749,608,2025-07-28,图文,曝光
8750,535,2025-07-24,短视频,曝光
8751,1345,2025-07-26,短视频,曝光
8752,394,2025-07-11,短视频,点击
8753,227,2025-08-05,短视频,曝光
8754,1721,2025-08-28,直播,曝光
8755,80,2025-08-04,图文,点击
8756,1838,2025-08-27,短视频,曝光
8757,1368,2025-07-07,图文,曝光
8758,705,2025-09-17,短视频,曝光
8759,1129,2025-08-17,图文,曝光
8760,630,2025-09-06,短视频,点击
8761,819,2025-08-15,图文,点击
8762,1406,2025-09-03,图文,曝光
8763,1819,2025-08-21,短视频,点击
8764,455,2025-07-15,短视频,曝光
8765,1068,2025-07-22,短视频,曝光
8766,1729,2025-09-14,短视频,曝光
8767,29,2025-08-01,图文,曝光
8768,18,2025-07-01,直播,加购
8769,1230,2025-08-18,直播,曝光
8770,285,2025-09-04,直播,曝光
8771,1987,2025-09-17,短视频,点击
8772,242,2025-09-13,直播,点击
8773,1477,2025-09-25,短视频,点击
8774,636,2025-07-21,直播,点击
8775,1848,2025-09-04,直播,点击
8776,1733,2025-07-29,直播,曝光
8777,1597,2025-09-19,短视频,曝光
8778,1281,2025-07-23,直播,曝光
8779,433,2025-09-04,短视频,曝光
8780,215,2025-09-14,短视频,曝光
8781,525,2025-08-24,直播,曝光
8782,158,2025-08-08,短视频,曝光
8783,1571,2025-08-12,短视频,分享
8784,577,2025-08-03,图文,曝光
8785,881,2025-07-11,短视频,曝光
8786,1240,2025-08-16,短视频,曝光
8787,1404,2025-08-25,短视频,曝光
8788,1188,2025-09-06,短视频,曝光
8789,1472,2025-07-06,短视频,点击
8790,229,2025-08-30,短视频,点击
8791,560,2025-07-27,短视频,曝光
8792,1522,2025-09-04,短视频,点击
8793,1437,2025-08-15,短视频,曝光
8794,1265,2025-09-26,图文,曝光
8795,1880,2025-07-10,短视频,曝光
8796,1967,2025-07-24,短视频,分享
8797,168,2025-09-05,直播,曝光
8798,1106,2025-07-20,短视频,加购
8799,1802,2025-07-24,直播,曝光
8800,655,2025-08-29,短视频,曝光
8801,118,2025-08-17,图文,曝光
8802,239,2025-07-14,短视频,曝光
8803,1445,2025-07-31,短视频,加购
8804,1839,2025-08-29,短视频,曝光
8805,1415,2025-07-07,短视频,曝光
8806,76,2025-09-26,短视频,曝光
8807,826,2025-08-06,直播,曝光
8808,698,2025-08-12,直播,曝光
8809,1824,2025-08-30,直播,分享
8810,1062,2025-07-20,短视频,曝光
8811,470,2025-08-21,短视频,曝光
8812,1140,2025-09-30,短视频,曝光
8813,1498,2025-09-27,图文,曝光
8814,1165,2025-08-05,短视频,曝光
8815,836,2025-09-30,图文,曝光
8816,1435,2025-07-11,图文,曝光
8817,609,2025-09-21,短视频,点击
8818,257,2025-08-08,图文,点击
8819,1726,2025-07-29,图文,加购
8820,1439,2025-07-09,直播,曝光
8821,1463,2025-08-26,图文,曝光
8822,1780,2025-07-08,短视频,曝光
8823,1427,2025-09-06,直播,曝光
8824,61,2025-07-05,短视频,曝光
8825,1687,2025-08-18,图文,加购
8826,72,2025-08-11,直播,曝光
8827,1386,2025-09-29,短视频,点击
8828,1983,2025-08-12,直播,曝光
8829,807,2025-07-30,直播,点击
8830,624,2025-09-06,图文,曝光
8831,1856,2025-09-18,短视频,曝光
8832,911,2025-08-20,直播,点击
8833,1845,2025-09-08,直播,曝光
8834,621,2025-09-18,直播,分享
8835,369,2025-08-12,直播,曝光
8836,1113,2025-09-19,短视频,曝光
8837,745,2025-09-12,短视频,曝光
8838,1423,2025-07-16,短视频,曝光
8839,598,2025-08-09,直播,曝光
8840,1520,2025-07-04,短视频,点击
8841,709,2025-09-09,图文,曝光
8842,711,2025-09-03,短视频,分享
8843,1420,2025-07-04,短视频,曝光
8844,522,2025-07-01,图文,曝光
8845,572,2025-08-25,短视频,曝光
8846,1094,2025-08-06,短视频,分享
8847,663,2025-07-05,短视频,点击
8848,769,2025-07-05,直播,分享
8849,678,2025-09-18,短视频,加购
8850,1245,2025-08-12,图文,曝光
8851,671,2025-09-08,直播,加购
8852,1224,2025-08-11,短视频,点击
8853,469,2025-09-23,直播,曝光
8854,1789,2025-09-16,图文,曝光
8855,1903,2025-09-22,图文,曝光
8856,8,2025-08-29,短视频,曝光
8857,210,2025-07-02,图文,曝光
8858,204,2025-08-07,短视频,点击
8859,366,2025-07-10,短视频,曝光
8860,1574,2025-08-16,直播,曝光
8861,494,2025-08-14,直播,分享
8862,1168,2025-08-20,短视频,点击
8863,504,2025-09-25,直播,曝光
8864,126,2025-07-21,短视频,曝光
8865,168,2025-09-19,短视频,曝光
8866,1886,2025-09-10,图文,点击
8867,1117,2025-08-11,短视频,曝光
8868,1301,2025-08-12,直播,曝光
8869,377,2025-08-06,短视频,曝光
8870,972,2025-08-28,短视频,曝光
8871,1316,2025-09-10,短视频,曝光
8872,1560,2025-07-03,直播,曝光
8873,1314,2025-09-30,短视频,曝光
8874,1193,2025-07-11,直播,曝光
8875,1249,2025-07-15,短视频,曝光
8876,747,2025-08-24,短视频,曝光
8877,1399,2025-07-10,直播,曝光
8878,594,2025-09-07,直播,曝光
8879,1440,2025-07-21,图文,曝光
8880,907,2025-07-30,直播,曝光
8881,1155,2025-08-24,短视频,点击
8882,951,2025-09-26,短视频,分享
8883,1137,2025-07-19,直播,曝光
8884,1425,2025-09-17,短视频,曝光
8885,563,2025-08-30,短视频,曝光
8886,947,2025-08-18,直播,加购
8887,807,2025-09-19,直播,点击
8888,37,2025-08-28,短视频,点击
8889,1705,2025-09-13,直播,加购
8890,1370,2025-08-24,短视频,加购
8891,91,2025-08-13,直播,曝光
8892,140,2025-07-29,短视频,曝光
8893,1854,2025-07-25,直播,曝光
8894,1693,2025-07-06,短视频,曝光
8895,1459,2025-07-27,短视频,曝光
8896,1417,2025-09-13,短视频,点击
8897,1683,2025-07-28,图文,点击
8898,1196,2025-08-12,图文,曝光
8899,12,2025-08-05,短视频,曝光
8900,909,2025-09-16,直播,曝光
8901,663,2025-08-23,图文,点击
8902,345,2025-08-04,短视频,曝光
8903,1719,2025-09-24,直播,点击
8904,1310,2025-07-02,短视频,曝光
8905,1804,2025-07-13,短视频,曝光
8906,219,2025-07-12,短视频,分享
8907,1951,2025-07-09,图文,曝光
8908,1210,2025-07-15,直播,曝光
8909,1137,2025-09-02,直播,点击
8910,367,2025-09-06,直播,点击
8911,1249,2025-07-08,短视频,曝光
8912,1194,2025-07-03,直播,曝光
8913,1404,2025-09-22,直播,曝光
8914,303,2025-09-14,短视频,点击
8915,1273,2025-09-11,短视频,点击
8916,189,2025-09-02,短视频,曝光
8917,143,2025-08-08,直播,曝光
8918,942,2025-07-30,直播,曝光
8919,238,2025-07-31,短视频,曝光
8920,1420,2025-08-18,短视频,曝光
8921,966,2025-07-05,直播,曝光
8922,477,2025-09-24,短视频,曝光
8923,545,2025-09-28,直播,曝光
8924,996,2025-07-07,直播,曝光
8925,1197,2025-08-18,图文,曝光
8926,1598,2025-08-03,短视频,曝光
8927,1146,2025-08-04,直播,点击
8928,1099,2025-08-05,直播,曝光
8929,1214,2025-08-18,短视频,加购
8930,1195,2025-09-27,直播,曝光
8931,698,2025-09-06,短视频,曝光
8932,441,2025-09-28,直播,曝光
8933,1052,2025-07-26,直播,点击
8934,249,2025-09-16,图文,曝光
8935,484,2025-08-07,图文,曝光
8936,299,2025-08-05,图文,点击
8937,981,2025-07-05,直播,加购
8938,1946,2025-09-20,直播,点击
8939,1751,2025-07-11,直播,曝光
8940,174,2025-08-14,直播,曝光
8941,1643,2025-09-28,图文,曝光
8942,304,2025-08-29,短视频,点击
8943,1822,2025-07-12,直播,曝光
8944,412,2025-09-24,短视频,曝光
8945,252,2025-08-25,短视频,点击
8946,1576,2025-07-23,直播,曝光
8947,1667,2025-07-25,直播,曝光
8948,796,2025-09-18,短视频,曝光
8949,1094,2025-08-24,短视频,曝光
8950,1582,2025-08-06,短视频,曝光
8951,1706,2025-07-28,直播,曝光
8952,838,2025-09-19,短视频,曝光
8953,1570,2025-08-02,直播,曝光
8954,1590,2025-08-20,短视频,曝光
8955,1586,2025-07-08,直播,曝光
8956,1791,2025-07-23,短视频,曝光
8957,1673,2025-09-11,短视频,曝光
8958,895,2025-09-09,短视频,曝光
8959,630,2025-09-29,直播,分享
8960,1973,2025-07-11,图文,加购
8961,893,2025-08-17,直播,点击
8962,1866,2025-07-14,图文,曝光
8963,1995,2025-09-07,直播,曝光
8964,31,2025-07-14,短视频,曝光
8965,282,2025-07-12,直播,点击
8966,1129,2025-09-16,直播,曝光
8967,176,2025-07-12,直播,曝光
8968,1315,2025-09-19,图文,点击
8969,23,2025-09-07,直播,曝光
8970,1687,2025-08-22,直播,点击
8971,857,2025-07-14,短视频,点击
8972,1347,2025-07-26,短视频,曝光
8973,931,2025-07-19,短视频,曝光
8974,1377,2025-08-06,短视频,点击
8975,1361,2025-07-19,直播,曝光
8976,580,2025-07-17,短视频,点击
8977,1601,2025-07-31,短视频,曝光
8978,1642,2025-07-01,直播,曝光
8979,643,2025-09-22,图文,曝光
8980,127,2025-09-16,短视频,曝光
8981,897,2025-07-25,直播,点击
8982,1315,2025-07-18,短视频,曝光
8983,1557,2025-09-19,图文,点击
8984,405,2025-07-08,短视频,曝光
8985,961,2025-09-09,直播,分享
8986,1532,2025-07-13,短视频,曝光
8987,1052,2025-07-07,图文,曝光
8988,1581,2025-09-24,短视频,点击
8989,1349,2025-08-20,图文,曝光
8990,350,2025-08-03,短视频,曝光
8991,422,2025-07-05,直播,曝光
8992,1588,2025-08-29,短视频,曝光
8993,1408,2025-08-22,短视频,曝光
8994,1675,2025-07-03,直播,曝光
8995,589,2025-09-04,短视频,曝光
8996,107,2025-08-18,短视频,点击
8997,476,2025-09-17,短视频,点击
8998,861,2025-09-07,短视频,曝光
8999,244,2025-08-24,直播,加购
9000,386,2025-07-07,短视频,曝光
9001,290,2025-07-20,图文,曝光
9002,253,2025-07-28,短视频,点击
9003,765,2025-09-26,图文,曝光
9004,1608,2025-07-30,短视频,分享
9005,758,2025-08-18,直播,曝光
9006,587,2025-09-20,直播,曝光
9007,1098,2025-07-03,短视频,曝光
9008,1288,2025-08-31,短视频,曝光
9009,699,2025-09-20,短视频,曝光
9010,8,2025-09-18,图文,点击
9011,596,2025-08-16,图文,曝光
9012,159,2025-08-04,短视频,曝光
9013,290,2025-07-17,短视频,点击
9014,1221,2025-08-24,短视频,曝光
9015,359,2025-09-21,短视频,曝光
9016,741,2025-08-17,短视频,曝光
9017,786,2025-08-30,直播,加购
9018,1760,2025-07-26,直播,曝光
9019,308,2025-09-07,短视频,曝光
9020,165,2025-08-08,直播,曝光
9021,1070,2025-08-03,短视频,曝光
9022,1248,2025-07-23,直播,曝光
9023,1005,2025-08-30,短视频,曝光
9024,1406,2025-07-02,短视频,曝光
9025,1728,2025-09-24,短视频,曝光
9026,1223,2025-09-28,短视频,加购
9027,1076,2025-09-26,直播,点击
9028,1362,2025-09-27,短视频,曝光
9029,428,2025-09-16,短视频,曝光
9030,499,2025-09-14,直播,曝光
9031,741,2025-08-08,直播,曝光
9032,1535,2025-07-17,短视频,曝光
9033,1704,2025-07-01,图文,曝光
9034,1110,2025-07-02,直播,分享
9035,1240,2025-09-03,图文,分享
9036,1577,2025-07-19,图文,曝光
9037,485,2025-07-15,直播,曝光
9038,244,2025-09-19,短视频,加购
9039,1493,2025-07-15,直播,点击
9040,255,2025-07-15,短视频,点击
9041,316,2025-08-13,短视频,曝光
9042,792,2025-07-22,短视频,曝光
9043,1572,2025-07-07,短视频,曝光
9044,780,2025-09-02,短视频,加购
9045,238,2025-08-17,直播,加购
9046,257,2025-08-13,图文,曝光
9047,507,2025-07-23,直播,曝光
9048,163,2025-08-30,短视频,曝光
9049,657,2025-08-21,图文,分享
9050,162,2025-08-21,图文,曝光
9051,1692,2025-09-24,短视频,加购
9052,105,2025-08-22,图文,曝光
9053,396,2025-09-24,直播,曝光
9054,67,2025-09-19,短视频,点击
9055,584,2025-07-10,短视频,分享
9056,1616,2025-07-21,直播,点击
9057,1155,2025-09-02,图文,分享
9058,1870,2025-07-13,短视频,曝光
9059,1234,2025-09-05,图文,曝光
9060,852,2025-08-07,短视频,曝光
9061,1918,2025-07-29,直播,曝光
9062,374,2025-08-19,直播,点击
9063,226,2025-07-28,短视频,曝光
9064,657,2025-08-15,短视频,曝光
9065,1860,2025-09-09,短视频,加购
9066,1638,2025-08-19,短视频,加购
9067,1075,2025-09-29,短视频,曝光
9068,1859,2025-08-14,直播,曝光
9069,1294,2025-09-13,短视频,曝光
9070,478,2025-08-17,短视频,曝光
9071,12,2025-09-16,短视频,曝光
9072,62,2025-09-24,直播,曝光
9073,1699,2025-09-19,图文,加购
9074,618,2025-07-05,直播,曝光
9075,844,2025-07-14,短视频,点击
9076,771,2025-09-25,短视频,曝光
9077,177,2025-09-11,直播,曝光
9078,7,2025-08-24,直播,点击
9079,1455,2025-08-29,短视频,曝光
9080,1363,2025-07-05,直播,曝光
9081,451,2025-08-16,短视频,点击
9082,250,2025-07-05,短视频,曝光
9083,1032,2025-08-27,直播,点击
9084,164,2025-08-22,短视频,曝光
9085,581,2025-08-29,短视频,曝光
9086,1439,2025-09-02,直播,分享
9087,347,2025-09-30,短视频,曝光
9088,1542,2025-08-17,短视频,加购
9089,1768,2025-09-13,短视频,曝光
9090,369,2025-08-11,直播,点击
9091,1332,2025-09-07,图文,曝光
9092,1537,2025-07-26,直播,曝光
9093,1040,2025-08-09,图文,曝光
9094,595,2025-08-25,图文,曝光
9095,1967,2025-09-28,图文,曝光
9096,617,2025-09-21,短视频,曝光
9097,495,2025-07-25,直播,曝光
9098,245,2025-08-08,直播,曝光
9099,1813,2025-07-08,短视频,曝光
9100,454,2025-09-03,短视频,曝光
9101,267,2025-07-07,图文,分享
9102,78,2025-07-02,短视频,点击
9103,582,2025-09-07,图文,曝光
9104,1344,2025-08-11,短视频,分享
9105,1368,2025-07-17,短视频,曝光
9106,1703,2025-09-09,短视频,曝光
9107,1337,2025-09-10,直播,曝光
9108,97,2025-09-16,短视频,曝光
9109,1686,2025-09-13,直播,加购
9110,511,2025-08-19,直播,点击
9111,1914,2025-09-25,短视频,曝光
9112,693,2025-08-22,短视频,曝光
9113,34,2025-09-02,直播,曝光
9114,786,2025-07-13,图文,曝光
9115,901,2025-08-19,直播,曝光
9116,1649,2025-07-28,直播,曝光
9117,1105,2025-09-12,直播,曝光
9118,86,2025-08-31,图文,点击
9119,96,2025-09-03,短视频,曝光
9120,1229,2025-09-09,短视频,曝光
9121,168,2025-08-27,短视频,曝光
9122,1065,2025-07-08,短视频,曝光
9123,1794,2025-07-22,短视频,曝光
9124,1677,2025-09-27,图文,曝光
9125,1264,2025-09-02,直播,曝光
9126,612,2025-09-26,直播,曝光
9127,1031,2025-07-07,图文,曝光
9128,204,2025-07-18,短视频,点击
9129,1479,2025-08-31,图文,曝光
9130,262,2025-07-05,直播,分享
9131,104,2025-07-07,短视频,加购
9132,1262,2025-08-01,短视频,分享
9133,1146,2025-09-01,短视频,曝光
9134,1092,2025-09-27,图文,加购
9135,952,2025-09-28,图文,曝光
9136,1185,2025-08-10,短视频,曝光
9137,881,2025-09-06,直播,曝光
9138,275,2025-07-29,短视频,点击
9139,1140,2025-09-03,直播,曝光
9140,85,2025-09-21,短视频,点击
9141,128,2025-08-28,短视频,点击
9142,1133,2025-07-13,图文,曝光
9143,1408,2025-07-26,短视频,曝光
9144,163,2025-09-25,直播,点击
9145,753,2025-09-11,短视频,曝光
9146,1860,2025-09-13,短视频,点击
9147,1563,2025-07-05,直播,曝光
9148,1607,2025-08-05,图文,点击
9149,1313,2025-08-17,直播,曝光
9150,360,2025-09-11,短视频,分享
9151,775,2025-07-10,图文,分享
9152,1196,2025-09-08,短视频,曝光
9153,1334,2025-08-26,图文,曝光
9154,265,2025-08-23,图文,曝光
9155,1942,2025-09-18,图文,分享
9156,1873,2025-09-10,直播,分享
9157,74,2025-09-04,图文,曝光
9158,1179,2025-08-16,图文,曝光
9159,287,2025-09-28,图文,曝光
9160,636,2025-09-16,短视频,点击
9161,1773,2025-07-28,短视频,加购
9162,1361,2025-09-11,图文,曝光
9163,705,2025-08-22,短视频,曝光
9164,6,2025-09-22,直播,曝光
9165,1673,2025-08-04,直播,曝光
9166,576,2025-09-12,短视频,曝光
9167,1212,2025-07-24,短视频,加购
9168,469,2025-09-23,短视频,曝光
9169,1580,2025-07-16,短视频,点击
9170,693,2025-07-17,图文,点击
9171,1480,2025-09-29,短视频,曝光
9172,171,2025-07-26,短视频,曝光
9173,1231,2025-08-17,短视频,分享
9174,1936,2025-08-11,短视频,点击
9175,947,2025-09-11,直播,点击
9176,936,2025-07-23,短视频,曝光
9177,1373,2025-08-01,短视频,曝光
9178,1713,2025-09-21,图文,分享
9179,1623,2025-09-23,直播,曝光
9180,120,2025-07-17,短视频,曝光
9181,593,2025-08-14,直播,点击
9182,1690,2025-08-12,短视频,曝光
9183,1950,2025-08-17,短视频,曝光
9184,1307,2025-08-17,短视频,曝光
9185,10,2025-07-05,直播,曝光
9186,1358,2025-09-19,短视频,点击
9187,1894,2025-07-23,直播,曝光
9188,1613,2025-07-24,直播,曝光
9189,1448,2025-09-13,短视频,曝光
9190,1053,2025-09-28,短视频,分享
9191,1805,2025-09-21,短视频,曝光
9192,1269,2025-07-27,图文,点击
9193,1023,2025-09-07,直播,分享
9194,1800,2025-07-15,短视频,曝光
9195,7,2025-08-07,直播,曝光
9196,251,2025-07-24,短视频,曝光
9197,1683,2025-07-21,短视频,曝光
9198,112,2025-09-20,短视频,分享
9199,1796,2025-09-20,直播,点击
9200,1966,2025-07-15,短视频,曝光
9201,522,2025-08-04,图文,分享
9202,1763,2025-07-03,短视频,曝光
9203,1094,2025-09-14,短视频,分享
9204,1028,2025-07-27,直播,曝光
9205,1846,2025-08-25,图文,点击
9206,1562,2025-08-20,短视频,曝光
9207,1779,2025-07-19,直播,曝光
9208,1764,2025-08-02,短视频,曝光
9209,1454,2025-07-11,短视频,点击
9210,934,2025-07-15,短视频,曝光
9211,371,2025-09-17,短视频,点击
9212,196,2025-08-03,图文,加购
9213,506,2025-08-11,直播,曝光
9214,962,2025-09-02,短视频,曝光
9215,275,2025-09-19,直播,点击
9216,703,2025-08-10,短视频,曝光
9217,1590,2025-09-19,短视频,曝光
9218,47,2025-08-22,短视频,曝光
9219,617,2025-07-05,短视频,曝光
9220,1919,2025-09-26,短视频,曝光
9221,649,2025-07-25,短视频,曝光
9222,1432,2025-09-07,短视频,曝光
9223,1219,2025-09-19,短视频,曝光
9224,1572,2025-09-12,短视频,曝光
9225,1459,2025-08-26,直播,曝光
9226,1194,2025-07-27,直播,曝光
9227,1943,2025-08-29,直播,曝光
9228,539,2025-08-17,图文,曝光
9229,560,2025-08-30,短视频,曝光
9230,1170,2025-08-01,直播,曝光
9231,1430,2025-09-02,直播,加购
9232,1361,2025-08-14,短视频,加购
9233,1913,2025-09-28,直播,曝光
9234,1195,2025-07-11,直播,曝光
9235,1524,2025-09-05,短视频,曝光
9236,255,2025-08-17,直播,曝光
9237,77,2025-08-22,短视频,曝光
9238,1628,2025-08-18,短视频,曝光
9239,895,2025-07-13,直播,曝光
9240,596,2025-08-22,图文,曝光
9241,1502,2025-08-08,图文,曝光
9242,794,2025-07-22,直播,曝光
9243,60,2025-09-24,短视频,曝光
9244,1102,2025-07-21,直播,曝光
9245,252,2025-08-08,图文,曝光
9246,1956,2025-08-03,图文,曝光
9247,657,2025-08-11,图文,曝光
9248,626,2025-08-19,直播,分享
9249,1688,2025-08-27,直播,加购
9250,84,2025-07-31,短视频,曝光
9251,1355,2025-08-01,直播,加购
9252,1945,2025-09-03,短视频,曝光
9253,60,2025-09-03,短视频,点击
9254,1915,2025-08-23,直播,曝光
9255,1235,2025-08-17,图文,曝光
9256,397,2025-07-11,短视频,点击
9257,1706,2025-08-22,短视频,曝光
9258,1659,2025-07-21,短视频,曝光
9259,1965,2025-07-07,直播,加购
9260,1840,2025-08-25,图文,曝光
9261,1222,2025-08-18,直播,曝光
9262,26,2025-08-18,短视频,点击
9263,1495,2025-09-06,直播,曝光
9264,1510,2025-08-01,短视频,曝光
9265,1546,2025-07-31,短视频,分享
9266,360,2025-07-16,直播,曝光
9267,1469,2025-07-07,直播,曝光
9268,1655,2025-09-23,直播,曝光
9269,150,2025-07-27,图文,曝光
9270,42,2025-08-11,短视频,曝光
9271,167,2025-09-22,短视频,加购
9272,1383,2025-07-20,直播,点击
9273,603,2025-07-17,图文,曝光
9274,1634,2025-09-05,图文,点击
9275,1915,2025-08-02,图文,曝光
9276,72,2025-07-24,直播,分享
9277,1477,2025-09-10,图文,曝光
9278,1515,2025-07-25,直播,分享
9279,151,2025-07-01,短视频,加购
9280,238,2025-09-15,直播,加购
9281,1612,2025-09-28,直播,曝光
9282,159,2025-09-22,直播,曝光
9283,399,2025-07-11,短视频,点击
9284,1842,2025-08-13,图文,曝光
9285,1455,2025-09-20,图文,点击
9286,1847,2025-08-28,图文,曝光
9287,549,2025-07-28,短视频,曝光
9288,1483,2025-08-03,短视频,曝光
9289,1219,2025-07-29,图文,加购
9290,1781,2025-08-28,图文,曝光
9291,452,2025-08-30,短视频,曝光
9292,34,2025-09-05,直播,点击
9293,799,2025-07-26,短视频,点击
9294,1024,2025-09-05,图文,曝光
9295,1149,2025-08-10,短视频,曝光
9296,1744,2025-07-04,短视频,曝光
9297,1373,2025-09-10,短视频,加购
9298,1786,2025-07-10,短视频,曝光
9299,1460,2025-07-01,图文,曝光
9300,735,2025-09-04,直播,曝光
9301,1634,2025-07-09,短视频,点击
9302,650,2025-08-18,短视频,曝光
9303,1626,2025-07-31,直播,曝光
9304,1400,2025-09-25,图文,曝光
9305,443,2025-07-29,短视频,曝光
9306,121,2025-07-10,直播,曝光
9307,1773,2025-07-13,图文,点击
9308,1562,2025-09-30,短视频,曝光
9309,102,2025-09-27,图文,点击
9310,500,2025-07-13,短视频,曝光
9311,965,2025-07-31,短视频,曝光
9312,1044,2025-07-03,图文,曝光
9313,755,2025-09-14,图文,曝光
9314,386,2025-09-21,短视频,加购
9315,1335,2025-09-03,直播,曝光
9316,1469,2025-08-16,直播,曝光
9317,1281,2025-08-03,图文,点击
9318,1913,2025-07-27,直播,分享
9319,787,2025-09-04,图文,曝光
9320,1082,2025-08-22,直播,曝光
9321,635,2025-08-12,短视频,曝光
9322,1902,2025-08-04,短视频,曝光
9323,838,2025-09-06,图文,曝光
9324,805,2025-09-29,图文,曝光
9325,1487,2025-07-12,短视频,点击
9326,573,2025-09-10,直播,曝光
9327,729,2025-08-11,短视频,点击
9328,1678,2025-08-30,直播,曝光
9329,44,2025-09-12,短视频,点击
9330,76,2025-07-30,图文,加购
9331,1733,2025-07-19,直播,曝光
9332,563,2025-07-03,直播,点击
9333,1562,2025-09-27,短视频,曝光
9334,1381,2025-09-12,短视频,曝光
9335,400,2025-09-05,直播,曝光
9336,378,2025-07-05,短视频,分享
9337,1968,2025-09-23,短视频,曝光
9338,1781,2025-07-11,图文,曝光
9339,515,2025-07-27,短视频,加购
9340,965,2025-08-24,短视频,曝光
9341,1725,2025-07-02,图文,点击
9342,492,2025-09-08,直播,分享
9343,1323,2025-09-24,短视频,点击
9344,743,2025-08-07,直播,曝光
9345,1765,2025-07-12,短视频,曝光
9346,568,2025-08-24,短视频,加购
9347,867,2025-09-10,短视频,加购
9348,1402,2025-09-28,短视频,曝光
9349,1344,2025-07-26,图文,曝光
9350,220,2025-07-26,图文,曝光
9351,175,2025-07-08,短视频,曝光
9352,1708,2025-07-05,图文,点击
9353,1524,2025-09-06,图文,曝光
9354,298,2025-07-21,短视频,曝光
9355,1297,2025-07-28,短视频,曝光
9356,565,2025-08-11,短视频,分享
9357,813,2025-07-08,短视频,曝光
9358,1254,2025-09-10,短视频,曝光
9359,1277,2025-08-22,短视频,曝光
9360,709,2025-08-08,直播,曝光
9361,1662,2025-07-22,短视频,分享
9362,1021,2025-08-24,短视频,加购
9363,1627,2025-09-05,短视频,曝光
9364,1139,2025-08-22,直播,曝光
9365,714,2025-09-08,短视频,曝光
9366,519,2025-08-14,短视频,曝光
9367,27,2025-07-12,直播,点击
9368,1070,2025-07-15,短视频,曝光
9369,1113,2025-09-12,短视频,曝光
9370,1879,2025-07-07,短视频,点击
9371,520,2025-08-11,图文,曝光
9372,5,2025-07-19,直播,曝光
9373,1790,2025-09-08,直播,曝光
9374,1193,2025-07-25,图文,加购
9375,99,2025-09-09,直播,曝光
9376,641,2025-07-18,短视频,分享
9377,1941,2025-08-25,图文,曝光
9378,1725,2025-07-18,短视频,曝光
9379,1107,2025-08-12,短视频,曝光
9380,194,2025-08-25,短视频,曝光
9381,1301,2025-07-15,短视频,曝光
9382,122,2025-08-11,直播,曝光
9383,784,2025-09-04,短视频,点击
9384,810,2025-07-24,直播,曝光
9385,1554,2025-07-05,直播,分享
9386,1348,2025-07-22,图文,曝光
9387,958,2025-08-06,短视频,分享
9388,13,2025-07-14,短视频,曝光
9389,37,2025-09-13,直播,曝光
9390,1623,2025-09-02,短视频,点击
9391,1303,2025-08-16,短视频,曝光
9392,674,2025-08-13,短视频,曝光
9393,1502,2025-09-12,短视频,点击
9394,1841,2025-08-31,短视频,点击
9395,27,2025-09-02,图文,加购
9396,1812,2025-08-04,短视频,曝光
9397,496,2025-07-01,直播,曝光
9398,1528,2025-07-08,短视频,曝光
9399,1181,2025-09-06,短视频,曝光
9400,1475,2025-09-14,直播,点击
9401,236,2025-07-09,图文,曝光
9402,1202,2025-07-04,直播,曝光
9403,1934,2025-07-22,图文,分享
9404,1589,2025-08-03,短视频,曝光
9405,1597,2025-07-17,短视频,加购
9406,357,2025-08-23,短视频,曝光
9407,552,2025-09-21,直播,曝光
9408,1635,2025-08-31,直播,加购
9409,807,2025-07-31,直播,点击
9410,1131,2025-08-14,图文,曝光
9411,335,2025-09-26,短视频,曝光
9412,1564,2025-09-12,直播,曝光
9413,892,2025-07-15,短视频,点击
9414,988,2025-08-14,短视频,曝光
9415,1905,2025-07-08,短视频,曝光
9416,1262,2025-09-15,直播,曝光
9417,882,2025-09-02,图文,曝光
9418,684,2025-07-23,直播,曝光
9419,1203,2025-09-07,直播,曝光
9420,849,2025-08-13,图文,分享
9421,452,2025-09-12,直播,曝光
9422,730,2025-07-03,短视频,曝光
9423,574,2025-08-09,直播,分享
9424,1482,2025-08-23,短视频,曝光
9425,1006,2025-07-10,短视频,曝光
9426,402,2025-08-07,图文,点击
9427,300,2025-09-06,短视频,曝光
9428,1862,2025-09-01,图文,加购
9429,1778,2025-07-10,直播,曝光
9430,1659,2025-09-07,直播,点击
9431,1470,2025-09-05,直播,曝光
9432,1724,2025-08-09,直播,点击
9433,1295,2025-09-14,图文,曝光
9434,1828,2025-08-25,直播,曝光
9435,1838,2025-09-30,短视频,曝光
9436,873,2025-09-06,图文,曝光
9437,498,2025-09-30,短视频,曝光
9438,1784,2025-09-15,短视频,曝光
9439,1654,2025-07-31,图文,点击
9440,889,2025-07-10,短视频,曝光
9441,1818,2025-08-27,短视频,点击
9442,204,2025-08-20,直播,加购
9443,1644,2025-09-29,图文,加购
9444,100,2025-09-24,图文,曝光
9445,205,2025-07-01,短视频,分享
9446,128,2025-07-27,直播,曝光
9447,160,2025-08-17,短视频,点击
9448,377,2025-08-27,直播,曝光
9449,724,2025-08-06,短视频,加购
9450,720,2025-07-26,短视频,曝光
9451,842,2025-08-11,图文,加购
9452,1959,2025-09-12,短视频,曝光
9453,1023,2025-09-25,直播,曝光
9454,483,2025-09-07,短视频,曝光
9455,276,2025-07-15,短视频,曝光
9456,1826,2025-09-26,直播,加购
9457,552,2025-08-18,短视频,曝光
9458,1621,2025-09-03,短视频,曝光
9459,1580,2025-09-01,短视频,曝光
9460,1723,2025-08-14,短视频,曝光
9461,293,2025-08-18,图文,曝光
9462,1570,2025-08-19,短视频,曝光
9463,1565,2025-07-13,直播,曝光
9464,1947,2025-09-10,短视频,加购
9465,1417,2025-07-29,直播,曝光
9466,240,2025-09-06,直播,点击
9467,917,2025-07-03,短视频,曝光
9468,958,2025-07-11,短视频,点击
9469,948,2025-07-25,短视频,加购
9470,686,2025-07-28,图文,曝光
9471,1604,2025-07-10,直播,曝光
9472,569,2025-09-01,短视频,曝光
9473,890,2025-07-07,直播,曝光
9474,894,2025-07-10,直播,曝光
9475,1287,2025-08-26,短视频,曝光
9476,962,2025-08-30,短视频,点击
9477,1942,2025-08-30,短视频,曝光
9478,1972,2025-09-18,短视频,曝光
9479,929,2025-09-11,图文,点击
9480,530,2025-08-03,直播,曝光
9481,1523,2025-08-29,图文,曝光
9482,1824,2025-07-21,直播,曝光
9483,1774,2025-09-14,图文,曝光
9484,334,2025-09-17,短视频,曝光
9485,107,2025-08-21,短视频,点击
9486,1331,2025-08-14,短视频,点击
9487,602,2025-08-27,短视频,加购
9488,611,2025-09-15,短视频,曝光
9489,60,2025-09-22,直播,曝光
9490,1921,2025-07-08,短视频,曝光
9491,3,2025-08-25,短视频,曝光
9492,1270,2025-07-20,短视频,曝光
9493,1851,2025-07-06,图文,曝光
9494,129,2025-07-01,短视频,点击
9495,1233,2025-07-09,短视频,分享
9496,1848,2025-08-11,直播,曝光
9497,822,2025-09-17,短视频,曝光
9498,588,2025-09-20,短视频,曝光
9499,1409,2025-09-10,短视频,加购
9500,1855,2025-08-29,图文,曝光
9501,1118,2025-08-26,短视频,曝光
9502,27,2025-07-02,直播,曝光
9503,1370,2025-09-14,短视频,点击
9504,438,2025-07-03,图文,点击
9505,1979,2025-09-11,直播,曝光
9506,557,2025-09-05,图文,曝光
9507,1273,2025-07-25,图文,点击
9508,1376,2025-07-09,图文,点击
9509,891,2025-09-20,短视频,曝光
9510,1596,2025-07-21,直播,曝光
9511,1793,2025-08-18,直播,曝光
9512,1261,2025-09-03,短视频,曝光
9513,1509,2025-08-12,短视频,加购
9514,125,2025-07-23,短视频,点击
9515,484,2025-08-15,图文,曝光
9516,868,2025-08-15,图文,曝光
9517,261,2025-08-10,图文,曝光
9518,988,2025-08-06,短视频,曝光
9519,147,2025-07-05,直播,加购
9520,718,2025-08-01,短视频,点击
9521,123,2025-08-03,图文,曝光
9522,840,2025-07-24,短视频,曝光
9523,812,2025-07-11,直播,点击
9524,966,2025-08-07,图文,曝光
9525,1981,2025-09-23,短视频,曝光
9526,1109,2025-07-17,短视频,曝光
9527,296,2025-09-02,短视频,加购
9528,1262,2025-09-26,短视频,曝光
9529,1959,2025-09-27,直播,曝光
9530,421,2025-07-30,图文,曝光
9531,161,2025-07-13,图文,点击
9532,1804,2025-09-06,图文,点击
9533,345,2025-07-29,短视频,曝光
9534,1656,2025-07-27,短视频,曝光
9535,857,2025-09-05,短视频,曝光
9536,1574,2025-07-25,直播,曝光
9537,1426,2025-08-17,直播,曝光
9538,1612,2025-08-14,直播,曝光
9539,1522,2025-09-16,短视频,曝光
9540,1051,2025-09-06,直播,曝光
9541,489,2025-08-03,短视频,曝光
9542,1907,2025-07-01,短视频,曝光
9543,378,2025-07-23,直播,点击
9544,732,2025-07-16,图文,曝光
9545,563,2025-09-11,直播,加购
9546,840,2025-09-10,短视频,曝光
9547,499,2025-07-04,短视频,曝光
9548,1633,2025-08-02,图文,曝光
9549,875,2025-07-14,直播,点击
9550,1739,2025-09-17,图文,曝光
9551,63,2025-09-05,短视频,曝光
9552,898,2025-07-13,短视频,曝光
9553,1170,2025-09-02,直播,曝光
9554,1697,2025-09-13,图文,曝光
9555,1462,2025-07-07,图文,曝光
9556,1267,2025-08-27,直播,分享
9557,1690,2025-08-18,图文,曝光
9558,777,2025-07-16,直播,曝光
9559,1913,2025-09-23,直播,曝光
9560,1811,2025-07-02,图文,曝光
9561,1817,2025-08-15,短视频,曝光
9562,1007,2025-09-20,短视频,曝光
9563,187,2025-07-29,短视频,曝光
9564,1699,2025-07-27,直播,曝光
9565,833,2025-09-05,图文,点击
9566,1625,2025-07-23,短视频,曝光
9567,111,2025-08-16,直播,点击
9568,194,2025-07-17,直播,曝光
9569,698,2025-07-07,直播,曝光
9570,1743,2025-08-02,短视频,点击
9571,62,2025-07-14,短视频,曝光
9572,325,2025-08-18,短视频,曝光
9573,991,2025-08-15,短视频,曝光
9574,1628,2025-08-13,短视频,曝光
9575,311,2025-09-28,短视频,曝光
9576,1512,2025-09-17,直播,加购
9577,979,2025-08-09,直播,曝光
9578,1475,2025-07-19,直播,曝光
9579,1436,2025-07-19,短视频,点击
9580,1842,2025-09-07,直播,曝光
9581,117,2025-09-16,短视频,点击
9582,1202,2025-09-22,直播,曝光
9583,913,2025-09-24,图文,曝光
9584,678,2025-07-04,直播,加购
9585,1482,2025-09-15,短视频,点击
9586,1187,2025-09-08,短视频,曝光
9587,889,2025-07-16,直播,点击
9588,1393,2025-07-26,图文,曝光
9589,1149,2025-09-28,直播,曝光
9590,730,2025-08-11,短视频,曝光
9591,672,2025-09-02,直播,分享
9592,509,2025-07-06,短视频,曝光
9593,594,2025-08-28,短视频,曝光
9594,980,2025-07-28,短视频,曝光
9595,362,2025-09-10,直播,曝光
9596,1797,2025-07-11,图文,曝光
9597,1164,2025-09-30,短视频,曝光
9598,1261,2025-07-22,直播,曝光
9599,1149,2025-08-07,直播,曝光
9600,1795,2025-07-04,直播,曝光
9601,1639,2025-07-09,短视频,曝光
9602,951,2025-09-25,直播,曝光
9603,689,2025-09-03,图文,曝光
9604,1894,2025-09-21,短视频,曝光
9605,1200,2025-09-16,直播,曝光
9606,1584,2025-08-29,直播,曝光
9607,279,2025-08-29,图文,曝光
9608,710,2025-07-30,短视频,点击
9609,530,2025-09-03,图文,曝光
9610,897,2025-09-25,短视频,加购
9611,1007,2025-07-22,短视频,曝光
9612,1996,2025-09-28,短视频,分享
9613,211,2025-08-18,直播,曝光
9614,1908,2025-09-12,短视频,曝光
9615,1624,2025-08-02,短视频,曝光
9616,821,2025-09-01,图文,曝光
9617,563,2025-08-21,直播,点击
9618,1668,2025-07-31,直播,曝光
9619,273,2025-07-03,短视频,曝光
9620,1820,2025-09-20,图文,点击
9621,1887,2025-09-02,直播,曝光
9622,504,2025-08-15,图文,曝光
9623,1122,2025-08-20,短视频,曝光
9624,1036,2025-08-28,短视频,曝光
9625,1534,2025-07-03,直播,加购
9626,1515,2025-07-16,直播,曝光
9627,1990,2025-09-30,图文,点击
9628,154,2025-07-02,短视频,曝光
9629,1636,2025-07-11,直播,曝光
9630,1612,2025-09-29,短视频,曝光
9631,1483,2025-09-11,短视频,加购
9632,423,2025-08-27,图文,曝光
9633,1486,2025-09-23,直播,曝光
9634,958,2025-09-02,短视频,加购
9635,559,2025-07-09,直播,加购
9636,751,2025-07-05,短视频,曝光
9637,829,2025-09-19,短视频,曝光
9638,1481,2025-08-08,短视频,分享
9639,402,2025-08-02,直播,加购
9640,467,2025-07-27,直播,曝光
9641,742,2025-09-12,短视频,曝光
9642,933,2025-09-15,短视频,曝光
9643,1893,2025-08-27,短视频,曝光
9644,532,2025-08-14,直播,曝光
9645,1813,2025-08-24,短视频,曝光
9646,110,2025-08-05,图文,曝光
9647,1022,2025-08-03,直播,曝光
9648,1688,2025-07-14,短视频,曝光
9649,622,2025-08-12,图文,点击
9650,450,2025-08-05,直播,点击
9651,1211,2025-07-27,短视频,曝光
9652,465,2025-08-03,图文,曝光
9653,31,2025-09-03,直播,曝光
9654,94,2025-09-11,短视频,曝光
9655,958,2025-09-13,短视频,分享
9656,1006,2025-09-16,图文,点击
9657,53,2025-09-29,短视频,曝光
9658,538,2025-08-04,短视频,曝光
9659,1514,2025-09-21,图文,曝光
9660,1132,2025-08-07,短视频,曝光
9661,1224,2025-09-15,图文,曝光
9662,1448,2025-09-28,短视频,曝光
9663,1808,2025-09-11,短视频,曝光
9664,92,2025-08-04,直播,曝光
9665,966,2025-08-04,短视频,曝光
9666,401,2025-08-27,短视频,加购
9667,1335,2025-09-30,短视频,曝光
9668,782,2025-07-13,短视频,加购
9669,308,2025-07-24,图文,曝光
9670,1760,2025-08-09,短视频,点击
9671,1033,2025-09-13,图文,点击
9672,220,2025-07-23,直播,曝光
9673,451,2025-08-11,直播,曝光
9674,1488,2025-07-23,直播,加购
9675,941,2025-09-04,短视频,曝光
9676,1908,2025-07-22,图文,曝光
9677,101,2025-07-09,直播,曝光
9678,156,2025-08-13,图文,曝光
9679,1380,2025-07-01,短视频,曝光
9680,667,2025-07-28,直播,曝光
9681,1749,2025-09-27,直播,点击
9682,1540,2025-09-14,短视频,曝光
9683,46,2025-08-27,短视频,加购
9684,1871,2025-08-11,直播,曝光
9685,1907,2025-09-13,短视频,点击
9686,494,2025-07-06,短视频,加购
9687,1226,2025-08-09,图文,曝光
9688,1284,2025-08-10,短视频,加购
9689,76,2025-07-02,图文,曝光
9690,1464,2025-07-10,直播,加购
9691,1937,2025-08-09,图文,点击
9692,809,2025-07-14,直播,曝光
9693,1973,2025-09-30,直播,曝光
9694,1340,2025-07-13,短视频,点击
9695,1471,2025-07-03,图文,分享
9696,1099,2025-09-11,短视频,曝光
9697,1384,2025-08-07,直播,曝光
9698,1875,2025-08-09,短视频,曝光
9699,1181,2025-07-25,短视频,曝光
9700,1078,2025-07-01,图文,曝光
9701,340,2025-09-05,短视频,曝光
9702,1034,2025-08-17,短视频,曝光
9703,1728,2025-08-06,短视频,点击
9704,1339,2025-07-19,图文,分享
9705,1433,2025-07-13,直播,曝光
9706,305,2025-09-04,短视频,曝光
9707,1694,2025-07-07,图文,加购
9708,1062,2025-09-25,直播,分享
9709,913,2025-08-19,图文,点击
9710,102,2025-07-16,短视频,曝光
9711,1787,2025-09-20,短视频,曝光
9712,1255,2025-07-26,直播,点击
9713,625,2025-07-28,短视频,曝光
9714,1070,2025-09-04,直播,曝光
9715,1819,2025-07-12,直播,曝光
9716,1679,2025-08-28,短视频,曝光
9717,596,2025-07-26,短视频,点击
9718,1596,2025-09-15,图文,曝光
9719,16,2025-08-12,直播,曝光
9720,866,2025-08-29,直播,点击
9721,1097,2025-08-12,直播,点击
9722,1318,2025-07-18,短视频,曝光
9723,2,2025-07-30,直播,曝光
9724,607,2025-09-15,图文,曝光
9725,515,2025-08-16,图文,点击
9726,776,2025-07-15,短视频,曝光
9727,1384,2025-07-07,短视频,曝光
9728,157,2025-07-08,短视频,曝光
9729,1500,2025-09-13,短视频,曝光
9730,202,2025-09-25,短视频,点击
9731,1014,2025-08-16,直播,点击
9732,1638,2025-08-23,短视频,曝光
9733,1758,2025-08-17,直播,曝光
9734,1944,2025-07-31,图文,曝光
9735,864,2025-09-09,短视频,曝光
9736,979,2025-07-24,短视频,曝光
9737,1803,2025-09-06,短视频,加购
9738,256,2025-07-08,图文,曝光
9739,1819,2025-08-23,直播,分享
9740,177,2025-08-21,短视频,曝光
9741,183,2025-07-13,短视频,曝光
9742,91,2025-09-19,图文,曝光
9743,461,2025-07-18,直播,分享
9744,1758,2025-09-01,短视频,曝光
9745,416,2025-08-13,短视频,曝光
9746,885,2025-09-09,图文,加购
9747,1611,2025-08-10,图文,曝光
9748,1761,2025-08-25,短视频,曝光
9749,878,2025-09-06,直播,曝光
9750,726,2025-07-01,短视频,点击
9751,929,2025-07-20,直播,曝光
9752,1177,2025-08-10,图文,曝光
9753,645,2025-08-02,短视频,曝光
9754,1348,2025-07-04,短视频,曝光
9755,1615,2025-08-28,直播,曝光
9756,101,2025-07-08,短视频,曝光
9757,1643,2025-09-08,短视频,曝光
9758,1364,2025-07-17,短视频,点击
9759,118,2025-08-25,短视频,分享
9760,1600,2025-09-20,短视频,曝光
9761,992,2025-08-03,图文,点击
9762,45,2025-07-20,图文,曝光
9763,164,2025-07-22,直播,曝光
9764,118,2025-08-11,短视频,曝光
9765,814,2025-07-28,短视频,分享
9766,1045,2025-09-19,直播,曝光
9767,481,2025-09-16,直播,分享
9768,1943,2025-09-01,短视频,点击
9769,63,2025-08-01,图文,点击
9770,1947,2025-07-13,直播,曝光
9771,303,2025-07-22,短视频,曝光
9772,220,2025-08-12,图文,点击
9773,984,2025-09-14,直播,加购
9774,1522,2025-09-09,图文,曝光
9775,1322,2025-09-28,图文,曝光
9776,1587,2025-08-10,短视频,曝光
9777,907,2025-08-20,直播,点击
9778,1754,2025-07-21,短视频,点击
9779,1529,2025-09-02,短视频,点击
9780,88,2025-08-29,短视频,曝光
9781,1004,2025-07-07,直播,曝光
9782,1945,2025-08-07,图文,点击
9783,1453,2025-09-24,短视频,曝光
9784,1644,2025-08-17,短视频,曝光
9785,1440,2025-08-10,图文,曝光
9786,1216,2025-07-12,短视频,曝光
9787,670,2025-09-11,短视频,点击
9788,134,2025-09-22,直播,加购
9789,604,2025-09-22,短视频,曝光
9790,481,2025-09-23,短视频,点击
9791,1449,2025-09-26,直播,分享
9792,694,2025-07-28,短视频,曝光
9793,708,2025-09-08,短视频,点击
9794,1715,2025-07-27,短视频,曝光
9795,392,2025-08-03,图文,曝光
9796,1523,2025-07-16,短视频,曝光
9797,705,2025-07-04,图文,曝光
9798,1882,2025-08-23,图文,曝光
9799,1911,2025-07-08,直播,曝光
9800,846,2025-07-19,图文,点击
9801,1564,2025-07-18,直播,曝光
9802,1834,2025-08-26,短视频,曝光
9803,1207,2025-08-15,短视频,曝光
9804,1792,2025-09-26,图文,曝光
9805,1367,2025-08-30,图文,曝光
9806,37,2025-07-17,图文,点击
9807,1217,2025-07-24,短视频,曝光
9808,479,2025-07-21,短视频,曝光
9809,1182,2025-08-11,短视频,曝光
9810,1600,2025-07-09,图文,曝光
9811,397,2025-08-09,短视频,点击
9812,1331,2025-07-29,直播,曝光
9813,1083,2025-07-10,图文,点击
9814,446,2025-09-20,图文,加购
9815,1519,2025-08-01,短视频,点击
9816,1563,2025-07-02,短视频,曝光
9817,14,2025-09-06,直播,曝光
9818,634,2025-08-28,短视频,加购
9819,147,2025-08-02,短视频,曝光
9820,1205,2025-08-05,短视频,曝光
9821,1764,2025-07-19,短视频,加购
9822,1870,2025-07-30,短视频,曝光
9823,793,2025-07-16,短视频,曝光
9824,480,2025-07-16,图文,曝光
9825,628,2025-08-05,直播,分享
9826,111,2025-09-15,图文,曝光
9827,700,2025-07-16,直播,点击
9828,1321,2025-09-14,直播,曝光
9829,37,2025-09-15,短视频,点击
9830,1457,2025-07-04,直播,点击
9831,1688,2025-07-26,短视频,曝光
9832,626,2025-08-23,直播,曝光
9833,1536,2025-07-15,直播,曝光
9834,937,2025-08-08,短视频,曝光
9835,1977,2025-09-03,直播,曝光
9836,1003,2025-07-01,图文,点击
9837,1200,2025-08-28,短视频,曝光
9838,1632,2025-07-29,短视频,曝光
9839,548,2025-09-11,短视频,加购
9840,1387,2025-07-18,图文,曝光
9841,1703,2025-09-03,图文,加购
9842,546,2025-09-09,图文,曝光
9843,1614,2025-08-10,直播,曝光
9844,547,2025-08-11,图文,加购
9845,1220,2025-08-07,直播,曝光
9846,650,2025-09-12,短视频,曝光
9847,1258,2025-08-07,短视频,曝光
9848,292,2025-09-28,图文,分享
9849,1620,2025-07-15,图文,曝光
9850,269,2025-08-06,短视频,曝光
9851,671,2025-08-20,短视频,曝光
9852,1635,2025-08-21,图文,分享
9853,193,2025-08-12,直播,曝光
9854,1664,2025-09-28,直播,曝光
9855,802,2025-08-14,短视频,点击
9856,521,2025-07-16,直播,曝光
9857,1663,2025-08-05,短视频,曝光
9858,1701,2025-07-05,短视频,点击
9859,1724,2025-07-27,短视频,曝光
9860,1142,2025-08-13,图文,曝光
9861,396,2025-07-08,短视频,曝光
9862,1425,2025-08-14,直播,点击
9863,1407,2025-07-21,直播,曝光
9864,1761,2025-09-24,短视频,曝光
9865,1475,2025-07-13,图文,点击
9866,617,2025-08-11,直播,曝光
9867,896,2025-07-17,直播,曝光
9868,1325,2025-08-10,短视频,曝光
9869,1555,2025-08-14,图文,曝光
9870,618,2025-08-15,图文,点击
9871,520,2025-08-13,直播,点击
9872,1806,2025-08-10,短视频,曝光
9873,1985,2025-07-27,图文,曝光
9874,600,2025-09-21,短视频,曝光
9875,131,2025-08-29,图文,曝光
9876,1251,2025-08-26,短视频,曝光
9877,32,2025-08-07,短视频,曝光
9878,383,2025-09-12,短视频,加购
9879,1054,2025-09-01,短视频,曝光
9880,740,2025-07-15,短视频,分享
9881,98,2025-08-09,短视频,曝光
9882,703,2025-09-19,直播,点击
9883,1349,2025-09-19,图文,曝光
9884,1501,2025-09-28,短视频,曝光
9885,1505,2025-09-08,短视频,曝光
9886,574,2025-09-27,短视频,曝光
9887,1327,2025-07-24,直播,曝光
9888,655,2025-09-29,短视频,加购
9889,1302,2025-09-26,短视频,曝光
9890,19,2025-09-03,直播,加购
9891,819,2025-09-01,短视频,曝光
9892,632,2025-08-31,直播,点击
9893,1335,2025-07-11,短视频,曝光
9894,545,2025-07-07,直播,曝光
9895,600,2025-07-22,短视频,曝光
9896,1090,2025-07-27,直播,加购
9897,1308,2025-07-06,短视频,曝光
9898,804,2025-09-11,直播,曝光
9899,1785,2025-07-04,短视频,加购
9900,1961,2025-08-03,短视频,曝光
9901,1213,2025-07-10,直播,点击
9902,1093,2025-08-27,直播,曝光
9903,1042,2025-09-26,短视频,曝光
9904,146,2025-08-23,短视频,点击
9905,824,2025-08-21,短视频,曝光
9906,1619,2025-08-23,短视频,曝光
9907,1387,2025-07-25,直播,曝光
9908,107,2025-08-04,图文,曝光
9909,277,2025-07-30,直播,曝光
9910,1675,2025-09-20,短视频,曝光
9911,1470,2025-08-03,短视频,加购
9912,811,2025-07-23,直播,曝光
9913,1884,2025-08-16,短视频,曝光
9914,124,2025-09-09,短视频,曝光
9915,1524,2025-08-04,短视频,曝光
9916,1955,2025-07-03,直播,点击
9917,875,2025-08-07,图文,点击
9918,991,2025-09-16,短视频,分享
9919,425,2025-09-18,短视频,点击
9920,1710,2025-09-08,短视频,点击
9921,1452,2025-08-18,短视频,曝光
9922,842,2025-09-29,短视频,曝光
9923,470,2025-07-10,直播,曝光
9924,924,2025-07-12,直播,点击
9925,904,2025-09-04,直播,曝光
9926,725,2025-09-12,短视频,加购
9927,1679,2025-07-20,短视频,曝光
9928,738,2025-07-29,图文,曝光
9929,229,2025-07-22,图文,点击
9930,1587,2025-07-23,短视频,曝光
9931,1461,2025-07-02,图文,曝光
9932,62,2025-07-19,图文,曝光
9933,1392,2025-09-02,直播,曝光
9934,980,2025-09-05,短视频,点击
9935,1348,2025-09-19,短视频,曝光
9936,532,2025-09-25,图文,曝光
9937,357,2025-07-20,短视频,曝光
9938,1114,2025-08-29,短视频,曝光
9939,109,2025-08-06,直播,曝光
9940,431,2025-07-25,图文,曝光
9941,89,2025-09-01,图文,曝光
9942,698,2025-08-06,图文,加购
9943,1813,2025-08-25,短视频,加购
9944,1067,2025-07-23,直播,曝光
9945,1478,2025-08-09,图文,曝光
9946,1484,2025-07-07,图文,曝光
9947,253,2025-07-04,直播,曝光
9948,1892,2025-09-09,直播,点击
9949,309,2025-09-20,图文,曝光
9950,487,2025-07-10,直播,分享
9951,1312,2025-08-31,短视频,曝光
9952,966,2025-08-29,短视频,曝光
9953,430,2025-07-26,图文,曝光
9954,698,2025-08-09,短视频,曝光
9955,818,2025-07-28,短视频,曝光
9956,1213,2025-07-07,图文,点击
9957,1582,2025-09-14,直播,曝光
9958,733,2025-07-28,短视频,曝光
9959,785,2025-08-18,直播,加购
9960,194,2025-07-07,直播,曝光
9961,1911,2025-07-04,直播,点击
9962,1229,2025-08-27,短视频,曝光
9963,520,2025-08-08,图文,曝光
9964,72,2025-08-31,短视频,曝光
9965,1900,2025-09-20,直播,曝光
9966,87,2025-09-21,直播,点击
9967,365,2025-07-07,短视频,曝光
9968,1769,2025-07-27,短视频,曝光
9969,677,2025-07-19,短视频,曝光
9970,1741,2025-07-17,短视频,曝光
9971,1101,2025-08-12,图文,曝光
9972,1126,2025-08-13,图文,曝光
9973,1865,2025-09-28,图文,曝光
9974,37,2025-09-13,图文,曝光
9975,696,2025-07-06,短视频,曝光
9976,687,2025-08-22,直播,曝光
9977,1466,2025-07-21,短视频,曝光
9978,693,2025-09-25,短视频,曝光
9979,1761,2025-07-24,直播,曝光
9980,1442,2025-07-09,短视频,点击
9981,1816,2025-09-25,图文,点击
9982,1624,2025-09-05,图文,加购
9983,1495,2025-09-03,图文,点击
9984,709,2025-08-31,短视频,曝光
9985,1456,2025-09-05,短视频,曝光
9986,844,2025-07-23,短视频,曝光
9987,687,2025-08-31,图文,点击
9988,450,2025-07-20,直播,曝光
9989,1792,2025-09-22,直播,点击
9990,1456,2025-08-05,短视频,点击
9991,99,2025-09-24,短视频,曝光
9992,699,2025-07-30,短视频,曝光
9993,1161,2025-07-18,图文,曝光
9994,1411,2025-07-31,直播,曝光
9995,614,2025-08-21,短视频,曝光
9996,1414,2025-09-05,短视频,曝光
9997,545,2025-07-03,直播,曝光
9998,313,2025-07-09,直播,曝光
9999,175,2025-07-26,短视频,曝光
10000,1771,2025-09-07,图文,曝光
10001,1316,2025-07-27,短视频,点击
10002,1650,2025-08-15,短视频,点击
10003,1073,2025-09-30,图文,曝光
10004,1167,2025-07-17,图文,点击
10005,583,2025-07-18,短视频,加购
10006,173,2025-08-31,直播,曝光
10007,1431,2025-09-10,短视频,曝光
10008,335,2025-08-04,短视频,曝光
10009,1750,2025-07-18,图文,曝光
10010,185,2025-07-13,图文,分享
10011,1954,2025-09-28,短视频,点击
10012,928,2025-08-24,直播,曝光
10013,566,2025-08-04,短视频,曝光
10014,532,2025-07-30,直播,曝光
10015,1356,2025-07-15,图文,曝光
10016,1662,2025-07-27,短视频,点击
10017,951,2025-09-10,短视频,曝光
10018,872,2025-08-13,图文,曝光
10019,1758,2025-09-22,短视频,曝光
10020,905,2025-08-17,短视频,曝光
10021,662,2025-08-25,短视频,曝光
10022,1844,2025-09-03,短视频,曝光
10023,1606,2025-07-17,直播,曝光
10024,1156,2025-08-15,短视频,分享
10025,23,2025-09-18,短视频,曝光
10026,775,2025-08-19,直播,曝光
10027,1956,2025-07-24,短视频,点击
10028,1967,2025-08-22,短视频,曝光
10029,1347,2025-08-30,图文,曝光
10030,925,2025-09-24,图文,点击
10031,1720,2025-09-09,图文,曝光
10032,1160,2025-07-10,直播,曝光
10033,120,2025-08-23,短视频,分享
10034,765,2025-08-31,图文,曝光
10035,648,2025-09-07,短视频,加购
10036,1339,2025-07-04,直播,曝光
10037,440,2025-07-26,图文,曝光
10038,1552,2025-07-24,图文,曝光
10039,487,2025-07-19,直播,曝光
10040,1258,2025-09-11,图文,曝光
10041,602,2025-08-12,短视频,曝光
10042,497,2025-08-03,短视频,曝光
10043,1411,2025-08-20,直播,曝光
10044,1885,2025-07-03,图文,点击
10045,1600,2025-07-22,短视频,分享
10046,1024,2025-08-17,短视频,曝光
10047,1830,2025-07-19,图文,加购
10048,1653,2025-08-10,图文,曝光
10049,1836,2025-07-30,短视频,曝光
10050,18,2025-09-24,图文,曝光
10051,1627,2025-09-19,短视频,曝光
10052,1036,2025-09-25,短视频,加购
10053,1397,2025-08-04,直播,点击
10054,1872,2025-07-26,短视频,分享
10055,1040,2025-08-17,直播,曝光
10056,1377,2025-09-14,短视频,曝光
10057,1966,2025-09-13,直播,点击
10058,229,2025-08-17,直播,加购
10059,1485,2025-08-21,图文,点击
10060,1420,2025-08-19,短视频,曝光
10061,381,2025-08-12,直播,曝光
10062,31,2025-07-11,图文,曝光
10063,1266,2025-07-31,直播,曝光
10064,738,2025-09-15,短视频,曝光
10065,627,2025-09-18,直播,分享
10066,474,2025-08-25,图文,曝光
10067,1090,2025-09-29,短视频,曝光
10068,504,2025-09-26,图文,曝光
10069,149,2025-08-16,短视频,加购
10070,83,2025-09-11,图文,曝光
10071,520,2025-07-20,短视频,点击
10072,1235,2025-08-12,短视频,曝光
10073,1057,2025-08-08,直播,曝光
10074,1484,2025-09-17,直播,曝光
10075,1198,2025-08-08,直播,点击
10076,584,2025-07-30,短视频,加购
10077,1836,2025-08-05,短视频,曝光
10078,1174,2025-09-18,短视频,点击
10079,1238,2025-08-27,短视频,曝光
10080,995,2025-07-11,短视频,曝光
10081,847,2025-07-03,直播,加购
10082,1987,2025-07-31,直播,点击
10083,779,2025-09-14,短视频,曝光
10084,1625,2025-09-18,直播,曝光
10085,168,2025-07-15,直播,曝光
10086,1893,2025-07-03,直播,曝光
10087,1514,2025-07-25,直播,加购
10088,1649,2025-09-18,直播,曝光
10089,639,2025-08-09,短视频,分享
10090,1316,2025-07-04,直播,加购
10091,1512,2025-08-16,短视频,点击
10092,143,2025-08-30,直播,加购
10093,1299,2025-07-09,直播,曝光
10094,1716,2025-08-28,直播,曝光
10095,1696,2025-09-12,直播,曝光
10096,1523,2025-07-06,短视频,曝光
10097,1787,2025-07-05,直播,曝光
10098,565,2025-09-16,直播,曝光
10099,1378,2025-08-12,短视频,加购
10100,539,2025-07-08,短视频,曝光
10101,1726,2025-07-13,图文,曝光
10102,1049,2025-09-17,图文,点击
10103,1656,2025-09-17,短视频,曝光
10104,567,2025-09-29,短视频,曝光
10105,614,2025-09-02,图文,点击
10106,1942,2025-08-31,直播,曝光
10107,1809,2025-09-21,短视频,曝光
10108,388,2025-09-24,短视频,曝光
10109,774,2025-07-03,短视频,曝光
10110,307,2025-08-27,直播,加购
10111,1273,2025-09-08,短视频,曝光
10112,88,2025-09-29,短视频,点击
10113,52,2025-07-05,短视频,分享
10114,1106,2025-09-12,图文,曝光
10115,1791,2025-08-21,短视频,曝光
10116,1481,2025-09-01,直播,点击
10117,1392,2025-09-30,短视频,点击
10118,1173,2025-09-29,短视频,加购
10119,362,2025-07-17,短视频,加购
10120,417,2025-08-14,短视频,分享
10121,1235,2025-08-07,直播,曝光
10122,1847,2025-08-14,直播,分享
10123,96,2025-08-08,短视频,曝光
10124,759,2025-09-17,图文,曝光
10125,378,2025-09-20,短视频,曝光
10126,282,2025-09-01,图文,曝光
10127,707,2025-08-29,直播,点击
10128,383,2025-07-14,短视频,曝光
10129,491,2025-08-01,短视频,点击
10130,877,2025-07-29,短视频,曝光
10131,1487,2025-07-11,直播,加购
10132,1089,2025-08-23,直播,点击
10133,1088,2025-08-29,短视频,加购
10134,1203,2025-07-02,图文,点击
10135,451,2025-08-12,图文,曝光
10136,147,2025-08-16,短视频,曝光
10137,57,2025-08-11,短视频,曝光
10138,1735,2025-07-22,图文,曝光
10139,1753,2025-07-03,图文,曝光
10140,673,2025-07-22,短视频,加购
10141,1569,2025-09-29,图文,点击
10142,519,2025-09-21,图文,曝光
10143,611,2025-09-03,图文,曝光
10144,1376,2025-07-26,直播,曝光
10145,1855,2025-07-02,短视频,分享
10146,1228,2025-09-21,直播,曝光
10147,1919,2025-08-09,直播,曝光
10148,1986,2025-08-19,短视频,点击
10149,60,2025-09-27,直播,曝光
10150,821,2025-09-24,直播,曝光
10151,944,2025-08-20,直播,曝光
10152,367,2025-09-06,图文,曝光
10153,427,2025-08-21,图文,曝光
10154,1946,2025-08-08,短视频,曝光
10155,359,2025-07-23,直播,曝光
10156,965,2025-07-04,直播,曝光
10157,964,2025-09-25,短视频,加购
10158,1324,2025-09-21,直播,曝光
10159,1096,2025-08-06,直播,加购
10160,85,2025-09-04,图文,曝光
10161,902,2025-07-10,短视频,点击
10162,672,2025-07-13,图文,曝光
10163,257,2025-09-18,短视频,曝光
10164,1975,2025-09-25,短视频,曝光
10165,1081,2025-08-26,直播,曝光
10166,1929,2025-08-14,直播,曝光
10167,1832,2025-08-29,短视频,曝光
10168,1969,2025-07-03,短视频,曝光
10169,474,2025-07-30,短视频,曝光
10170,1648,2025-07-28,图文,曝光
10171,81,2025-08-18,图文,分享
10172,1002,2025-09-18,短视频,点击
10173,1738,2025-07-08,直播,分享
10174,1145,2025-08-08,直播,加购
10175,404,2025-09-09,短视频,点击
10176,150,2025-09-13,直播,曝光
10177,917,2025-09-17,图文,点击
10178,1587,2025-08-07,短视频,曝光
10179,1840,2025-09-26,短视频,曝光
10180,1499,2025-07-13,图文,点击
10181,885,2025-09-14,直播,曝光
10182,1417,2025-07-18,短视频,曝光
10183,1568,2025-09-01,短视频,曝光
10184,766,2025-09-20,直播,点击
10185,528,2025-09-02,直播,曝光
10186,532,2025-07-17,短视频,点击
10187,1492,2025-09-19,直播,曝光
10188,1620,2025-09-25,短视频,曝光
10189,389,2025-08-14,短视频,曝光
10190,1950,2025-07-27,短视频,分享
10191,38,2025-08-29,图文,曝光
10192,847,2025-09-28,短视频,曝光
10193,966,2025-09-28,短视频,曝光
10194,112,2025-07-09,直播,曝光
10195,1449,2025-07-13,短视频,点击
10196,1802,2025-08-20,直播,曝光
10197,476,2025-09-18,短视频,分享
10198,1379,2025-07-04,短视频,曝光
10199,1903,2025-09-02,短视频,点击
10200,1343,2025-07-24,图文,曝光
10201,904,2025-07-28,短视频,点击
10202,1889,2025-09-17,短视频,曝光
10203,804,2025-07-27,直播,曝光
10204,1341,2025-07-18,图文,曝光
10205,1541,2025-09-27,短视频,点击
10206,1236,2025-09-21,短视频,加购
10207,629,2025-09-24,短视频,曝光
10208,1421,2025-08-24,短视频,曝光
10209,620,2025-07-25,短视频,曝光
10210,968,2025-09-05,短视频,曝光
10211,1091,2025-09-09,直播,点击
10212,574,2025-08-03,短视频,曝光
10213,1535,2025-08-23,直播,曝光
10214,504,2025-09-29,直播,点击
10215,322,2025-08-22,短视频,曝光
10216,1453,2025-09-15,直播,加购
10217,1761,2025-07-03,直播,点击
10218,486,2025-09-22,短视频,曝光
10219,1036,2025-09-27,图文,曝光
10220,1863,2025-07-14,直播,曝光
10221,740,2025-08-09,图文,曝光
10222,806,2025-07-25,直播,点击
10223,1397,2025-08-20,图文,点击
10224,1268,2025-09-16,短视频,点击
10225,254,2025-07-18,图文,曝光
10226,86,2025-08-31,图文,点击
10227,729,2025-07-12,短视频,曝光
10228,898,2025-08-05,直播,点击
10229,1227,2025-08-20,短视频,点击
10230,800,2025-08-12,直播,曝光
10231,264,2025-07-12,图文,曝光
10232,1510,2025-08-10,短视频,曝光
10233,864,2025-07-31,短视频,曝光
10234,111,2025-08-21,短视频,曝光
10235,1194,2025-07-31,直播,曝光
10236,805,2025-08-14,短视频,曝光
10237,1072,2025-09-26,图文,点击
10238,1717,2025-08-11,短视频,点击
10239,383,2025-09-06,短视频,曝光
10240,1337,2025-07-31,图文,曝光
10241,238,2025-09-01,直播,曝光
10242,1555,2025-08-11,短视频,加购
10243,732,2025-08-27,直播,曝光
10244,1527,2025-07-17,图文,曝光
10245,83,2025-09-15,图文,曝光
10246,1324,2025-07-18,短视频,曝光
10247,502,2025-07-16,短视频,点击
10248,783,2025-09-02,直播,曝光
10249,468,2025-07-28,直播,曝光
10250,799,2025-09-27,短视频,曝光
10251,1583,2025-09-01,短视频,曝光
10252,103,2025-07-20,短视频,曝光
10253,1205,2025-09-28,图文,点击
10254,390,2025-09-22,短视频,曝光
10255,794,2025-07-28,短视频,曝光
10256,1117,2025-08-27,短视频,曝光
10257,194,2025-08-10,直播,曝光
10258,1791,2025-09-26,图文,加购
10259,1363,2025-09-27,短视频,曝光
10260,1225,2025-08-06,直播,点击
10261,1861,2025-09-22,直播,曝光
10262,775,2025-09-02,图文,分享
10263,281,2025-07-09,短视频,曝光
10264,1664,2025-08-20,图文,曝光
10265,1270,2025-08-05,图文,点击
10266,898,2025-09-28,图文,加购
10267,170,2025-07-18,直播,曝光
10268,520,2025-07-06,短视频,曝光
10269,1167,2025-07-14,短视频,曝光
10270,161,2025-07-06,短视频,曝光
10271,1097,2025-08-15,短视频,曝光
10272,1658,2025-09-18,图文,曝光
10273,899,2025-08-15,图文,曝光
10274,1232,2025-07-05,短视频,曝光
10275,433,2025-09-18,短视频,曝光
10276,1162,2025-09-22,短视频,曝光
10277,366,2025-09-09,短视频,点击
10278,1442,2025-07-09,图文,曝光
10279,1065,2025-07-21,图文,曝光
10280,1211,2025-07-11,短视频,曝光
10281,641,2025-08-30,图文,曝光
10282,702,2025-07-31,短视频,加购
10283,1319,2025-07-05,直播,点击
10284,1236,2025-09-05,短视频,加购
10285,1384,2025-09-07,短视频,曝光
10286,281,2025-08-23,直播,曝光
10287,376,2025-07-16,短视频,点击
10288,593,2025-09-22,短视频,曝光
10289,775,2025-08-06,短视频,曝光
10290,1075,2025-08-27,短视频,点击
10291,1041,2025-07-02,短视频,曝光
10292,139,2025-08-24,短视频,曝光
10293,71,2025-09-21,短视频,曝光
10294,1644,2025-08-22,短视频,曝光
10295,1160,2025-07-26,短视频,曝光
10296,90,2025-08-07,短视频,曝光
10297,1707,2025-07-25,直播,点击
10298,745,2025-08-28,短视频,点击
10299,1325,2025-08-18,短视频,曝光
10300,909,2025-09-28,短视频,分享
10301,385,2025-07-03,短视频,点击
10302,1362,2025-09-28,短视频,点击
10303,727,2025-07-26,直播,曝光
10304,310,2025-07-11,短视频,曝光
10305,446,2025-07-24,直播,点击
10306,1643,2025-08-11,短视频,曝光
10307,1041,2025-09-07,短视频,曝光
10308,853,2025-08-24,短视频,曝光
10309,1563,2025-07-22,短视频,加购
10310,503,2025-09-04,直播,点击
10311,302,2025-07-04,直播,曝光
10312,197,2025-07-28,短视频,加购
10313,204,2025-09-27,短视频,加购
10314,1851,2025-09-29,短视频,分享
10315,1802,2025-07-30,短视频,曝光
10316,807,2025-08-08,直播,曝光
10317,945,2025-08-02,图文,点击
10318,763,2025-07-27,直播,曝光
10319,1097,2025-07-18,短视频,点击
10320,361,2025-09-10,短视频,曝光
10321,1319,2025-08-29,短视频,曝光
10322,1013,2025-08-24,图文,曝光
10323,1827,2025-09-10,短视频,曝光
10324,640,2025-09-22,短视频,点击
10325,1523,2025-09-17,直播,曝光
10326,332,2025-07-10,直播,加购
10327,185,2025-09-09,图文,曝光
10328,1506,2025-07-06,直播,曝光
10329,1777,2025-09-04,短视频,点击
10330,1797,2025-09-25,直播,加购
10331,118,2025-09-24,短视频,曝光
10332,705,2025-08-11,图文,曝光
10333,947,2025-09-28,短视频,曝光
10334,573,2025-07-20,图文,曝光
10335,598,2025-09-23,短视频,曝光
10336,747,2025-09-07,直播,曝光
10337,50,2025-09-11,直播,点击
10338,1850,2025-09-30,短视频,曝光
10339,602,2025-09-09,短视频,曝光
10340,1168,2025-09-30,直播,点击
10341,1580,2025-08-10,直播,曝光
10342,332,2025-09-27,短视频,曝光
10343,413,2025-09-13,短视频,曝光
10344,1265,2025-07-15,短视频,曝光
10345,1988,2025-08-04,短视频,点击
10346,803,2025-09-17,直播,曝光
10347,1823,2025-08-26,短视频,曝光
10348,35,2025-07-12,短视频,曝光
10349,1474,2025-08-24,短视频,点击
10350,1940,2025-08-02,图文,曝光
10351,1492,2025-07-11,短视频,曝光
10352,230,2025-07-17,直播,点击
10353,23,2025-07-19,图文,分享
10354,827,2025-08-02,直播,曝光
10355,1118,2025-09-21,短视频,曝光
10356,1316,2025-07-23,直播,曝光
10357,1857,2025-07-17,图文,曝光
10358,1173,2025-09-21,短视频,曝光
10359,536,2025-08-15,图文,曝光
10360,9,2025-09-29,直播,曝光
10361,1865,2025-07-29,直播,曝光
10362,1216,2025-07-16,直播,曝光
10363,1358,2025-09-18,短视频,曝光
10364,1455,2025-07-12,短视频,曝光
10365,1601,2025-09-06,直播,曝光
10366,1699,2025-07-16,图文,加购
10367,1740,2025-09-17,短视频,曝光
10368,368,2025-08-22,直播,曝光
10369,593,2025-07-13,直播,曝光
10370,74,2025-09-20,短视频,点击
10371,244,2025-07-26,直播,曝光
10372,1889,2025-09-07,短视频,曝光
10373,847,2025-07-18,短视频,曝光
10374,1361,2025-08-08,短视频,曝光
10375,1131,2025-07-24,短视频,曝光
10376,910,2025-09-27,短视频,加购
10377,325,2025-07-11,短视频,曝光
10378,1451,2025-08-19,直播,曝光
10379,1504,2025-07-25,图文,曝光
10380,315,2025-09-11,直播,曝光
10381,643,2025-08-20,直播,曝光
10382,1917,2025-08-15,直播,点击
10383,1709,2025-09-13,图文,点击
10384,1309,2025-08-31,直播,曝光
10385,1919,2025-08-30,短视频,曝光
10386,1754,2025-08-04,短视频,曝光
10387,1230,2025-07-22,短视频,点击
10388,1114,2025-07-05,图文,曝光
10389,1298,2025-08-21,直播,曝光
10390,1602,2025-08-26,短视频,曝光
10391,1921,2025-07-23,短视频,曝光
10392,656,2025-07-27,图文,曝光
10393,601,2025-07-06,直播,曝光
10394,267,2025-08-20,短视频,曝光
10395,21,2025-09-26,短视频,曝光
10396,708,2025-08-29,短视频,曝光
10397,500,2025-07-07,图文,曝光
10398,1794,2025-08-11,直播,曝光
10399,976,2025-09-23,短视频,曝光
10400,1397,2025-07-15,短视频,曝光
10401,416,2025-07-25,直播,点击
10402,913,2025-09-13,直播,曝光
10403,1619,2025-09-01,短视频,曝光
10404,471,2025-07-16,直播,曝光
10405,788,2025-07-01,短视频,点击
10406,1197,2025-07-12,图文,曝光
10407,402,2025-08-21,图文,曝光
10408,1186,2025-07-30,短视频,曝光
10409,1230,2025-07-17,短视频,曝光
10410,1062,2025-07-06,短视频,曝光
10411,332,2025-07-09,短视频,曝光
10412,1476,2025-08-02,直播,曝光
10413,1676,2025-07-22,图文,点击
10414,486,2025-09-08,短视频,点击
10415,220,2025-09-08,图文,曝光
10416,1022,2025-09-11,图文,曝光
10417,349,2025-09-04,直播,分享
10418,617,2025-08-12,短视频,曝光
10419,1315,2025-07-17,图文,曝光
10420,412,2025-07-17,短视频,曝光
10421,734,2025-08-27,图文,曝光
10422,666,2025-09-28,短视频,曝光
10423,1431,2025-09-06,短视频,曝光
10424,1606,2025-09-14,短视频,点击
10425,1744,2025-09-16,短视频,曝光
10426,228,2025-07-01,直播,曝光
10427,1540,2025-09-22,短视频,曝光
10428,551,2025-08-25,直播,曝光
10429,1790,2025-09-18,短视频,点击
10430,1067,2025-09-25,直播,分享
10431,1844,2025-07-12,直播,曝光
10432,802,2025-09-24,图文,曝光
10433,642,2025-08-19,图文,曝光
10434,1656,2025-08-06,短视频,曝光
10435,714,2025-09-28,短视频,点击
10436,1559,2025-08-26,短视频,曝光
10437,103,2025-08-29,短视频,加购
10438,1356,2025-08-26,短视频,点击
10439,1816,2025-08-28,图文,曝光
10440,565,2025-09-06,直播,曝光
10441,1972,2025-08-02,图文,曝光
10442,43,2025-09-25,短视频,曝光
10443,252,2025-09-01,图文,曝光
10444,628,2025-08-12,直播,曝光
10445,628,2025-08-18,短视频,点击
10446,1202,2025-07-06,短视频,分享
10447,1736,2025-07-09,直播,曝光
10448,203,2025-09-05,短视频,曝光
10449,1498,2025-08-04,短视频,加购
10450,1648,2025-09-26,图文,点击
10451,1164,2025-08-09,短视频,曝光
10452,1974,2025-09-19,短视频,曝光
10453,194,2025-09-05,短视频,曝光
10454,1476,2025-07-03,直播,曝光
10455,835,2025-07-31,直播,曝光
10456,830,2025-09-20,图文,曝光
10457,1201,2025-09-11,直播,加购
10458,1595,2025-07-14,图文,曝光
10459,964,2025-07-22,直播,点击
10460,546,2025-09-29,短视频,点击
10461,533,2025-08-12,直播,曝光
10462,1909,2025-09-07,短视频,点击
10463,829,2025-08-14,直播,曝光
10464,734,2025-07-12,短视频,曝光
10465,1132,2025-08-21,短视频,曝光
10466,1380,2025-07-10,短视频,曝光
10467,75,2025-09-24,直播,点击
10468,38,2025-07-26,图文,点击
10469,1147,2025-09-15,直播,点击
10470,1262,2025-07-22,短视频,点击
10471,983,2025-07-07,图文,曝光
10472,593,2025-07-01,短视频,点击
10473,1567,2025-07-10,短视频,曝光
10474,205,2025-09-20,短视频,曝光
10475,1280,2025-07-10,短视频,曝光
10476,868,2025-07-12,短视频,点击
10477,734,2025-07-21,短视频,曝光
10478,212,2025-09-30,短视频,加购
10479,1340,2025-09-13,短视频,曝光
10480,371,2025-07-25,短视频,曝光
10481,1081,2025-08-09,直播,点击
10482,1791,2025-08-22,短视频,加购
10483,1485,2025-07-26,直播,点击
10484,127,2025-09-03,直播,点击
10485,1965,2025-07-25,直播,曝光
10486,1250,2025-07-28,直播,曝光
10487,1663,2025-09-23,短视频,曝光
10488,121,2025-08-11,直播,曝光
10489,1830,2025-09-23,短视频,点击
10490,1437,2025-09-10,短视频,分享
10491,1769,2025-07-29,直播,曝光
10492,1956,2025-07-06,图文,点击
10493,1684,2025-07-14,短视频,点击
10494,860,2025-08-03,短视频,曝光
10495,1677,2025-09-08,短视频,点击
10496,1937,2025-09-11,短视频,分享
10497,1816,2025-08-07,图文,曝光
10498,1283,2025-07-31,短视频,曝光
10499,1917,2025-09-05,图文,曝光
10500,1191,2025-07-06,图文,点击
10501,890,2025-08-07,短视频,点击
10502,343,2025-07-18,短视频,曝光
10503,932,2025-09-01,短视频,曝光
10504,1905,2025-09-01,直播,点击
10505,238,2025-09-17,短视频,曝光
10506,1724,2025-09-28,短视频,加购
10507,1286,2025-07-20,短视频,曝光
10508,264,2025-07-22,短视频,曝光
10509,452,2025-08-07,短视频,曝光
10510,58,2025-08-17,直播,点击
10511,1482,2025-09-05,短视频,曝光
10512,719,2025-07-23,直播,曝光
10513,372,2025-08-21,短视频,曝光
10514,319,2025-09-23,直播,曝光
10515,1010,2025-07-07,短视频,曝光
10516,673,2025-09-21,直播,曝光
10517,1811,2025-07-17,短视频,曝光
10518,1917,2025-08-05,直播,点击
10519,401,2025-07-14,短视频,曝光
10520,1724,2025-07-04,直播,加购
10521,121,2025-07-26,短视频,曝光
10522,881,2025-08-25,图文,曝光
10523,1156,2025-08-04,短视频,曝光
10524,552,2025-08-27,直播,点击
10525,1299,2025-09-06,短视频,点击
10526,1156,2025-08-26,直播,点击
10527,1869,2025-09-01,图文,曝光
10528,1875,2025-07-28,图文,曝光
10529,1634,2025-09-13,直播,曝光
10530,1582,2025-07-03,短视频,曝光
10531,676,2025-09-16,短视频,曝光
10532,1736,2025-07-03,短视频,曝光
10533,725,2025-08-27,直播,曝光
10534,1523,2025-09-10,短视频,加购
10535,972,2025-09-21,短视频,曝光
10536,1008,2025-08-18,短视频,点击
10537,1620,2025-09-13,短视频,曝光
10538,284,2025-07-25,直播,曝光
10539,1703,2025-07-27,直播,点击
10540,1638,2025-09-23,短视频,曝光
10541,943,2025-08-20,短视频,曝光
10542,1302,2025-09-20,图文,加购
10543,530,2025-08-17,短视频,曝光
10544,1546,2025-09-14,直播,加购
10545,239,2025-07-17,直播,曝光
10546,1469,2025-08-27,短视频,曝光
10547,1357,2025-07-20,图文,点击
10548,493,2025-08-26,短视频,点击
10549,1630,2025-07-30,图文,点击
10550,572,2025-08-18,短视频,曝光
10551,1085,2025-09-22,图文,加购
10552,1713,2025-07-17,短视频,曝光
10553,119,2025-09-05,短视频,曝光
10554,815,2025-09-05,直播,加购
10555,1255,2025-07-29,图文,点击
10556,356,2025-08-17,短视频,曝光
10557,1028,2025-09-21,图文,曝光
10558,1286,2025-08-20,直播,点击
10559,1743,2025-07-13,图文,点击
10560,597,2025-09-02,图文,曝光
10561,1664,2025-07-11,短视频,曝光
10562,1286,2025-08-04,短视频,点击
10563,1020,2025-09-16,直播,点击
10564,1181,2025-09-03,图文,曝光
10565,1977,2025-09-01,短视频,曝光
10566,1327,2025-07-23,图文,点击
10567,862,2025-07-02,短视频,加购
10568,1987,2025-09-18,直播,曝光
10569,1385,2025-07-22,直播,曝光
10570,555,2025-09-29,直播,曝光
10571,1222,2025-07-30,短视频,点击
10572,1952,2025-08-24,短视频,点击
10573,1399,2025-09-04,短视频,曝光
10574,1527,2025-08-05,直播,点击
10575,1324,2025-09-12,短视频,曝光
10576,1711,2025-07-27,图文,曝光
10577,163,2025-08-11,短视频,加购
10578,1605,2025-09-21,短视频,加购
10579,1802,2025-07-29,图文,曝光
10580,46,2025-07-31,直播,点击
10581,1577,2025-07-09,短视频,曝光
10582,1008,2025-09-13,图文,曝光
10583,772,2025-07-07,短视频,曝光
10584,212,2025-08-07,直播,曝光
10585,637,2025-07-26,直播,曝光
10586,1347,2025-09-19,短视频,曝光
10587,1028,2025-08-13,直播,曝光
10588,120,2025-08-09,直播,曝光
10589,613,2025-08-18,直播,曝光
10590,67,2025-08-23,直播,曝光
10591,727,2025-07-21,短视频,曝光
10592,1814,2025-07-12,短视频,曝光
10593,1516,2025-07-17,短视频,曝光
10594,1835,2025-09-28,短视频,曝光
10595,334,2025-07-05,短视频,曝光
10596,1248,2025-08-21,短视频,曝光
10597,603,2025-09-07,图文,曝光
10598,920,2025-08-26,短视频,加购
10599,1936,2025-09-14,图文,曝光
10600,1657,2025-07-12,短视频,分享
10601,1394,2025-08-05,直播,点击
10602,1929,2025-09-02,短视频,分享
10603,998,2025-07-06,图文,点击
10604,109,2025-08-09,短视频,点击
10605,1825,2025-09-12,短视频,曝光
10606,208,2025-08-08,图文,曝光
10607,534,2025-09-11,短视频,曝光
10608,1811,2025-08-13,短视频,曝光
10609,1775,2025-07-10,短视频,曝光
10610,199,2025-08-19,短视频,曝光
10611,1713,2025-08-07,短视频,曝光
10612,1429,2025-09-12,短视频,点击
10613,216,2025-09-16,短视频,点击
10614,1108,2025-08-01,短视频,曝光
10615,530,2025-09-22,直播,点击
10616,1044,2025-09-20,直播,曝光
10617,371,2025-08-14,直播,曝光
10618,196,2025-07-11,短视频,曝光
10619,1302,2025-09-04,直播,曝光
10620,1458,2025-08-18,图文,曝光
10621,383,2025-08-30,图文,点击
10622,1205,2025-09-01,图文,曝光
10623,984,2025-09-09,短视频,曝光
10624,1858,2025-09-28,图文,曝光
10625,1132,2025-07-30,短视频,点击
10626,962,2025-08-06,短视频,曝光
10627,17,2025-07-17,短视频,曝光
10628,1825,2025-09-01,短视频,曝光
10629,1324,2025-09-04,直播,曝光
10630,368,2025-09-11,图文,曝光
10631,12,2025-07-15,直播,分享
10632,408,2025-09-15,直播,曝光
10633,1008,2025-08-25,短视频,点击
10634,1898,2025-09-23,直播,点击
10635,1241,2025-07-01,短视频,曝光
10636,199,2025-08-01,短视频,加购
10637,385,2025-09-26,短视频,曝光
10638,474,2025-09-16,图文,曝光
10639,152,2025-08-29,短视频,曝光
10640,283,2025-09-27,图文,曝光
10641,184,2025-08-28,短视频,曝光
10642,1420,2025-08-13,短视频,曝光
10643,1367,2025-07-26,直播,点击
10644,1561,2025-09-02,直播,曝光
10645,366,2025-08-18,图文,曝光
10646,1803,2025-07-30,短视频,点击
10647,748,2025-07-15,短视频,曝光
10648,294,2025-07-24,短视频,分享
10649,316,2025-08-16,短视频,加购
10650,644,2025-07-26,直播,曝光
10651,176,2025-08-24,直播,曝光
10652,635,2025-07-05,短视频,曝光
10653,1322,2025-08-01,图文,曝光
10654,1947,2025-08-23,短视频,加购
10655,11,2025-09-06,短视频,曝光
10656,1166,2025-09-18,短视频,曝光
10657,470,2025-07-13,直播,分享
10658,675,2025-07-27,直播,曝光
10659,1288,2025-08-29,直播,曝光
10660,598,2025-07-03,短视频,曝光
10661,878,2025-08-20,图文,曝光
10662,639,2025-07-27,短视频,点击
10663,724,2025-08-17,直播,曝光
10664,1425,2025-09-10,直播,曝光
10665,585,2025-07-16,短视频,点击
10666,1099,2025-08-11,短视频,分享
10667,1586,2025-09-07,短视频,点击
10668,1248,2025-09-09,短视频,曝光
10669,1520,2025-07-28,短视频,点击
10670,942,2025-07-20,短视频,曝光
10671,930,2025-08-08,短视频,加购
10672,53,2025-08-29,短视频,分享
10673,1410,2025-09-04,图文,分享
10674,1375,2025-09-06,图文,曝光
10675,1022,2025-07-28,直播,点击
10676,1449,2025-09-13,图文,曝光
10677,1317,2025-09-11,短视频,点击
10678,361,2025-09-01,短视频,曝光
10679,448,2025-09-07,短视频,曝光
10680,1299,2025-09-22,直播,加购
10681,196,2025-09-14,直播,分享
10682,1756,2025-07-12,直播,点击
10683,698,2025-09-09,短视频,曝光
10684,1206,2025-08-20,短视频,曝光
10685,1044,2025-08-09,短视频,曝光
10686,1338,2025-08-11,短视频,曝光
10687,712,2025-07-15,短视频,曝光
10688,1402,2025-09-30,直播,曝光
10689,347,2025-07-05,直播,曝光
10690,649,2025-08-20,短视频,曝光
10691,80,2025-09-24,直播,点击
10692,309,2025-09-02,短视频,曝光
10693,111,2025-09-26,短视频,曝光
10694,946,2025-09-23,直播,曝光
10695,147,2025-07-03,直播,曝光
10696,464,2025-07-14,直播,点击
10697,967,2025-07-11,短视频,分享
10698,1374,2025-08-01,短视频,曝光
10699,50,2025-08-06,直播,曝光
10700,1430,2025-07-30,短视频,加购
10701,1039,2025-07-15,图文,曝光
10702,17,2025-07-11,短视频,点击
10703,195,2025-08-16,短视频,曝光
10704,1909,2025-08-21,直播,曝光
10705,900,2025-07-28,短视频,曝光
10706,1851,2025-07-29,直播,曝光
10707,1031,2025-08-15,短视频,曝光
10708,264,2025-07-16,图文,曝光
10709,1458,2025-07-15,图文,曝光
10710,956,2025-07-03,直播,曝光
10711,757,2025-08-03,直播,曝光
10712,419,2025-07-03,短视频,曝光
10713,888,2025-08-03,直播,点击
10714,1928,2025-08-05,直播,曝光
10715,437,2025-07-24,直播,点击
10716,1133,2025-08-26,短视频,点击
10717,66,2025-07-14,直播,分享
10718,1401,2025-07-20,短视频,曝光
10719,1782,2025-09-26,直播,点击
10720,1956,2025-09-22,直播,曝光
10721,1623,2025-07-11,图文,曝光
10722,1347,2025-07-20,短视频,曝光
10723,1166,2025-08-23,短视频,曝光
10724,1742,2025-07-25,短视频,曝光
10725,20,2025-07-15,直播,曝光
10726,482,2025-07-28,短视频,曝光
10727,90,2025-09-29,短视频,曝光
10728,459,2025-07-15,短视频,曝光
10729,447,2025-08-26,直播,加购
10730,883,2025-09-30,短视频,点击
10731,1382,2025-09-14,短视频,点击
10732,1763,2025-09-04,短视频,点击
10733,1199,2025-07-28,直播,曝光
10734,79,2025-07-28,短视频,曝光
10735,198,2025-08-25,短视频,曝光
10736,883,2025-09-28,图文,曝光
10737,1227,2025-08-02,短视频,点击
10738,1650,2025-08-28,短视频,曝光
10739,749,2025-09-28,直播,曝光
10740,355,2025-09-09,短视频,曝光
10741,284,2025-09-27,短视频,点击
10742,1232,2025-08-01,短视频,加购
10743,1997,2025-09-01,直播,分享
10744,140,2025-07-20,短视频,点击
10745,19,2025-07-04,图文,点击
10746,21,2025-08-11,短视频,曝光
10747,1093,2025-09-11,图文,点击
10748,638,2025-08-08,短视频,曝光
10749,1650,2025-07-26,短视频,点击
10750,1612,2025-09-29,短视频,曝光
10751,1005,2025-08-07,直播,曝光
10752,83,2025-07-14,短视频,曝光
10753,1141,2025-07-17,短视频,曝光
10754,730,2025-07-13,直播,加购
10755,1673,2025-09-28,短视频,曝光
10756,1458,2025-08-27,直播,曝光
10757,1917,2025-07-02,短视频,曝光
10758,739,2025-08-21,短视频,加购
10759,647,2025-08-08,图文,曝光
10760,958,2025-08-20,短视频,曝光
10761,1651,2025-09-17,短视频,加购
10762,1001,2025-08-07,直播,点击
10763,672,2025-07-28,图文,曝光
10764,1816,2025-08-03,短视频,曝光
10765,783,2025-09-03,图文,点击
10766,1752,2025-07-09,短视频,分享
10767,1277,2025-08-27,短视频,点击
10768,128,2025-09-11,直播,曝光
10769,986,2025-09-30,直播,点击
10770,1385,2025-08-11,短视频,点击
10771,1831,2025-08-12,直播,曝光
10772,1086,2025-09-21,直播,加购
10773,30,2025-09-12,短视频,曝光
10774,710,2025-08-15,短视频,曝光
10775,1938,2025-08-04,直播,加购
10776,986,2025-09-22,短视频,点击
10777,770,2025-08-07,短视频,点击
10778,1760,2025-09-24,图文,曝光
10779,835,2025-08-10,短视频,曝光
10780,1547,2025-08-21,直播,分享
10781,42,2025-08-18,图文,曝光
10782,1137,2025-09-12,短视频,加购
10783,48,2025-09-10,直播,加购
10784,352,2025-07-10,直播,曝光
10785,1090,2025-09-15,短视频,分享
10786,1238,2025-07-11,直播,点击
10787,237,2025-09-14,短视频,曝光
10788,997,2025-09-03,图文,曝光
10789,813,2025-08-23,短视频,曝光
10790,894,2025-07-05,短视频,曝光
10791,1621,2025-09-17,短视频,曝光
10792,1888,2025-09-04,短视频,点击
10793,150,2025-08-23,直播,曝光
10794,1986,2025-07-22,直播,加购
10795,102,2025-09-10,图文,曝光
10796,1903,2025-07-22,短视频,曝光
10797,1232,2025-08-10,直播,点击
10798,1478,2025-08-03,短视频,曝光
10799,487,2025-08-08,图文,曝光
10800,1198,2025-09-24,短视频,点击
10801,1185,2025-09-09,直播,加购
10802,639,2025-09-04,图文,曝光
10803,1007,2025-09-02,直播,加购
10804,1895,2025-09-08,短视频,曝光
10805,216,2025-09-06,短视频,曝光
10806,912,2025-09-11,短视频,曝光
10807,674,2025-07-05,直播,曝光
10808,404,2025-09-15,直播,曝光
10809,958,2025-07-29,直播,曝光
10810,222,2025-07-16,短视频,曝光
10811,243,2025-07-18,直播,曝光
10812,1672,2025-09-25,短视频,加购
10813,638,2025-09-15,短视频,分享
10814,657,2025-08-06,短视频,曝光
10815,1322,2025-09-22,直播,加购
10816,1533,2025-08-21,短视频,曝光
10817,1732,2025-09-16,直播,点击
10818,1255,2025-09-13,图文,曝光
10819,530,2025-07-23,直播,曝光
10820,568,2025-09-17,直播,曝光
10821,1415,2025-09-28,图文,曝光
10822,1702,2025-08-16,图文,曝光
10823,1838,2025-07-30,短视频,曝光
10824,1690,2025-08-20,短视频,点击
10825,1254,2025-09-16,短视频,曝光
10826,344,2025-08-07,短视频,曝光
10827,833,2025-07-05,短视频,曝光
10828,244,2025-07-05,直播,曝光
10829,879,2025-09-08,图文,分享
10830,1202,2025-08-29,图文,加购
10831,1350,2025-07-21,短视频,曝光
10832,467,2025-09-01,短视频,曝光
10833,1393,2025-07-29,图文,曝光
10834,665,2025-08-13,直播,曝光
10835,1392,2025-07-19,图文,曝光
10836,1874,2025-07-05,短视频,曝光
10837,579,2025-09-22,短视频,曝光
10838,352,2025-08-22,短视频,点击
10839,1935,2025-09-27,图文,曝光
10840,941,2025-07-10,短视频,曝光
10841,463,2025-08-06,短视频,曝光
10842,590,2025-08-11,直播,点击
10843,937,2025-07-04,短视频,曝光
10844,696,2025-09-12,短视频,分享
10845,1811,2025-09-29,图文,曝光
10846,741,2025-07-21,短视频,曝光
10847,945,2025-09-19,直播,曝光
10848,520,2025-09-23,短视频,点击
10849,1412,2025-08-08,图文,曝光
10850,1527,2025-09-04,直播,点击
10851,1129,2025-08-10,图文,曝光
10852,1624,2025-07-24,图文,曝光
10853,549,2025-07-27,直播,点击
10854,1080,2025-07-22,短视频,分享
10855,1460,2025-09-29,短视频,曝光
10856,1799,2025-07-07,短视频,点击
10857,655,2025-08-10,直播,曝光
10858,274,2025-09-19,图文,曝光
10859,1567,2025-08-16,短视频,点击
10860,1014,2025-07-06,短视频,曝光
10861,112,2025-08-04,短视频,点击
10862,1657,2025-08-27,直播,加购
10863,999,2025-07-11,图文,曝光
10864,1242,2025-09-08,直播,曝光
10865,719,2025-08-30,直播,曝光
10866,1971,2025-07-24,短视频,曝光
10867,862,2025-09-12,短视频,曝光
10868,1192,2025-08-04,短视频,曝光
10869,1073,2025-08-05,短视频,曝光
10870,1921,2025-07-28,图文,曝光
10871,1224,2025-08-04,直播,曝光
10872,198,2025-09-12,短视频,曝光
10873,1715,2025-07-02,直播,加购
10874,86,2025-09-30,直播,曝光
10875,1052,2025-09-09,图文,曝光
10876,714,2025-09-28,短视频,曝光
10877,964,2025-08-30,短视频,曝光
10878,1683,2025-07-07,短视频,曝光
10879,217,2025-09-08,短视频,曝光
10880,102,2025-09-01,短视频,曝光
10881,1804,2025-08-13,图文,曝光
10882,505,2025-08-23,图文,曝光
10883,885,2025-07-31,直播,点击
10884,1971,2025-09-24,直播,点击
10885,1451,2025-09-20,直播,曝光
10886,1282,2025-08-23,直播,曝光
10887,15,2025-09-26,图文,点击
10888,787,2025-08-12,图文,点击
10889,1040,2025-07-19,短视频,曝光
10890,156,2025-08-11,直播,点击
10891,1294,2025-09-23,短视频,曝光
10892,1511,2025-09-17,短视频,曝光
10893,736,2025-07-02,短视频,曝光
10894,1851,2025-08-31,短视频,曝光
10895,1869,2025-09-12,短视频,曝光
10896,1484,2025-07-07,图文,点击
10897,629,2025-08-21,直播,曝光
10898,233,2025-09-24,短视频,曝光
10899,1395,2025-08-04,直播,曝光
10900,1064,2025-09-01,直播,分享
10901,1435,2025-08-05,直播,曝光
10902,806,2025-07-15,短视频,曝光
10903,306,2025-08-06,短视频,点击
10904,1809,2025-08-13,短视频,曝光
10905,1927,2025-08-09,直播,曝光
10906,1525,2025-07-24,短视频,曝光
10907,47,2025-09-26,短视频,加购
10908,1604,2025-08-24,直播,分享
10909,1992,2025-08-28,短视频,点击
10910,828,2025-08-21,直播,曝光
10911,1006,2025-08-02,直播,曝光
10912,50,2025-09-28,短视频,曝光
10913,1203,2025-08-08,图文,曝光
10914,1519,2025-07-06,短视频,点击
10915,404,2025-08-11,直播,点击
10916,1267,2025-08-11,直播,加购
10917,522,2025-08-05,直播,加购
10918,283,2025-07-17,短视频,点击
10919,46,2025-08-14,短视频,曝光
10920,1514,2025-07-03,图文,曝光
10921,424,2025-08-02,图文,曝光
10922,299,2025-09-10,短视频,曝光
10923,1924,2025-09-04,短视频,曝光
10924,1480,2025-09-08,短视频,曝光
10925,514,2025-07-14,图文,曝光
10926,1428,2025-09-24,图文,分享
10927,1000,2025-07-18,短视频,点击
10928,16,2025-08-24,直播,曝光
10929,541,2025-09-28,短视频,曝光
10930,1550,2025-07-24,直播,点击
10931,1439,2025-07-09,短视频,曝光
10932,816,2025-08-03,短视频,加购
10933,1973,2025-07-02,短视频,分享
10934,1014,2025-08-25,图文,点击
10935,26,2025-09-10,短视频,曝光
10936,1930,2025-08-27,短视频,点击
10937,46,2025-07-23,直播,曝光
10938,1840,2025-07-04,短视频,曝光
10939,151,2025-07-30,短视频,曝光
10940,766,2025-09-22,直播,曝光
10941,109,2025-08-03,短视频,曝光
10942,1420,2025-09-24,短视频,点击
10943,614,2025-09-28,图文,曝光
10944,1027,2025-09-12,直播,曝光
10945,380,2025-07-22,直播,曝光
10946,1645,2025-07-23,短视频,曝光
10947,925,2025-07-13,直播,曝光
10948,640,2025-08-02,短视频,曝光
10949,46,2025-08-14,图文,曝光
10950,942,2025-09-03,直播,曝光
10951,1451,2025-07-06,直播,曝光
10952,225,2025-07-29,短视频,点击
10953,1018,2025-08-02,短视频,加购
10954,1854,2025-08-05,短视频,曝光
10955,1735,2025-08-23,短视频,曝光
10956,1802,2025-08-31,短视频,曝光
10957,1794,2025-09-25,短视频,曝光
10958,553,2025-07-04,短视频,曝光
10959,320,2025-07-16,直播,曝光
10960,1166,2025-07-13,短视频,曝光
10961,1434,2025-07-27,图文,曝光
10962,757,2025-07-04,直播,曝光
10963,466,2025-08-05,短视频,曝光
10964,312,2025-07-25,短视频,曝光
10965,1019,2025-08-18,短视频,曝光
10966,91,2025-08-14,短视频,加购
10967,1369,2025-08-30,短视频,曝光
10968,1646,2025-09-16,短视频,曝光
10969,1659,2025-07-10,短视频,曝光
10970,579,2025-07-17,短视频,点击
10971,200,2025-09-05,短视频,曝光
10972,1031,2025-08-02,直播,曝光
10973,1481,2025-09-22,直播,点击
10974,1806,2025-07-01,短视频,曝光
10975,242,2025-07-10,短视频,曝光
10976,40,2025-08-12,图文,点击
10977,283,2025-08-16,图文,曝光
10978,1095,2025-07-03,短视频,点击
10979,333,2025-08-15,短视频,曝光
10980,1911,2025-07-30,短视频,曝光
10981,692,2025-08-28,直播,曝光
10982,1619,2025-09-15,图文,加购
10983,651,2025-08-23,短视频,分享
10984,439,2025-09-25,直播,曝光
10985,171,2025-08-21,直播,曝光
10986,402,2025-08-03,短视频,曝光
10987,1502,2025-07-10,短视频,曝光
10988,1525,2025-07-27,短视频,曝光
10989,1336,2025-08-02,短视频,点击
10990,160,2025-09-08,短视频,加购
10991,642,2025-08-12,短视频,点击
10992,1199,2025-09-03,图文,曝光
10993,1874,2025-07-14,短视频,曝光
10994,469,2025-08-04,短视频,曝光
10995,374,2025-09-11,直播,分享
10996,1679,2025-09-22,图文,曝光
10997,937,2025-08-03,直播,曝光
10998,759,2025-08-11,直播,曝光
10999,769,2025-07-26,短视频,分享
11000,830,2025-09-25,短视频,曝光
11001,970,2025-07-10,图文,曝光
11002,1589,2025-09-20,图文,曝光
11003,1379,2025-09-01,短视频,曝光
11004,177,2025-09-26,图文,点击
11005,266,2025-07-14,短视频,曝光
11006,1202,2025-07-11,短视频,曝光
11007,1678,2025-07-17,直播,点击
11008,1926,2025-07-25,直播,曝光
11009,1789,2025-07-21,短视频,曝光
11010,1301,2025-08-04,短视频,曝光
11011,476,2025-07-26,直播,曝光
11012,164,2025-09-07,短视频,曝光
11013,1472,2025-07-26,短视频,点击
11014,1818,2025-07-28,图文,点击
11015,811,2025-09-17,图文,曝光
11016,258,2025-07-20,图文,曝光
11017,1464,2025-08-02,直播,曝光
11018,738,2025-08-01,图文,加购
11019,1277,2025-08-12,图文,曝光
11020,364,2025-07-29,直播,点击
11021,713,2025-08-23,直播,曝光
11022,1444,2025-09-13,直播,曝光
11023,1714,2025-08-12,短视频,曝光
11024,530,2025-09-30,短视频,曝光
11025,1600,2025-08-28,图文,曝光
11026,523,2025-07-28,短视频,曝光
11027,1472,2025-07-25,短视频,曝光
11028,828,2025-07-05,图文,曝光
11029,1404,2025-07-01,图文,曝光
11030,573,2025-09-05,直播,曝光
11031,166,2025-09-08,图文,分享
11032,1570,2025-08-14,图文,曝光
11033,15,2025-07-14,短视频,曝光
11034,1054,2025-08-09,直播,曝光
11035,117,2025-08-21,短视频,曝光
11036,1112,2025-08-02,直播,曝光
11037,218,2025-08-15,短视频,曝光
11038,324,2025-08-13,短视频,曝光
11039,1971,2025-07-12,图文,曝光
11040,1827,2025-07-13,短视频,曝光
11041,893,2025-07-05,图文,曝光
11042,698,2025-08-26,短视频,曝光
11043,1392,2025-09-20,短视频,曝光
11044,755,2025-09-24,短视频,曝光
11045,303,2025-08-29,图文,分享
11046,485,2025-09-23,短视频,曝光
11047,1235,2025-08-04,直播,点击
11048,1921,2025-09-06,图文,曝光
11049,1305,2025-08-16,直播,曝光
11050,1215,2025-08-05,图文,曝光
11051,1570,2025-09-02,短视频,曝光
11052,122,2025-09-23,短视频,曝光
11053,1246,2025-08-13,直播,曝光
11054,386,2025-08-30,图文,曝光
11055,842,2025-07-21,直播,曝光
11056,961,2025-08-16,短视频,加购
11057,1460,2025-08-30,图文,加购
11058,376,2025-07-27,短视频,加购
11059,1909,2025-09-11,短视频,曝光
11060,1211,2025-09-08,直播,曝光
11061,697,2025-09-17,短视频,曝光
11062,616,2025-09-12,图文,曝光
11063,204,2025-08-26,直播,分享
11064,700,2025-08-21,图文,曝光
11065,235,2025-09-26,短视频,点击
11066,1574,2025-07-27,直播,分享
11067,1588,2025-07-06,直播,点击
11068,1049,2025-08-05,短视频,加购
11069,1930,2025-08-08,短视频,分享
11070,227,2025-08-27,图文,点击
11071,1758,2025-07-13,短视频,点击
11072,744,2025-07-21,短视频,曝光
11073,1517,2025-09-23,直播,曝光
11074,1793,2025-08-13,图文,分享
11075,256,2025-08-11,图文,曝光
11076,1693,2025-07-04,图文,曝光
11077,1985,2025-07-03,直播,点击
11078,1520,2025-09-13,短视频,曝光
11079,293,2025-08-28,直播,点击
11080,1688,2025-08-05,直播,曝光
11081,556,2025-08-06,短视频,曝光
11082,184,2025-08-10,图文,曝光
11083,1288,2025-09-12,图文,曝光
11084,245,2025-09-20,图文,曝光
11085,1138,2025-08-09,短视频,曝光
11086,38,2025-08-06,短视频,曝光
11087,1481,2025-08-07,短视频,曝光
11088,251,2025-08-13,短视频,曝光
11089,1342,2025-07-28,直播,曝光
11090,1648,2025-07-28,直播,曝光
11091,195,2025-08-12,短视频,曝光
11092,76,2025-09-13,直播,点击
11093,1756,2025-07-27,短视频,曝光
11094,931,2025-08-10,图文,曝光
11095,1012,2025-07-24,短视频,分享
11096,495,2025-08-14,短视频,曝光
11097,952,2025-07-11,图文,加购
11098,1665,2025-08-15,直播,曝光
11099,1688,2025-09-03,短视频,曝光
11100,1606,2025-09-01,短视频,点击
11101,580,2025-08-27,直播,分享
11102,1532,2025-08-19,直播,曝光
11103,900,2025-08-25,图文,分享
11104,757,2025-08-09,短视频,分享
11105,653,2025-09-25,图文,曝光
11106,1852,2025-08-30,短视频,曝光
11107,347,2025-07-28,短视频,点击
11108,1792,2025-08-28,直播,曝光
11109,1825,2025-07-30,图文,曝光
11110,1302,2025-09-04,短视频,曝光
11111,53,2025-08-03,短视频,曝光
11112,1226,2025-08-13,直播,曝光
11113,231,2025-08-22,直播,曝光
11114,674,2025-09-29,图文,曝光
11115,151,2025-08-19,直播,曝光
11116,1472,2025-08-22,直播,曝光
11117,968,2025-09-23,图文,曝光
11118,1877,2025-09-12,短视频,点击
11119,1368,2025-07-04,短视频,曝光
11120,633,2025-08-12,直播,曝光
11121,1551,2025-09-03,直播,曝光
11122,572,2025-08-01,图文,点击
11123,539,2025-07-23,短视频,点击
11124,528,2025-08-18,短视频,曝光
11125,1422,2025-07-16,短视频,点击
11126,1967,2025-08-23,直播,曝光
11127,1708,2025-08-31,短视频,曝光
11128,1081,2025-07-29,直播,曝光
11129,22,2025-08-28,直播,曝光
11130,1936,2025-09-08,短视频,加购
11131,767,2025-07-26,短视频,曝光
11132,1235,2025-08-09,直播,曝光
11133,847,2025-08-24,直播,曝光
11134,587,2025-08-30,短视频,曝光
11135,607,2025-08-26,直播,曝光
11136,1173,2025-07-27,图文,曝光
11137,860,2025-07-13,图文,曝光
11138,311,2025-08-14,图文,曝光
11139,756,2025-07-28,直播,曝光
11140,897,2025-08-02,图文,曝光
11141,1252,2025-09-12,直播,曝光
11142,886,2025-08-08,短视频,分享
11143,391,2025-09-22,短视频,点击
11144,1154,2025-09-01,直播,曝光
11145,1674,2025-07-16,直播,曝光
11146,775,2025-07-15,图文,曝光
11147,1269,2025-08-31,图文,曝光
11148,911,2025-07-23,短视频,曝光
11149,595,2025-09-25,图文,点击
11150,1753,2025-08-03,短视频,分享
11151,1928,2025-07-03,短视频,曝光
11152,361,2025-07-26,短视频,分享
11153,1246,2025-09-16,图文,曝光
11154,1846,2025-07-17,图文,曝光
11155,1075,2025-08-11,直播,加购
11156,1078,2025-09-14,直播,曝光
11157,1920,2025-09-18,短视频,曝光
11158,1258,2025-07-15,图文,曝光
11159,1698,2025-09-11,图文,曝光
11160,209,2025-08-29,短视频,曝光
11161,1180,2025-07-19,短视频,点击
11162,291,2025-08-11,短视频,曝光
11163,408,2025-07-12,图文,加购
11164,1466,2025-07-16,直播,加购
11165,1740,2025-09-21,短视频,点击
11166,1802,2025-07-28,直播,曝光
11167,1530,2025-08-02,短视频,曝光
11168,1038,2025-07-11,直播,曝光
11169,869,2025-08-02,直播,加购
11170,336,2025-07-09,直播,曝光
11171,1573,2025-09-12,短视频,曝光
11172,1594,2025-08-03,图文,曝光
11173,256,2025-09-28,图文,分享
11174,1836,2025-09-08,短视频,曝光
11175,658,2025-09-15,直播,点击
11176,1341,2025-08-06,直播,加购
11177,256,2025-09-26,直播,曝光
11178,366,2025-08-22,短视频,曝光
11179,1211,2025-07-13,直播,点击
11180,825,2025-07-12,直播,点击
11181,55,2025-09-24,短视频,曝光
11182,1880,2025-09-20,短视频,分享
11183,1775,2025-08-26,直播,曝光
11184,384,2025-07-31,短视频,曝光
11185,1300,2025-09-01,图文,曝光
11186,342,2025-07-18,直播,曝光
11187,1435,2025-09-18,直播,曝光
11188,1404,2025-08-02,短视频,点击
11189,1492,2025-08-06,短视频,曝光
11190,1087,2025-09-28,图文,曝光
11191,48,2025-09-18,短视频,曝光
11192,410,2025-08-27,直播,曝光
11193,1982,2025-07-09,短视频,曝光
11194,1234,2025-07-12,直播,曝光
11195,685,2025-08-18,短视频,分享
11196,1874,2025-07-15,短视频,曝光
11197,861,2025-07-24,图文,曝光
11198,1711,2025-09-09,图文,曝光
11199,1612,2025-07-29,短视频,曝光
11200,14,2025-09-16,图文,曝光
11201,1863,2025-09-03,短视频,点击
11202,1754,2025-07-08,直播,曝光
11203,1985,2025-07-04,图文,曝光
11204,1254,2025-07-28,短视频,曝光
11205,1397,2025-07-07,直播,曝光
11206,535,2025-07-05,直播,曝光
11207,304,2025-08-15,短视频,分享
11208,187,2025-07-12,图文,曝光
11209,353,2025-09-29,直播,曝光
11210,1943,2025-07-13,直播,加购
11211,551,2025-09-22,短视频,曝光
11212,59,2025-08-10,短视频,加购
11213,1374,2025-08-21,直播,曝光
11214,370,2025-07-02,图文,曝光
11215,1022,2025-09-12,直播,加购
11216,1343,2025-09-04,短视频,曝光
11217,1147,2025-08-17,图文,曝光
11218,1516,2025-08-07,图文,曝光
11219,37,2025-08-18,直播,分享
11220,534,2025-08-06,短视频,加购
11221,812,2025-09-18,直播,曝光
11222,1475,2025-09-27,短视频,曝光
11223,1084,2025-08-11,短视频,曝光
11224,1531,2025-07-31,图文,曝光
11225,1483,2025-09-09,图文,曝光
11226,1606,2025-07-04,直播,曝光
11227,1216,2025-08-20,短视频,曝光
11228,1508,2025-08-07,短视频,曝光
11229,1359,2025-08-22,短视频,点击
11230,66,2025-08-12,短视频,曝光
11231,563,2025-09-08,短视频,曝光
11232,1785,2025-08-13,直播,曝光
11233,183,2025-07-22,短视频,曝光
11234,1126,2025-08-12,短视频,曝光
11235,1533,2025-09-12,图文,曝光
11236,863,2025-07-31,直播,曝光
11237,360,2025-08-11,直播,曝光
11238,49,2025-08-20,直播,曝光
11239,1321,2025-08-18,图文,点击
11240,1182,2025-09-19,直播,点击
11241,1382,2025-09-28,短视频,点击
11242,326,2025-08-02,直播,曝光
11243,937,2025-08-30,短视频,点击
11244,1096,2025-08-19,图文,曝光
11245,1677,2025-09-02,短视频,点击
11246,379,2025-09-16,直播,曝光
11247,1392,2025-09-16,图文,曝光
11248,1376,2025-08-06,短视频,曝光
11249,1188,2025-09-27,图文,曝光
11250,178,2025-07-13,直播,点击
11251,238,2025-09-03,图文,曝光
11252,1201,2025-08-09,直播,点击
11253,1246,2025-08-10,短视频,加购
11254,1288,2025-08-16,短视频,曝光
11255,1547,2025-09-01,短视频,曝光
11256,791,2025-09-18,直播,点击
11257,593,2025-07-26,短视频,曝光
11258,1835,2025-09-17,短视频,曝光
11259,1385,2025-09-18,直播,曝光
11260,1054,2025-09-09,短视频,曝光
11261,1117,2025-09-03,直播,曝光
11262,1502,2025-08-05,短视频,曝光
11263,621,2025-07-24,短视频,曝光
11264,890,2025-07-26,直播,曝光
11265,87,2025-08-06,短视频,分享
11266,1584,2025-08-10,短视频,曝光
11267,1002,2025-07-20,短视频,点击
11268,1795,2025-07-30,短视频,点击
11269,594,2025-07-22,短视频,分享
11270,826,2025-09-29,直播,曝光
11271,110,2025-08-17,直播,点击
11272,1935,2025-07-08,短视频,曝光
11273,686,2025-08-14,短视频,曝光
11274,307,2025-08-16,图文,曝光
11275,1225,2025-08-10,短视频,曝光
11276,1693,2025-08-05,图文,曝光
11277,223,2025-08-19,短视频,点击
11278,1052,2025-09-10,直播,曝光
11279,948,2025-09-07,直播,曝光
11280,277,2025-08-24,直播,曝光
11281,553,2025-09-06,直播,曝光
11282,1251,2025-07-06,直播,曝光
11283,1979,2025-07-05,图文,曝光
11284,263,2025-08-31,短视频,曝光
11285,1261,2025-08-06,直播,曝光
11286,1775,2025-08-15,短视频,分享
11287,1513,2025-09-13,短视频,曝光
11288,1632,2025-08-26,直播,点击
11289,1834,2025-08-22,直播,曝光
11290,1309,2025-07-09,图文,曝光
11291,76,2025-09-27,直播,曝光
11292,466,2025-08-16,直播,曝光
11293,828,2025-08-03,短视频,曝光
11294,1926,2025-08-18,短视频,曝光
11295,419,2025-09-27,直播,曝光
11296,1707,2025-07-14,短视频,曝光
11297,1269,2025-07-11,图文,曝光
11298,1431,2025-08-26,图文,曝光
11299,210,2025-09-14,短视频,曝光
11300,731,2025-09-22,短视频,曝光
11301,929,2025-09-16,短视频,加购
11302,969,2025-07-03,短视频,分享
11303,1755,2025-08-22,短视频,点击
11304,677,2025-07-24,短视频,曝光
11305,1738,2025-07-13,直播,曝光
11306,1699,2025-07-31,短视频,曝光
11307,1285,2025-09-26,图文,点击
11308,618,2025-08-20,直播,曝光
11309,198,2025-07-19,直播,曝光
11310,477,2025-09-07,短视频,曝光
11311,1214,2025-09-30,短视频,点击
11312,429,2025-08-30,短视频,曝光
11313,1804,2025-08-09,图文,点击
11314,803,2025-08-12,图文,曝光
11315,565,2025-07-31,短视频,曝光
11316,1246,2025-09-27,短视频,曝光
11317,312,2025-07-26,短视频,曝光
11318,1664,2025-08-01,短视频,曝光
11319,1100,2025-07-09,图文,点击
11320,1850,2025-09-11,直播,曝光
11321,1710,2025-08-08,短视频,曝光
11322,161,2025-09-15,短视频,曝光
11323,1797,2025-07-14,短视频,曝光
11324,95,2025-07-10,直播,点击
11325,1587,2025-08-09,直播,点击
11326,726,2025-07-05,直播,曝光
11327,689,2025-09-01,图文,点击
11328,1621,2025-09-29,直播,曝光
11329,550,2025-09-26,图文,加购
11330,1815,2025-08-02,直播,曝光
11331,81,2025-07-23,图文,曝光
11332,337,2025-08-31,短视频,曝光
11333,716,2025-07-13,短视频,曝光
11334,572,2025-07-03,图文,点击
11335,1742,2025-08-13,短视频,曝光
11336,1804,2025-09-09,短视频,分享
11337,842,2025-09-16,直播,曝光
11338,1152,2025-08-02,直播,曝光
11339,678,2025-07-07,短视频,曝光
11340,816,2025-08-23,直播,曝光
11341,674,2025-09-11,短视频,曝光
11342,488,2025-07-05,短视频,分享
11343,1389,2025-08-08,图文,曝光
11344,226,2025-07-10,短视频,曝光
11345,581,2025-08-15,短视频,曝光
11346,217,2025-09-14,短视频,曝光
11347,904,2025-08-20,图文,点击
11348,1349,2025-08-20,短视频,曝光
11349,1036,2025-07-16,短视频,点击
11350,1441,2025-09-10,短视频,分享
11351,1150,2025-09-13,短视频,分享
11352,732,2025-07-15,短视频,曝光
11353,1824,2025-09-04,短视频,曝光
11354,1213,2025-07-31,短视频,曝光
11355,77,2025-09-28,图文,点击
11356,313,2025-09-17,短视频,曝光
11357,1344,2025-09-11,直播,点击
11358,42,2025-08-23,图文,曝光
11359,345,2025-08-05,图文,点击
11360,200,2025-08-31,图文,曝光
11361,1620,2025-08-25,直播,曝光
11362,212,2025-07-19,短视频,曝光
11363,403,2025-08-19,短视频,曝光
11364,1970,2025-08-21,短视频,曝光
11365,241,2025-09-24,直播,曝光
11366,473,2025-09-06,短视频,曝光
11367,1628,2025-09-16,直播,曝光
11368,269,2025-07-16,图文,曝光
11369,460,2025-08-27,短视频,曝光
11370,1591,2025-07-28,图文,分享
11371,1,2025-07-22,直播,点击
11372,734,2025-07-01,直播,曝光
11373,514,2025-08-21,短视频,点击
11374,413,2025-09-27,短视频,点击
11375,785,2025-08-27,直播,曝光
11376,441,2025-09-21,图文,曝光
11377,1549,2025-08-31,直播,曝光
11378,279,2025-07-09,直播,曝光
11379,799,2025-09-05,短视频,曝光
11380,160,2025-09-15,直播,点击
11381,212,2025-09-12,直播,曝光
11382,1361,2025-08-20,短视频,曝光
11383,904,2025-08-18,直播,曝光
11384,880,2025-09-27,短视频,点击
11385,543,2025-09-30,直播,曝光
11386,297,2025-08-16,图文,加购
11387,1755,2025-09-08,图文,点击
11388,1585,2025-07-20,短视频,曝光
11389,925,2025-08-30,直播,点击
11390,39,2025-09-17,直播,曝光
11391,1797,2025-09-22,直播,曝光
11392,862,2025-09-25,短视频,加购
11393,379,2025-07-16,直播,曝光
11394,255,2025-08-18,直播,曝光
11395,1993,2025-08-21,图文,曝光
11396,56,2025-08-07,图文,曝光
11397,743,2025-07-01,直播,加购
11398,1102,2025-09-10,短视频,曝光
11399,588,2025-09-09,直播,点击
11400,311,2025-07-08,图文,曝光
11401,1289,2025-08-03,短视频,点击
11402,138,2025-09-16,图文,点击
11403,1950,2025-07-26,短视频,点击
11404,958,2025-09-18,图文,曝光
11405,1471,2025-07-03,图文,曝光
11406,1688,2025-07-28,图文,曝光
11407,1580,2025-09-19,短视频,曝光
11408,972,2025-07-02,图文,曝光
11409,154,2025-08-19,短视频,曝光
11410,160,2025-07-01,短视频,曝光
11411,712,2025-07-16,短视频,曝光
11412,609,2025-09-28,图文,点击
11413,1774,2025-08-12,短视频,曝光
11414,893,2025-09-10,短视频,点击
11415,1995,2025-09-19,直播,曝光
11416,563,2025-08-03,图文,曝光
11417,1934,2025-08-31,短视频,曝光
11418,676,2025-09-20,短视频,曝光
11419,1999,2025-08-09,短视频,曝光
11420,1001,2025-09-21,直播,曝光
11421,38,2025-07-08,直播,曝光
11422,1885,2025-09-22,短视频,曝光
11423,412,2025-08-06,直播,曝光
11424,1610,2025-08-16,短视频,曝光
11425,1640,2025-07-19,短视频,加购
11426,409,2025-09-14,短视频,曝光
11427,1138,2025-07-26,直播,曝光
11428,1571,2025-07-04,图文,加购
11429,1893,2025-07-10,短视频,曝光
11430,790,2025-07-15,直播,曝光
11431,821,2025-08-26,图文,曝光
11432,1632,2025-08-28,直播,曝光
11433,983,2025-07-18,短视频,曝光
11434,1235,2025-07-10,短视频,曝光
11435,232,2025-07-22,短视频,曝光
11436,1358,2025-07-04,图文,曝光
11437,668,2025-07-31,图文,点击
11438,725,2025-07-10,短视频,曝光
11439,1802,2025-07-20,直播,曝光
11440,1427,2025-08-11,短视频,曝光
11441,1115,2025-07-28,短视频,曝光
11442,1132,2025-08-14,短视频,曝光
11443,1712,2025-07-21,短视频,点击
11444,1238,2025-09-24,直播,加购
11445,419,2025-07-06,短视频,曝光
11446,1095,2025-08-08,直播,曝光
11447,1252,2025-07-17,图文,点击
11448,112,2025-08-17,图文,曝光
11449,267,2025-08-13,短视频,曝光
11450,949,2025-09-14,短视频,加购
11451,1151,2025-09-05,图文,点击
11452,103,2025-09-13,图文,曝光
11453,908,2025-08-09,直播,曝光
11454,338,2025-07-31,短视频,曝光
11455,1334,2025-08-29,短视频,加购
11456,952,2025-09-05,短视频,曝光
11457,188,2025-07-17,短视频,曝光
11458,813,2025-09-20,短视频,曝光
11459,1862,2025-08-14,直播,分享
11460,96,2025-09-14,直播,曝光
11461,810,2025-07-07,直播,曝光
11462,275,2025-07-31,图文,加购
11463,1805,2025-08-04,直播,曝光
11464,931,2025-09-07,短视频,曝光
11465,1254,2025-07-23,图文,点击
11466,1936,2025-09-06,短视频,点击
11467,101,2025-09-15,短视频,加购
11468,973,2025-07-23,短视频,曝光
11469,135,2025-09-29,图文,点击
11470,1546,2025-08-31,短视频,曝光
11471,1174,2025-08-16,短视频,曝光
11472,887,2025-07-09,直播,曝光
11473,583,2025-08-16,图文,曝光
11474,384,2025-07-26,图文,曝光
11475,1828,2025-08-08,短视频,点击
11476,43,2025-07-03,图文,曝光
11477,258,2025-09-11,短视频,曝光
11478,751,2025-07-13,短视频,曝光
11479,784,2025-08-17,短视频,点击
11480,1839,2025-07-10,短视频,曝光
11481,623,2025-07-30,直播,曝光
11482,650,2025-09-26,直播,分享
11483,469,2025-07-17,直播,曝光
11484,738,2025-07-16,直播,曝光
11485,539,2025-09-24,直播,曝光
11486,1386,2025-07-07,图文,曝光
11487,1597,2025-09-27,短视频,点击
11488,1474,2025-09-08,短视频,点击
11489,1608,2025-08-04,图文,曝光
11490,1217,2025-08-29,短视频,曝光
11491,1376,2025-08-24,短视频,曝光
11492,677,2025-08-28,短视频,曝光
11493,1993,2025-07-18,直播,曝光
11494,1891,2025-09-21,短视频,点击
11495,116,2025-08-12,短视频,加购
11496,706,2025-08-31,短视频,曝光
11497,1387,2025-09-04,短视频,曝光
11498,585,2025-08-31,图文,曝光
11499,1026,2025-08-15,直播,曝光
11500,1687,2025-08-12,图文,曝光
11501,1771,2025-08-22,短视频,曝光
11502,1871,2025-08-22,直播,分享
11503,1299,2025-09-13,直播,分享
11504,1914,2025-09-09,短视频,曝光
11505,1299,2025-08-30,短视频,曝光
11506,1067,2025-08-03,短视频,曝光
11507,401,2025-08-15,短视频,曝光
11508,1739,2025-07-04,直播,曝光
11509,516,2025-07-26,图文,曝光
11510,368,2025-08-09,短视频,曝光
11511,1529,2025-08-25,短视频,曝光
11512,1778,2025-08-04,短视频,加购
11513,1952,2025-07-05,直播,曝光
11514,1517,2025-07-17,短视频,曝光
11515,1921,2025-07-17,图文,曝光
11516,799,2025-09-04,图文,曝光
11517,213,2025-09-22,图文,曝光
11518,491,2025-09-13,直播,曝光
11519,320,2025-08-15,图文,曝光
11520,1520,2025-07-15,图文,曝光
11521,847,2025-09-22,短视频,曝光
11522,862,2025-08-14,直播,曝光
11523,1844,2025-09-08,直播,曝光
11524,1958,2025-07-31,直播,曝光
11525,292,2025-07-31,短视频,曝光
11526,1710,2025-08-22,短视频,曝光
11527,1278,2025-09-03,直播,曝光
11528,1581,2025-07-09,短视频,曝光
11529,1899,2025-08-07,短视频,曝光
11530,668,2025-09-24,图文,曝光
11531,1615,2025-08-25,图文,点击
11532,1424,2025-07-06,图文,曝光
11533,1318,2025-08-29,图文,曝光
11534,1512,2025-09-14,短视频,曝光
11535,1537,2025-09-17,直播,曝光
11536,819,2025-07-18,短视频,点击
11537,1853,2025-07-17,短视频,加购
11538,190,2025-09-09,直播,曝光
11539,374,2025-09-20,图文,曝光
11540,1471,2025-07-26,图文,曝光
11541,923,2025-07-16,直播,曝光
11542,589,2025-09-11,短视频,曝光
11543,1020,2025-09-09,短视频,点击
11544,266,2025-09-23,直播,曝光
11545,5,2025-09-03,短视频,分享
11546,86,2025-09-25,短视频,点击
11547,1786,2025-09-14,短视频,曝光
11548,655,2025-09-18,短视频,点击
11549,1810,2025-09-10,图文,曝光
11550,1020,2025-08-09,短视频,曝光
11551,609,2025-07-10,短视频,曝光
11552,77,2025-08-09,直播,曝光
11553,216,2025-07-25,直播,分享
11554,1127,2025-09-26,图文,曝光
11555,1232,2025-08-02,图文,分享
11556,1791,2025-09-20,短视频,曝光
11557,389,2025-08-02,短视频,曝光
11558,1196,2025-08-14,短视频,曝光
11559,171,2025-09-03,图文,点击
11560,1050,2025-08-06,短视频,分享
11561,353,2025-09-02,图文,曝光
11562,465,2025-07-09,图文,曝光
11563,832,2025-08-24,图文,加购
11564,879,2025-08-03,直播,曝光
11565,233,2025-07-17,直播,点击
11566,1202,2025-08-13,直播,曝光
11567,802,2025-07-12,短视频,曝光
11568,1731,2025-09-15,短视频,曝光
11569,1218,2025-09-21,直播,曝光
11570,1764,2025-07-30,直播,曝光
11571,35,2025-08-01,图文,曝光
11572,904,2025-07-28,短视频,曝光
11573,1681,2025-09-16,短视频,曝光
11574,368,2025-07-03,直播,点击
11575,443,2025-07-13,短视频,分享
11576,1415,2025-07-04,直播,曝光
11577,36,2025-08-27,短视频,曝光
11578,1902,2025-09-13,直播,曝光
11579,1885,2025-09-01,短视频,点击
11580,1916,2025-07-16,短视频,加购
11581,1560,2025-08-06,直播,曝光
11582,1992,2025-09-27,直播,曝光
11583,1949,2025-09-15,图文,点击
11584,505,2025-07-06,直播,点击
11585,309,2025-07-14,直播,点击
11586,1674,2025-09-13,直播,曝光
11587,910,2025-08-30,直播,曝光
11588,104,2025-07-11,图文,点击
11589,893,2025-07-23,短视频,曝光
11590,31,2025-08-28,直播,点击
11591,1156,2025-09-12,短视频,曝光
11592,1348,2025-09-08,短视频,分享
11593,98,2025-07-08,直播,曝光
11594,240,2025-07-21,直播,曝光
11595,1810,2025-08-20,直播,曝光
11596,777,2025-08-21,短视频,曝光
11597,102,2025-09-28,短视频,分享
11598,25,2025-09-10,直播,曝光
11599,799,2025-07-26,直播,点击
11600,174,2025-07-16,短视频,曝光
11601,270,2025-07-05,短视频,曝光
11602,418,2025-08-18,直播,曝光
11603,1405,2025-07-14,短视频,点击
11604,1109,2025-08-19,直播,曝光
11605,1551,2025-08-28,直播,曝光
11606,664,2025-09-09,短视频,曝光
11607,159,2025-08-18,直播,曝光
11608,1128,2025-08-03,短视频,曝光
11609,1933,2025-09-17,图文,曝光
11610,1298,2025-08-29,短视频,曝光
11611,489,2025-08-31,短视频,曝光
11612,7,2025-09-26,直播,分享
11613,161,2025-09-26,短视频,曝光
11614,1696,2025-09-04,图文,曝光
11615,583,2025-07-15,短视频,曝光
11616,116,2025-07-02,短视频,曝光
11617,678,2025-08-23,图文,曝光
11618,1747,2025-07-14,图文,点击
11619,846,2025-09-23,短视频,点击
11620,1953,2025-08-06,短视频,曝光
11621,1005,2025-07-24,图文,分享
11622,1808,2025-08-07,短视频,曝光
11623,403,2025-09-03,图文,加购
11624,1085,2025-07-31,直播,曝光
11625,954,2025-07-13,图文,曝光
11626,1540,2025-08-10,直播,曝光
11627,270,2025-08-13,图文,曝光
11628,346,2025-09-25,短视频,曝光
11629,447,2025-07-07,图文,曝光
11630,1875,2025-09-13,短视频,曝光
11631,1794,2025-07-28,短视频,曝光
11632,47,2025-07-13,直播,曝光
11633,843,2025-07-12,短视频,曝光
11634,1103,2025-08-10,短视频,分享
11635,1784,2025-08-28,直播,曝光
11636,923,2025-09-01,直播,曝光
11637,1544,2025-09-08,直播,曝光
11638,1594,2025-07-16,短视频,曝光
11639,1025,2025-08-25,短视频,曝光
11640,1491,2025-07-05,短视频,曝光
11641,142,2025-08-09,直播,曝光
11642,661,2025-09-27,短视频,曝光
11643,1707,2025-08-26,图文,曝光
11644,328,2025-09-11,图文,点击
11645,1021,2025-07-05,图文,曝光
11646,1589,2025-09-20,短视频,曝光
11647,1032,2025-08-04,直播,点击
11648,1955,2025-09-10,直播,曝光
11649,1708,2025-08-03,直播,曝光
11650,196,2025-09-01,图文,曝光
11651,1059,2025-08-19,图文,加购
11652,1466,2025-09-09,短视频,曝光
11653,1497,2025-09-25,短视频,曝光
11654,1032,2025-08-18,直播,点击
11655,804,2025-07-03,短视频,分享
11656,624,2025-07-24,直播,曝光
11657,712,2025-08-01,直播,点击
11658,29,2025-07-09,直播,曝光
11659,1719,2025-08-14,短视频,曝光
11660,1449,2025-08-24,直播,曝光
11661,575,2025-08-16,短视频,曝光
11662,265,2025-07-21,短视频,曝光
11663,1048,2025-08-04,直播,曝光
11664,1702,2025-09-14,短视频,曝光
11665,1990,2025-07-13,图文,曝光
11666,530,2025-08-19,短视频,曝光
11667,877,2025-09-11,图文,点击
11668,1185,2025-09-30,图文,曝光
11669,1190,2025-08-17,短视频,曝光
11670,569,2025-08-05,短视频,曝光
11671,1632,2025-08-28,短视频,曝光
11672,1405,2025-08-08,直播,点击
11673,1663,2025-09-12,短视频,曝光
11674,235,2025-07-25,图文,曝光
11675,1351,2025-07-29,直播,曝光
11676,687,2025-07-27,直播,曝光
11677,1527,2025-09-11,直播,曝光
11678,1018,2025-08-13,直播,曝光
11679,1038,2025-09-06,短视频,曝光
11680,1171,2025-07-06,直播,加购
11681,444,2025-09-09,直播,点击
11682,1160,2025-09-15,直播,曝光
11683,1763,2025-07-12,图文,加购
11684,159,2025-07-10,直播,点击
11685,334,2025-08-20,直播,点击
11686,68,2025-09-22,直播,分享
11687,966,2025-09-16,直播,曝光
11688,475,2025-08-06,图文,曝光
11689,1182,2025-09-24,直播,曝光
11690,76,2025-08-12,短视频,加购
11691,215,2025-08-31,直播,加购
11692,442,2025-09-27,图文,曝光
11693,1316,2025-07-17,短视频,加购
11694,119,2025-09-06,图文,曝光
11695,1053,2025-08-08,图文,曝光
11696,1055,2025-07-26,短视频,点击
11697,636,2025-08-08,图文,曝光
11698,210,2025-07-29,直播,点击
11699,1427,2025-08-25,图文,曝光
11700,831,2025-07-14,直播,点击
11701,1196,2025-08-24,直播,加购
11702,1540,2025-08-28,短视频,曝光
11703,26,2025-09-12,短视频,曝光
11704,1545,2025-08-30,短视频,分享
11705,174,2025-09-02,直播,加购
11706,1125,2025-09-20,短视频,曝光
11707,181,2025-08-24,图文,曝光
11708,62,2025-07-27,短视频,曝光
11709,827,2025-09-08,直播,曝光
11710,1074,2025-07-07,图文,曝光
11711,622,2025-08-06,短视频,曝光
11712,506,2025-07-21,短视频,曝光
11713,362,2025-09-14,短视频,曝光
11714,1137,2025-09-27,图文,曝光
11715,801,2025-07-31,图文,曝光
11716,1817,2025-09-29,直播,曝光
11717,870,2025-09-27,直播,曝光
11718,1198,2025-08-02,短视频,点击
11719,1915,2025-07-20,直播,曝光
11720,1882,2025-08-15,直播,分享
11721,998,2025-09-18,短视频,曝光
11722,418,2025-09-16,图文,分享
11723,791,2025-09-06,图文,曝光
11724,537,2025-08-13,图文,点击
11725,974,2025-08-09,短视频,加购
11726,298,2025-09-27,短视频,曝光
11727,806,2025-08-21,图文,点击
11728,157,2025-09-16,短视频,点击
11729,1948,2025-09-15,短视频,曝光
11730,22,2025-09-07,短视频,曝光
11731,1778,2025-09-19,短视频,点击
11732,1856,2025-08-27,短视频,曝光
11733,1920,2025-08-10,短视频,曝光
11734,904,2025-07-19,直播,曝光
11735,1547,2025-07-06,短视频,曝光
11736,1878,2025-07-17,短视频,曝光
11737,1676,2025-09-28,直播,曝光
11738,1729,2025-09-18,短视频,曝光
11739,980,2025-08-13,短视频,曝光
11740,1488,2025-07-23,直播,加购
11741,422,2025-07-10,直播,曝光
11742,1836,2025-07-23,直播,曝光
11743,949,2025-07-22,短视频,曝光
11744,529,2025-09-16,图文,曝光
11745,594,2025-09-05,短视频,曝光
11746,1713,2025-07-05,短视频,曝光
11747,384,2025-07-01,短视频,曝光
11748,1360,2025-09-05,直播,曝光
11749,553,2025-07-13,直播,曝光
11750,1200,2025-08-26,图文,曝光
11751,1073,2025-08-11,直播,曝光
11752,1238,2025-07-04,短视频,曝光
11753,454,2025-08-30,直播,点击
11754,1813,2025-07-17,短视频,分享
11755,1771,2025-07-21,图文,点击
11756,1858,2025-07-28,短视频,曝光
11757,995,2025-09-25,短视频,曝光
11758,354,2025-07-21,图文,曝光
11759,1109,2025-07-24,直播,曝光
11760,162,2025-07-16,短视频,曝光
11761,1412,2025-09-20,直播,曝光
11762,546,2025-09-17,短视频,曝光
11763,396,2025-09-26,短视频,点击
11764,1621,2025-09-24,短视频,曝光
11765,1319,2025-08-16,图文,曝光
11766,195,2025-07-17,直播,曝光
11767,1747,2025-08-08,短视频,曝光
11768,1324,2025-08-23,直播,加购
11769,540,2025-09-12,图文,曝光
11770,799,2025-08-09,直播,曝光
11771,916,2025-07-04,短视频,曝光
11772,1825,2025-08-04,图文,曝光
11773,1108,2025-08-21,图文,曝光
11774,1641,2025-09-26,短视频,曝光
11775,64,2025-08-25,图文,加购
11776,1016,2025-07-05,短视频,分享
11777,171,2025-08-18,短视频,曝光
11778,762,2025-09-28,短视频,曝光
11779,1102,2025-08-06,图文,曝光
11780,1670,2025-07-30,直播,分享
11781,556,2025-07-01,图文,曝光
11782,489,2025-08-22,直播,点击
11783,1703,2025-07-26,直播,曝光
11784,1087,2025-09-24,图文,曝光
11785,1454,2025-07-24,短视频,分享
11786,1864,2025-08-29,直播,曝光
11787,95,2025-08-28,短视频,点击
11788,1208,2025-09-09,短视频,点击
11789,151,2025-08-05,短视频,曝光
11790,1861,2025-07-09,直播,点击
11791,881,2025-07-16,图文,点击
11792,885,2025-08-22,短视频,曝光
11793,381,2025-07-27,图文,曝光
11794,1259,2025-07-29,直播,曝光
11795,1086,2025-07-11,直播,曝光
11796,1881,2025-08-08,直播,曝光
11797,8,2025-08-22,短视频,曝光
11798,1475,2025-07-22,短视频,曝光
11799,1914,2025-09-07,短视频,点击
11800,1812,2025-08-26,短视频,曝光
11801,1250,2025-08-04,短视频,点击
11802,1665,2025-08-19,短视频,点击
11803,84,2025-09-12,直播,曝光
11804,156,2025-07-12,直播,曝光
11805,1397,2025-07-29,直播,曝光
11806,517,2025-09-06,短视频,加购
11807,1420,2025-09-05,直播,曝光
11808,1483,2025-07-27,图文,曝光
11809,1337,2025-08-26,图文,曝光
11810,1781,2025-08-23,直播,曝光
11811,434,2025-08-23,直播,曝光
11812,1605,2025-09-18,图文,曝光
11813,1602,2025-07-22,短视频,点击
11814,627,2025-08-06,短视频,曝光
11815,406,2025-08-09,直播,曝光
11816,1243,2025-08-28,短视频,点击
11817,1777,2025-09-03,短视频,曝光
11818,1323,2025-09-18,图文,点击
11819,237,2025-07-14,短视频,加购
11820,875,2025-08-27,直播,曝光
11821,791,2025-07-16,短视频,点击
11822,1176,2025-09-29,短视频,曝光
11823,1170,2025-07-01,短视频,曝光
11824,1972,2025-07-08,短视频,曝光
11825,1684,2025-09-21,短视频,曝光
11826,1090,2025-08-03,直播,曝光
11827,284,2025-08-02,直播,曝光
11828,389,2025-09-03,短视频,曝光
11829,343,2025-07-13,直播,曝光
11830,1009,2025-08-14,短视频,曝光
11831,308,2025-07-30,短视频,曝光
11832,352,2025-07-24,短视频,曝光
11833,302,2025-07-19,直播,曝光
11834,1377,2025-07-31,直播,分享
11835,564,2025-08-15,短视频,曝光
11836,1804,2025-09-05,短视频,曝光
11837,988,2025-07-18,直播,曝光
11838,1352,2025-09-11,直播,曝光
11839,1057,2025-07-17,直播,曝光
11840,1756,2025-08-28,短视频,点击
11841,257,2025-08-04,直播,曝光
11842,1456,2025-09-20,短视频,曝光
11843,1157,2025-09-02,直播,曝光
11844,875,2025-08-17,短视频,点击
11845,1398,2025-07-06,短视频,分享
11846,1077,2025-09-14,短视频,曝光
11847,1254,2025-09-30,直播,曝光
11848,1066,2025-07-10,短视频,曝光
11849,242,2025-08-19,短视频,曝光
11850,785,2025-09-29,直播,曝光
11851,1942,2025-08-26,直播,点击
11852,186,2025-09-19,短视频,曝光
11853,461,2025-09-12,直播,加购
11854,1404,2025-09-21,图文,加购
11855,300,2025-07-28,直播,曝光
11856,95,2025-09-19,直播,点击
11857,1531,2025-07-16,图文,曝光
11858,409,2025-09-16,图文,曝光
11859,441,2025-08-21,短视频,分享
11860,908,2025-07-08,短视频,曝光
11861,1691,2025-09-02,直播,曝光
11862,1975,2025-09-22,短视频,曝光
11863,525,2025-09-19,短视频,曝光
11864,614,2025-07-16,图文,分享
11865,1034,2025-09-16,直播,曝光
11866,1590,2025-09-18,短视频,点击
11867,137,2025-09-27,短视频,曝光
11868,839,2025-08-21,直播,分享
11869,208,2025-09-22,短视频,曝光
11870,444,2025-07-27,短视频,曝光
11871,1256,2025-08-17,图文,曝光
11872,54,2025-07-29,图文,加购
11873,1725,2025-08-03,短视频,曝光
11874,177,2025-07-25,直播,曝光
11875,1646,2025-08-30,短视频,曝光
11876,834,2025-09-05,图文,曝光
11877,1128,2025-09-14,短视频,点击
11878,801,2025-09-06,短视频,曝光
11879,737,2025-07-12,短视频,分享
11880,1253,2025-08-09,短视频,加购
11881,634,2025-08-27,直播,曝光
11882,125,2025-08-09,短视频,曝光
11883,23,2025-07-16,直播,曝光
11884,568,2025-07-20,直播,点击
11885,439,2025-08-19,短视频,曝光
11886,47,2025-08-06,短视频,曝光
11887,200,2025-09-03,短视频,曝光
11888,1744,2025-08-30,直播,曝光
11889,993,2025-07-24,短视频,点击
11890,796,2025-08-27,直播,曝光
11891,1836,2025-08-23,直播,曝光
11892,1169,2025-07-12,图文,曝光
11893,255,2025-09-15,图文,曝光
11894,1422,2025-09-06,短视频,曝光
11895,1420,2025-09-20,直播,曝光
11896,536,2025-09-30,直播,曝光
11897,1341,2025-07-27,图文,分享
11898,270,2025-09-13,短视频,曝光
11899,1982,2025-09-27,短视频,加购
11900,1161,2025-07-01,短视频,曝光
11901,567,2025-08-29,短视频,点击
11902,1807,2025-09-14,直播,分享
11903,1013,2025-07-12,图文,点击
11904,1786,2025-07-03,短视频,曝光
11905,189,2025-07-29,短视频,点击
11906,617,2025-07-13,直播,点击
11907,862,2025-07-18,短视频,曝光
11908,533,2025-07-23,短视频,曝光
11909,1037,2025-07-23,短视频,曝光
11910,708,2025-08-15,短视频,点击
11911,1769,2025-09-24,直播,加购
11912,491,2025-09-16,直播,曝光
11913,379,2025-07-11,短视频,加购
11914,1930,2025-09-13,直播,曝光
11915,1427,2025-09-08,直播,曝光
11916,70,2025-08-04,短视频,曝光
11917,1697,2025-08-07,直播,曝光
11918,383,2025-08-13,短视频,点击
11919,1368,2025-09-21,短视频,曝光
11920,57,2025-07-16,图文,点击
11921,520,2025-08-16,图文,曝光
11922,1708,2025-09-26,直播,曝光
11923,52,2025-08-31,短视频,曝光
11924,944,2025-07-26,短视频,曝光
11925,797,2025-09-14,直播,分享
11926,457,2025-07-19,短视频,曝光
11927,238,2025-07-22,短视频,点击
11928,791,2025-09-29,直播,点击
11929,733,2025-09-09,图文,曝光
11930,213,2025-07-20,短视频,点击
11931,1429,2025-09-10,图文,曝光
11932,216,2025-07-17,短视频,曝光
11933,764,2025-07-28,短视频,曝光
11934,1894,2025-09-29,图文,曝光
11935,743,2025-08-03,短视频,曝光
11936,1393,2025-07-08,直播,曝光
11937,925,2025-09-30,短视频,曝光
11938,1278,2025-07-04,短视频,分享
11939,1565,2025-09-29,直播,曝光
11940,946,2025-08-11,短视频,曝光
11941,1309,2025-07-26,直播,曝光
11942,980,2025-07-28,直播,曝光
11943,627,2025-07-12,图文,曝光
11944,1545,2025-09-19,短视频,曝光
11945,781,2025-09-28,短视频,点击
11946,105,2025-09-06,直播,加购
11947,542,2025-07-21,图文,分享
11948,1335,2025-08-19,图文,曝光
11949,1325,2025-09-03,短视频,曝光
11950,1102,2025-07-01,短视频,曝光
11951,896,2025-08-28,短视频,曝光
11952,614,2025-07-25,直播,点击
11953,95,2025-09-06,短视频,曝光
11954,432,2025-09-20,图文,曝光
11955,1991,2025-08-02,直播,点击
11956,1724,2025-07-23,短视频,加购
11957,159,2025-08-07,直播,曝光
11958,1864,2025-07-03,图文,曝光
11959,1548,2025-07-24,短视频,曝光
11960,192,2025-07-22,短视频,曝光
11961,834,2025-07-03,直播,曝光
11962,340,2025-09-08,短视频,曝光
11963,1437,2025-08-12,短视频,曝光
11964,1335,2025-09-18,短视频,曝光
11965,437,2025-07-27,直播,曝光
11966,1549,2025-07-27,图文,加购
11967,584,2025-08-09,图文,曝光
11968,983,2025-07-22,短视频,曝光
11969,225,2025-09-08,短视频,曝光
11970,1854,2025-09-16,图文,曝光
11971,372,2025-09-01,直播,曝光
11972,1747,2025-07-19,短视频,曝光
11973,1693,2025-09-10,直播,曝光
11974,253,2025-08-03,直播,曝光
11975,224,2025-09-29,直播,曝光
11976,285,2025-08-05,短视频,曝光
11977,1680,2025-08-25,直播,分享
11978,172,2025-08-06,短视频,曝光
11979,1222,2025-09-19,图文,曝光
11980,1751,2025-07-07,图文,曝光
11981,588,2025-09-29,图文,曝光
11982,1116,2025-09-16,短视频,曝光
11983,161,2025-07-04,短视频,曝光
11984,1883,2025-07-20,直播,分享
11985,1206,2025-07-31,短视频,曝光
11986,1459,2025-08-03,短视频,曝光
11987,502,2025-08-23,直播,点击
11988,1465,2025-08-28,短视频,分享
11989,1254,2025-07-16,短视频,曝光
11990,251,2025-09-12,图文,曝光
11991,1140,2025-07-01,短视频,曝光
11992,220,2025-08-24,图文,加购
11993,1341,2025-09-07,直播,曝光
11994,1862,2025-08-03,直播,曝光
11995,1722,2025-08-08,短视频,曝光
11996,966,2025-07-01,短视频,曝光
11997,1771,2025-07-14,图文,曝光
11998,1988,2025-08-15,直播,曝光
11999,912,2025-07-12,短视频,曝光
12000,647,2025-08-21,短视频,点击
12001,376,2025-09-22,短视频,点击
12002,1243,2025-08-03,直播,曝光
12003,767,2025-09-04,短视频,曝光
12004,1146,2025-08-27,短视频,曝光
12005,1899,2025-09-06,图文,曝光
12006,137,2025-09-11,短视频,曝光
12007,586,2025-09-03,短视频,加购
12008,1038,2025-07-04,短视频,点击
12009,1445,2025-09-12,直播,曝光
12010,1849,2025-09-13,短视频,曝光
12011,1744,2025-08-06,图文,曝光
12012,908,2025-08-24,短视频,曝光
12013,1106,2025-09-14,短视频,点击
12014,946,2025-07-30,短视频,点击
12015,210,2025-07-16,直播,曝光
12016,1402,2025-09-02,直播,曝光
12017,1641,2025-07-30,短视频,点击
12018,1562,2025-09-03,短视频,曝光
12019,721,2025-08-07,短视频,曝光
12020,1656,2025-09-08,短视频,曝光
12021,438,2025-07-17,短视频,曝光
12022,904,2025-08-07,短视频,曝光
12023,501,2025-08-20,图文,点击
12024,889,2025-08-23,直播,曝光
12025,1851,2025-09-16,直播,曝光
12026,947,2025-08-13,直播,曝光
12027,1511,2025-09-30,短视频,点击
12028,1938,2025-08-03,图文,曝光
12029,307,2025-09-15,短视频,曝光
12030,1859,2025-07-12,图文,曝光
12031,228,2025-08-13,图文,分享
12032,1246,2025-09-23,短视频,点击
12033,903,2025-09-24,短视频,曝光
12034,569,2025-07-12,短视频,曝光
12035,1278,2025-07-31,直播,曝光
12036,1801,2025-08-29,短视频,曝光
12037,140,2025-07-05,图文,曝光
12038,342,2025-08-06,图文,曝光
12039,1017,2025-09-23,短视频,分享
12040,214,2025-09-14,短视频,曝光
12041,634,2025-08-14,图文,曝光
12042,830,2025-08-13,短视频,曝光
12043,865,2025-08-02,直播,点击
12044,1371,2025-07-18,直播,加购
12045,924,2025-09-02,直播,曝光
12046,106,2025-07-14,短视频,曝光
12047,1293,2025-09-07,短视频,点击
12048,626,2025-08-06,直播,点击
12049,19,2025-09-12,短视频,点击
12050,1569,2025-08-19,直播,曝光
12051,857,2025-09-27,短视频,曝光
12052,1319,2025-08-27,短视频,曝光
12053,1310,2025-09-23,短视频,曝光
12054,169,2025-09-17,直播,曝光
12055,1664,2025-09-06,直播,曝光
12056,404,2025-08-04,短视频,曝光
12057,1498,2025-07-06,短视频,加购
12058,1451,2025-09-10,直播,曝光
12059,246,2025-08-26,短视频,曝光
12060,234,2025-07-21,直播,分享
12061,1696,2025-07-06,图文,曝光
12062,20,2025-09-19,短视频,点击
12063,437,2025-08-20,直播,曝光
12064,1986,2025-07-09,短视频,分享
12065,222,2025-09-18,直播,点击
12066,1228,2025-09-12,图文,曝光
12067,735,2025-08-11,图文,曝光
12068,858,2025-07-25,短视频,曝光
12069,257,2025-07-20,图文,曝光
12070,1195,2025-08-30,短视频,分享
12071,668,2025-07-23,直播,点击
12072,1341,2025-08-20,直播,加购
12073,1581,2025-07-02,直播,曝光
12074,992,2025-08-23,短视频,点击
12075,40,2025-08-04,图文,曝光
12076,1317,2025-09-29,短视频,曝光
12077,995,2025-09-01,短视频,曝光
12078,1418,2025-08-25,短视频,点击
12079,1579,2025-08-10,短视频,分享
12080,359,2025-07-20,短视频,曝光
12081,222,2025-09-06,短视频,曝光
12082,848,2025-08-07,短视频,曝光
12083,1805,2025-07-15,图文,曝光
12084,610,2025-07-09,短视频,点击
12085,865,2025-08-22,图文,曝光
12086,1595,2025-07-31,直播,曝光
12087,1617,2025-07-05,短视频,曝光
12088,1540,2025-07-27,短视频,曝光
12089,1878,2025-09-30,图文,曝光
12090,1622,2025-08-29,直播,点击
12091,318,2025-07-12,短视频,点击
12092,875,2025-09-23,短视频,点击
12093,1557,2025-09-29,直播,曝光
12094,1151,2025-07-26,图文,加购
12095,292,2025-08-14,直播,曝光
12096,1412,2025-09-16,短视频,曝光
12097,346,2025-08-14,短视频,曝光
12098,645,2025-09-19,短视频,曝光
12099,1950,2025-08-20,直播,点击
12100,1956,2025-08-28,直播,加购
12101,46,2025-09-13,直播,曝光
12102,758,2025-09-03,直播,曝光
12103,636,2025-07-03,直播,曝光
12104,1075,2025-09-12,短视频,加购
12105,1663,2025-07-08,短视频,曝光
12106,1654,2025-08-04,短视频,曝光
12107,273,2025-07-02,短视频,曝光
12108,1495,2025-09-29,短视频,分享
12109,62,2025-08-27,短视频,曝光
12110,1004,2025-08-05,短视频,曝光
12111,1136,2025-09-16,短视频,点击
12112,817,2025-07-08,短视频,曝光
12113,1758,2025-07-22,短视频,曝光
12114,1275,2025-09-06,直播,曝光
12115,1952,2025-09-23,直播,曝光
12116,872,2025-07-31,直播,曝光
12117,811,2025-09-01,图文,点击
12118,1185,2025-07-03,短视频,曝光
12119,482,2025-07-22,短视频,曝光
12120,1600,2025-07-17,图文,加购
12121,607,2025-08-15,短视频,点击
12122,244,2025-08-03,短视频,点击
12123,943,2025-07-09,直播,曝光
12124,1395,2025-07-20,短视频,曝光
12125,1076,2025-07-09,图文,点击
12126,108,2025-07-13,图文,曝光
12127,33,2025-08-30,图文,点击
12128,1469,2025-07-15,短视频,加购
12129,1995,2025-07-06,短视频,点击
12130,419,2025-08-27,短视频,分享
12131,1929,2025-09-07,直播,曝光
12132,987,2025-07-12,短视频,加购
12133,281,2025-08-03,短视频,点击
12134,534,2025-09-11,短视频,点击
12135,1930,2025-07-14,图文,曝光
12136,644,2025-09-16,图文,曝光
12137,1677,2025-08-26,直播,点击
12138,1258,2025-09-05,直播,曝光
12139,1615,2025-09-15,图文,曝光
12140,863,2025-07-23,短视频,曝光
12141,231,2025-07-22,短视频,曝光
12142,976,2025-08-23,短视频,曝光
12143,1891,2025-09-11,短视频,分享
12144,1998,2025-07-06,直播,曝光
12145,820,2025-08-26,短视频,分享
12146,244,2025-09-25,直播,曝光
12147,430,2025-08-26,直播,曝光
12148,769,2025-07-01,短视频,曝光
12149,1959,2025-07-16,短视频,点击
12150,1061,2025-07-21,图文,曝光
12151,992,2025-08-04,直播,曝光
12152,1628,2025-07-08,直播,曝光
12153,356,2025-09-11,短视频,点击
12154,565,2025-09-30,直播,曝光
12155,1497,2025-08-04,短视频,曝光
12156,788,2025-07-04,短视频,曝光
12157,1189,2025-08-30,短视频,曝光
12158,1643,2025-07-01,短视频,曝光
12159,1483,2025-08-02,图文,曝光
12160,1061,2025-07-10,直播,加购
12161,135,2025-08-28,短视频,曝光
12162,1713,2025-09-20,直播,曝光
12163,173,2025-08-04,短视频,曝光
12164,129,2025-08-06,短视频,曝光
12165,431,2025-08-17,短视频,点击
12166,575,2025-09-25,短视频,曝光
12167,1587,2025-09-01,短视频,点击
12168,1116,2025-09-27,图文,点击
12169,1848,2025-07-29,直播,点击
12170,244,2025-09-05,图文,曝光
12171,1956,2025-09-25,短视频,曝光
12172,964,2025-07-16,短视频,曝光
12173,1197,2025-08-09,直播,曝光
12174,36,2025-09-28,直播,曝光
12175,1457,2025-08-17,直播,分享
12176,1010,2025-08-10,直播,点击
12177,1497,2025-08-26,短视频,曝光
12178,1841,2025-08-12,直播,曝光
12179,437,2025-08-15,图文,曝光
12180,1897,2025-08-28,直播,加购
12181,965,2025-07-17,图文,曝光
12182,639,2025-09-04,短视频,曝光
12183,1415,2025-09-13,短视频,曝光
12184,7,2025-09-27,图文,曝光
12185,1365,2025-09-08,直播,曝光
12186,1825,2025-09-28,直播,曝光
12187,418,2025-08-17,短视频,加购
12188,1135,2025-08-08,短视频,曝光
12189,1569,2025-09-03,短视频,曝光
12190,1162,2025-07-14,短视频,曝光
12191,1856,2025-08-09,图文,曝光
12192,1631,2025-09-23,短视频,点击
12193,551,2025-07-02,短视频,曝光
12194,787,2025-07-11,短视频,曝光
12195,1342,2025-08-30,短视频,曝光
12196,841,2025-08-20,直播,曝光
12197,785,2025-09-09,短视频,曝光
12198,1703,2025-07-16,图文,曝光
12199,224,2025-08-09,短视频,点击
12200,984,2025-08-02,图文,点击
12201,758,2025-09-26,短视频,点击
12202,1472,2025-08-18,图文,曝光
12203,1968,2025-07-12,直播,曝光
12204,1811,2025-09-03,图文,点击
12205,706,2025-08-26,图文,曝光
12206,788,2025-09-28,短视频,曝光
12207,246,2025-08-07,短视频,曝光
12208,1778,2025-09-23,短视频,分享
12209,606,2025-07-30,短视频,曝光
12210,655,2025-08-17,短视频,曝光
12211,756,2025-07-30,短视频,分享
12212,1860,2025-07-29,短视频,加购
12213,1985,2025-08-23,短视频,曝光
12214,611,2025-08-19,图文,曝光
12215,1295,2025-09-21,直播,曝光
12216,469,2025-08-03,图文,点击
12217,920,2025-08-25,短视频,曝光
12218,1442,2025-08-12,图文,曝光
12219,1007,2025-09-19,短视频,曝光
12220,1844,2025-09-23,短视频,加购
12221,1020,2025-07-28,短视频,分享
12222,1537,2025-08-17,短视频,曝光
12223,924,2025-08-03,短视频,曝光
12224,1481,2025-07-04,图文,曝光
12225,1646,2025-09-19,直播,曝光
12226,1947,2025-09-01,直播,曝光
12227,676,2025-09-25,短视频,曝光
12228,1115,2025-07-26,直播,点击
12229,1418,2025-07-31,短视频,曝光
12230,1776,2025-07-20,图文,点击
12231,203,2025-08-02,短视频,曝光
12232,75,2025-09-09,短视频,曝光
12233,169,2025-09-16,短视频,曝光
12234,265,2025-07-16,直播,点击
12235,551,2025-07-04,直播,点击
12236,543,2025-08-26,直播,曝光
12237,207,2025-07-14,短视频,曝光
12238,1893,2025-09-14,短视频,曝光
12239,1623,2025-07-10,短视频,分享
12240,394,2025-07-28,图文,曝光
12241,795,2025-07-31,短视频,曝光
12242,767,2025-08-13,短视频,曝光
12243,1695,2025-09-17,短视频,分享
12244,72,2025-08-23,短视频,曝光
12245,1715,2025-07-27,直播,点击
12246,157,2025-08-28,短视频,曝光
12247,1053,2025-08-17,短视频,曝光
12248,1166,2025-09-28,短视频,曝光
12249,420,2025-09-27,短视频,曝光
12250,196,2025-09-20,短视频,曝光
12251,857,2025-07-16,短视频,曝光
12252,1799,2025-07-20,直播,加购
12253,1131,2025-07-18,短视频,曝光
12254,1772,2025-08-20,短视频,曝光
12255,700,2025-09-13,短视频,曝光
12256,1245,2025-07-15,直播,加购
12257,1743,2025-09-28,短视频,点击
12258,793,2025-07-06,短视频,曝光
12259,1968,2025-08-17,短视频,加购
12260,1776,2025-08-03,直播,曝光
12261,1195,2025-09-23,短视频,分享
12262,976,2025-07-30,短视频,曝光
12263,336,2025-07-18,直播,曝光
12264,382,2025-08-22,图文,曝光
12265,1762,2025-07-05,直播,曝光
12266,692,2025-08-28,短视频,曝光
12267,1847,2025-07-14,图文,曝光
12268,727,2025-08-05,短视频,曝光
12269,511,2025-08-23,直播,曝光
12270,1160,2025-09-18,直播,加购
12271,607,2025-09-02,直播,点击
12272,803,2025-09-16,短视频,分享
12273,929,2025-09-13,短视频,点击
12274,1637,2025-09-05,短视频,曝光
12275,1675,2025-07-31,短视频,曝光
12276,1254,2025-08-02,直播,分享
12277,1884,2025-09-18,短视频,曝光
12278,505,2025-07-23,直播,曝光
12279,1309,2025-09-18,直播,点击
12280,805,2025-07-11,直播,点击
12281,843,2025-09-15,图文,曝光
12282,1447,2025-07-24,短视频,曝光
12283,668,2025-09-05,短视频,加购
12284,485,2025-09-27,直播,曝光
12285,957,2025-09-23,直播,加购
12286,184,2025-08-08,短视频,点击
12287,1128,2025-07-14,短视频,曝光
12288,1423,2025-08-08,直播,曝光
12289,308,2025-08-25,短视频,曝光
12290,814,2025-08-13,短视频,加购
12291,556,2025-09-09,短视频,曝光
12292,249,2025-08-29,短视频,曝光
12293,264,2025-07-03,短视频,曝光
12294,959,2025-09-23,直播,曝光
12295,1095,2025-07-25,直播,加购
12296,1121,2025-07-11,直播,曝光
12297,132,2025-07-23,图文,曝光
12298,52,2025-09-14,短视频,曝光
12299,241,2025-09-11,图文,曝光
12300,1583,2025-08-11,短视频,点击
12301,1289,2025-08-17,短视频,曝光
12302,984,2025-07-26,直播,点击
12303,63,2025-09-29,短视频,曝光
12304,52,2025-08-20,短视频,曝光
12305,786,2025-07-11,直播,曝光
12306,1724,2025-08-19,直播,加购
12307,222,2025-07-07,短视频,曝光
12308,1171,2025-07-13,短视频,加购
12309,1145,2025-07-20,直播,曝光
12310,1927,2025-07-09,直播,曝光
12311,596,2025-09-17,直播,曝光
12312,563,2025-08-27,图文,曝光
12313,1207,2025-08-16,图文,曝光
12314,826,2025-09-06,短视频,曝光
12315,344,2025-08-26,短视频,分享
12316,1326,2025-08-26,图文,曝光
12317,1921,2025-08-21,短视频,曝光
12318,1828,2025-08-02,短视频,曝光
12319,203,2025-07-01,短视频,曝光
12320,1583,2025-08-21,直播,曝光
12321,1401,2025-09-10,短视频,曝光
12322,1287,2025-09-22,短视频,曝光
12323,930,2025-07-22,短视频,曝光
12324,1592,2025-09-23,直播,加购
12325,1141,2025-07-05,短视频,加购
12326,190,2025-07-22,直播,曝光
12327,260,2025-09-16,直播,曝光
12328,1449,2025-07-09,短视频,加购
12329,812,2025-08-13,短视频,曝光
12330,1158,2025-08-30,直播,曝光
12331,1612,2025-07-04,直播,曝光
12332,549,2025-07-17,短视频,分享
12333,1786,2025-08-05,短视频,分享
12334,478,2025-09-12,短视频,分享
12335,896,2025-09-08,短视频,点击
12336,577,2025-07-26,图文,点击
12337,1399,2025-08-06,直播,曝光
12338,246,2025-07-14,短视频,曝光
12339,668,2025-08-11,短视频,曝光
12340,547,2025-09-14,图文,曝光
12341,1443,2025-07-09,短视频,曝光
12342,143,2025-07-20,短视频,加购
12343,1290,2025-07-28,短视频,分享
12344,1346,2025-07-01,图文,曝光
12345,1454,2025-09-22,图文,曝光
12346,1025,2025-09-14,图文,点击
12347,1294,2025-07-31,短视频,曝光
12348,256,2025-07-09,直播,曝光
12349,1107,2025-08-16,直播,点击
12350,1395,2025-08-08,短视频,曝光
12351,496,2025-07-14,图文,点击
12352,357,2025-08-06,图文,曝光
12353,599,2025-09-23,短视频,曝光
12354,990,2025-07-14,短视频,曝光
12355,96,2025-09-19,短视频,分享
12356,1841,2025-07-04,图文,点击
12357,1306,2025-08-11,图文,曝光
12358,1522,2025-07-08,直播,曝光
12359,1698,2025-09-02,短视频,曝光
12360,1169,2025-08-09,直播,点击
12361,1542,2025-08-26,短视频,点击
12362,1170,2025-09-27,直播,曝光
12363,1543,2025-09-19,直播,点击
12364,129,2025-09-05,短视频,曝光
12365,1649,2025-08-02,短视频,点击
12366,855,2025-09-04,短视频,点击
12367,955,2025-08-19,直播,点击
12368,615,2025-08-31,短视频,曝光
12369,802,2025-09-02,直播,曝光
12370,950,2025-09-09,短视频,曝光
12371,743,2025-09-06,直播,点击
12372,1903,2025-08-18,图文,曝光
12373,1024,2025-07-18,短视频,曝光
12374,1574,2025-09-29,直播,曝光
12375,1915,2025-07-07,图文,曝光
12376,1220,2025-08-25,短视频,加购
12377,675,2025-07-21,短视频,曝光
12378,1410,2025-08-28,短视频,曝光
12379,23,2025-08-11,直播,曝光
12380,1462,2025-07-02,直播,曝光
12381,18,2025-09-24,直播,曝光
12382,913,2025-09-08,直播,曝光
12383,554,2025-07-31,短视频,曝光
12384,1733,2025-08-02,短视频,曝光
12385,1290,2025-08-21,短视频,曝光
12386,1235,2025-09-10,图文,点击
12387,1310,2025-09-30,短视频,曝光
12388,1477,2025-09-16,短视频,曝光
12389,319,2025-07-07,直播,曝光
12390,23,2025-07-03,直播,分享
12391,1866,2025-07-17,直播,曝光
12392,1076,2025-08-05,直播,曝光
12393,1340,2025-07-05,图文,曝光
12394,729,2025-09-22,短视频,曝光
12395,1698,2025-08-30,图文,曝光
12396,111,2025-07-12,图文,点击
12397,881,2025-09-18,短视频,点击
12398,1293,2025-09-07,直播,曝光
12399,927,2025-07-29,图文,曝光
12400,1858,2025-07-30,短视频,曝光
12401,17,2025-09-03,短视频,点击
12402,1466,2025-08-16,短视频,点击
12403,1763,2025-09-27,直播,曝光
12404,160,2025-09-22,直播,曝光
12405,1283,2025-09-25,短视频,曝光
12406,114,2025-08-28,直播,点击
12407,1249,2025-09-10,直播,曝光
12408,691,2025-08-09,短视频,曝光
12409,1664,2025-09-08,短视频,分享
12410,478,2025-09-03,短视频,曝光
12411,748,2025-08-16,短视频,曝光
12412,56,2025-07-21,直播,曝光
12413,1472,2025-09-27,图文,分享
12414,81,2025-07-02,图文,点击
12415,1341,2025-07-11,短视频,曝光
12416,691,2025-08-26,直播,点击
12417,1881,2025-08-05,短视频,曝光
12418,268,2025-09-18,短视频,曝光
12419,1276,2025-07-05,短视频,点击
12420,390,2025-09-03,图文,曝光
12421,89,2025-07-22,短视频,曝光
12422,1740,2025-08-17,短视频,曝光
12423,1766,2025-08-10,短视频,曝光
12424,1988,2025-07-14,短视频,点击
12425,375,2025-08-08,短视频,曝光
12426,1610,2025-07-08,短视频,曝光
12427,981,2025-09-17,图文,加购
12428,466,2025-07-26,短视频,曝光
12429,788,2025-07-10,直播,曝光
12430,352,2025-09-27,图文,曝光
12431,1233,2025-08-26,直播,曝光
12432,1157,2025-08-12,直播,曝光
12433,344,2025-08-14,图文,曝光
12434,1568,2025-09-13,短视频,曝光
12435,1130,2025-08-07,图文,曝光
12436,1315,2025-07-02,短视频,点击
12437,270,2025-08-31,短视频,分享
12438,1608,2025-08-13,短视频,曝光
12439,730,2025-07-12,图文,点击
12440,974,2025-07-23,短视频,曝光
12441,313,2025-08-04,短视频,曝光
12442,1976,2025-09-26,短视频,曝光
12443,1035,2025-09-13,短视频,点击
12444,1574,2025-07-19,图文,曝光
12445,1223,2025-07-21,直播,点击
12446,102,2025-07-05,直播,加购
12447,1393,2025-07-20,短视频,曝光
12448,729,2025-07-15,图文,曝光
12449,1200,2025-08-18,短视频,曝光
12450,1120,2025-07-06,短视频,点击
12451,1570,2025-08-20,短视频,曝光
12452,449,2025-07-30,短视频,点击
12453,1940,2025-09-01,图文,加购
12454,807,2025-09-30,直播,曝光
12455,1439,2025-09-26,短视频,曝光
12456,1260,2025-09-24,直播,分享
12457,1131,2025-08-22,直播,曝光
12458,1105,2025-08-22,短视频,曝光
12459,1224,2025-08-23,短视频,曝光
12460,1723,2025-09-15,短视频,点击
12461,554,2025-07-25,图文,曝光
12462,526,2025-08-06,图文,曝光
12463,1977,2025-08-01,图文,曝光
12464,1843,2025-09-20,直播,曝光
12465,790,2025-07-20,短视频,曝光
12466,645,2025-07-20,直播,曝光
12467,1496,2025-08-03,图文,点击
12468,1841,2025-08-07,直播,曝光
12469,1897,2025-09-04,图文,点击
12470,497,2025-07-12,短视频,曝光
12471,428,2025-07-20,直播,曝光
12472,1016,2025-09-25,图文,曝光
12473,357,2025-08-28,直播,曝光
12474,1865,2025-08-01,短视频,曝光
12475,705,2025-09-28,短视频,点击
12476,555,2025-07-23,短视频,曝光
12477,1945,2025-08-28,图文,曝光
12478,1698,2025-07-21,直播,曝光
12479,1884,2025-09-02,图文,曝光
12480,1003,2025-08-13,短视频,曝光
12481,1586,2025-07-13,短视频,曝光
12482,840,2025-08-16,直播,分享
12483,141,2025-08-11,短视频,曝光
12484,1328,2025-08-31,直播,分享
12485,160,2025-09-21,短视频,曝光
12486,398,2025-09-13,短视频,曝光
12487,594,2025-07-31,短视频,曝光
12488,1318,2025-09-03,图文,曝光
12489,1556,2025-08-20,直播,曝光
12490,354,2025-08-15,直播,曝光
12491,1470,2025-07-20,直播,曝光
12492,1422,2025-08-19,图文,曝光
12493,1195,2025-07-31,直播,点击
12494,1222,2025-09-28,短视频,曝光
12495,803,2025-08-12,短视频,加购
12496,280,2025-08-11,直播,曝光
12497,268,2025-07-08,短视频,加购
12498,202,2025-07-30,短视频,曝光
12499,959,2025-09-29,图文,曝光
12500,1215,2025-08-29,直播,点击
12501,288,2025-09-06,直播,加购
12502,243,2025-08-31,直播,加购
12503,1390,2025-08-13,短视频,分享
12504,1251,2025-09-25,图文,曝光
12505,1865,2025-07-29,短视频,曝光
12506,1999,2025-08-02,直播,加购
12507,1976,2025-09-05,短视频,分享
12508,246,2025-08-16,图文,曝光
12509,731,2025-08-05,短视频,曝光
12510,948,2025-08-27,短视频,曝光
12511,1478,2025-09-14,图文,点击
12512,1849,2025-09-04,短视频,点击
12513,1665,2025-08-09,直播,曝光
12514,1875,2025-07-04,短视频,曝光
12515,38,2025-09-13,短视频,曝光
12516,60,2025-09-21,短视频,点击
12517,823,2025-09-07,短视频,分享
12518,1617,2025-07-17,图文,曝光
12519,654,2025-09-18,图文,曝光
12520,478,2025-07-21,短视频,曝光
12521,477,2025-09-19,直播,曝光
12522,1494,2025-09-02,图文,曝光
12523,1575,2025-08-16,短视频,曝光
12524,711,2025-07-19,图文,点击
12525,115,2025-08-09,短视频,点击
12526,450,2025-07-13,短视频,曝光
12527,579,2025-09-04,图文,曝光
12528,942,2025-09-26,短视频,曝光
12529,768,2025-09-15,短视频,曝光
12530,352,2025-08-29,短视频,曝光
12531,1975,2025-09-28,短视频,分享
12532,849,2025-09-26,直播,曝光
12533,444,2025-09-30,直播,点击
12534,790,2025-07-06,短视频,点击
12535,1490,2025-09-28,图文,曝光
12536,1926,2025-07-04,图文,加购
12537,891,2025-08-06,图文,分享
12538,1085,2025-07-26,直播,曝光
12539,603,2025-09-17,直播,曝光
12540,1395,2025-07-04,图文,加购
12541,1374,2025-09-27,短视频,曝光
12542,350,2025-08-10,直播,分享
12543,1098,2025-07-08,直播,曝光
12544,1995,2025-09-27,直播,曝光
12545,469,2025-07-05,短视频,曝光
12546,996,2025-08-02,短视频,曝光
12547,1344,2025-07-25,图文,曝光
12548,151,2025-09-06,短视频,点击
12549,1043,2025-07-22,图文,曝光
12550,1219,2025-08-29,直播,曝光
12551,1089,2025-07-09,短视频,点击
12552,637,2025-07-03,直播,曝光
12553,1611,2025-07-07,图文,曝光
12554,588,2025-07-22,短视频,点击
12555,1021,2025-08-15,直播,点击
12556,635,2025-08-27,图文,曝光
12557,1705,2025-08-26,短视频,曝光
12558,901,2025-07-09,图文,曝光
12559,772,2025-08-03,短视频,曝光
12560,575,2025-08-12,直播,曝光
12561,1073,2025-08-06,短视频,分享
12562,1558,2025-09-01,直播,曝光
12563,1247,2025-08-15,短视频,曝光
12564,358,2025-08-01,图文,曝光
12565,40,2025-07-21,图文,曝光
12566,284,2025-07-29,图文,曝光
12567,1783,2025-09-15,图文,曝光
12568,209,2025-09-05,直播,曝光
12569,356,2025-08-09,短视频,点击
12570,821,2025-08-08,图文,曝光
12571,373,2025-07-28,短视频,曝光
12572,226,2025-08-18,图文,曝光
12573,375,2025-09-19,直播,曝光
12574,51,2025-07-19,直播,曝光
12575,1031,2025-08-23,直播,点击
12576,589,2025-09-11,短视频,曝光
12577,578,2025-07-07,直播,点击
12578,1961,2025-08-25,短视频,加购
12579,1834,2025-08-23,图文,曝光
12580,22,2025-09-28,短视频,曝光
12581,1815,2025-08-05,图文,曝光
12582,128,2025-09-08,直播,曝光
12583,1175,2025-07-08,直播,曝光
12584,1167,2025-08-25,直播,曝光
12585,1238,2025-07-24,短视频,点击
12586,996,2025-08-26,直播,加购
12587,1334,2025-08-25,短视频,曝光
12588,209,2025-07-31,直播,加购
12589,900,2025-09-16,短视频,曝光
12590,1790,2025-08-10,图文,曝光
12591,1123,2025-07-24,直播,曝光
12592,1349,2025-08-31,直播,加购
12593,134,2025-08-18,短视频,曝光
12594,990,2025-08-17,直播,曝光
12595,199,2025-07-13,直播,曝光
12596,1088,2025-09-26,短视频,点击
12597,686,2025-08-03,短视频,点击
12598,1593,2025-08-20,短视频,曝光
12599,1572,2025-07-14,短视频,点击
12600,197,2025-07-02,短视频,曝光
12601,746,2025-09-05,直播,曝光
12602,1867,2025-07-12,直播,曝光
12603,30,2025-09-02,短视频,点击
12604,226,2025-07-05,图文,加购
12605,1869,2025-07-30,短视频,点击
12606,918,2025-09-22,直播,曝光
12607,1238,2025-08-20,图文,曝光
12608,496,2025-07-29,直播,点击
12609,833,2025-07-11,短视频,曝光
12610,1331,2025-09-15,图文,曝光
12611,621,2025-08-22,直播,曝光
12612,1680,2025-08-10,短视频,曝光
12613,1852,2025-09-10,直播,点击
12614,1234,2025-09-23,短视频,曝光
12615,526,2025-08-31,短视频,点击
12616,448,2025-08-14,短视频,曝光
12617,47,2025-08-27,短视频,曝光
12618,1559,2025-09-18,短视频,曝光
12619,1795,2025-07-27,短视频,曝光
12620,1886,2025-08-31,直播,曝光
12621,1955,2025-08-18,短视频,点击
12622,322,2025-07-25,直播,曝光
12623,1397,2025-07-22,直播,加购
12624,508,2025-08-23,图文,曝光
12625,349,2025-07-17,短视频,曝光
12626,1060,2025-07-25,直播,曝光
12627,1353,2025-08-04,直播,曝光
12628,1480,2025-07-19,直播,曝光
12629,984,2025-07-30,直播,曝光
12630,254,2025-07-30,直播,曝光
12631,137,2025-07-05,直播,曝光
12632,102,2025-07-28,直播,曝光
12633,1534,2025-08-30,短视频,曝光
12634,1134,2025-08-15,直播,曝光
12635,685,2025-08-04,直播,分享
12636,1595,2025-08-28,图文,曝光
12637,713,2025-07-19,短视频,曝光
12638,596,2025-09-28,短视频,曝光
12639,1615,2025-07-07,直播,点击
12640,1166,2025-08-13,图文,曝光
12641,1355,2025-09-11,图文,曝光
12642,1607,2025-09-09,直播,曝光
12643,626,2025-08-12,直播,分享
12644,58,2025-08-15,短视频,曝光
12645,1328,2025-09-20,短视频,点击
12646,673,2025-08-09,短视频,点击
12647,1941,2025-07-04,图文,曝光
12648,607,2025-08-07,短视频,曝光
12649,1595,2025-07-04,直播,曝光
12650,1447,2025-09-19,图文,曝光
12651,1416,2025-07-21,短视频,曝光
12652,1333,2025-07-14,短视频,曝光
12653,150,2025-08-27,直播,曝光
12654,1654,2025-07-27,短视频,曝光
12655,538,2025-09-06,直播,曝光
12656,1098,2025-09-05,短视频,点击
12657,514,2025-08-17,直播,曝光
12658,456,2025-07-28,图文,曝光
12659,761,2025-07-26,短视频,加购
12660,867,2025-07-01,直播,分享
12661,1818,2025-09-20,图文,点击
12662,793,2025-07-20,短视频,分享
12663,1894,2025-08-13,短视频,曝光
12664,1336,2025-07-03,直播,点击
12665,1274,2025-08-16,直播,曝光
12666,1908,2025-07-27,短视频,曝光
12667,1986,2025-08-16,直播,曝光
12668,916,2025-07-31,直播,点击
12669,794,2025-09-09,短视频,曝光
12670,1278,2025-09-26,短视频,曝光
12671,409,2025-08-29,直播,曝光
12672,356,2025-09-13,短视频,分享
12673,627,2025-08-12,短视频,点击
12674,1149,2025-07-12,短视频,曝光
12675,1997,2025-08-03,短视频,曝光
12676,1457,2025-07-12,短视频,曝光
12677,616,2025-07-05,直播,点击
12678,1528,2025-09-30,图文,分享
12679,1032,2025-08-14,直播,曝光
12680,1948,2025-08-31,短视频,曝光
12681,1228,2025-08-09,直播,点击
12682,1976,2025-08-27,直播,曝光
12683,1556,2025-07-28,短视频,点击
12684,1031,2025-08-24,短视频,点击
12685,1567,2025-08-18,短视频,点击
12686,1722,2025-07-14,短视频,曝光
12687,417,2025-08-19,图文,加购
12688,1475,2025-07-25,短视频,曝光
12689,1983,2025-08-21,直播,点击
12690,1050,2025-08-09,短视频,曝光
12691,907,2025-07-30,短视频,曝光
12692,61,2025-08-11,直播,曝光
12693,1479,2025-07-07,直播,曝光
12694,1955,2025-09-28,短视频,曝光
12695,1232,2025-08-23,直播,曝光
12696,1931,2025-07-05,直播,点击
12697,272,2025-07-13,短视频,曝光
12698,1037,2025-07-02,直播,加购
12699,1552,2025-07-24,直播,曝光
12700,689,2025-09-23,直播,曝光
12701,1674,2025-09-05,短视频,曝光
12702,224,2025-09-19,短视频,点击
12703,1724,2025-08-14,直播,曝光
12704,111,2025-07-27,短视频,曝光
12705,184,2025-08-04,直播,曝光
12706,1607,2025-07-30,短视频,曝光
12707,1938,2025-09-19,直播,曝光
12708,819,2025-08-24,短视频,分享
12709,441,2025-09-15,短视频,分享
12710,1126,2025-07-19,图文,点击
12711,570,2025-09-21,短视频,点击
12712,603,2025-09-19,图文,曝光
12713,4,2025-08-24,直播,曝光
12714,1228,2025-07-25,图文,曝光
12715,317,2025-08-24,图文,曝光
12716,1518,2025-07-06,图文,曝光
12717,417,2025-07-18,短视频,曝光
12718,1786,2025-08-19,图文,加购
12719,1370,2025-09-28,短视频,曝光
12720,993,2025-09-06,图文,曝光
12721,845,2025-07-22,短视频,加购
12722,601,2025-09-26,短视频,加购
12723,140,2025-08-14,图文,曝光
12724,154,2025-08-27,直播,点击
12725,1137,2025-09-13,直播,曝光
12726,1709,2025-07-10,图文,曝光
12727,1387,2025-07-19,图文,曝光
12728,1708,2025-08-30,直播,曝光
12729,1479,2025-08-09,直播,曝光
12730,707,2025-07-09,短视频,曝光
12731,1869,2025-07-13,直播,曝光
12732,415,2025-07-18,直播,曝光
12733,548,2025-08-15,直播,曝光
12734,1347,2025-07-28,直播,分享
12735,75,2025-09-22,直播,曝光
12736,1514,2025-07-06,短视频,点击
12737,606,2025-08-09,短视频,点击
12738,1444,2025-08-03,短视频,曝光
12739,1480,2025-07-12,直播,加购
12740,143,2025-09-09,短视频,曝光
12741,657,2025-09-09,直播,加购
12742,1969,2025-07-05,直播,曝光
12743,1862,2025-08-19,图文,曝光
12744,1090,2025-08-15,直播,曝光
12745,853,2025-07-05,图文,曝光
12746,1217,2025-07-21,直播,加购
12747,1461,2025-08-03,直播,加购
12748,91,2025-08-22,短视频,曝光
12749,635,2025-08-12,短视频,曝光
12750,24,2025-08-15,短视频,曝光
12751,1013,2025-09-05,直播,曝光
12752,253,2025-07-16,短视频,曝光
12753,1795,2025-07-07,短视频,曝光
12754,782,2025-09-17,图文,加购
12755,1769,2025-07-22,短视频,曝光
12756,1890,2025-08-16,图文,点击
12757,545,2025-07-06,图文,曝光
12758,1457,2025-09-29,短视频,曝光
12759,97,2025-09-04,短视频,曝光
12760,1999,2025-09-29,直播,点击
12761,1512,2025-09-26,短视频,加购
12762,1360,2025-07-24,短视频,曝光
12763,1161,2025-08-07,直播,曝光
12764,200,2025-09-20,直播,曝光
12765,524,2025-08-18,短视频,曝光
12766,1389,2025-09-05,短视频,曝光
12767,427,2025-08-12,短视频,曝光
12768,1283,2025-08-09,图文,曝光
12769,1663,2025-08-07,图文,加购
12770,1773,2025-09-13,图文,曝光
12771,132,2025-08-15,短视频,点击
12772,1089,2025-08-08,短视频,曝光
12773,262,2025-08-16,图文,加购
12774,492,2025-08-15,图文,曝光
12775,1761,2025-07-20,短视频,加购
12776,1466,2025-08-04,短视频,曝光
12777,1351,2025-08-27,直播,点击
12778,1507,2025-09-16,直播,曝光
12779,238,2025-08-07,直播,曝光
12780,1029,2025-09-22,图文,曝光
12781,460,2025-09-29,短视频,曝光
12782,190,2025-07-14,图文,曝光
12783,1830,2025-07-20,短视频,曝光
12784,828,2025-08-24,直播,点击
12785,406,2025-07-26,直播,曝光
12786,1680,2025-07-11,直播,曝光
12787,1413,2025-09-11,短视频,分享
12788,608,2025-09-20,短视频,曝光
12789,1636,2025-07-22,图文,曝光
12790,1464,2025-07-21,短视频,分享
12791,535,2025-09-14,短视频,曝光
12792,508,2025-07-04,短视频,曝光
12793,344,2025-07-02,直播,曝光
12794,658,2025-09-07,直播,曝光
12795,575,2025-07-18,直播,曝光
12796,675,2025-08-31,短视频,曝光
12797,401,2025-08-07,图文,曝光
12798,272,2025-08-07,短视频,曝光
12799,1421,2025-09-26,图文,曝光
12800,703,2025-08-26,短视频,曝光
12801,203,2025-07-24,直播,曝光
12802,1448,2025-09-09,直播,曝光
12803,459,2025-07-14,直播,曝光
12804,803,2025-07-16,图文,分享
12805,1684,2025-08-06,直播,曝光
12806,600,2025-07-29,直播,曝光
12807,368,2025-09-29,短视频,曝光
12808,1402,2025-08-14,直播,曝光
12809,160,2025-08-07,直播,曝光
12810,1031,2025-08-28,图文,曝光
12811,1638,2025-08-11,直播,点击
12812,872,2025-08-26,短视频,曝光
12813,316,2025-08-08,短视频,点击
12814,1593,2025-08-15,短视频,曝光
12815,1457,2025-09-23,直播,分享
12816,764,2025-08-30,直播,曝光
12817,303,2025-07-09,直播,分享
12818,1089,2025-07-02,直播,曝光
12819,1558,2025-08-11,短视频,曝光
12820,64,2025-07-30,直播,加购
12821,977,2025-08-19,图文,曝光
12822,679,2025-08-22,直播,曝光
12823,723,2025-09-18,短视频,曝光
12824,474,2025-07-29,短视频,分享
12825,1302,2025-09-01,短视频,曝光
12826,1772,2025-09-25,短视频,曝光
12827,189,2025-07-19,直播,曝光
12828,43,2025-09-27,短视频,加购
12829,787,2025-09-26,短视频,曝光
12830,1401,2025-08-04,直播,曝光
12831,155,2025-09-11,短视频,曝光
12832,1513,2025-07-22,图文,曝光
12833,1447,2025-07-04,直播,曝光
12834,666,2025-07-21,直播,点击
12835,662,2025-07-11,直播,曝光
12836,515,2025-08-10,直播,点击
12837,1421,2025-07-24,直播,曝光
12838,330,2025-09-27,图文,加购
12839,668,2025-08-16,短视频,分享
12840,555,2025-07-22,短视频,曝光
12841,749,2025-07-27,直播,加购
12842,1828,2025-07-31,短视频,曝光
12843,50,2025-07-10,短视频,曝光
12844,87,2025-08-21,短视频,分享
12845,820,2025-07-03,短视频,曝光
12846,914,2025-08-22,短视频,加购
12847,1990,2025-09-05,图文,曝光
12848,529,2025-08-30,直播,点击
12849,1120,2025-07-01,短视频,点击
12850,1392,2025-09-05,直播,曝光
12851,1396,2025-08-15,短视频,曝光
12852,668,2025-09-11,短视频,曝光
12853,1702,2025-08-08,短视频,曝光
12854,692,2025-08-15,短视频,曝光
12855,866,2025-08-10,图文,曝光
12856,117,2025-07-07,短视频,曝光
12857,1993,2025-08-11,短视频,曝光
12858,1821,2025-09-01,直播,曝光
12859,492,2025-09-14,直播,加购
12860,1044,2025-08-24,图文,点击
12861,1674,2025-08-04,直播,曝光
12862,138,2025-07-20,图文,曝光
12863,1349,2025-09-12,直播,曝光
12864,1504,2025-09-17,直播,曝光
12865,1285,2025-07-26,短视频,加购
12866,1561,2025-09-07,短视频,点击
12867,449,2025-09-16,短视频,加购
12868,923,2025-08-08,直播,曝光
12869,1269,2025-08-22,短视频,曝光
12870,1959,2025-09-28,短视频,曝光
12871,118,2025-08-27,短视频,点击
12872,453,2025-09-01,短视频,曝光
12873,653,2025-09-22,直播,曝光
12874,1689,2025-09-24,短视频,曝光
12875,1529,2025-09-11,短视频,曝光
12876,1693,2025-09-06,短视频,点击
12877,1291,2025-07-20,短视频,曝光
12878,1043,2025-09-04,直播,曝光
12879,801,2025-08-03,短视频,点击
12880,1081,2025-07-21,直播,曝光
12881,204,2025-09-30,短视频,曝光
12882,225,2025-08-08,直播,分享
12883,142,2025-08-28,短视频,曝光
12884,267,2025-08-28,直播,加购
12885,660,2025-08-26,短视频,曝光
12886,846,2025-09-15,直播,曝光
12887,1979,2025-09-14,图文,点击
12888,1837,2025-09-22,直播,曝光
12889,1542,2025-09-20,短视频,曝光
12890,430,2025-07-08,短视频,点击
12891,1057,2025-08-06,短视频,曝光
12892,951,2025-09-04,短视频,分享
12893,1252,2025-09-16,直播,加购
12894,129,2025-07-25,直播,曝光
12895,124,2025-09-15,直播,点击
12896,599,2025-09-04,短视频,曝光
12897,162,2025-08-17,短视频,曝光
12898,745,2025-07-30,短视频,曝光
12899,778,2025-08-23,短视频,加购
12900,1926,2025-08-22,短视频,曝光
12901,1351,2025-07-27,图文,曝光
12902,387,2025-08-18,短视频,曝光
12903,1177,2025-08-21,短视频,曝光
12904,202,2025-09-19,图文,曝光
12905,1947,2025-07-17,图文,曝光
12906,108,2025-08-30,短视频,曝光
12907,451,2025-07-08,直播,曝光
12908,1045,2025-07-23,图文,曝光
12909,1373,2025-09-15,短视频,曝光
12910,1039,2025-08-27,直播,曝光
12911,1877,2025-07-22,图文,曝光
12912,392,2025-08-28,图文,点击
12913,1999,2025-09-27,图文,加购
12914,496,2025-08-03,直播,曝光
12915,1463,2025-09-07,直播,点击
12916,638,2025-07-25,短视频,分享
12917,1367,2025-08-04,图文,分享
12918,19,2025-09-22,直播,曝光
12919,1440,2025-07-12,短视频,曝光
12920,1635,2025-07-15,图文,曝光
12921,681,2025-07-05,短视频,曝光
12922,1546,2025-07-14,图文,加购
12923,1066,2025-09-10,直播,点击
12924,641,2025-08-24,短视频,点击
12925,1166,2025-07-12,短视频,曝光
12926,1149,2025-07-29,直播,点击
12927,685,2025-09-13,直播,点击
12928,657,2025-08-16,短视频,点击
12929,893,2025-09-03,短视频,曝光
12930,54,2025-07-25,短视频,点击
12931,1151,2025-09-24,图文,曝光
12932,1180,2025-08-03,短视频,曝光
12933,1078,2025-09-26,短视频,分享
12934,1444,2025-08-07,短视频,点击
12935,988,2025-09-07,短视频,曝光
12936,668,2025-08-21,图文,曝光
12937,1609,2025-08-26,直播,曝光
12938,483,2025-07-08,直播,点击
12939,19,2025-09-11,图文,曝光
12940,529,2025-08-09,图文,曝光
12941,1433,2025-07-24,图文,曝光
12942,699,2025-09-02,图文,曝光
12943,336,2025-09-08,直播,曝光
12944,936,2025-09-04,图文,曝光
12945,383,2025-09-24,直播,点击
12946,1510,2025-07-25,图文,曝光
12947,207,2025-07-18,图文,曝光
12948,399,2025-08-19,直播,曝光
12949,1565,2025-08-01,短视频,曝光
12950,1413,2025-08-05,图文,分享
12951,491,2025-08-29,直播,曝光
12952,1930,2025-07-04,图文,曝光
12953,129,2025-08-09,短视频,点击
12954,361,2025-08-09,直播,点击
12955,456,2025-07-03,图文,曝光
12956,1016,2025-08-31,短视频,曝光
12957,1022,2025-09-15,短视频,点击
12958,723,2025-09-25,图文,曝光
12959,469,2025-09-25,短视频,曝光
12960,1201,2025-07-11,直播,点击
12961,805,2025-07-23,直播,点击
12962,1762,2025-08-09,短视频,曝光
12963,152,2025-08-23,短视频,曝光
12964,1773,2025-09-25,图文,曝光
12965,1638,2025-07-25,直播,点击
12966,887,2025-08-13,图文,分享
12967,1399,2025-09-01,图文,曝光
12968,1515,2025-09-21,短视频,加购
12969,1770,2025-09-03,图文,曝光
12970,1023,2025-09-01,短视频,曝光
12971,163,2025-09-29,图文,曝光
12972,1545,2025-09-18,直播,点击
12973,309,2025-09-18,短视频,曝光
12974,1769,2025-09-08,直播,加购
12975,1641,2025-07-31,图文,曝光
12976,1424,2025-07-07,图文,加购
12977,697,2025-09-11,短视频,点击
12978,122,2025-09-09,直播,分享
12979,861,2025-08-27,短视频,点击
12980,491,2025-07-12,短视频,曝光
12981,1946,2025-09-27,短视频,点击
12982,1572,2025-09-07,直播,曝光
12983,375,2025-08-30,短视频,加购
12984,40,2025-08-08,直播,点击
12985,1841,2025-07-05,图文,曝光
12986,1036,2025-09-01,直播,加购
12987,1451,2025-08-04,短视频,曝光
12988,1221,2025-07-06,图文,曝光
12989,625,2025-07-06,直播,曝光
12990,1640,2025-07-11,直播,曝光
12991,440,2025-07-25,图文,加购
12992,1614,2025-07-10,短视频,点击
12993,1938,2025-07-12,短视频,曝光
12994,147,2025-08-04,短视频,曝光
12995,1567,2025-07-03,短视频,曝光
12996,1360,2025-07-16,短视频,加购
12997,1534,2025-08-05,直播,曝光
12998,1581,2025-07-01,短视频,曝光
12999,1872,2025-07-20,直播,分享
13000,211,2025-09-19,短视频,曝光
13001,602,2025-08-06,短视频,点击
13002,971,2025-09-08,短视频,曝光
13003,1775,2025-08-11,短视频,曝光
13004,1299,2025-08-22,图文,曝光
13005,1214,2025-07-12,短视频,曝光
13006,685,2025-09-05,短视频,点击
13007,248,2025-07-25,短视频,分享
13008,742,2025-07-28,图文,曝光
13009,955,2025-07-24,直播,曝光
13010,206,2025-09-03,短视频,点击
13011,322,2025-08-30,短视频,曝光
13012,1549,2025-08-17,图文,曝光
13013,491,2025-07-31,短视频,曝光
13014,475,2025-07-09,短视频,曝光
13015,206,2025-09-15,短视频,点击
13016,870,2025-08-31,图文,曝光
13017,89,2025-08-22,短视频,曝光
13018,1033,2025-09-30,直播,曝光
13019,145,2025-07-08,直播,点击
13020,175,2025-07-24,短视频,曝光
13021,1952,2025-09-21,短视频,曝光
13022,863,2025-07-01,图文,曝光
13023,586,2025-07-30,图文,曝光
13024,305,2025-09-08,图文,曝光
13025,899,2025-08-22,直播,曝光
13026,466,2025-07-26,短视频,曝光
13027,447,2025-08-01,直播,点击
13028,713,2025-08-07,直播,分享
13029,267,2025-07-24,直播,曝光
13030,980,2025-07-01,短视频,曝光
13031,818,2025-08-26,直播,曝光
13032,869,2025-07-06,短视频,曝光
13033,1564,2025-09-04,短视频,曝光
13034,144,2025-09-04,短视频,点击
13035,538,2025-09-26,直播,点击
13036,701,2025-09-27,直播,加购
13037,768,2025-09-25,短视频,曝光
13038,79,2025-08-24,图文,点击
13039,508,2025-07-09,短视频,曝光
13040,502,2025-09-16,图文,点击
13041,1828,2025-09-22,短视频,曝光
13042,171,2025-07-19,短视频,曝光
13043,997,2025-08-03,短视频,曝光
13044,335,2025-07-07,短视频,曝光
13045,1951,2025-07-30,短视频,加购
13046,1005,2025-08-01,短视频,分享
13047,651,2025-09-18,短视频,点击
13048,1855,2025-07-20,短视频,点击
13049,1290,2025-07-14,短视频,加购
13050,390,2025-08-26,短视频,加购
13051,1425,2025-09-04,短视频,点击
13052,1462,2025-09-26,短视频,曝光
13053,1017,2025-09-11,直播,加购
13054,88,2025-07-22,短视频,曝光
13055,1479,2025-09-02,短视频,曝光
13056,672,2025-09-21,短视频,曝光
13057,211,2025-09-15,短视频,曝光
13058,803,2025-08-19,短视频,点击
13059,989,2025-07-28,短视频,曝光
13060,217,2025-07-10,短视频,曝光
13061,436,2025-08-01,短视频,曝光
13062,1274,2025-08-19,直播,曝光
13063,1342,2025-09-28,短视频,曝光
13064,292,2025-08-12,图文,曝光
13065,487,2025-09-04,图文,曝光
13066,1602,2025-09-07,短视频,曝光
13067,179,2025-08-12,图文,曝光
13068,1184,2025-09-07,直播,曝光
13069,835,2025-09-18,直播,加购
13070,1483,2025-08-28,直播,曝光
13071,72,2025-09-04,短视频,曝光
13072,329,2025-08-31,短视频,曝光
13073,1643,2025-09-30,直播,点击
13074,635,2025-08-25,图文,曝光
13075,755,2025-07-12,短视频,加购
13076,1411,2025-07-22,短视频,曝光
13077,940,2025-07-26,直播,曝光
13078,907,2025-09-24,直播,点击
13079,117,2025-07-01,直播,曝光
13080,1265,2025-07-20,短视频,曝光
13081,278,2025-09-03,短视频,曝光
13082,827,2025-08-24,直播,曝光
13083,701,2025-07-02,短视频,曝光
13084,1345,2025-09-10,短视频,曝光
13085,1354,2025-07-04,直播,曝光
13086,1284,2025-07-08,短视频,曝光
13087,1233,2025-09-14,图文,曝光
13088,600,2025-08-11,短视频,曝光
13089,696,2025-08-20,短视频,曝光
13090,1764,2025-07-03,短视频,曝光
13091,1421,2025-07-15,短视频,曝光
13092,1465,2025-07-21,短视频,曝光
13093,1740,2025-08-02,短视频,曝光
13094,137,2025-08-28,短视频,曝光
13095,4,2025-08-05,直播,曝光
13096,76,2025-09-23,直播,曝光
13097,1000,2025-07-20,短视频,曝光
13098,1433,2025-07-28,短视频,曝光
13099,1901,2025-07-09,直播,曝光
13100,1265,2025-09-15,直播,曝光
13101,1468,2025-08-25,直播,曝光
13102,1849,2025-08-18,直播,点击
13103,341,2025-09-14,短视频,曝光
13104,1351,2025-09-08,直播,曝光
13105,1332,2025-08-07,直播,曝光
13106,417,2025-09-13,短视频,曝光
13107,936,2025-07-25,短视频,加购
13108,85,2025-08-28,短视频,点击
13109,962,2025-08-10,短视频,曝光
13110,1065,2025-08-08,短视频,曝光
13111,755,2025-08-28,图文,分享
13112,993,2025-08-23,短视频,点击
13113,1268,2025-09-25,短视频,曝光
13114,1875,2025-09-02,图文,曝光
13115,790,2025-08-07,图文,曝光
13116,1417,2025-09-18,短视频,曝光
13117,877,2025-09-28,直播,加购
13118,1801,2025-08-20,直播,曝光
13119,1126,2025-07-24,短视频,分享
13120,1514,2025-09-19,直播,曝光
13121,581,2025-08-29,图文,曝光
13122,1322,2025-08-05,短视频,曝光
13123,507,2025-08-08,短视频,加购
13124,1127,2025-09-08,直播,加购
13125,387,2025-08-29,图文,曝光
13126,1161,2025-08-26,图文,曝光
13127,359,2025-09-12,直播,曝光
13128,1015,2025-07-08,直播,点击
13129,968,2025-08-02,直播,曝光
13130,1678,2025-08-16,短视频,曝光
13131,209,2025-07-25,图文,曝光
13132,470,2025-09-09,短视频,曝光
13133,1421,2025-07-25,短视频,点击
13134,1831,2025-08-31,短视频,点击
13135,1615,2025-08-10,直播,曝光
13136,1119,2025-08-21,短视频,点击
13137,535,2025-07-01,短视频,曝光
13138,875,2025-09-11,短视频,曝光
13139,1713,2025-07-24,图文,点击
13140,423,2025-09-22,图文,加购
13141,1971,2025-09-27,短视频,曝光
13142,553,2025-07-14,图文,点击
13143,967,2025-07-05,短视频,曝光
13144,1169,2025-07-24,直播,曝光
13145,591,2025-07-29,短视频,曝光
13146,304,2025-09-29,图文,分享
13147,621,2025-07-08,短视频,曝光
13148,7,2025-07-23,直播,曝光
13149,1275,2025-07-18,直播,曝光
13150,519,2025-09-15,直播,曝光
13151,887,2025-09-02,短视频,曝光
13152,609,2025-08-18,直播,分享
13153,402,2025-09-15,直播,曝光
13154,1883,2025-08-05,短视频,曝光
13155,684,2025-07-24,短视频,曝光
13156,1164,2025-09-05,直播,曝光
13157,680,2025-09-21,短视频,曝光
13158,812,2025-09-08,直播,点击
13159,498,2025-07-02,图文,曝光
13160,1967,2025-07-26,短视频,点击
13161,1206,2025-09-30,图文,曝光
13162,735,2025-07-02,直播,曝光
13163,1109,2025-08-13,直播,曝光
13164,1917,2025-09-10,短视频,曝光
13165,1242,2025-09-18,图文,曝光
13166,1883,2025-09-02,直播,曝光
13167,1328,2025-09-20,直播,曝光
13168,1380,2025-07-12,图文,曝光
13169,748,2025-07-27,短视频,点击
13170,1051,2025-07-04,短视频,点击
13171,1209,2025-09-12,短视频,曝光
13172,1644,2025-08-30,图文,点击
13173,1484,2025-09-22,图文,曝光
13174,648,2025-08-25,短视频,曝光
13175,860,2025-08-26,直播,点击
13176,736,2025-09-09,图文,曝光
13177,1971,2025-08-09,短视频,曝光
13178,414,2025-09-19,短视频,曝光
13179,1162,2025-09-30,图文,点击
13180,511,2025-08-31,短视频,曝光
13181,264,2025-08-02,直播,曝光
13182,273,2025-08-28,直播,曝光
13183,41,2025-09-25,短视频,曝光
13184,1702,2025-08-17,短视频,分享
13185,1668,2025-09-08,图文,点击
13186,3,2025-08-22,直播,曝光
13187,536,2025-08-10,直播,曝光
13188,849,2025-09-28,短视频,曝光
13189,309,2025-08-03,短视频,曝光
13190,729,2025-07-05,短视频,曝光
13191,1850,2025-09-12,直播,曝光
13192,776,2025-08-20,短视频,曝光
13193,1018,2025-07-03,图文,点击
13194,1688,2025-07-23,图文,点击
13195,5,2025-09-09,图文,分享
13196,1643,2025-09-05,短视频,曝光
13197,910,2025-08-16,直播,分享
13198,1327,2025-09-07,图文,曝光
13199,1917,2025-09-30,短视频,点击
13200,1379,2025-07-25,短视频,曝光
13201,603,2025-07-19,短视频,点击
13202,1608,2025-09-08,图文,曝光
13203,478,2025-08-05,直播,曝光
13204,771,2025-08-29,图文,曝光
13205,1295,2025-08-18,短视频,曝光
13206,902,2025-09-26,直播,点击
13207,1706,2025-07-08,短视频,曝光
13208,490,2025-09-14,短视频,曝光
13209,1281,2025-09-25,图文,曝光
13210,477,2025-09-10,短视频,曝光
13211,1185,2025-09-29,直播,曝光
13212,1870,2025-07-13,短视频,点击
13213,1944,2025-09-27,图文,点击
13214,1522,2025-09-29,直播,曝光
13215,1270,2025-09-24,直播,曝光
13216,906,2025-09-12,直播,曝光
13217,629,2025-08-03,短视频,曝光
13218,78,2025-09-16,图文,曝光
13219,1016,2025-07-02,短视频,曝光
13220,1486,2025-09-08,短视频,曝光
13221,1672,2025-07-17,直播,曝光
13222,1898,2025-09-17,短视频,曝光
13223,365,2025-07-19,短视频,分享
13224,1854,2025-08-26,直播,曝光
13225,556,2025-07-12,直播,曝光
13226,1429,2025-07-02,图文,曝光
13227,1492,2025-07-04,短视频,加购
13228,1296,2025-08-12,图文,曝光
13229,839,2025-09-16,直播,曝光
13230,242,2025-07-23,图文,曝光
13231,1002,2025-07-20,直播,点击
13232,172,2025-07-29,图文,分享
13233,1255,2025-07-16,直播,曝光
13234,531,2025-07-26,图文,点击
13235,388,2025-08-03,直播,曝光
13236,1128,2025-08-28,短视频,加购
13237,497,2025-08-26,短视频,曝光
13238,1827,2025-09-11,短视频,点击
13239,199,2025-08-03,直播,点击
13240,1743,2025-09-18,短视频,曝光
13241,1547,2025-09-06,短视频,曝光
13242,613,2025-09-19,短视频,曝光
13243,1138,2025-09-06,直播,曝光
13244,733,2025-07-02,图文,曝光
13245,478,2025-07-21,短视频,曝光
13246,621,2025-09-08,短视频,曝光
13247,684,2025-07-15,直播,曝光
13248,1061,2025-09-24,直播,曝光
13249,1160,2025-07-26,直播,曝光
13250,1618,2025-09-10,图文,曝光
13251,1143,2025-07-27,直播,曝光
13252,1567,2025-07-11,短视频,曝光
13253,1842,2025-07-24,图文,曝光
13254,1773,2025-09-27,短视频,曝光
13255,817,2025-08-17,短视频,曝光
13256,1044,2025-08-16,短视频,曝光
13257,1613,2025-08-22,短视频,曝光
13258,1317,2025-08-22,短视频,点击
13259,262,2025-09-07,短视频,曝光
13260,1908,2025-07-27,图文,曝光
13261,1535,2025-07-02,图文,曝光
13262,1352,2025-09-16,图文,点击
13263,1980,2025-08-01,直播,曝光
13264,335,2025-09-19,直播,曝光
13265,1771,2025-08-26,短视频,分享
13266,654,2025-09-14,短视频,点击
13267,1626,2025-09-07,直播,曝光
13268,152,2025-07-20,图文,曝光
13269,1113,2025-07-18,短视频,曝光
13270,221,2025-07-12,直播,点击
13271,1898,2025-07-23,短视频,曝光
13272,984,2025-09-28,短视频,加购
13273,1710,2025-07-03,图文,曝光
13274,1478,2025-09-19,图文,曝光
13275,966,2025-08-07,短视频,曝光
13276,378,2025-09-17,短视频,分享
13277,936,2025-09-18,直播,加购
13278,641,2025-09-10,短视频,点击
13279,509,2025-07-30,直播,曝光
13280,674,2025-07-10,图文,点击
13281,460,2025-08-17,短视频,曝光
13282,1681,2025-08-17,图文,点击
13283,1819,2025-07-24,短视频,点击
13284,369,2025-07-11,短视频,曝光
13285,425,2025-08-12,直播,曝光
13286,69,2025-08-08,直播,曝光
13287,837,2025-07-19,直播,点击
13288,1248,2025-07-15,直播,分享
13289,528,2025-08-14,图文,点击
13290,1054,2025-08-14,短视频,曝光
13291,672,2025-08-16,短视频,曝光
13292,6,2025-08-31,直播,点击
13293,476,2025-08-27,直播,曝光
13294,1530,2025-09-16,直播,点击
13295,1766,2025-09-22,短视频,曝光
13296,848,2025-07-08,直播,曝光
13297,1162,2025-08-02,短视频,点击
13298,1096,2025-09-21,短视频,曝光
13299,606,2025-09-24,短视频,加购
13300,1342,2025-07-18,直播,曝光
13301,815,2025-07-21,直播,曝光
13302,103,2025-09-25,直播,曝光
13303,772,2025-07-14,短视频,曝光
13304,346,2025-08-14,短视频,曝光
13305,956,2025-09-18,短视频,分享
13306,927,2025-07-06,短视频,曝光
13307,937,2025-09-19,短视频,曝光
13308,344,2025-09-11,直播,曝光
13309,1895,2025-09-20,图文,点击
13310,234,2025-07-05,图文,曝光
13311,587,2025-07-17,短视频,曝光
13312,650,2025-08-27,短视频,加购
13313,911,2025-07-31,图文,曝光
13314,854,2025-09-12,直播,分享
13315,1975,2025-07-02,短视频,曝光
13316,1700,2025-08-12,图文,点击
13317,110,2025-07-19,短视频,分享
13318,1190,2025-09-01,短视频,点击
13319,1031,2025-08-25,短视频,曝光
13320,1859,2025-08-22,短视频,曝光
13321,683,2025-08-24,短视频,点击
13322,915,2025-07-07,短视频,曝光
13323,1858,2025-07-24,直播,曝光
13324,945,2025-09-02,图文,点击
13325,1214,2025-07-25,图文,点击
13326,623,2025-09-26,短视频,分享
13327,1566,2025-07-08,直播,点击
13328,164,2025-08-01,短视频,分享
13329,1953,2025-08-03,直播,曝光
13330,345,2025-07-12,短视频,曝光
13331,1154,2025-09-30,直播,曝光
13332,136,2025-07-24,短视频,分享
13333,194,2025-09-22,直播,曝光
13334,1407,2025-08-28,直播,曝光
13335,1573,2025-08-21,直播,点击
13336,699,2025-09-29,短视频,点击
13337,113,2025-07-03,短视频,曝光
13338,64,2025-09-13,短视频,曝光
13339,1870,2025-09-17,短视频,加购
13340,1505,2025-09-10,短视频,曝光
13341,773,2025-08-23,直播,曝光
13342,510,2025-08-03,短视频,曝光
13343,1404,2025-07-15,短视频,曝光
13344,1788,2025-08-26,图文,曝光
13345,1317,2025-08-10,直播,曝光
13346,1647,2025-08-07,直播,曝光
13347,1702,2025-09-27,短视频,曝光
13348,608,2025-07-06,直播,加购
13349,1465,2025-07-20,直播,曝光
13350,472,2025-08-15,短视频,曝光
13351,447,2025-09-27,图文,曝光
13352,1987,2025-08-20,短视频,曝光
13353,655,2025-08-13,直播,曝光
13354,1640,2025-09-16,短视频,曝光
13355,691,2025-09-07,短视频,曝光
13356,1854,2025-09-09,短视频,加购
13357,557,2025-08-28,直播,点击
13358,35,2025-08-11,直播,加购
13359,927,2025-08-23,图文,曝光
13360,1197,2025-08-15,短视频,加购
13361,769,2025-08-12,直播,点击
13362,534,2025-09-11,直播,曝光
13363,1656,2025-08-23,直播,曝光
13364,750,2025-07-27,短视频,曝光
13365,1401,2025-08-29,直播,曝光
13366,183,2025-08-03,直播,曝光
13367,1748,2025-09-13,图文,曝光
13368,1497,2025-09-22,直播,加购
13369,337,2025-08-25,直播,点击
13370,1052,2025-09-08,短视频,曝光
13371,1500,2025-07-14,短视频,点击
13372,1585,2025-09-25,图文,曝光
13373,842,2025-08-31,直播,分享
13374,233,2025-09-19,短视频,曝光
13375,120,2025-09-09,图文,点击
13376,1995,2025-09-09,短视频,曝光
13377,218,2025-07-10,直播,曝光
13378,698,2025-07-25,短视频,曝光
13379,1713,2025-08-02,短视频,加购
13380,1903,2025-08-17,短视频,点击
13381,944,2025-08-08,直播,曝光
13382,1353,2025-08-08,短视频,曝光
13383,1025,2025-08-19,短视频,曝光
13384,218,2025-08-05,短视频,曝光
13385,983,2025-08-23,图文,曝光
13386,1564,2025-09-10,短视频,分享
13387,1252,2025-08-27,短视频,曝光
13388,1122,2025-08-05,短视频,曝光
13389,1666,2025-09-27,短视频,曝光
13390,378,2025-07-14,直播,点击
13391,1136,2025-07-01,图文,曝光
13392,375,2025-08-02,短视频,点击
13393,125,2025-08-19,直播,曝光
13394,1907,2025-09-13,短视频,曝光
13395,1557,2025-08-24,短视频,曝光
13396,1998,2025-08-16,短视频,曝光
13397,917,2025-07-28,图文,曝光
13398,1153,2025-07-02,图文,曝光
13399,124,2025-08-05,短视频,曝光
13400,375,2025-08-27,直播,曝光
13401,169,2025-09-14,短视频,曝光
13402,681,2025-07-17,直播,分享
13403,815,2025-07-25,图文,曝光
13404,424,2025-07-10,图文,曝光
13405,1556,2025-09-03,直播,曝光
13406,1215,2025-07-29,短视频,曝光
13407,870,2025-09-20,短视频,曝光
13408,801,2025-09-09,短视频,分享
13409,1133,2025-09-26,短视频,曝光
13410,757,2025-07-05,短视频,曝光
13411,1546,2025-09-18,直播,曝光
13412,1603,2025-07-20,短视频,点击
13413,369,2025-08-23,直播,曝光
13414,1928,2025-07-19,直播,曝光
13415,914,2025-08-28,短视频,点击
13416,395,2025-09-14,图文,点击
13417,1701,2025-08-11,图文,曝光
13418,829,2025-07-24,短视频,曝光
13419,298,2025-08-14,图文,曝光
13420,1074,2025-08-23,图文,点击
13421,820,2025-09-07,短视频,加购
13422,492,2025-07-12,短视频,曝光
13423,1454,2025-07-05,短视频,曝光
13424,804,2025-09-11,短视频,曝光
13425,1056,2025-07-11,图文,曝光
13426,112,2025-07-24,图文,曝光
13427,738,2025-09-21,直播,点击
13428,83,2025-08-12,短视频,曝光
13429,565,2025-07-09,短视频,分享
13430,1573,2025-07-31,直播,曝光
13431,1851,2025-09-18,短视频,曝光
13432,679,2025-08-30,直播,曝光
13433,1398,2025-09-09,短视频,点击
13434,1415,2025-07-24,图文,点击
13435,1564,2025-09-14,短视频,加购
13436,166,2025-07-01,短视频,点击
13437,595,2025-07-16,短视频,曝光
13438,1342,2025-08-18,短视频,点击
13439,591,2025-09-19,短视频,曝光
13440,1307,2025-09-28,直播,曝光
13441,1797,2025-08-06,图文,分享
13442,1643,2025-09-15,图文,曝光
13443,980,2025-07-24,直播,曝光
13444,410,2025-09-30,图文,曝光
13445,640,2025-07-11,短视频,曝光
13446,1103,2025-08-10,直播,曝光
13447,1491,2025-07-01,短视频,点击
13448,1803,2025-08-22,直播,曝光
13449,1689,2025-08-10,图文,曝光
13450,440,2025-09-12,直播,曝光
13451,222,2025-08-28,短视频,曝光
13452,250,2025-08-01,短视频,分享
13453,440,2025-09-26,图文,曝光
13454,690,2025-07-11,图文,曝光
13455,83,2025-07-07,直播,曝光
13456,1931,2025-07-16,短视频,曝光
13457,695,2025-08-22,短视频,点击
13458,315,2025-09-27,短视频,曝光
13459,1065,2025-07-15,短视频,曝光
13460,239,2025-09-11,短视频,曝光
13461,1705,2025-09-08,短视频,加购
13462,1996,2025-07-27,直播,曝光
13463,1828,2025-07-15,短视频,曝光
13464,787,2025-09-10,短视频,曝光
13465,1273,2025-09-12,短视频,分享
13466,299,2025-09-03,直播,曝光
13467,92,2025-09-09,短视频,分享
13468,1118,2025-08-13,直播,曝光
13469,1494,2025-08-04,短视频,分享
13470,28,2025-07-03,短视频,曝光
13471,1988,2025-08-17,图文,曝光
13472,852,2025-09-05,短视频,曝光
13473,1237,2025-07-18,直播,曝光
13474,73,2025-07-27,短视频,点击
13475,1773,2025-08-22,直播,点击
13476,1131,2025-07-25,短视频,加购
13477,960,2025-09-19,短视频,曝光
13478,1250,2025-08-18,直播,点击
13479,1666,2025-08-08,图文,曝光
13480,8,2025-07-25,短视频,曝光
13481,100,2025-09-22,直播,曝光
13482,1026,2025-09-04,短视频,曝光
13483,1561,2025-08-22,直播,点击
13484,1890,2025-07-27,图文,点击
13485,186,2025-07-11,短视频,点击
13486,797,2025-09-13,图文,曝光
13487,1561,2025-07-05,图文,曝光
13488,1910,2025-08-10,图文,点击
13489,511,2025-08-22,短视频,曝光
13490,1927,2025-08-17,直播,曝光
13491,1613,2025-09-02,短视频,点击
13492,481,2025-07-04,短视频,曝光
13493,1631,2025-07-21,短视频,曝光
13494,1155,2025-07-02,短视频,曝光
13495,1689,2025-07-24,直播,曝光
13496,1661,2025-07-20,短视频,曝光
13497,404,2025-09-18,短视频,点击
13498,1419,2025-08-02,短视频,曝光
13499,917,2025-08-22,图文,曝光
13500,1521,2025-07-17,图文,曝光
13501,275,2025-09-10,短视频,曝光
13502,522,2025-08-16,短视频,曝光
13503,460,2025-09-21,短视频,曝光
13504,1837,2025-08-25,短视频,加购
13505,734,2025-09-11,短视频,点击
13506,472,2025-09-12,直播,曝光
13507,1469,2025-07-08,图文,分享
13508,1290,2025-08-17,短视频,点击
13509,1273,2025-08-03,短视频,分享
13510,1770,2025-08-03,直播,点击
13511,1811,2025-08-06,短视频,加购
13512,719,2025-09-23,直播,曝光
13513,1923,2025-09-28,直播,曝光
13514,1105,2025-08-10,短视频,点击
13515,1778,2025-09-30,短视频,曝光
13516,1382,2025-07-26,短视频,曝光
13517,162,2025-09-06,图文,曝光
13518,1857,2025-07-07,短视频,曝光
13519,1156,2025-07-15,短视频,点击
13520,897,2025-07-17,短视频,曝光
13521,682,2025-08-22,短视频,曝光
13522,1207,2025-09-02,直播,曝光
13523,1843,2025-07-03,短视频,分享
13524,284,2025-07-19,短视频,曝光
13525,449,2025-09-20,图文,曝光
13526,131,2025-08-03,短视频,曝光
13527,395,2025-09-05,短视频,加购
13528,43,2025-07-03,短视频,曝光
13529,422,2025-08-09,直播,加购
13530,954,2025-08-04,图文,曝光
13531,1656,2025-09-11,直播,曝光
13532,1092,2025-08-29,直播,曝光
13533,451,2025-07-07,直播,曝光
13534,173,2025-07-21,短视频,加购
13535,1774,2025-08-21,图文,曝光
13536,363,2025-07-01,图文,曝光
13537,1535,2025-07-11,直播,曝光
13538,533,2025-09-15,图文,曝光
13539,1262,2025-07-02,直播,曝光
13540,1783,2025-09-05,直播,曝光
13541,1823,2025-08-20,直播,加购
13542,199,2025-09-30,短视频,曝光
13543,1023,2025-08-24,直播,曝光
13544,980,2025-07-13,短视频,曝光
13545,1760,2025-08-26,图文,曝光
13546,1579,2025-09-01,短视频,曝光
13547,289,2025-07-28,直播,曝光
13548,1741,2025-07-24,短视频,曝光
13549,727,2025-08-07,直播,曝光
13550,1387,2025-08-16,直播,曝光
13551,357,2025-07-24,图文,曝光
13552,532,2025-09-07,图文,加购
13553,144,2025-09-17,直播,曝光
13554,243,2025-07-16,直播,曝光
13555,1864,2025-09-07,短视频,曝光
13556,316,2025-08-12,图文,曝光
13557,1249,2025-07-13,直播,加购
13558,1541,2025-07-25,短视频,点击
13559,154,2025-09-23,图文,曝光
13560,594,2025-07-15,直播,曝光
13561,961,2025-07-05,直播,加购
13562,676,2025-09-05,短视频,曝光
13563,1762,2025-08-20,短视频,曝光
13564,352,2025-07-24,直播,曝光
13565,1450,2025-09-07,短视频,点击
13566,870,2025-08-18,直播,曝光
13567,777,2025-07-22,直播,点击
13568,670,2025-09-02,短视频,曝光
13569,1353,2025-09-16,短视频,点击
13570,715,2025-08-10,图文,点击
13571,1257,2025-09-11,直播,加购
13572,68,2025-07-13,短视频,曝光
13573,549,2025-07-06,直播,曝光
13574,926,2025-07-02,短视频,曝光
13575,439,2025-08-01,短视频,曝光
13576,224,2025-08-05,短视频,曝光
13577,442,2025-09-20,短视频,曝光
13578,1072,2025-09-30,短视频,加购
13579,1915,2025-08-28,短视频,曝光
13580,1339,2025-09-28,图文,分享
13581,1810,2025-09-28,直播,加购
13582,1093,2025-08-11,短视频,曝光
13583,61,2025-07-25,短视频,曝光
13584,293,2025-08-08,短视频,点击
13585,1520,2025-07-02,短视频,曝光
13586,1233,2025-08-29,图文,曝光
13587,1683,2025-09-19,直播,曝光
13588,826,2025-09-15,图文,曝光
13589,1867,2025-07-24,短视频,曝光
13590,719,2025-08-23,短视频,点击
13591,1681,2025-09-20,图文,曝光
13592,298,2025-09-05,直播,曝光
13593,904,2025-07-06,直播,曝光
13594,1989,2025-07-03,短视频,曝光
13595,1591,2025-09-22,短视频,点击
13596,786,2025-09-19,短视频,曝光
13597,1796,2025-09-08,短视频,分享
13598,913,2025-08-19,直播,曝光
13599,1888,2025-09-28,图文,加购
13600,189,2025-08-15,图文,曝光
13601,1654,2025-08-25,短视频,曝光
13602,1351,2025-07-20,短视频,点击
13603,355,2025-07-31,图文,曝光
13604,566,2025-07-13,短视频,曝光
13605,1635,2025-08-19,短视频,加购
13606,1481,2025-08-03,短视频,曝光
13607,381,2025-09-04,短视频,分享
13608,135,2025-09-23,短视频,加购
13609,634,2025-09-16,短视频,曝光
13610,594,2025-08-21,直播,曝光
13611,1252,2025-09-11,直播,曝光
13612,1492,2025-08-07,短视频,点击
13613,553,2025-08-27,短视频,点击
13614,793,2025-07-13,短视频,曝光
13615,373,2025-07-09,直播,点击
13616,69,2025-07-06,直播,曝光
13617,1828,2025-07-28,短视频,加购
13618,1580,2025-08-25,直播,点击
13619,1580,2025-08-13,直播,曝光
13620,1932,2025-09-27,短视频,加购
13621,81,2025-07-07,图文,曝光
13622,754,2025-08-11,图文,加购
13623,1486,2025-08-06,短视频,曝光
13624,1244,2025-07-22,直播,曝光
13625,1571,2025-08-19,短视频,曝光
13626,746,2025-08-04,图文,曝光
13627,185,2025-07-20,短视频,曝光
13628,1110,2025-08-16,短视频,分享
13629,1480,2025-07-21,直播,分享
13630,1478,2025-09-08,短视频,曝光
13631,351,2025-08-03,图文,曝光
13632,1266,2025-08-11,图文,加购
13633,1265,2025-07-16,图文,曝光
13634,630,2025-09-24,短视频,分享
13635,521,2025-07-17,短视频,曝光
13636,391,2025-08-28,图文,曝光
13637,220,2025-08-29,短视频,点击
13638,1089,2025-07-12,直播,加购
13639,629,2025-07-14,直播,点击
13640,1319,2025-07-11,图文,点击
13641,1178,2025-09-24,直播,曝光
13642,1149,2025-08-20,直播,曝光
13643,1928,2025-07-14,直播,加购
13644,257,2025-09-12,直播,曝光
13645,75,2025-09-24,短视频,点击
13646,711,2025-08-19,直播,点击
13647,50,2025-08-21,图文,曝光
13648,1490,2025-09-12,直播,曝光
13649,743,2025-08-08,图文,点击
13650,294,2025-07-08,直播,分享
13651,166,2025-09-06,短视频,分享
13652,1767,2025-07-31,图文,曝光
13653,753,2025-08-31,短视频,曝光
13654,934,2025-07-05,短视频,曝光
13655,338,2025-08-01,短视频,曝光
13656,1583,2025-08-02,直播,曝光
13657,1476,2025-07-29,直播,曝光
13658,682,2025-08-22,直播,分享
13659,1702,2025-08-09,直播,曝光
13660,719,2025-09-24,图文,加购
13661,1808,2025-09-05,短视频,分享
13662,1935,2025-08-12,直播,分享
13663,926,2025-07-25,直播,点击
13664,1135,2025-08-04,图文,点击
13665,1676,2025-07-29,短视频,曝光
13666,204,2025-09-01,短视频,曝光
13667,955,2025-09-24,短视频,分享
13668,1916,2025-09-05,短视频,曝光
13669,403,2025-09-24,直播,曝光
13670,750,2025-07-16,直播,曝光
13671,1703,2025-07-09,直播,曝光
13672,1421,2025-09-03,图文,曝光
13673,980,2025-09-29,直播,点击
13674,258,2025-08-19,直播,点击
13675,363,2025-08-11,短视频,曝光
13676,1711,2025-08-16,图文,曝光
13677,1020,2025-07-15,短视频,曝光
13678,1919,2025-09-29,图文,点击
13679,204,2025-07-06,短视频,曝光
13680,766,2025-09-09,短视频,曝光
13681,188,2025-08-08,直播,曝光
13682,290,2025-09-13,图文,曝光
13683,22,2025-09-06,短视频,曝光
13684,1116,2025-09-14,图文,曝光
13685,474,2025-09-06,短视频,点击
13686,324,2025-08-29,短视频,曝光
13687,1761,2025-08-18,短视频,曝光
13688,885,2025-07-03,直播,分享
13689,1082,2025-09-14,直播,点击
13690,1246,2025-08-03,图文,曝光
13691,869,2025-08-05,短视频,曝光
13692,279,2025-09-09,直播,加购
13693,979,2025-07-07,直播,曝光
13694,1897,2025-07-17,短视频,点击
13695,1372,2025-09-24,直播,曝光
13696,1412,2025-09-27,短视频,曝光
13697,1138,2025-09-24,直播,分享
13698,723,2025-07-01,直播,加购
13699,936,2025-08-05,图文,曝光
13700,832,2025-08-21,短视频,曝光
13701,1165,2025-07-29,短视频,曝光
13702,1697,2025-07-08,短视频,曝光
13703,30,2025-07-04,短视频,点击
13704,953,2025-09-08,短视频,点击
13705,533,2025-09-12,直播,分享
13706,1975,2025-08-26,短视频,曝光
13707,293,2025-07-10,直播,曝光
13708,125,2025-08-07,直播,曝光
13709,1406,2025-08-12,短视频,曝光
13710,543,2025-07-10,直播,分享
13711,438,2025-07-18,短视频,点击
13712,1037,2025-08-11,图文,加购
13713,1859,2025-07-25,直播,分享
13714,272,2025-08-02,直播,点击
13715,1079,2025-07-21,短视频,曝光
13716,713,2025-07-18,直播,曝光
13717,373,2025-09-29,直播,曝光
13718,1040,2025-07-17,图文,曝光
13719,1924,2025-08-24,直播,加购
13720,522,2025-09-16,短视频,曝光
13721,438,2025-07-27,直播,曝光
13722,330,2025-07-31,直播,曝光
13723,1237,2025-08-22,图文,点击
13724,537,2025-07-10,短视频,曝光
13725,1185,2025-08-29,短视频,曝光
13726,166,2025-07-15,图文,曝光
13727,1407,2025-09-08,直播,曝光
13728,392,2025-08-30,短视频,曝光
13729,175,2025-08-06,直播,曝光
13730,123,2025-08-04,短视频,分享
13731,1586,2025-07-16,短视频,曝光
13732,1906,2025-07-06,短视频,曝光
13733,834,2025-09-28,短视频,曝光
13734,323,2025-07-06,图文,曝光
13735,1650,2025-07-17,图文,点击
13736,3,2025-07-06,直播,曝光
13737,639,2025-08-14,短视频,曝光
13738,1915,2025-09-06,直播,点击
13739,783,2025-07-24,图文,曝光
13740,1518,2025-09-17,图文,曝光
13741,722,2025-08-25,短视频,曝光
13742,535,2025-09-16,直播,加购
13743,639,2025-08-05,短视频,曝光
13744,1758,2025-08-20,直播,点击
13745,898,2025-07-21,短视频,加购
13746,1744,2025-08-06,图文,曝光
13747,1983,2025-09-22,直播,曝光
13748,1482,2025-07-30,短视频,曝光
13749,594,2025-08-07,直播,曝光
13750,1185,2025-09-07,短视频,曝光
13751,743,2025-07-26,图文,曝光
13752,1170,2025-09-13,直播,曝光
13753,1411,2025-07-26,短视频,曝光
13754,1938,2025-09-25,直播,曝光
13755,1566,2025-09-02,图文,点击
13756,931,2025-09-29,直播,加购
13757,1737,2025-08-22,图文,曝光
13758,1618,2025-09-03,短视频,曝光
13759,580,2025-09-01,短视频,曝光
13760,225,2025-07-18,图文,点击
13761,838,2025-07-03,短视频,曝光
13762,1402,2025-09-27,图文,曝光
13763,488,2025-08-24,图文,曝光
13764,1980,2025-07-12,直播,曝光
13765,1942,2025-08-25,直播,曝光
13766,20,2025-07-26,直播,曝光
13767,800,2025-08-01,短视频,曝光
13768,516,2025-09-15,短视频,曝光
13769,1740,2025-08-20,图文,分享
13770,1570,2025-08-17,直播,曝光
13771,1342,2025-08-21,短视频,分享
13772,1468,2025-07-23,短视频,曝光
13773,1596,2025-09-11,短视频,曝光
13774,1469,2025-08-18,短视频,点击
13775,1339,2025-08-06,短视频,曝光
13776,1965,2025-09-09,直播,点击
13777,1098,2025-08-24,图文,曝光
13778,192,2025-07-26,短视频,点击
13779,851,2025-09-09,图文,曝光
13780,1351,2025-08-16,直播,点击
13781,1750,2025-07-10,图文,分享
13782,1283,2025-07-27,短视频,点击
13783,561,2025-09-04,短视频,曝光
13784,412,2025-08-06,短视频,分享
13785,1679,2025-09-03,直播,曝光
13786,426,2025-07-20,短视频,曝光
13787,54,2025-09-26,短视频,曝光
13788,1301,2025-09-04,直播,曝光
13789,1042,2025-07-23,图文,曝光
13790,1310,2025-07-29,直播,点击
13791,923,2025-07-30,直播,曝光
13792,1201,2025-08-16,短视频,分享
13793,702,2025-08-01,短视频,曝光
13794,924,2025-09-13,短视频,曝光
13795,338,2025-07-19,短视频,加购
13796,1375,2025-07-14,短视频,曝光
13797,1185,2025-07-05,图文,曝光
13798,644,2025-08-30,短视频,曝光
13799,1143,2025-09-21,直播,曝光
13800,472,2025-07-31,直播,曝光
13801,1469,2025-09-13,短视频,曝光
13802,1191,2025-08-14,短视频,点击
13803,1308,2025-07-27,短视频,曝光
13804,1235,2025-09-04,短视频,点击
13805,1682,2025-07-01,图文,曝光
13806,1625,2025-09-23,图文,点击
13807,548,2025-09-29,图文,曝光
13808,833,2025-09-18,短视频,曝光
13809,1091,2025-09-20,短视频,加购
13810,1529,2025-09-21,直播,曝光
13811,80,2025-08-10,短视频,点击
13812,1836,2025-07-05,短视频,点击
13813,631,2025-08-21,短视频,点击
13814,852,2025-08-08,短视频,曝光
13815,527,2025-09-12,短视频,曝光
13816,1086,2025-09-12,直播,点击
13817,544,2025-09-14,直播,曝光
13818,1821,2025-09-13,直播,曝光
13819,637,2025-09-16,短视频,曝光
13820,601,2025-08-08,短视频,曝光
13821,39,2025-08-29,短视频,曝光
13822,1446,2025-07-27,短视频,曝光
13823,1834,2025-08-26,直播,加购
13824,1155,2025-08-20,短视频,曝光
13825,1818,2025-07-05,短视频,点击
13826,828,2025-09-07,直播,曝光
13827,1387,2025-08-31,短视频,曝光
13828,1729,2025-09-02,短视频,分享
13829,1480,2025-07-22,短视频,曝光
13830,314,2025-07-24,短视频,曝光
13831,1942,2025-07-04,短视频,曝光
13832,71,2025-07-01,图文,曝光
13833,234,2025-09-05,直播,点击
13834,415,2025-09-20,短视频,加购
13835,1441,2025-08-06,直播,曝光
13836,1753,2025-08-10,图文,点击
13837,1080,2025-08-05,短视频,曝光
13838,688,2025-09-15,直播,曝光
13839,919,2025-09-16,短视频,曝光
13840,1368,2025-09-19,直播,曝光
13841,434,2025-07-08,短视频,加购
13842,462,2025-09-25,短视频,曝光
13843,587,2025-07-02,直播,曝光
13844,982,2025-08-02,短视频,曝光
13845,1472,2025-07-27,直播,分享
13846,1046,2025-08-30,直播,曝光
13847,191,2025-07-25,图文,分享
13848,491,2025-08-24,直播,分享
13849,90,2025-09-21,图文,点击
13850,775,2025-07-16,直播,曝光
13851,1013,2025-09-19,直播,曝光
13852,524,2025-08-10,图文,曝光
13853,90,2025-08-24,短视频,曝光
13854,202,2025-08-09,短视频,曝光
13855,1381,2025-07-19,图文,曝光
13856,864,2025-07-18,短视频,曝光
13857,1940,2025-07-05,短视频,曝光
13858,1128,2025-08-04,直播,点击
13859,611,2025-07-10,短视频,分享
13860,181,2025-08-10,短视频,曝光
13861,1474,2025-08-13,图文,曝光
13862,716,2025-09-12,短视频,曝光
13863,1193,2025-09-06,直播,点击
13864,926,2025-09-17,短视频,曝光
13865,164,2025-07-03,短视频,曝光
13866,1866,2025-09-04,直播,曝光
13867,238,2025-07-26,图文,点击
13868,1221,2025-09-13,短视频,点击
13869,288,2025-09-22,直播,曝光
13870,1885,2025-07-10,直播,加购
13871,568,2025-08-17,短视频,曝光
13872,1049,2025-08-21,直播,曝光
13873,157,2025-07-26,图文,点击
13874,1607,2025-07-24,短视频,曝光
13875,449,2025-07-13,短视频,点击
13876,193,2025-08-08,短视频,曝光
13877,567,2025-09-03,短视频,曝光
13878,1129,2025-09-03,直播,曝光
13879,655,2025-09-10,短视频,曝光
13880,706,2025-09-26,短视频,点击
13881,152,2025-08-28,短视频,分享
13882,1457,2025-08-02,直播,曝光
13883,687,2025-07-26,短视频,曝光
13884,1756,2025-08-23,直播,加购
13885,803,2025-08-10,图文,点击
13886,1425,2025-07-10,短视频,曝光
13887,630,2025-08-06,短视频,曝光
13888,177,2025-09-01,直播,曝光
13889,1280,2025-07-17,短视频,曝光
13890,1243,2025-07-22,图文,曝光
13891,1957,2025-07-26,短视频,曝光
13892,1489,2025-08-13,短视频,曝光
13893,1261,2025-09-14,短视频,曝光
13894,60,2025-07-30,短视频,曝光
13895,1653,2025-07-12,短视频,曝光
13896,340,2025-07-05,短视频,曝光
13897,1464,2025-08-26,短视频,曝光
13898,1361,2025-09-07,短视频,曝光
13899,1610,2025-07-09,短视频,点击
13900,630,2025-08-26,短视频,曝光
13901,994,2025-09-22,直播,曝光
13902,125,2025-09-14,短视频,曝光
13903,713,2025-09-25,直播,点击
13904,1779,2025-09-26,图文,曝光
13905,404,2025-09-11,图文,加购
13906,1905,2025-08-07,图文,点击
13907,103,2025-09-03,短视频,曝光
13908,747,2025-09-08,短视频,曝光
13909,757,2025-09-09,直播,加购
13910,1986,2025-07-29,图文,分享
13911,1087,2025-08-10,图文,曝光
13912,1714,2025-08-09,短视频,点击
13913,1700,2025-09-13,直播,曝光
13914,1112,2025-09-15,短视频,曝光
13915,1446,2025-09-27,短视频,曝光
13916,1495,2025-09-21,图文,分享
13917,1008,2025-07-11,图文,曝光
13918,1873,2025-08-04,直播,曝光
13919,862,2025-08-07,短视频,曝光
13920,1455,2025-09-12,短视频,加购
13921,704,2025-07-03,短视频,分享
13922,675,2025-09-09,短视频,曝光
13923,722,2025-09-21,短视频,曝光
13924,387,2025-07-18,短视频,点击
13925,1619,2025-08-01,短视频,曝光
13926,864,2025-08-27,图文,曝光
13927,1343,2025-08-24,短视频,曝光
13928,374,2025-08-15,短视频,曝光
13929,1371,2025-07-28,短视频,曝光
13930,44,2025-07-06,直播,点击
13931,1297,2025-07-23,短视频,曝光
13932,912,2025-08-20,直播,加购
13933,242,2025-07-22,直播,曝光
13934,659,2025-09-29,短视频,曝光
13935,82,2025-07-18,直播,曝光
13936,191,2025-09-10,短视频,曝光
13937,1627,2025-07-31,直播,曝光
13938,1743,2025-07-19,图文,曝光
13939,1653,2025-07-19,短视频,曝光
13940,246,2025-07-21,短视频,曝光
13941,1170,2025-09-27,图文,曝光
13942,1261,2025-07-30,图文,曝光
13943,691,2025-07-29,短视频,曝光
13944,1139,2025-07-02,短视频,曝光
13945,544,2025-07-31,直播,曝光
13946,1958,2025-07-07,直播,曝光
13947,495,2025-07-18,短视频,点击
13948,508,2025-09-05,直播,点击
13949,1535,2025-08-28,短视频,曝光
13950,472,2025-08-20,直播,点击
13951,1803,2025-07-21,直播,曝光
13952,1255,2025-09-03,短视频,曝光
13953,1809,2025-07-15,短视频,曝光
13954,1117,2025-09-04,直播,点击
13955,1928,2025-09-03,短视频,加购
13956,1624,2025-07-07,短视频,曝光
13957,1613,2025-08-25,直播,曝光
13958,347,2025-09-26,直播,曝光
13959,1605,2025-08-26,短视频,加购
13960,602,2025-09-28,直播,曝光
13961,1665,2025-09-15,短视频,曝光
13962,11,2025-07-04,短视频,点击
13963,121,2025-09-22,图文,曝光
13964,1444,2025-07-07,直播,曝光
13965,131,2025-07-19,短视频,曝光
13966,651,2025-09-14,短视频,点击
13967,928,2025-08-14,短视频,曝光
13968,473,2025-08-25,直播,曝光
13969,1478,2025-07-27,直播,曝光
13970,1210,2025-09-30,直播,点击
13971,1310,2025-07-09,图文,曝光
13972,504,2025-07-23,直播,曝光
13973,44,2025-09-16,直播,加购
13974,114,2025-09-12,图文,曝光
13975,502,2025-07-27,直播,曝光
13976,473,2025-08-18,短视频,曝光
13977,1228,2025-07-04,直播,分享
13978,1700,2025-08-21,图文,加购
13979,566,2025-09-17,直播,点击
13980,1191,2025-07-20,直播,曝光
13981,1837,2025-09-24,短视频,曝光
13982,943,2025-08-25,短视频,点击
13983,411,2025-07-05,直播,曝光
13984,983,2025-08-07,短视频,曝光
13985,128,2025-07-16,图文,加购
13986,1994,2025-07-21,短视频,点击
13987,1827,2025-07-08,图文,分享
13988,63,2025-09-16,短视频,曝光
13989,531,2025-08-31,短视频,曝光
13990,323,2025-07-20,短视频,曝光
13991,1751,2025-07-08,短视频,曝光
13992,1732,2025-07-28,直播,曝光
13993,685,2025-07-27,直播,点击
13994,1070,2025-07-08,图文,分享
13995,1297,2025-07-12,图文,曝光
13996,1991,2025-09-01,短视频,加购
13997,1644,2025-09-08,直播,曝光
13998,1368,2025-07-27,图文,曝光
13999,910,2025-08-06,短视频,曝光
14000,1447,2025-09-27,短视频,曝光
14001,1289,2025-08-01,短视频,点击
14002,1160,2025-09-07,图文,曝光
14003,424,2025-09-16,图文,点击
14004,35,2025-09-21,直播,曝光
14005,1037,2025-09-28,短视频,曝光
14006,1817,2025-07-19,直播,点击
14007,1989,2025-09-26,图文,曝光
14008,1047,2025-08-28,短视频,曝光
14009,1934,2025-07-22,短视频,曝光
14010,19,2025-09-19,短视频,点击
14011,1644,2025-08-05,图文,曝光
14012,420,2025-09-27,直播,曝光
14013,715,2025-08-12,直播,曝光
14014,701,2025-08-29,短视频,曝光
14015,450,2025-08-14,短视频,曝光
14016,573,2025-09-26,直播,曝光
14017,1093,2025-08-13,短视频,曝光
14018,56,2025-07-14,直播,曝光
14019,434,2025-09-19,短视频,曝光
14020,561,2025-07-04,短视频,曝光
14021,175,2025-09-08,直播,曝光
14022,1793,2025-08-12,短视频,点击
14023,877,2025-09-02,直播,曝光
14024,1178,2025-07-30,直播,曝光
14025,1165,2025-07-21,短视频,点击
14026,654,2025-09-24,短视频,曝光
14027,540,2025-07-18,短视频,曝光
14028,177,2025-07-02,图文,点击
14029,1642,2025-08-07,直播,点击
14030,1503,2025-07-30,直播,曝光
14031,1311,2025-08-24,图文,曝光
14032,1437,2025-08-02,直播,曝光
14033,1614,2025-08-02,短视频,曝光
14034,5,2025-09-04,图文,加购
14035,1344,2025-09-09,图文,曝光
14036,1987,2025-07-01,图文,分享
14037,1657,2025-07-16,短视频,曝光
14038,532,2025-09-17,直播,曝光
14039,1180,2025-09-21,短视频,曝光
14040,525,2025-09-24,短视频,曝光
14041,260,2025-08-02,短视频,曝光
14042,603,2025-08-14,短视频,曝光
14043,692,2025-07-14,短视频,曝光
14044,1924,2025-07-10,短视频,分享
14045,937,2025-08-25,短视频,曝光
14046,1683,2025-07-05,短视频,曝光
14047,1909,2025-07-16,直播,曝光
14048,1275,2025-07-24,短视频,曝光
14049,984,2025-07-05,直播,点击
14050,989,2025-07-13,图文,曝光
14051,1571,2025-07-02,直播,曝光
14052,655,2025-08-16,短视频,曝光
14053,910,2025-08-24,短视频,曝光
14054,671,2025-08-07,图文,点击
14055,518,2025-08-04,短视频,曝光
14056,652,2025-07-18,直播,曝光
14057,199,2025-09-18,直播,曝光
14058,1726,2025-09-15,短视频,曝光
14059,1740,2025-08-09,短视频,加购
14060,1363,2025-08-25,直播,曝光
14061,1508,2025-09-26,短视频,曝光
14062,814,2025-08-27,短视频,加购
14063,1056,2025-08-17,短视频,加购
14064,1988,2025-09-01,直播,曝光
14065,113,2025-09-12,短视频,曝光
14066,355,2025-09-18,直播,分享
14067,1651,2025-07-17,短视频,曝光
14068,154,2025-09-01,短视频,点击
14069,1554,2025-09-21,短视频,曝光
14070,737,2025-07-13,短视频,曝光
14071,1416,2025-09-28,短视频,曝光
14072,1964,2025-08-05,直播,曝光
14073,1149,2025-09-21,短视频,曝光
14074,49,2025-08-17,短视频,曝光
14075,1053,2025-08-13,短视频,点击
14076,163,2025-07-18,直播,点击
14077,1884,2025-09-12,直播,曝光
14078,683,2025-09-25,短视频,曝光
14079,1913,2025-09-26,短视频,曝光
14080,1975,2025-07-24,短视频,曝光
14081,642,2025-08-29,短视频,分享
14082,687,2025-09-10,短视频,曝光
14083,1740,2025-09-26,短视频,曝光
14084,1357,2025-09-26,图文,点击
14085,1006,2025-08-27,短视频,曝光
14086,1729,2025-07-26,图文,曝光
14087,515,2025-07-17,短视频,曝光
14088,1342,2025-08-11,直播,点击
14089,694,2025-08-28,直播,点击
14090,180,2025-07-23,短视频,加购
14091,709,2025-08-27,图文,曝光
14092,298,2025-09-14,图文,曝光
14093,1988,2025-08-21,直播,点击
14094,518,2025-09-12,直播,曝光
14095,1865,2025-07-30,短视频,曝光
14096,1592,2025-09-21,短视频,曝光
14097,738,2025-09-29,短视频,曝光
14098,1604,2025-07-06,直播,点击
14099,102,2025-07-26,短视频,曝光
14100,341,2025-09-07,图文,曝光
14101,1602,2025-09-08,直播,曝光
14102,759,2025-08-23,短视频,曝光
14103,306,2025-08-21,短视频,加购
14104,280,2025-08-08,短视频,曝光
14105,1610,2025-08-22,直播,曝光
14106,947,2025-09-20,图文,加购
14107,885,2025-07-05,图文,曝光
14108,729,2025-09-18,直播,曝光
14109,190,2025-07-08,短视频,曝光
14110,1985,2025-09-03,图文,点击
14111,434,2025-08-01,图文,曝光
14112,778,2025-07-16,直播,加购
14113,1651,2025-07-01,短视频,曝光
14114,101,2025-07-24,短视频,加购
14115,1175,2025-07-01,短视频,曝光
14116,1041,2025-07-15,短视频,分享
14117,1442,2025-08-06,直播,曝光
14118,1815,2025-07-24,直播,曝光
14119,197,2025-08-10,图文,曝光
14120,739,2025-09-10,短视频,点击
14121,728,2025-07-02,短视频,曝光
14122,1637,2025-07-31,短视频,点击
14123,906,2025-08-04,短视频,曝光
14124,834,2025-07-27,短视频,曝光
14125,544,2025-08-19,直播,曝光
14126,1137,2025-07-23,直播,曝光
14127,1243,2025-07-21,图文,曝光
14128,1005,2025-07-05,短视频,曝光
14129,1231,2025-09-04,直播,曝光
14130,1749,2025-08-01,直播,加购
14131,1725,2025-09-13,短视频,曝光
14132,1137,2025-07-09,直播,曝光
14133,1896,2025-07-21,短视频,曝光
14134,759,2025-08-21,短视频,曝光
14135,44,2025-09-17,短视频,曝光
14136,1534,2025-07-18,直播,曝光
14137,1539,2025-07-28,直播,曝光
14138,101,2025-07-25,直播,曝光
14139,660,2025-07-04,短视频,曝光
14140,546,2025-08-14,短视频,曝光
14141,1053,2025-08-31,直播,曝光
14142,573,2025-08-05,短视频,曝光
14143,1488,2025-09-02,直播,曝光
14144,1138,2025-07-30,短视频,曝光
14145,1736,2025-08-20,直播,分享
14146,1669,2025-09-27,图文,点击
14147,600,2025-07-14,直播,点击
14148,1108,2025-07-06,直播,点击
14149,1234,2025-07-12,短视频,分享
14150,917,2025-09-19,短视频,曝光
14151,1926,2025-08-24,图文,加购
14152,131,2025-09-24,图文,曝光
14153,1833,2025-08-05,短视频,曝光
14154,1941,2025-09-28,短视频,曝光
14155,733,2025-08-05,短视频,点击
14156,592,2025-09-18,短视频,点击
14157,82,2025-08-20,直播,曝光
14158,260,2025-09-13,图文,曝光
14159,468,2025-09-11,短视频,曝光
14160,1666,2025-07-22,图文,曝光
14161,1546,2025-09-10,图文,点击
14162,1781,2025-07-17,直播,曝光
14163,635,2025-08-16,直播,曝光
14164,598,2025-08-25,短视频,曝光
14165,1640,2025-07-06,直播,曝光
14166,1098,2025-08-19,短视频,曝光
14167,117,2025-07-20,直播,曝光
14168,1567,2025-09-05,图文,曝光
14169,192,2025-08-13,短视频,曝光
14170,44,2025-07-11,短视频,曝光
14171,1851,2025-09-30,短视频,曝光
14172,1974,2025-07-27,短视频,点击
14173,1416,2025-08-20,短视频,点击
14174,648,2025-08-31,直播,曝光
14175,330,2025-09-13,图文,曝光
14176,960,2025-08-26,短视频,曝光
14177,1037,2025-08-30,直播,曝光
14178,102,2025-08-02,直播,点击
14179,1325,2025-07-30,短视频,点击
14180,94,2025-07-14,短视频,曝光
14181,984,2025-09-29,图文,曝光
14182,224,2025-09-17,短视频,曝光
14183,98,2025-07-22,图文,曝光
14184,643,2025-09-15,图文,分享
14185,1177,2025-09-01,图文,曝光
14186,1844,2025-07-14,短视频,分享
14187,113,2025-07-23,短视频,曝光
14188,1031,2025-09-07,短视频,曝光
14189,1527,2025-09-28,短视频,曝光
14190,652,2025-07-14,图文,曝光
14191,1613,2025-09-25,直播,点击
14192,903,2025-08-11,短视频,曝光
14193,15,2025-09-22,短视频,曝光
14194,531,2025-08-12,短视频,曝光
14195,835,2025-07-27,短视频,点击
14196,1249,2025-08-06,短视频,加购
14197,301,2025-08-16,短视频,曝光
14198,1015,2025-08-01,短视频,分享
14199,1575,2025-07-26,短视频,曝光
14200,758,2025-08-13,短视频,点击
14201,393,2025-07-28,短视频,曝光
14202,1373,2025-09-04,短视频,曝光
14203,1272,2025-07-27,短视频,分享
14204,784,2025-07-31,短视频,曝光
14205,1653,2025-09-12,直播,曝光
14206,1614,2025-08-23,短视频,曝光
14207,206,2025-09-14,短视频,分享
14208,1197,2025-08-02,短视频,曝光
14209,1260,2025-09-11,短视频,曝光
14210,405,2025-09-28,图文,曝光
14211,366,2025-07-01,图文,曝光
14212,327,2025-09-01,短视频,曝光
14213,657,2025-09-24,短视频,曝光
14214,512,2025-09-17,直播,分享
14215,1409,2025-08-06,短视频,点击
14216,1837,2025-08-09,直播,点击
14217,919,2025-07-29,直播,曝光
14218,1647,2025-07-24,直播,曝光
14219,1018,2025-09-12,短视频,曝光
14220,1945,2025-07-08,短视频,曝光
14221,774,2025-08-10,短视频,曝光
14222,1489,2025-09-14,直播,分享
14223,1689,2025-09-03,图文,点击
14224,1829,2025-09-03,短视频,点击
14225,793,2025-08-13,短视频,曝光
14226,711,2025-09-14,直播,曝光
14227,29,2025-08-04,短视频,加购
14228,1240,2025-09-01,短视频,点击
14229,1118,2025-07-03,短视频,曝光
14230,784,2025-07-04,直播,曝光
14231,435,2025-07-26,短视频,点击
14232,1730,2025-08-09,直播,曝光
14233,1999,2025-07-29,直播,曝光
14234,1994,2025-07-31,短视频,点击
14235,902,2025-07-09,图文,曝光
14236,1492,2025-08-09,直播,曝光
14237,1660,2025-07-09,短视频,加购
14238,1564,2025-08-31,短视频,曝光
14239,710,2025-09-11,短视频,分享
14240,1762,2025-08-22,直播,加购
14241,1316,2025-07-30,直播,曝光
14242,191,2025-08-28,短视频,曝光
14243,326,2025-09-18,直播,曝光
14244,964,2025-07-20,直播,曝光
14245,1882,2025-07-19,短视频,点击
14246,1465,2025-08-15,短视频,曝光
14247,1292,2025-08-09,图文,曝光
14248,1211,2025-07-22,短视频,点击
14249,1840,2025-07-30,图文,曝光
14250,1081,2025-08-17,图文,曝光
14251,815,2025-09-24,直播,曝光
14252,772,2025-07-28,直播,曝光
14253,1046,2025-07-14,短视频,点击
14254,441,2025-07-20,短视频,点击
14255,1918,2025-08-24,短视频,点击
14256,1845,2025-09-25,直播,曝光
14257,766,2025-09-23,图文,曝光
14258,1469,2025-07-25,短视频,曝光
14259,1548,2025-07-28,短视频,加购
14260,1228,2025-08-27,短视频,曝光
14261,223,2025-07-22,直播,曝光
14262,171,2025-08-27,直播,曝光
14263,1432,2025-09-20,图文,曝光
14264,224,2025-08-23,短视频,点击
14265,1642,2025-09-06,直播,曝光
14266,865,2025-09-05,短视频,点击
14267,1607,2025-07-16,图文,曝光
14268,252,2025-08-25,直播,曝光
14269,786,2025-07-23,短视频,曝光
14270,298,2025-09-17,短视频,点击
14271,978,2025-09-05,直播,点击
14272,163,2025-07-03,直播,曝光
14273,551,2025-07-26,短视频,点击
14274,589,2025-07-07,短视频,曝光
14275,1019,2025-08-05,短视频,曝光
14276,23,2025-08-20,短视频,曝光
14277,627,2025-09-26,短视频,加购
14278,1465,2025-08-06,短视频,曝光
14279,818,2025-08-12,短视频,曝光
14280,1199,2025-07-20,短视频,加购
14281,1720,2025-08-24,短视频,曝光
14282,1016,2025-08-02,短视频,点击
14283,1757,2025-09-05,直播,曝光
14284,1974,2025-08-29,直播,分享
14285,1057,2025-07-11,图文,曝光
14286,964,2025-09-17,直播,曝光
14287,634,2025-07-29,短视频,曝光
14288,1740,2025-07-17,短视频,曝光
14289,1565,2025-08-29,直播,曝光
14290,379,2025-07-27,直播,曝光
14291,1303,2025-08-16,短视频,曝光
14292,530,2025-07-13,直播,分享
14293,1980,2025-09-13,直播,曝光
14294,658,2025-09-30,直播,点击
14295,170,2025-08-02,直播,曝光
14296,1981,2025-07-02,短视频,曝光
14297,1216,2025-09-05,直播,曝光
14298,1816,2025-07-15,短视频,曝光
14299,1784,2025-08-14,图文,加购
14300,898,2025-08-05,短视频,曝光
14301,884,2025-07-12,直播,曝光
14302,1689,2025-07-19,图文,曝光
14303,759,2025-09-18,短视频,曝光
14304,467,2025-09-01,短视频,曝光
14305,1133,2025-07-28,短视频,曝光
14306,1186,2025-07-03,直播,曝光
14307,1644,2025-07-16,短视频,曝光
14308,324,2025-08-17,直播,曝光
14309,973,2025-09-06,直播,曝光
14310,1151,2025-07-19,短视频,点击
14311,1922,2025-09-03,直播,曝光
14312,445,2025-08-28,图文,曝光
14313,1241,2025-07-07,图文,曝光
14314,1172,2025-07-11,短视频,加购
14315,1909,2025-07-16,图文,曝光
14316,858,2025-07-19,直播,点击
14317,362,2025-07-02,图文,曝光
14318,1118,2025-09-15,短视频,曝光
14319,1711,2025-09-17,直播,点击
14320,323,2025-09-21,直播,曝光
14321,1434,2025-09-19,图文,加购
14322,1013,2025-08-03,短视频,加购
14323,1592,2025-08-05,直播,点击
14324,633,2025-08-24,短视频,曝光
14325,1708,2025-09-24,图文,点击
14326,288,2025-09-01,图文,加购
14327,1059,2025-08-25,图文,曝光
14328,1001,2025-09-08,直播,加购
14329,560,2025-09-18,短视频,加购
14330,277,2025-08-19,直播,曝光
14331,1889,2025-09-09,图文,曝光
14332,855,2025-08-23,短视频,点击
14333,1857,2025-09-07,直播,曝光
14334,647,2025-09-11,短视频,曝光
14335,1286,2025-09-04,短视频,分享
14336,1087,2025-08-20,短视频,曝光
14337,807,2025-09-20,直播,曝光
14338,968,2025-08-19,短视频,分享
14339,510,2025-08-02,短视频,曝光
14340,270,2025-07-27,图文,曝光
14341,1338,2025-07-31,短视频,点击
14342,559,2025-09-16,图文,曝光
14343,1061,2025-09-26,短视频,曝光
14344,1114,2025-08-10,直播,曝光
14345,1995,2025-07-28,短视频,加购
14346,1668,2025-08-20,短视频,曝光
14347,371,2025-08-04,直播,点击
14348,119,2025-08-28,短视频,曝光
14349,1935,2025-07-05,短视频,曝光
14350,182,2025-08-19,直播,加购
14351,1429,2025-07-20,短视频,加购
14352,1594,2025-08-10,图文,点击
14353,1732,2025-08-26,短视频,加购
14354,680,2025-08-14,图文,曝光
14355,699,2025-09-26,短视频,点击
14356,514,2025-07-10,图文,曝光
14357,338,2025-08-06,短视频,加购
14358,460,2025-09-14,短视频,曝光
14359,405,2025-07-31,短视频,曝光
14360,1942,2025-07-08,直播,曝光
14361,971,2025-08-25,直播,曝光
14362,1022,2025-09-29,短视频,点击
14363,1252,2025-09-23,直播,曝光
14364,322,2025-09-28,短视频,曝光
14365,1977,2025-08-07,短视频,曝光
14366,813,2025-09-20,短视频,分享
14367,1016,2025-07-01,直播,曝光
14368,522,2025-07-08,直播,曝光
14369,599,2025-09-08,直播,加购
14370,338,2025-07-03,短视频,曝光
14371,1008,2025-08-25,直播,点击
14372,1958,2025-08-26,短视频,曝光
14373,39,2025-07-18,直播,曝光
14374,891,2025-07-16,图文,加购
14375,782,2025-07-16,短视频,曝光
14376,1383,2025-09-25,直播,曝光
14377,1481,2025-07-20,短视频,点击
14378,1798,2025-08-30,直播,曝光
14379,512,2025-09-17,直播,曝光
14380,412,2025-09-18,短视频,曝光
14381,960,2025-07-26,短视频,曝光
14382,257,2025-09-30,短视频,点击
14383,964,2025-08-03,短视频,曝光
14384,521,2025-09-25,短视频,曝光
14385,627,2025-07-26,图文,曝光
14386,1426,2025-07-10,图文,点击
14387,300,2025-08-22,短视频,曝光
14388,764,2025-09-29,短视频,点击
14389,1353,2025-09-04,短视频,曝光
14390,979,2025-07-07,直播,曝光
14391,1713,2025-09-13,短视频,点击
14392,41,2025-09-10,短视频,曝光
14393,816,2025-09-26,直播,曝光
14394,9,2025-09-07,短视频,加购
14395,125,2025-08-07,直播,点击
14396,815,2025-07-20,图文,曝光
14397,503,2025-09-27,图文,曝光
14398,301,2025-08-05,直播,点击
14399,1920,2025-08-20,短视频,曝光
14400,1583,2025-08-28,直播,曝光
14401,869,2025-09-29,图文,曝光
14402,1903,2025-08-15,短视频,曝光
14403,170,2025-09-19,图文,曝光
14404,1852,2025-09-03,短视频,加购
14405,1754,2025-07-18,短视频,曝光
14406,932,2025-07-13,直播,曝光
14407,1425,2025-08-28,短视频,曝光
14408,574,2025-08-07,短视频,曝光
14409,1931,2025-07-04,图文,曝光
14410,968,2025-09-04,图文,曝光
14411,435,2025-09-25,直播,点击
14412,209,2025-07-01,直播,曝光
14413,1397,2025-09-25,短视频,曝光
14414,1888,2025-08-29,直播,曝光
14415,1382,2025-09-27,短视频,分享
14416,1343,2025-08-19,短视频,分享
14417,1576,2025-08-03,短视频,曝光
14418,574,2025-09-24,短视频,曝光
14419,676,2025-08-24,短视频,曝光
14420,1519,2025-09-27,短视频,曝光
14421,1297,2025-07-24,短视频,点击
14422,491,2025-09-02,短视频,点击
14423,119,2025-08-24,直播,曝光
14424,1503,2025-08-19,短视频,分享
14425,1721,2025-09-15,短视频,曝光
14426,804,2025-08-18,短视频,曝光
14427,1663,2025-09-13,图文,曝光
14428,1728,2025-08-10,图文,点击
14429,1402,2025-07-16,图文,加购
14430,1980,2025-09-10,直播,点击
14431,1950,2025-08-29,图文,加购
14432,641,2025-07-31,短视频,曝光
14433,1799,2025-07-01,短视频,点击
14434,1103,2025-07-23,图文,点击
14435,766,2025-08-08,短视频,点击
14436,476,2025-08-10,直播,加购
14437,1381,2025-09-06,图文,曝光
14438,1601,2025-07-31,短视频,曝光
14439,407,2025-07-08,短视频,曝光
14440,984,2025-09-13,短视频,曝光
14441,1783,2025-08-02,直播,曝光
14442,1968,2025-07-26,直播,曝光
14443,880,2025-09-08,直播,曝光
14444,1774,2025-08-06,短视频,曝光
14445,1710,2025-08-15,短视频,曝光
14446,546,2025-07-25,图文,加购
14447,910,2025-09-20,图文,加购
14448,239,2025-08-19,短视频,曝光
14449,12,2025-07-29,直播,曝光
14450,1240,2025-07-29,图文,曝光
14451,6,2025-08-09,直播,曝光
14452,637,2025-08-27,图文,加购
14453,351,2025-07-23,直播,曝光
14454,508,2025-09-13,短视频,加购
14455,484,2025-08-02,直播,曝光
14456,1091,2025-09-07,直播,曝光
14457,1547,2025-09-23,短视频,曝光
14458,1077,2025-07-28,短视频,曝光
14459,1515,2025-08-16,图文,曝光
14460,1076,2025-08-22,直播,曝光
14461,1377,2025-09-07,短视频,曝光
14462,589,2025-08-05,直播,加购
14463,657,2025-09-06,直播,曝光
14464,311,2025-08-29,短视频,分享
14465,1041,2025-07-31,直播,曝光
14466,368,2025-09-19,图文,曝光
14467,1251,2025-07-04,图文,曝光
14468,1441,2025-09-16,短视频,点击
14469,1770,2025-08-02,短视频,分享
14470,937,2025-09-20,短视频,曝光
14471,1984,2025-07-23,直播,曝光
14472,939,2025-08-07,短视频,曝光
14473,1428,2025-07-10,直播,曝光
14474,1954,2025-09-13,直播,曝光
14475,1059,2025-09-03,短视频,加购
14476,1836,2025-08-04,图文,曝光
14477,1153,2025-08-25,短视频,曝光
14478,130,2025-07-10,图文,点击
14479,989,2025-08-28,短视频,曝光
14480,1596,2025-08-24,短视频,点击
14481,1297,2025-09-19,短视频,曝光
14482,496,2025-08-24,图文,曝光
14483,575,2025-07-29,短视频,加购
14484,1445,2025-09-09,直播,曝光
14485,1597,2025-09-08,短视频,点击
14486,347,2025-09-16,短视频,曝光
14487,910,2025-08-30,直播,曝光
14488,291,2025-09-21,短视频,曝光
14489,589,2025-08-26,短视频,曝光
14490,1879,2025-09-03,直播,曝光
14491,59,2025-09-24,图文,曝光
14492,1117,2025-08-27,短视频,分享
14493,903,2025-08-24,短视频,分享
14494,700,2025-07-02,直播,曝光
14495,1796,2025-07-22,图文,曝光
14496,1783,2025-07-11,短视频,曝光
14497,42,2025-07-28,短视频,曝光
14498,580,2025-07-13,短视频,曝光
14499,473,2025-08-27,短视频,曝光
14500,128,2025-07-24,短视频,曝光
14501,1007,2025-07-22,短视频,曝光
14502,790,2025-09-21,直播,曝光
14503,798,2025-08-10,短视频,曝光
14504,1415,2025-09-05,短视频,曝光
14505,1945,2025-07-06,直播,曝光
14506,1325,2025-08-28,直播,曝光
14507,1236,2025-09-20,图文,曝光
14508,948,2025-07-12,直播,曝光
14509,807,2025-07-17,图文,曝光
14510,1021,2025-08-30,短视频,曝光
14511,532,2025-08-27,直播,曝光
14512,1059,2025-09-06,短视频,曝光
14513,758,2025-07-24,直播,点击
14514,750,2025-07-29,短视频,曝光
14515,1737,2025-07-07,短视频,曝光
14516,166,2025-07-23,短视频,点击
14517,1636,2025-08-29,直播,曝光
14518,316,2025-09-02,直播,曝光
14519,758,2025-08-21,直播,曝光
14520,1449,2025-07-12,直播,曝光
14521,1827,2025-09-18,短视频,曝光
14522,1621,2025-08-23,直播,曝光
14523,1453,2025-07-04,直播,点击
14524,792,2025-09-28,短视频,曝光
14525,724,2025-08-23,短视频,曝光
14526,659,2025-07-03,短视频,曝光
14527,1668,2025-08-07,短视频,点击
14528,1216,2025-07-17,短视频,曝光
14529,129,2025-07-01,图文,曝光
14530,44,2025-08-18,短视频,分享
14531,243,2025-07-02,短视频,点击
14532,1140,2025-07-07,图文,曝光
14533,1963,2025-08-15,短视频,曝光
14534,939,2025-09-04,短视频,点击
14535,493,2025-08-03,短视频,曝光
14536,884,2025-07-08,短视频,曝光
14537,1417,2025-09-04,短视频,曝光
14538,3,2025-07-18,图文,曝光
14539,1314,2025-07-23,直播,点击
14540,1886,2025-08-20,直播,加购
14541,1867,2025-07-18,短视频,曝光
14542,347,2025-09-14,短视频,分享
14543,1963,2025-09-12,直播,分享
14544,226,2025-08-03,短视频,曝光
14545,941,2025-09-06,短视频,曝光
14546,772,2025-07-06,短视频,点击
14547,1339,2025-09-14,短视频,曝光
14548,1558,2025-08-02,直播,曝光
14549,1219,2025-09-26,短视频,曝光
14550,1530,2025-07-07,短视频,加购
14551,1965,2025-07-19,直播,曝光
14552,1024,2025-07-18,图文,点击
14553,1155,2025-08-27,短视频,点击
14554,1099,2025-08-13,短视频,曝光
14555,537,2025-07-03,直播,曝光
14556,911,2025-09-20,短视频,分享
14557,1119,2025-08-01,短视频,曝光
14558,51,2025-09-21,短视频,曝光
14559,786,2025-08-02,直播,曝光
14560,556,2025-09-03,直播,曝光
14561,1333,2025-09-27,短视频,曝光
14562,778,2025-09-16,图文,曝光
14563,273,2025-09-02,短视频,曝光
14564,1109,2025-08-19,短视频,加购
14565,923,2025-09-13,短视频,曝光
14566,1319,2025-09-26,直播,曝光
14567,1486,2025-08-15,短视频,曝光
14568,1976,2025-09-15,图文,曝光
14569,1237,2025-07-01,图文,曝光
14570,1015,2025-08-30,短视频,曝光
14571,561,2025-09-27,短视频,曝光
14572,1344,2025-07-22,直播,分享
14573,825,2025-09-13,短视频,分享
14574,1922,2025-09-09,短视频,点击
14575,1371,2025-07-14,短视频,曝光
14576,558,2025-09-19,图文,曝光
14577,1878,2025-08-25,直播,曝光
14578,908,2025-08-14,直播,曝光
14579,1241,2025-07-26,直播,曝光
14580,1442,2025-08-03,短视频,点击
14581,1308,2025-08-15,短视频,曝光
14582,1131,2025-08-03,短视频,曝光
14583,1467,2025-08-10,短视频,加购
14584,1787,2025-09-08,短视频,加购
14585,328,2025-07-19,直播,点击
14586,1133,2025-09-26,图文,曝光
14587,1214,2025-08-02,直播,曝光
14588,1845,2025-08-06,短视频,曝光
14589,1152,2025-08-08,直播,点击
14590,298,2025-07-10,短视频,曝光
14591,1526,2025-08-19,图文,曝光
14592,1608,2025-07-04,直播,曝光
14593,1678,2025-09-14,短视频,曝光
14594,427,2025-09-15,短视频,点击
14595,302,2025-07-30,直播,加购
14596,99,2025-07-29,图文,曝光
14597,857,2025-07-24,短视频,曝光
14598,224,2025-09-14,直播,曝光
14599,1531,2025-09-28,直播,曝光
14600,1162,2025-07-11,短视频,曝光
14601,631,2025-07-13,短视频,加购
14602,582,2025-07-04,短视频,曝光
14603,899,2025-08-09,短视频,点击
14604,288,2025-07-29,短视频,曝光
14605,834,2025-08-06,短视频,点击
14606,1259,2025-07-30,短视频,分享
14607,923,2025-08-20,短视频,点击
14608,976,2025-09-30,直播,曝光
14609,1656,2025-09-28,短视频,曝光
14610,762,2025-07-22,短视频,曝光
14611,250,2025-09-16,短视频,曝光
14612,1072,2025-09-07,直播,曝光
14613,348,2025-09-22,图文,加购
14614,1723,2025-09-23,直播,曝光
14615,312,2025-07-10,直播,点击
14616,1450,2025-09-10,短视频,曝光
14617,904,2025-09-08,直播,加购
14618,991,2025-09-28,直播,点击
14619,1773,2025-09-08,短视频,分享
14620,1646,2025-07-16,图文,点击
14621,343,2025-07-31,短视频,曝光
14622,1726,2025-09-01,短视频,曝光
14623,643,2025-07-30,图文,曝光
14624,753,2025-08-18,图文,曝光
14625,1660,2025-08-25,短视频,曝光
14626,300,2025-09-19,短视频,曝光
14627,823,2025-07-13,直播,分享
14628,231,2025-09-07,直播,曝光
14629,1130,2025-09-23,图文,曝光
14630,1278,2025-09-10,直播,曝光
14631,1164,2025-07-01,直播,曝光
14632,1873,2025-08-05,直播,分享
14633,1422,2025-08-19,图文,曝光
14634,78,2025-09-01,直播,曝光
14635,414,2025-09-12,短视频,点击
14636,995,2025-09-20,直播,加购
14637,915,2025-09-14,直播,曝光
14638,389,2025-07-19,图文,点击
14639,1056,2025-08-31,短视频,曝光
14640,1064,2025-07-03,短视频,加购
14641,909,2025-07-13,直播,曝光
14642,1714,2025-07-29,图文,加购
14643,761,2025-08-28,短视频,曝光
14644,1574,2025-09-18,短视频,点击
14645,1398,2025-09-06,短视频,加购
14646,1943,2025-08-12,短视频,曝光
14647,1273,2025-07-09,直播,曝光
14648,970,2025-07-24,短视频,曝光
14649,2,2025-08-29,图文,曝光
14650,1327,2025-09-22,短视频,曝光
14651,1056,2025-07-11,短视频,分享
14652,1798,2025-07-04,短视频,点击
14653,1193,2025-08-17,短视频,曝光
14654,1396,2025-09-13,图文,分享
14655,1824,2025-07-21,直播,曝光
14656,1929,2025-09-12,图文,点击
14657,442,2025-09-30,短视频,曝光
14658,492,2025-08-17,短视频,曝光
14659,1568,2025-09-03,图文,曝光
14660,270,2025-07-25,直播,曝光
14661,1640,2025-09-03,直播,曝光
14662,299,2025-08-09,短视频,曝光
14663,729,2025-09-12,短视频,分享
14664,1705,2025-08-02,短视频,曝光
14665,276,2025-08-22,短视频,曝光
14666,106,2025-07-14,短视频,曝光
14667,1518,2025-08-30,短视频,曝光
14668,1620,2025-08-24,直播,分享
14669,1509,2025-08-03,直播,曝光
14670,929,2025-07-19,图文,点击
14671,1528,2025-09-26,短视频,分享
14672,1383,2025-09-30,图文,曝光
14673,756,2025-08-15,短视频,曝光
14674,1492,2025-08-22,直播,曝光
14675,387,2025-08-28,短视频,曝光
14676,849,2025-07-11,短视频,曝光
14677,1655,2025-07-23,图文,曝光
14678,293,2025-08-26,直播,曝光
14679,842,2025-08-27,短视频,曝光
14680,1234,2025-08-04,图文,点击
14681,1196,2025-08-16,图文,点击
14682,1914,2025-07-18,短视频,曝光
14683,1323,2025-09-06,短视频,曝光
14684,52,2025-07-28,短视频,点击
14685,1991,2025-09-30,直播,曝光
14686,454,2025-07-24,短视频,点击
14687,1189,2025-07-04,短视频,曝光
14688,1749,2025-08-23,图文,曝光
14689,1215,2025-07-15,图文,曝光
14690,140,2025-07-26,短视频,曝光
14691,703,2025-08-18,图文,曝光
14692,21,2025-07-05,短视频,曝光
14693,843,2025-07-21,短视频,曝光
14694,1756,2025-09-14,短视频,点击
14695,516,2025-07-25,短视频,曝光
14696,1537,2025-07-27,直播,点击
14697,86,2025-08-10,直播,曝光
14698,508,2025-07-29,直播,曝光
14699,1147,2025-09-26,直播,曝光
14700,1933,2025-08-09,短视频,曝光
14701,1238,2025-07-21,图文,曝光
14702,1425,2025-09-11,直播,加购
14703,1545,2025-07-02,图文,曝光
14704,239,2025-08-26,直播,曝光
14705,1920,2025-08-14,短视频,点击
14706,922,2025-07-09,直播,曝光
14707,618,2025-07-23,短视频,分享
14708,1731,2025-08-12,短视频,曝光
14709,982,2025-07-03,直播,曝光
14710,1336,2025-09-08,短视频,曝光
14711,740,2025-09-13,图文,点击
14712,1172,2025-07-04,短视频,曝光
14713,306,2025-08-05,图文,曝光
14714,834,2025-07-04,图文,曝光
14715,904,2025-07-16,短视频,曝光
14716,497,2025-09-03,短视频,曝光
14717,1825,2025-07-30,短视频,曝光
14718,1228,2025-08-16,短视频,曝光
14719,1742,2025-07-25,短视频,曝光
14720,308,2025-07-16,短视频,点击
14721,848,2025-09-17,短视频,曝光
14722,1620,2025-08-31,直播,点击
14723,327,2025-09-18,直播,曝光
14724,420,2025-07-08,图文,点击
14725,1847,2025-07-20,短视频,加购
14726,242,2025-08-10,图文,曝光
14727,917,2025-09-30,直播,曝光
14728,145,2025-09-14,直播,曝光
14729,680,2025-08-17,短视频,曝光
14730,1630,2025-07-17,短视频,曝光
14731,728,2025-09-27,短视频,点击
14732,936,2025-08-24,短视频,曝光
14733,1833,2025-09-10,短视频,曝光
14734,798,2025-08-04,短视频,曝光
14735,1202,2025-09-08,短视频,曝光
14736,1043,2025-09-21,直播,加购
14737,1437,2025-08-08,短视频,曝光
14738,1175,2025-08-29,直播,分享
14739,1663,2025-09-10,短视频,加购
14740,1762,2025-08-03,图文,曝光
14741,1974,2025-08-30,短视频,点击
14742,688,2025-08-15,图文,曝光
14743,356,2025-08-21,短视频,点击
14744,375,2025-08-18,短视频,点击
14745,1576,2025-07-21,短视频,曝光
14746,1739,2025-09-29,图文,曝光
14747,483,2025-07-30,直播,曝光
14748,962,2025-09-07,短视频,曝光
14749,39,2025-09-10,短视频,曝光
14750,1160,2025-09-04,图文,曝光
14751,1404,2025-07-20,图文,点击
14752,317,2025-09-29,短视频,曝光
14753,1854,2025-08-27,短视频,曝光
14754,1725,2025-07-15,图文,点击
14755,1916,2025-08-25,短视频,曝光
14756,1877,2025-08-12,短视频,加购
14757,166,2025-09-02,图文,曝光
14758,896,2025-09-27,直播,加购
14759,852,2025-07-24,短视频,曝光
14760,41,2025-09-17,短视频,曝光
14761,1872,2025-09-17,短视频,分享
14762,55,2025-07-19,短视频,加购
14763,1392,2025-07-28,直播,曝光
14764,605,2025-08-08,短视频,曝光
14765,1195,2025-07-27,短视频,曝光
14766,984,2025-07-18,直播,点击
14767,441,2025-09-06,直播,曝光
14768,866,2025-09-03,短视频,曝光
14769,1416,2025-09-07,图文,曝光
14770,1138,2025-08-26,直播,曝光
14771,450,2025-07-18,图文,加购
14772,515,2025-08-23,短视频,曝光
14773,1392,2025-08-19,图文,曝光
14774,420,2025-09-22,短视频,曝光
14775,1192,2025-09-19,图文,点击
14776,1949,2025-07-10,直播,曝光
14777,1151,2025-08-19,短视频,曝光
14778,562,2025-09-25,短视频,曝光
14779,1339,2025-09-04,图文,曝光
14780,1894,2025-08-14,短视频,加购
14781,1298,2025-09-01,直播,曝光
14782,1144,2025-07-03,短视频,曝光
14783,1228,2025-08-15,短视频,曝光
14784,140,2025-09-23,短视频,曝光
14785,48,2025-08-11,图文,点击
14786,1191,2025-09-24,短视频,曝光
14787,957,2025-09-12,短视频,加购
14788,1972,2025-09-25,直播,曝光
14789,954,2025-07-14,直播,曝光
14790,1680,2025-09-15,短视频,加购
14791,1319,2025-07-20,直播,曝光
14792,608,2025-07-26,短视频,曝光
14793,1727,2025-07-13,图文,点击
14794,192,2025-07-27,图文,曝光
14795,1392,2025-08-29,图文,曝光
14796,921,2025-07-31,短视频,点击
14797,1447,2025-07-03,短视频,曝光
14798,198,2025-07-21,图文,点击
14799,405,2025-07-12,直播,曝光
14800,596,2025-09-22,图文,加购
14801,1132,2025-09-08,直播,曝光
14802,1837,2025-08-19,图文,点击
14803,1816,2025-09-17,短视频,曝光
14804,1308,2025-07-25,短视频,曝光
14805,228,2025-09-22,直播,曝光
14806,1567,2025-09-10,图文,点击
14807,1699,2025-07-24,短视频,加购
14808,1082,2025-08-27,图文,加购
14809,133,2025-09-27,短视频,曝光
14810,337,2025-08-04,直播,曝光
14811,1614,2025-07-20,直播,曝光
14812,301,2025-09-23,直播,分享
14813,678,2025-07-29,短视频,曝光
14814,1532,2025-08-21,短视频,曝光
14815,304,2025-07-09,图文,点击
14816,859,2025-08-27,图文,曝光
14817,1369,2025-09-30,直播,曝光
14818,1000,2025-07-04,图文,曝光
14819,1754,2025-07-27,短视频,曝光
14820,358,2025-08-27,直播,曝光
14821,1145,2025-08-24,短视频,曝光
14822,724,2025-08-07,直播,加购
14823,1120,2025-07-30,短视频,曝光
14824,265,2025-09-07,短视频,曝光
14825,1374,2025-08-14,短视频,曝光
14826,410,2025-07-05,直播,分享
14827,1619,2025-07-13,直播,曝光
14828,1778,2025-08-05,图文,曝光
14829,681,2025-08-29,图文,曝光
14830,1434,2025-07-07,直播,曝光
14831,1093,2025-09-30,短视频,曝光
14832,1704,2025-09-24,图文,曝光
14833,1853,2025-07-07,直播,曝光
14834,1749,2025-08-08,图文,曝光
14835,520,2025-08-04,短视频,点击
14836,1180,2025-07-13,短视频,曝光
14837,187,2025-08-17,直播,曝光
14838,609,2025-09-07,短视频,曝光
14839,726,2025-08-19,图文,曝光
14840,986,2025-09-20,直播,曝光
14841,1665,2025-08-29,短视频,分享
14842,38,2025-09-10,短视频,点击
14843,987,2025-09-16,短视频,曝光
14844,1635,2025-09-17,短视频,曝光
14845,462,2025-08-22,短视频,曝光
14846,1606,2025-09-16,短视频,点击
14847,154,2025-08-04,直播,加购
14848,1017,2025-09-30,短视频,分享
14849,1973,2025-08-30,短视频,曝光
14850,756,2025-08-03,直播,点击
14851,1281,2025-07-06,短视频,曝光
14852,346,2025-08-02,图文,加购
14853,844,2025-08-14,短视频,曝光
14854,152,2025-07-11,直播,曝光
14855,232,2025-08-22,短视频,曝光
14856,650,2025-09-17,短视频,曝光
14857,1963,2025-07-30,短视频,曝光
14858,1875,2025-09-24,短视频,点击
14859,118,2025-08-07,短视频,曝光
14860,138,2025-07-26,短视频,曝光
14861,1376,2025-09-16,短视频,曝光
14862,1899,2025-08-26,短视频,曝光
14863,1013,2025-08-27,图文,曝光
14864,1058,2025-07-23,短视频,曝光
14865,1204,2025-08-25,直播,点击
14866,882,2025-09-18,图文,曝光
14867,1490,2025-07-18,图文,曝光
14868,246,2025-07-01,直播,加购
14869,119,2025-09-09,短视频,曝光
14870,143,2025-09-02,图文,曝光
14871,446,2025-07-19,图文,曝光
14872,1089,2025-08-19,直播,曝光
14873,526,2025-07-12,直播,曝光
14874,1198,2025-07-27,短视频,曝光
14875,38,2025-07-17,直播,曝光
14876,869,2025-09-23,短视频,点击
14877,295,2025-08-02,短视频,曝光
14878,575,2025-08-14,短视频,曝光
14879,1294,2025-07-23,短视频,曝光
14880,27,2025-08-18,直播,分享
14881,1541,2025-08-21,短视频,点击
14882,534,2025-07-08,短视频,点击
14883,1723,2025-09-11,短视频,曝光
14884,1430,2025-08-07,短视频,曝光
14885,1809,2025-08-13,直播,点击
14886,1213,2025-07-15,短视频,曝光
14887,820,2025-07-07,短视频,曝光
14888,317,2025-08-20,图文,分享
14889,146,2025-07-03,直播,曝光
14890,1587,2025-08-23,直播,点击
14891,1290,2025-09-09,直播,曝光
14892,297,2025-07-23,图文,曝光
14893,191,2025-07-27,直播,加购
14894,1591,2025-09-25,短视频,曝光
14895,120,2025-08-12,直播,曝光
14896,1026,2025-07-28,直播,点击
14897,650,2025-09-20,图文,分享
14898,1434,2025-08-30,直播,曝光
14899,116,2025-08-24,短视频,曝光
14900,167,2025-09-29,短视频,曝光
14901,280,2025-08-25,短视频,曝光
14902,1482,2025-09-12,直播,曝光
14903,1425,2025-09-03,短视频,曝光
14904,1443,2025-09-07,短视频,曝光
14905,1152,2025-09-01,图文,曝光
14906,351,2025-07-06,短视频,点击
14907,455,2025-07-17,图文,点击
14908,276,2025-08-18,图文,加购
14909,252,2025-09-04,图文,曝光
14910,1498,2025-09-08,短视频,曝光
14911,914,2025-09-13,短视频,曝光
14912,833,2025-08-30,图文,曝光
14913,295,2025-07-04,直播,曝光
14914,1296,2025-08-22,短视频,点击
14915,1664,2025-09-04,图文,曝光
14916,19,2025-09-23,直播,曝光
14917,1864,2025-08-26,直播,曝光
14918,368,2025-08-21,直播,曝光
14919,1823,2025-07-15,直播,曝光
14920,1492,2025-09-16,短视频,曝光
14921,1781,2025-08-07,短视频,曝光
14922,398,2025-09-20,直播,曝光
14923,1129,2025-07-17,短视频,曝光
14924,161,2025-09-11,短视频,曝光
14925,896,2025-07-28,短视频,曝光
14926,351,2025-07-14,直播,曝光
14927,143,2025-09-23,图文,曝光
14928,1665,2025-09-10,短视频,曝光
14929,1512,2025-09-18,直播,分享
14930,694,2025-09-11,短视频,曝光
14931,829,2025-08-23,短视频,曝光
14932,1061,2025-08-31,短视频,曝光
14933,1214,2025-07-05,短视频,曝光
14934,1155,2025-08-04,短视频,点击
14935,611,2025-07-31,短视频,曝光
14936,746,2025-07-27,短视频,曝光
14937,1979,2025-08-02,直播,曝光
14938,188,2025-08-29,直播,加购
14939,810,2025-08-27,短视频,曝光
14940,514,2025-09-06,短视频,曝光
14941,488,2025-08-09,直播,分享
14942,316,2025-09-23,图文,曝光
14943,198,2025-08-17,直播,曝光
14944,1820,2025-08-01,图文,曝光
14945,1741,2025-09-20,短视频,曝光
14946,1481,2025-07-27,短视频,曝光
14947,1856,2025-09-15,直播,曝光
14948,1647,2025-09-07,短视频,曝光
14949,257,2025-09-26,短视频,点击
14950,1625,2025-09-29,图文,曝光
14951,1616,2025-07-13,短视频,加购
14952,5,2025-07-27,图文,曝光
14953,1758,2025-08-15,图文,曝光
14954,1499,2025-07-26,短视频,曝光
14955,1988,2025-07-15,图文,曝光
14956,965,2025-09-21,直播,点击
14957,1485,2025-07-01,直播,加购
14958,1550,2025-07-25,短视频,曝光
14959,1333,2025-09-18,短视频,曝光
14960,1920,2025-08-08,短视频,曝光
14961,286,2025-07-25,短视频,曝光
14962,716,2025-09-30,直播,点击
14963,192,2025-08-31,图文,分享
14964,1210,2025-09-12,图文,点击
14965,50,2025-08-02,短视频,曝光
14966,610,2025-07-23,直播,点击
14967,1480,2025-08-09,短视频,点击
14968,1788,2025-09-26,短视频,曝光
14969,445,2025-08-24,短视频,曝光
14970,509,2025-09-16,直播,曝光
14971,54,2025-09-25,短视频,曝光
14972,703,2025-09-28,短视频,曝光
14973,1407,2025-09-25,短视频,曝光
14974,1776,2025-08-07,短视频,分享
14975,842,2025-09-26,短视频,曝光
14976,202,2025-08-31,短视频,曝光
14977,643,2025-09-22,直播,点击
14978,989,2025-08-05,图文,曝光
14979,1212,2025-07-01,短视频,曝光
14980,1163,2025-08-10,短视频,曝光
14981,1601,2025-07-28,直播,曝光
14982,1159,2025-08-31,直播,曝光
14983,807,2025-08-26,图文,分享
14984,241,2025-08-08,短视频,曝光
14985,1873,2025-08-31,图文,加购
14986,79,2025-08-08,短视频,曝光
14987,658,2025-09-06,图文,曝光
14988,834,2025-08-19,短视频,曝光
14989,1781,2025-07-26,图文,加购
14990,908,2025-07-10,短视频,曝光
14991,827,2025-07-10,短视频,曝光
14992,1886,2025-09-29,直播,曝光
14993,730,2025-09-11,短视频,加购
14994,1512,2025-09-15,直播,曝光
14995,65,2025-08-28,短视频,曝光
14996,1198,2025-08-14,直播,曝光
14997,1457,2025-09-15,直播,点击
14998,421,2025-09-08,直播,曝光
14999,1519,2025-07-24,直播,曝光
15000,1803,2025-09-30,短视频,曝光
15001,107,2025-07-11,直播,曝光
15002,388,2025-08-17,直播,分享
15003,289,2025-07-11,直播,分享
15004,1895,2025-09-05,直播,曝光
15005,583,2025-08-05,直播,点击
15006,1892,2025-07-08,短视频,曝光
15007,760,2025-09-12,短视频,曝光
15008,1956,2025-09-26,直播,曝光
15009,1125,2025-08-02,短视频,曝光
15010,567,2025-07-16,短视频,曝光
15011,1017,2025-07-29,短视频,曝光
15012,275,2025-09-12,图文,曝光
15013,399,2025-09-17,图文,曝光
15014,1258,2025-08-14,图文,曝光
15015,1507,2025-08-20,短视频,曝光
15016,846,2025-08-29,短视频,曝光
15017,1710,2025-08-03,图文,曝光
15018,777,2025-08-24,直播,曝光
15019,749,2025-07-06,图文,曝光
15020,1113,2025-08-08,短视频,曝光
15021,789,2025-09-05,直播,点击
15022,1379,2025-09-26,直播,点击
15023,1804,2025-09-21,直播,曝光
15024,665,2025-07-29,短视频,曝光
15025,976,2025-07-20,图文,加购
15026,671,2025-07-22,短视频,点击
15027,1182,2025-07-21,直播,曝光
15028,1221,2025-09-21,直播,曝光
15029,903,2025-07-03,短视频,曝光
15030,143,2025-07-28,短视频,曝光
15031,1853,2025-08-28,短视频,曝光
15032,1400,2025-07-10,图文,曝光
15033,1443,2025-08-05,图文,点击
15034,1599,2025-07-15,短视频,曝光
15035,53,2025-07-27,直播,点击
15036,1760,2025-08-02,短视频,曝光
15037,173,2025-08-31,直播,曝光
15038,1508,2025-09-19,短视频,曝光
15039,1909,2025-09-29,短视频,点击
15040,1014,2025-08-31,直播,曝光
15041,1431,2025-09-06,图文,曝光
15042,1748,2025-07-12,短视频,曝光
15043,1133,2025-08-27,短视频,曝光
15044,982,2025-08-19,直播,点击
15045,1616,2025-09-28,直播,曝光
15046,1575,2025-08-27,图文,曝光
15047,166,2025-09-12,短视频,曝光
15048,128,2025-09-13,短视频,曝光
15049,1426,2025-07-12,图文,曝光
15050,1419,2025-08-21,短视频,曝光
15051,1626,2025-09-21,短视频,曝光
15052,169,2025-08-01,图文,曝光
15053,312,2025-09-11,短视频,曝光
15054,56,2025-09-30,图文,点击
15055,567,2025-09-28,短视频,曝光
15056,1005,2025-07-24,直播,曝光
15057,723,2025-07-31,图文,曝光
15058,239,2025-09-27,短视频,曝光
15059,1107,2025-08-06,短视频,点击
15060,651,2025-07-20,短视频,曝光
15061,575,2025-08-26,直播,曝光
15062,1549,2025-08-17,短视频,曝光
15063,638,2025-07-01,直播,曝光
15064,1101,2025-07-11,直播,曝光
15065,134,2025-08-27,短视频,曝光
15066,1467,2025-09-21,直播,曝光
15067,1086,2025-08-29,短视频,曝光
15068,1568,2025-08-15,短视频,分享
15069,604,2025-09-30,短视频,加购
15070,961,2025-09-20,图文,加购
15071,857,2025-08-04,短视频,曝光
15072,1972,2025-09-14,短视频,曝光
15073,204,2025-09-22,直播,曝光
15074,405,2025-07-18,短视频,点击
15075,1940,2025-08-27,短视频,曝光
15076,170,2025-07-06,短视频,曝光
15077,557,2025-08-21,短视频,点击
15078,637,2025-09-23,图文,曝光
15079,1574,2025-09-21,短视频,曝光
15080,1526,2025-08-21,短视频,曝光
15081,1737,2025-08-24,直播,曝光
15082,193,2025-09-17,短视频,曝光
15083,431,2025-07-01,短视频,曝光
15084,934,2025-09-02,直播,曝光
15085,1461,2025-07-30,直播,曝光
15086,1143,2025-09-09,短视频,曝光
15087,1045,2025-07-11,短视频,曝光
15088,1616,2025-08-14,短视频,点击
15089,397,2025-09-08,短视频,曝光
15090,1692,2025-09-06,图文,点击
15091,1318,2025-09-06,短视频,曝光
15092,478,2025-09-23,直播,点击
15093,876,2025-08-03,短视频,曝光
15094,549,2025-09-04,短视频,曝光
15095,618,2025-09-13,直播,曝光
15096,1368,2025-09-24,短视频,加购
15097,609,2025-07-21,短视频,曝光
15098,1720,2025-07-23,直播,点击
15099,196,2025-08-10,图文,曝光
15100,337,2025-09-12,短视频,加购
15101,1827,2025-09-19,直播,曝光
15102,1446,2025-08-18,直播,曝光
15103,880,2025-09-05,直播,曝光
15104,476,2025-07-06,图文,曝光
15105,510,2025-09-08,直播,曝光
15106,362,2025-08-29,图文,曝光
15107,1795,2025-07-31,短视频,曝光
15108,676,2025-08-27,短视频,曝光
15109,1874,2025-09-26,短视频,加购
15110,1590,2025-09-30,直播,曝光
15111,717,2025-08-29,短视频,曝光
15112,1486,2025-08-29,短视频,曝光
15113,955,2025-08-30,直播,加购
15114,958,2025-07-13,直播,点击
15115,1539,2025-08-01,直播,曝光
15116,1429,2025-09-30,短视频,点击
15117,438,2025-07-06,图文,曝光
15118,812,2025-07-29,短视频,分享
15119,1870,2025-09-21,直播,点击
15120,422,2025-09-03,短视频,曝光
15121,1427,2025-08-06,短视频,点击
15122,1687,2025-08-25,直播,曝光
15123,1202,2025-09-08,短视频,曝光
15124,108,2025-08-02,短视频,曝光
15125,1703,2025-09-24,短视频,曝光
15126,1803,2025-08-07,短视频,曝光
15127,1288,2025-09-20,短视频,加购
15128,1578,2025-08-30,图文,分享
15129,91,2025-07-05,短视频,曝光
15130,1448,2025-09-19,图文,曝光
15131,1609,2025-07-11,短视频,分享
15132,1139,2025-09-26,直播,点击
15133,1049,2025-07-02,图文,曝光
15134,1621,2025-09-30,直播,加购
15135,1324,2025-08-13,短视频,加购
15136,57,2025-07-11,直播,曝光
15137,369,2025-07-20,图文,曝光
15138,1183,2025-07-18,短视频,曝光
15139,1211,2025-08-19,直播,加购
15140,523,2025-07-19,短视频,曝光
15141,278,2025-09-12,图文,点击
15142,1279,2025-09-28,短视频,曝光
15143,620,2025-07-28,直播,曝光
15144,1350,2025-07-09,短视频,加购
15145,1322,2025-07-05,直播,点击
15146,430,2025-09-03,短视频,曝光
15147,1535,2025-09-08,图文,点击
15148,310,2025-09-27,短视频,加购
15149,800,2025-07-13,图文,曝光
15150,1175,2025-08-22,短视频,曝光
15151,1773,2025-07-18,图文,分享
15152,1882,2025-07-01,短视频,曝光
15153,1388,2025-08-09,图文,曝光
15154,1327,2025-07-07,直播,曝光
15155,1001,2025-07-15,短视频,曝光
15156,969,2025-09-04,图文,曝光
15157,1114,2025-07-20,短视频,曝光
15158,1871,2025-08-06,短视频,曝光
15159,1302,2025-09-26,短视频,曝光
15160,1638,2025-08-16,直播,曝光
15161,1105,2025-07-13,直播,曝光
15162,1466,2025-07-05,短视频,曝光
15163,1701,2025-08-07,直播,曝光
15164,875,2025-09-21,图文,曝光
15165,1291,2025-07-04,短视频,点击
15166,983,2025-09-22,图文,曝光
15167,1022,2025-08-13,短视频,曝光
15168,530,2025-08-25,直播,点击
15169,1674,2025-08-20,直播,曝光
15170,1634,2025-08-13,直播,点击
15171,1843,2025-07-29,短视频,曝光
15172,570,2025-08-06,直播,曝光
15173,1998,2025-09-06,短视频,曝光
15174,1408,2025-07-19,短视频,点击
15175,683,2025-09-12,直播,点击
15176,1750,2025-09-25,直播,曝光
15177,1118,2025-08-16,图文,曝光
15178,1105,2025-08-15,短视频,曝光
15179,1515,2025-09-13,图文,分享
15180,314,2025-07-10,直播,曝光
15181,931,2025-09-10,直播,曝光
15182,50,2025-09-11,短视频,曝光
15183,853,2025-08-01,图文,分享
15184,1347,2025-09-28,直播,曝光
15185,1976,2025-08-15,短视频,曝光
15186,450,2025-07-26,直播,分享
15187,1752,2025-07-24,短视频,曝光
15188,79,2025-09-02,图文,曝光
15189,27,2025-09-24,图文,曝光
15190,687,2025-09-30,直播,曝光
15191,579,2025-09-21,短视频,点击
15192,1165,2025-07-11,短视频,点击
15193,388,2025-09-05,短视频,曝光
15194,1104,2025-09-13,直播,点击
15195,1976,2025-07-21,直播,曝光
15196,335,2025-08-15,直播,曝光
15197,863,2025-07-05,短视频,曝光
15198,1208,2025-08-31,短视频,曝光
15199,860,2025-08-25,短视频,曝光
15200,822,2025-07-17,短视频,分享
15201,76,2025-07-17,短视频,曝光
15202,956,2025-07-21,图文,点击
15203,1855,2025-08-28,直播,点击
15204,1749,2025-08-21,直播,点击
15205,1597,2025-08-17,短视频,曝光
15206,158,2025-07-24,直播,曝光
15207,251,2025-09-11,图文,曝光
15208,1056,2025-08-24,短视频,曝光
15209,595,2025-07-29,直播,曝光
15210,348,2025-07-09,短视频,曝光
15211,370,2025-09-17,短视频,曝光
15212,366,2025-09-10,直播,曝光
15213,184,2025-07-28,图文,曝光
15214,1221,2025-07-26,直播,曝光
15215,828,2025-09-28,图文,曝光
15216,1340,2025-09-06,直播,曝光
15217,430,2025-07-14,直播,曝光
15218,1213,2025-07-15,直播,点击
15219,369,2025-08-18,短视频,曝光
15220,1847,2025-09-12,图文,曝光
15221,344,2025-07-05,短视频,曝光
15222,1590,2025-07-02,直播,曝光
15223,1372,2025-08-25,图文,点击
15224,398,2025-07-16,短视频,点击
15225,181,2025-08-21,短视频,点击
15226,1272,2025-08-01,短视频,曝光
15227,87,2025-09-16,短视频,曝光
15228,1241,2025-09-10,图文,曝光
15229,1357,2025-07-13,短视频,点击
15230,1294,2025-07-03,图文,分享
15231,1953,2025-08-09,直播,曝光
15232,859,2025-09-07,直播,曝光
15233,1004,2025-08-14,图文,曝光
15234,1896,2025-07-22,短视频,曝光
15235,1721,2025-07-05,短视频,分享
15236,928,2025-09-30,直播,点击
15237,846,2025-09-20,直播,曝光
15238,1579,2025-07-27,短视频,曝光
15239,1131,2025-08-15,图文,曝光
15240,963,2025-07-14,直播,点击
15241,1632,2025-08-06,短视频,曝光
15242,1575,2025-09-01,短视频,点击
15243,829,2025-08-27,短视频,曝光
15244,792,2025-07-26,短视频,曝光
15245,1338,2025-08-02,图文,曝光
15246,2,2025-08-19,短视频,曝光
15247,1565,2025-08-18,图文,曝光
15248,1000,2025-09-10,直播,曝光
15249,1749,2025-08-15,短视频,曝光
15250,1096,2025-09-12,图文,曝光
15251,776,2025-07-25,短视频,曝光
15252,232,2025-07-21,短视频,曝光
15253,3,2025-09-26,短视频,曝光
15254,1331,2025-07-20,图文,曝光
15255,398,2025-09-14,直播,点击
15256,1708,2025-07-25,短视频,曝光
15257,990,2025-07-10,直播,加购
15258,1737,2025-08-06,短视频,点击
15259,932,2025-07-10,短视频,分享
15260,754,2025-09-07,图文,加购
15261,282,2025-09-30,直播,点击
15262,821,2025-08-19,直播,点击
15263,1642,2025-09-28,直播,曝光
15264,1717,2025-09-19,短视频,曝光
15265,956,2025-09-26,图文,分享
15266,1997,2025-09-03,短视频,曝光
15267,73,2025-08-01,短视频,曝光
15268,106,2025-08-26,短视频,曝光
15269,123,2025-07-24,图文,曝光
15270,124,2025-08-17,直播,点击
15271,10,2025-09-09,短视频,曝光
15272,109,2025-08-07,短视频,曝光
15273,1595,2025-08-14,短视频,点击
15274,925,2025-08-01,短视频,曝光
15275,1562,2025-07-07,短视频,点击
15276,1570,2025-07-17,短视频,曝光
15277,1383,2025-07-16,短视频,加购
15278,188,2025-07-25,图文,曝光
15279,244,2025-07-06,短视频,曝光
15280,1378,2025-09-21,图文,曝光
15281,1909,2025-09-11,图文,曝光
15282,343,2025-09-15,短视频,曝光
15283,1270,2025-08-20,短视频,曝光
15284,66,2025-07-01,直播,曝光
15285,398,2025-07-15,图文,点击
15286,1192,2025-07-21,直播,分享
15287,1308,2025-09-06,短视频,点击
15288,1188,2025-09-13,短视频,分享
15289,905,2025-09-01,直播,曝光
15290,567,2025-08-23,短视频,点击
15291,1599,2025-08-03,短视频,曝光
15292,645,2025-07-07,短视频,曝光
15293,1424,2025-07-22,直播,曝光
15294,708,2025-09-13,短视频,曝光
15295,1034,2025-08-26,图文,分享
15296,1859,2025-09-08,短视频,曝光
15297,795,2025-09-22,直播,曝光
15298,1733,2025-07-26,图文,曝光
15299,121,2025-08-25,图文,曝光
15300,1056,2025-09-07,短视频,加购
15301,1025,2025-09-09,直播,曝光
15302,1927,2025-09-20,图文,曝光
15303,529,2025-09-24,直播,曝光
15304,1164,2025-08-29,图文,曝光
15305,1174,2025-09-16,图文,曝光
15306,204,2025-09-07,短视频,点击
15307,1990,2025-07-29,短视频,曝光
15308,975,2025-07-05,直播,曝光
15309,873,2025-09-22,直播,曝光
15310,1790,2025-08-21,短视频,点击
15311,136,2025-08-20,图文,曝光
15312,1326,2025-09-08,短视频,曝光
15313,40,2025-07-13,图文,曝光
15314,1906,2025-08-12,短视频,点击
15315,1621,2025-09-06,直播,分享
15316,1062,2025-08-07,图文,点击
15317,785,2025-09-02,直播,曝光
15318,1824,2025-08-21,短视频,曝光
15319,491,2025-08-03,短视频,曝光
15320,1534,2025-09-01,直播,曝光
15321,828,2025-08-11,直播,曝光
15322,1646,2025-09-14,图文,加购
15323,1497,2025-07-06,直播,曝光
15324,1983,2025-09-14,短视频,曝光
15325,1209,2025-09-09,短视频,曝光
15326,605,2025-09-03,直播,曝光
15327,1775,2025-07-25,直播,曝光
15328,1257,2025-09-29,短视频,点击
15329,1408,2025-08-30,图文,曝光
15330,513,2025-08-19,直播,分享
15331,1062,2025-07-22,直播,曝光
15332,1708,2025-08-10,直播,曝光
15333,735,2025-08-11,短视频,曝光
15334,1172,2025-07-31,图文,曝光
15335,414,2025-07-29,直播,分享
15336,352,2025-07-12,直播,点击
15337,1543,2025-09-05,直播,曝光
15338,843,2025-07-21,直播,曝光
15339,412,2025-08-13,图文,加购
15340,364,2025-07-29,短视频,曝光
15341,250,2025-09-29,图文,曝光
15342,916,2025-08-16,短视频,曝光
15343,622,2025-07-27,短视频,加购
15344,156,2025-09-30,图文,曝光
15345,963,2025-09-15,直播,曝光
15346,1931,2025-09-10,短视频,曝光
15347,1958,2025-07-14,短视频,分享
15348,1194,2025-09-20,直播,曝光
15349,1156,2025-07-16,短视频,加购
15350,1982,2025-07-17,短视频,曝光
15351,1515,2025-08-03,图文,点击
15352,348,2025-07-03,短视频,曝光
15353,1052,2025-07-03,短视频,曝光
15354,769,2025-07-01,直播,曝光
15355,291,2025-07-30,直播,点击
15356,1863,2025-08-16,短视频,曝光
15357,1178,2025-07-10,直播,点击
15358,1384,2025-07-11,短视频,点击
15359,1584,2025-08-17,图文,点击
15360,141,2025-07-18,直播,曝光
15361,633,2025-08-14,直播,曝光
15362,1767,2025-07-17,直播,曝光
15363,407,2025-09-05,短视频,曝光
15364,378,2025-09-04,短视频,曝光
15365,1233,2025-09-24,短视频,曝光
15366,524,2025-09-26,直播,曝光
15367,1663,2025-09-06,图文,曝光
15368,1464,2025-07-12,短视频,分享
15369,1539,2025-08-19,图文,点击
15370,1422,2025-07-10,短视频,曝光
15371,299,2025-09-01,短视频,曝光
15372,1322,2025-07-31,短视频,点击
15373,344,2025-08-14,短视频,曝光
15374,11,2025-08-28,图文,分享
15375,1953,2025-08-07,短视频,曝光
15376,499,2025-08-03,直播,曝光
15377,1395,2025-08-11,图文,点击
15378,690,2025-07-26,直播,曝光
15379,1402,2025-07-21,短视频,曝光
15380,801,2025-07-11,短视频,曝光
15381,881,2025-07-06,直播,分享
15382,148,2025-08-12,图文,曝光
15383,929,2025-08-29,短视频,曝光
15384,1351,2025-07-04,图文,曝光
15385,1428,2025-08-14,图文,分享
15386,1783,2025-08-27,直播,曝光
15387,1180,2025-09-17,直播,曝光
15388,1980,2025-09-14,图文,曝光
15389,1255,2025-08-20,图文,点击
15390,1596,2025-09-28,直播,曝光
15391,297,2025-09-20,短视频,曝光
15392,406,2025-07-30,直播,曝光
15393,1176,2025-08-11,短视频,加购
15394,1023,2025-09-14,直播,曝光
15395,988,2025-09-04,直播,曝光
15396,1832,2025-08-16,短视频,曝光
15397,954,2025-08-15,短视频,加购
15398,134,2025-07-25,直播,曝光
15399,1048,2025-08-17,短视频,曝光
15400,457,2025-07-09,图文,曝光
15401,69,2025-09-13,短视频,曝光
15402,530,2025-08-11,图文,加购
15403,2,2025-08-06,短视频,曝光
15404,1220,2025-09-18,短视频,曝光
15405,930,2025-09-30,短视频,加购
15406,1904,2025-09-26,短视频,曝光
15407,126,2025-09-17,直播,曝光
15408,966,2025-08-12,图文,曝光
15409,1831,2025-09-08,直播,曝光
15410,1128,2025-09-10,短视频,点击
15411,721,2025-08-30,短视频,加购
15412,1280,2025-07-20,短视频,曝光
15413,544,2025-07-23,短视频,曝光
15414,1704,2025-09-07,短视频,曝光
15415,1330,2025-07-02,直播,加购
15416,573,2025-07-02,直播,曝光
15417,152,2025-09-01,短视频,曝光
15418,1253,2025-08-08,短视频,曝光
15419,1796,2025-09-22,直播,点击
15420,1851,2025-09-09,短视频,曝光
15421,1329,2025-07-24,短视频,曝光
15422,1878,2025-08-03,短视频,曝光
15423,1632,2025-07-24,图文,点击
15424,766,2025-07-10,图文,曝光
15425,1694,2025-07-28,短视频,加购
15426,224,2025-09-28,直播,曝光
15427,1779,2025-09-30,图文,曝光
15428,1849,2025-07-28,直播,分享
15429,1128,2025-08-17,短视频,曝光
15430,1842,2025-07-04,图文,加购
15431,267,2025-07-17,直播,曝光
15432,195,2025-08-07,直播,曝光
15433,686,2025-08-10,短视频,曝光
15434,163,2025-09-03,短视频,点击
15435,478,2025-08-01,短视频,曝光
15436,371,2025-08-05,直播,分享
15437,914,2025-09-09,直播,曝光
15438,1294,2025-09-21,直播,曝光
15439,400,2025-08-30,短视频,曝光
15440,606,2025-07-20,直播,加购
15441,1476,2025-08-10,直播,点击
15442,481,2025-08-23,图文,点击
15443,668,2025-07-25,短视频,曝光
15444,1600,2025-07-10,短视频,曝光
15445,791,2025-09-16,图文,加购
15446,488,2025-07-11,短视频,曝光
15447,1605,2025-07-11,短视频,曝光
15448,1921,2025-07-18,图文,点击
15449,1805,2025-07-01,直播,曝光
15450,877,2025-07-21,直播,曝光
15451,46,2025-07-10,短视频,曝光
15452,846,2025-08-30,直播,曝光
15453,1532,2025-09-21,图文,曝光
15454,1888,2025-09-17,短视频,曝光
15455,138,2025-08-22,图文,点击
15456,241,2025-09-18,短视频,曝光
15457,575,2025-08-06,图文,曝光
15458,230,2025-08-27,图文,曝光
15459,354,2025-07-31,图文,加购
15460,868,2025-08-07,短视频,曝光
15461,505,2025-07-11,直播,曝光
15462,1175,2025-07-25,短视频,曝光
15463,1896,2025-07-09,短视频,曝光
15464,1017,2025-07-27,短视频,曝光
15465,1015,2025-09-03,短视频,分享
15466,1910,2025-08-11,直播,曝光
15467,1212,2025-09-19,直播,曝光
15468,1987,2025-08-27,短视频,曝光
15469,1849,2025-09-29,短视频,曝光
15470,82,2025-08-21,短视频,曝光
15471,1877,2025-08-31,短视频,点击
15472,331,2025-09-09,短视频,加购
15473,537,2025-07-18,直播,曝光
15474,1108,2025-07-12,图文,加购
15475,1545,2025-08-12,短视频,曝光
15476,1901,2025-07-11,直播,曝光
15477,922,2025-09-27,图文,曝光
15478,560,2025-09-30,短视频,曝光
15479,771,2025-07-18,短视频,点击
15480,735,2025-07-30,短视频,曝光
15481,586,2025-07-21,直播,曝光
15482,463,2025-09-28,短视频,分享
15483,1418,2025-09-13,直播,点击
15484,1935,2025-07-27,短视频,曝光
15485,1193,2025-09-07,直播,曝光
15486,308,2025-07-06,直播,曝光
15487,1337,2025-07-14,直播,曝光
15488,1130,2025-08-16,短视频,曝光
15489,802,2025-07-30,图文,曝光
15490,46,2025-07-19,直播,曝光
15491,1552,2025-08-17,直播,分享
15492,1204,2025-09-21,图文,曝光
15493,470,2025-08-17,短视频,点击
15494,785,2025-08-09,短视频,曝光
15495,1056,2025-07-11,短视频,加购
15496,1132,2025-08-10,短视频,曝光
15497,1314,2025-09-17,短视频,点击
15498,161,2025-08-05,图文,曝光
15499,1070,2025-09-17,短视频,加购
15500,183,2025-07-11,短视频,曝光
15501,330,2025-08-27,直播,曝光
15502,185,2025-08-27,短视频,曝光
15503,1243,2025-07-27,短视频,点击
15504,1671,2025-07-15,图文,曝光
15505,1935,2025-09-03,图文,加购
15506,1449,2025-08-28,直播,曝光
15507,1565,2025-08-06,短视频,分享
15508,257,2025-08-06,短视频,曝光
15509,13,2025-09-22,短视频,曝光
15510,633,2025-09-17,短视频,曝光
15511,725,2025-08-05,直播,曝光
15512,873,2025-08-17,短视频,曝光
15513,1331,2025-08-08,直播,曝光
15514,198,2025-09-20,直播,分享
15515,208,2025-08-14,短视频,点击
15516,1680,2025-07-03,短视频,曝光
15517,1159,2025-07-10,短视频,曝光
15518,726,2025-09-05,图文,点击
15519,1667,2025-07-04,图文,曝光
15520,1341,2025-08-21,直播,曝光
15521,1676,2025-08-20,直播,曝光
15522,1284,2025-07-16,直播,分享
15523,1010,2025-08-30,短视频,点击
15524,1829,2025-07-10,短视频,曝光
15525,1981,2025-09-23,直播,点击
15526,1484,2025-09-06,图文,分享
15527,1259,2025-07-15,短视频,曝光
15528,69,2025-08-04,短视频,点击
15529,1740,2025-09-21,短视频,曝光
15530,311,2025-07-08,短视频,点击
15531,65,2025-07-26,直播,曝光
15532,890,2025-09-02,图文,曝光
15533,155,2025-08-16,短视频,分享
15534,187,2025-07-27,短视频,曝光
15535,927,2025-07-15,短视频,加购
15536,784,2025-07-28,直播,曝光
15537,256,2025-08-11,图文,点击
15538,1955,2025-07-08,直播,曝光
15539,414,2025-08-25,直播,曝光
15540,411,2025-08-08,直播,曝光
15541,1614,2025-07-24,图文,曝光
15542,1410,2025-09-23,直播,曝光
15543,712,2025-09-17,直播,点击
15544,520,2025-09-18,图文,点击
15545,1827,2025-09-25,直播,曝光
15546,69,2025-07-31,短视频,点击
15547,1281,2025-08-02,图文,点击
15548,197,2025-07-29,直播,分享
15549,8,2025-07-22,图文,曝光
15550,208,2025-09-18,短视频,曝光
15551,1125,2025-07-31,图文,曝光
15552,599,2025-09-07,直播,加购
15553,1383,2025-09-27,直播,点击
15554,1922,2025-07-19,直播,曝光
15555,79,2025-07-29,图文,曝光
15556,1242,2025-09-21,图文,点击
15557,1822,2025-08-06,直播,点击
15558,246,2025-09-22,直播,点击
15559,838,2025-08-23,图文,曝光
15560,141,2025-08-01,直播,曝光
15561,216,2025-08-11,短视频,曝光
15562,1942,2025-09-21,短视频,点击
15563,501,2025-07-04,直播,曝光
15564,343,2025-08-31,短视频,曝光
15565,1790,2025-09-17,直播,曝光
15566,541,2025-09-19,图文,曝光
15567,557,2025-08-20,直播,点击
15568,1684,2025-08-05,短视频,曝光
15569,1517,2025-09-29,图文,曝光
15570,1110,2025-08-06,直播,曝光
15571,1697,2025-08-06,短视频,曝光
15572,454,2025-08-16,短视频,点击
15573,1594,2025-08-14,直播,曝光
15574,1329,2025-07-25,直播,曝光
15575,1143,2025-08-06,直播,点击
15576,744,2025-08-19,短视频,曝光
15577,241,2025-07-12,短视频,加购
15578,1164,2025-08-16,直播,曝光
15579,1606,2025-09-06,短视频,曝光
15580,194,2025-07-18,图文,曝光
15581,321,2025-07-22,短视频,曝光
15582,1761,2025-09-21,短视频,加购
15583,1728,2025-09-21,短视频,曝光
15584,1191,2025-07-10,短视频,曝光
15585,917,2025-07-05,短视频,曝光
15586,9,2025-09-20,短视频,曝光
15587,1824,2025-09-29,图文,曝光
15588,1119,2025-08-19,短视频,点击
15589,160,2025-09-17,短视频,点击
15590,725,2025-08-14,短视频,点击
15591,1670,2025-07-28,短视频,曝光
15592,1812,2025-09-17,短视频,加购
15593,1274,2025-08-15,短视频,曝光
15594,278,2025-08-11,短视频,曝光
15595,321,2025-08-23,短视频,点击
15596,668,2025-07-28,图文,加购
15597,1526,2025-07-26,短视频,点击
15598,1530,2025-07-15,直播,曝光
15599,1498,2025-07-09,短视频,曝光
15600,451,2025-09-02,直播,曝光
15601,625,2025-08-11,短视频,曝光
15602,627,2025-09-15,短视频,曝光
15603,1458,2025-08-23,短视频,点击
15604,1543,2025-08-16,直播,曝光
15605,60,2025-09-28,图文,曝光
15606,1425,2025-07-26,短视频,曝光
15607,777,2025-09-17,直播,曝光
15608,720,2025-09-25,直播,加购
15609,1017,2025-08-23,图文,曝光
15610,935,2025-08-29,直播,曝光
15611,1960,2025-09-17,短视频,曝光
15612,1105,2025-08-20,直播,曝光
15613,1651,2025-08-10,图文,曝光
15614,1776,2025-09-11,图文,曝光
15615,1965,2025-09-20,图文,曝光
15616,1324,2025-07-31,短视频,点击
15617,1895,2025-08-12,短视频,曝光
15618,1185,2025-09-06,短视频,分享
15619,739,2025-09-01,图文,曝光
15620,1622,2025-08-02,短视频,曝光
15621,1765,2025-09-05,短视频,曝光
15622,609,2025-07-24,直播,点击
15623,1926,2025-07-13,短视频,曝光
15624,888,2025-07-22,图文,点击
15625,461,2025-09-28,直播,曝光
15626,1374,2025-09-20,短视频,曝光
15627,487,2025-07-13,直播,曝光
15628,808,2025-09-13,直播,曝光
15629,1068,2025-08-03,短视频,点击
15630,959,2025-07-20,图文,曝光
15631,233,2025-07-26,直播,分享
15632,321,2025-07-07,直播,曝光
15633,160,2025-07-19,直播,曝光
15634,1221,2025-07-15,短视频,点击
15635,1985,2025-07-15,直播,曝光
15636,1281,2025-07-29,短视频,曝光
15637,1118,2025-09-22,图文,点击
15638,1713,2025-08-26,图文,曝光
15639,50,2025-07-18,直播,点击
15640,171,2025-08-31,短视频,曝光
15641,1981,2025-09-24,短视频,曝光
15642,1800,2025-07-11,图文,曝光
15643,1111,2025-07-23,短视频,曝光
15644,172,2025-08-11,短视频,曝光
15645,380,2025-07-14,短视频,曝光
15646,1491,2025-08-17,短视频,曝光
15647,462,2025-08-27,短视频,曝光
15648,1179,2025-07-24,短视频,曝光
15649,1516,2025-07-24,短视频,点击
15650,813,2025-09-06,直播,曝光
15651,942,2025-08-20,直播,曝光
15652,1847,2025-08-24,短视频,分享
15653,1961,2025-07-06,图文,分享
15654,914,2025-09-06,图文,曝光
15655,409,2025-08-21,短视频,曝光
15656,50,2025-09-03,直播,点击
15657,361,2025-07-31,图文,曝光
15658,1042,2025-09-21,短视频,曝光
15659,1960,2025-07-02,短视频,点击
15660,1065,2025-08-31,直播,点击
15661,1967,2025-07-06,短视频,曝光
15662,1489,2025-09-12,直播,曝光
15663,162,2025-09-15,短视频,曝光
15664,717,2025-08-16,短视频,曝光
15665,1164,2025-08-20,图文,曝光
15666,148,2025-07-22,图文,曝光
15667,39,2025-07-02,直播,曝光
15668,699,2025-07-09,图文,曝光
15669,1788,2025-07-22,直播,曝光
15670,1206,2025-08-15,短视频,点击
15671,1047,2025-07-18,直播,曝光
15672,1090,2025-09-12,图文,曝光
15673,1091,2025-09-03,直播,曝光
15674,1694,2025-08-23,图文,曝光
15675,640,2025-08-30,直播,曝光
15676,541,2025-07-03,短视频,曝光
15677,567,2025-07-24,短视频,曝光
15678,1139,2025-07-23,直播,点击
15679,537,2025-07-03,短视频,点击
15680,1952,2025-08-10,短视频,曝光
15681,1380,2025-08-05,短视频,曝光
15682,628,2025-08-07,短视频,曝光
15683,521,2025-08-31,短视频,曝光
15684,873,2025-09-03,短视频,曝光
15685,1720,2025-07-31,短视频,曝光
15686,1989,2025-07-17,图文,曝光
15687,1065,2025-08-04,图文,曝光
15688,289,2025-08-04,短视频,曝光
15689,86,2025-07-08,短视频,点击
15690,1148,2025-08-19,短视频,点击
15691,1246,2025-08-05,直播,曝光
15692,741,2025-09-29,直播,分享
15693,1779,2025-07-13,短视频,曝光
15694,93,2025-09-24,直播,分享
15695,615,2025-08-01,短视频,曝光
15696,1522,2025-08-05,短视频,曝光
15697,488,2025-07-24,直播,曝光
15698,398,2025-07-31,短视频,曝光
15699,1461,2025-07-05,图文,分享
15700,1785,2025-09-26,短视频,曝光
15701,370,2025-07-31,直播,曝光
15702,836,2025-09-18,图文,曝光
15703,1950,2025-09-09,图文,曝光
15704,290,2025-09-04,直播,分享
15705,278,2025-08-05,直播,曝光
15706,493,2025-08-27,直播,点击
15707,960,2025-08-02,短视频,曝光
15708,1666,2025-09-06,短视频,曝光
15709,871,2025-09-14,短视频,点击
15710,748,2025-09-04,图文,点击
15711,1699,2025-08-07,短视频,加购
15712,513,2025-09-15,直播,点击
15713,733,2025-07-01,图文,曝光
15714,498,2025-09-05,短视频,曝光
15715,221,2025-09-16,直播,点击
15716,1167,2025-08-29,直播,分享
15717,1938,2025-08-13,短视频,曝光
15718,514,2025-09-25,直播,点击
15719,145,2025-07-04,短视频,曝光
15720,1871,2025-09-25,短视频,曝光
15721,213,2025-07-25,短视频,曝光
15722,99,2025-08-08,短视频,曝光
15723,1474,2025-07-25,短视频,曝光
15724,312,2025-09-30,直播,曝光
15725,1992,2025-08-05,直播,曝光
15726,858,2025-08-06,短视频,点击
15727,1341,2025-08-26,短视频,曝光
15728,417,2025-07-23,图文,曝光
15729,424,2025-08-01,短视频,曝光
15730,1558,2025-07-20,直播,曝光
15731,1020,2025-09-05,短视频,点击
15732,1834,2025-07-11,短视频,分享
15733,1843,2025-08-30,短视频,点击
15734,1201,2025-08-03,直播,曝光
15735,1562,2025-07-10,直播,曝光
15736,1709,2025-09-28,图文,曝光
15737,1164,2025-08-01,短视频,加购
15738,1602,2025-07-30,直播,点击
15739,54,2025-07-08,短视频,曝光
15740,318,2025-09-23,短视频,曝光
15741,949,2025-09-22,短视频,点击
15742,157,2025-07-10,短视频,点击
15743,924,2025-07-27,短视频,点击
15744,1259,2025-07-14,图文,曝光
15745,736,2025-09-03,短视频,点击
15746,1966,2025-07-16,图文,加购
15747,1746,2025-08-06,直播,曝光
15748,1664,2025-08-20,图文,点击
15749,1425,2025-09-26,直播,曝光
15750,1233,2025-09-30,直播,点击
15751,1324,2025-08-09,短视频,曝光
15752,222,2025-07-19,短视频,曝光
15753,1876,2025-08-22,直播,曝光
15754,1560,2025-07-31,短视频,分享
15755,580,2025-08-11,短视频,曝光
15756,1366,2025-09-17,短视频,分享
15757,827,2025-08-08,直播,点击
15758,1868,2025-08-18,直播,曝光
15759,1071,2025-08-21,直播,加购
15760,1419,2025-08-01,短视频,曝光
15761,378,2025-09-21,直播,分享
15762,208,2025-08-08,图文,曝光
15763,1801,2025-08-25,短视频,曝光
15764,1219,2025-09-06,短视频,加购
15765,1329,2025-09-14,直播,曝光
15766,808,2025-08-03,短视频,点击
15767,1262,2025-07-04,直播,曝光
15768,843,2025-08-30,短视频,曝光
15769,1273,2025-07-10,直播,点击
15770,1266,2025-09-12,图文,曝光
15771,442,2025-09-30,短视频,点击
15772,1800,2025-07-06,短视频,曝光
15773,1891,2025-07-03,图文,曝光
15774,1520,2025-09-07,图文,分享
15775,41,2025-09-04,短视频,曝光
15776,45,2025-09-25,短视频,曝光
15777,1609,2025-07-12,直播,曝光
15778,294,2025-07-08,直播,曝光
15779,1956,2025-08-03,直播,曝光
15780,727,2025-07-08,直播,曝光
15781,353,2025-09-22,直播,曝光
15782,1370,2025-08-26,直播,曝光
15783,1372,2025-08-31,短视频,曝光
15784,1269,2025-09-01,直播,点击
15785,1537,2025-08-17,直播,曝光
15786,1008,2025-08-12,图文,曝光
15787,630,2025-07-20,直播,曝光
15788,861,2025-09-25,直播,曝光
15789,1260,2025-08-20,短视频,点击
15790,1580,2025-07-12,直播,点击
15791,864,2025-07-16,短视频,曝光
15792,192,2025-07-11,直播,分享
15793,804,2025-09-21,短视频,加购
15794,1191,2025-07-01,直播,点击
15795,1548,2025-09-24,短视频,曝光
15796,1617,2025-09-14,图文,曝光
15797,1580,2025-07-13,短视频,曝光
15798,545,2025-07-09,短视频,曝光
15799,47,2025-09-24,短视频,曝光
15800,405,2025-08-25,短视频,曝光
15801,240,2025-09-23,短视频,曝光
15802,1347,2025-09-24,短视频,点击
15803,542,2025-07-02,直播,曝光
15804,352,2025-07-05,直播,曝光
15805,1079,2025-09-11,短视频,曝光
15806,977,2025-07-11,短视频,曝光
15807,1408,2025-09-14,短视频,曝光
15808,1846,2025-09-19,图文,分享
15809,168,2025-08-14,短视频,曝光
15810,122,2025-07-26,直播,加购
15811,1634,2025-09-30,图文,点击
15812,1819,2025-08-08,短视频,点击
15813,671,2025-07-23,直播,点击
15814,381,2025-08-23,短视频,曝光
15815,598,2025-07-31,直播,点击
15816,965,2025-09-04,短视频,曝光
15817,24,2025-09-29,直播,点击
15818,265,2025-07-17,图文,加购
15819,70,2025-07-23,短视频,曝光
15820,1420,2025-09-19,直播,曝光
15821,890,2025-09-16,直播,曝光
15822,1996,2025-09-10,直播,曝光
15823,890,2025-07-14,短视频,曝光
15824,605,2025-07-09,短视频,曝光
15825,613,2025-07-28,图文,曝光
15826,1850,2025-07-10,短视频,分享
15827,377,2025-08-13,直播,曝光
15828,1460,2025-09-04,直播,曝光
15829,1760,2025-09-05,短视频,曝光
15830,1931,2025-08-13,短视频,曝光
15831,170,2025-08-03,短视频,曝光
15832,1344,2025-08-11,短视频,曝光
15833,1622,2025-09-04,图文,曝光
15834,1365,2025-07-21,直播,加购
15835,1683,2025-07-01,短视频,曝光
15836,1888,2025-09-04,直播,曝光
15837,1762,2025-08-28,直播,曝光
15838,1455,2025-07-11,短视频,点击
15839,389,2025-08-25,短视频,曝光
15840,1695,2025-08-04,直播,曝光
15841,1370,2025-09-22,短视频,曝光
15842,570,2025-09-05,短视频,曝光
15843,1294,2025-08-14,短视频,曝光
15844,338,2025-09-29,直播,曝光
15845,1668,2025-09-03,直播,加购
15846,1281,2025-07-20,直播,曝光
15847,1289,2025-08-27,直播,曝光
15848,506,2025-08-28,短视频,曝光
15849,304,2025-09-12,短视频,分享
15850,860,2025-07-06,直播,曝光
15851,700,2025-09-22,短视频,曝光
15852,1712,2025-07-25,短视频,加购
15853,1969,2025-08-16,短视频,分享
15854,1263,2025-07-09,短视频,点击
15855,1595,2025-07-16,直播,曝光
15856,1888,2025-09-15,短视频,曝光
15857,1470,2025-09-07,短视频,曝光
15858,710,2025-08-08,图文,曝光
15859,465,2025-07-08,短视频,曝光
15860,562,2025-09-21,短视频,曝光
15861,629,2025-07-16,短视频,点击
15862,428,2025-07-04,直播,曝光
15863,1352,2025-07-22,图文,点击
15864,1953,2025-09-03,图文,曝光
15865,517,2025-07-28,短视频,曝光
15866,860,2025-08-17,短视频,点击
15867,1883,2025-07-11,直播,曝光
15868,1841,2025-09-02,图文,曝光
15869,52,2025-09-27,短视频,曝光
15870,690,2025-09-27,图文,加购
15871,699,2025-09-22,直播,曝光
15872,576,2025-09-28,短视频,曝光
15873,1884,2025-09-16,直播,曝光
15874,1542,2025-09-15,图文,点击
15875,130,2025-09-08,短视频,曝光
15876,1237,2025-07-20,图文,曝光
15877,1154,2025-07-17,短视频,曝光
15878,1050,2025-09-08,图文,曝光
15879,1444,2025-07-26,短视频,曝光
15880,881,2025-09-27,直播,曝光
15881,1424,2025-08-31,短视频,加购
15882,933,2025-08-01,短视频,曝光
15883,1891,2025-08-18,短视频,曝光
15884,1669,2025-08-02,短视频,曝光
15885,107,2025-07-21,直播,点击
15886,307,2025-08-13,图文,曝光
15887,800,2025-08-24,直播,曝光
15888,103,2025-09-02,图文,点击
15889,139,2025-08-02,短视频,曝光
15890,12,2025-07-23,直播,曝光
15891,1800,2025-07-15,短视频,点击
15892,991,2025-07-15,图文,曝光
15893,1563,2025-08-23,直播,曝光
15894,1637,2025-07-27,图文,曝光
15895,332,2025-08-26,图文,曝光
15896,1342,2025-08-29,短视频,曝光
15897,1238,2025-09-15,直播,曝光
15898,1981,2025-07-04,图文,曝光
15899,1747,2025-09-21,短视频,曝光
15900,1220,2025-09-24,直播,加购
15901,1354,2025-08-11,短视频,加购
15902,1019,2025-08-21,短视频,点击
15903,1169,2025-09-23,直播,曝光
15904,1164,2025-07-10,短视频,曝光
15905,1769,2025-09-27,图文,曝光
15906,1765,2025-09-05,直播,曝光
15907,443,2025-09-04,直播,曝光
15908,30,2025-07-27,图文,曝光
15909,522,2025-09-30,直播,曝光
15910,934,2025-09-09,短视频,加购
15911,441,2025-09-25,图文,曝光
15912,823,2025-09-19,直播,曝光
15913,868,2025-08-31,短视频,曝光
15914,1907,2025-08-16,图文,分享
15915,879,2025-08-05,短视频,分享
15916,375,2025-07-17,短视频,分享
15917,818,2025-07-04,图文,分享
15918,52,2025-08-13,短视频,曝光
15919,60,2025-08-24,短视频,曝光
15920,1264,2025-08-22,直播,曝光
15921,504,2025-08-13,直播,加购
15922,1251,2025-08-03,短视频,曝光
15923,75,2025-08-07,直播,点击
15924,639,2025-09-09,直播,曝光
15925,1148,2025-09-24,短视频,曝光
15926,1080,2025-07-25,直播,点击
15927,1187,2025-08-29,短视频,点击
15928,1194,2025-09-16,图文,加购
15929,643,2025-08-06,图文,加购
15930,707,2025-08-10,直播,曝光
15931,816,2025-08-20,短视频,加购
15932,842,2025-08-23,短视频,加购
15933,1573,2025-09-23,直播,曝光
15934,284,2025-07-06,短视频,曝光
15935,1123,2025-09-14,短视频,分享
15936,1543,2025-07-20,短视频,点击
15937,683,2025-08-03,直播,曝光
15938,779,2025-08-10,短视频,点击
15939,1356,2025-08-16,短视频,曝光
15940,1292,2025-09-06,图文,加购
15941,1108,2025-07-16,图文,曝光
15942,854,2025-09-28,直播,曝光
15943,93,2025-09-15,直播,加购
15944,325,2025-07-07,短视频,曝光
15945,975,2025-08-21,图文,曝光
15946,1402,2025-09-25,图文,曝光
15947,406,2025-07-04,短视频,点击
15948,835,2025-07-29,直播,曝光
15949,495,2025-08-12,短视频,曝光
15950,371,2025-09-29,短视频,曝光
15951,1800,2025-08-21,短视频,曝光
15952,1867,2025-07-05,图文,曝光
15953,1970,2025-08-28,短视频,加购
15954,1787,2025-08-16,图文,点击
15955,808,2025-08-24,直播,分享
15956,1455,2025-09-10,短视频,曝光
15957,568,2025-07-09,直播,点击
15958,1153,2025-08-02,短视频,曝光
15959,505,2025-07-13,直播,曝光
15960,1251,2025-09-28,短视频,曝光
15961,845,2025-09-24,直播,曝光
15962,721,2025-09-24,图文,曝光
15963,174,2025-07-25,直播,曝光
15964,526,2025-07-31,图文,曝光
15965,881,2025-08-12,短视频,曝光
15966,1185,2025-07-01,短视频,加购
15967,1672,2025-09-18,直播,曝光
15968,1481,2025-07-17,短视频,曝光
15969,1091,2025-09-01,直播,点击
15970,991,2025-07-03,直播,曝光
15971,937,2025-07-13,短视频,曝光
15972,1792,2025-09-01,短视频,曝光
15973,1676,2025-07-06,图文,分享
15974,777,2025-07-13,短视频,曝光
15975,1130,2025-07-19,直播,加购
15976,753,2025-08-14,图文,曝光
15977,1134,2025-07-20,直播,曝光
15978,852,2025-07-18,直播,曝光
15979,1701,2025-07-18,短视频,点击
15980,1409,2025-09-18,短视频,曝光
15981,350,2025-09-13,直播,曝光
15982,55,2025-07-28,短视频,点击
15983,1921,2025-08-29,直播,点击
15984,708,2025-09-03,短视频,曝光
15985,303,2025-07-23,短视频,加购
15986,1486,2025-08-23,直播,加购
15987,948,2025-07-06,短视频,曝光
15988,1110,2025-08-04,直播,曝光
15989,1274,2025-08-25,短视频,点击
15990,620,2025-09-08,短视频,加购
15991,1136,2025-08-04,短视频,曝光
15992,1314,2025-07-11,直播,曝光
15993,1228,2025-09-04,直播,曝光
15994,1803,2025-09-04,短视频,曝光
15995,783,2025-07-10,直播,曝光
15996,1011,2025-07-17,直播,分享
15997,1501,2025-07-26,短视频,点击
15998,1479,2025-07-08,短视频,分享
15999,1993,2025-09-11,直播,曝光
16000,397,2025-09-28,直播,曝光
16001,1841,2025-09-16,图文,曝光
16002,946,2025-07-16,直播,点击
16003,431,2025-07-25,短视频,点击
16004,583,2025-07-25,直播,曝光
16005,704,2025-08-12,短视频,曝光
16006,1986,2025-07-01,直播,曝光
16007,220,2025-07-21,图文,曝光
16008,438,2025-09-01,短视频,曝光
16009,1430,2025-08-30,短视频,点击
16010,1895,2025-09-08,短视频,曝光
16011,159,2025-08-08,短视频,曝光
16012,818,2025-07-02,短视频,曝光
16013,818,2025-09-29,短视频,曝光
16014,997,2025-08-17,短视频,曝光
16015,1528,2025-09-22,图文,曝光
16016,1048,2025-09-17,短视频,曝光
16017,278,2025-07-12,短视频,曝光
16018,484,2025-09-11,短视频,曝光
16019,1478,2025-08-29,直播,点击
16020,478,2025-09-12,图文,点击
16021,994,2025-09-03,短视频,曝光
16022,753,2025-07-07,图文,点击
16023,878,2025-07-10,图文,点击
16024,1491,2025-07-27,短视频,曝光
16025,487,2025-07-19,短视频,点击
16026,1402,2025-08-17,图文,曝光
16027,1524,2025-09-30,图文,点击
16028,1996,2025-08-16,直播,点击
16029,904,2025-08-01,短视频,曝光
16030,177,2025-09-08,短视频,曝光
16031,1335,2025-08-14,短视频,曝光
16032,1519,2025-09-23,短视频,曝光
16033,63,2025-08-09,直播,曝光
16034,390,2025-09-04,短视频,点击
16035,687,2025-07-08,直播,曝光
16036,1023,2025-08-14,直播,曝光
16037,1030,2025-08-09,图文,曝光
16038,393,2025-08-24,直播,曝光
16039,400,2025-09-09,图文,曝光
16040,1873,2025-07-01,短视频,曝光
16041,1438,2025-07-29,图文,点击
16042,1015,2025-08-11,直播,曝光
16043,663,2025-08-29,直播,曝光
16044,940,2025-07-11,短视频,曝光
16045,1932,2025-09-03,短视频,曝光
16046,615,2025-09-06,短视频,曝光
16047,661,2025-08-19,短视频,点击
16048,898,2025-09-10,短视频,加购
16049,377,2025-08-17,直播,曝光
16050,222,2025-09-30,短视频,分享
16051,1786,2025-07-05,短视频,曝光
16052,1369,2025-08-12,短视频,曝光
16053,673,2025-09-05,图文,点击
16054,1142,2025-07-09,短视频,曝光
16055,993,2025-08-31,直播,曝光
16056,200,2025-07-13,短视频,曝光
16057,1510,2025-08-25,直播,曝光
16058,205,2025-09-22,短视频,加购
16059,1140,2025-07-23,图文,曝光
16060,586,2025-07-19,短视频,曝光
16061,874,2025-08-26,短视频,曝光
16062,947,2025-08-03,短视频,分享
16063,871,2025-09-11,图文,曝光
16064,446,2025-07-13,短视频,点击
16065,167,2025-09-11,短视频,曝光
16066,263,2025-09-14,图文,曝光
16067,1455,2025-09-07,图文,加购
16068,193,2025-07-28,图文,曝光
16069,1013,2025-09-05,短视频,加购
16070,611,2025-08-04,直播,曝光
16071,1392,2025-08-09,直播,点击
16072,1260,2025-09-07,直播,曝光
16073,368,2025-09-24,短视频,加购
16074,1357,2025-08-24,短视频,点击
16075,1317,2025-09-28,短视频,曝光
16076,566,2025-08-24,直播,点击
16077,1684,2025-09-15,直播,点击
16078,882,2025-07-05,图文,曝光
16079,69,2025-07-19,直播,加购
16080,1257,2025-07-21,图文,加购
16081,901,2025-07-30,图文,曝光
16082,721,2025-07-26,短视频,曝光
16083,902,2025-09-03,短视频,点击
16084,1958,2025-09-30,图文,曝光
16085,777,2025-07-16,直播,曝光
16086,1386,2025-07-21,短视频,曝光
16087,1701,2025-09-24,短视频,曝光
16088,1157,2025-08-04,短视频,曝光
16089,1781,2025-09-03,短视频,曝光
16090,996,2025-07-18,图文,曝光
16091,451,2025-09-21,短视频,曝光
16092,984,2025-08-13,直播,曝光
16093,247,2025-09-19,图文,曝光
16094,584,2025-07-01,图文,分享
16095,412,2025-08-20,短视频,点击
16096,155,2025-09-12,短视频,曝光
16097,308,2025-07-14,短视频,曝光
16098,1676,2025-09-20,短视频,加购
16099,1717,2025-09-11,短视频,曝光
16100,1811,2025-08-15,直播,分享
16101,50,2025-09-22,短视频,曝光
16102,1950,2025-09-16,短视频,曝光
16103,686,2025-07-17,短视频,曝光
16104,808,2025-07-01,短视频,点击
16105,361,2025-07-23,短视频,曝光
16106,1893,2025-08-10,短视频,曝光
16107,1998,2025-09-01,直播,分享
16108,1405,2025-07-16,直播,曝光
16109,151,2025-07-28,短视频,曝光
16110,845,2025-08-05,直播,曝光
16111,558,2025-08-18,图文,曝光
16112,1838,2025-08-08,直播,曝光
16113,1303,2025-08-09,直播,点击
16114,1938,2025-09-01,直播,曝光
16115,1670,2025-08-31,短视频,曝光
16116,1068,2025-09-12,图文,曝光
16117,566,2025-09-26,直播,曝光
16118,1560,2025-09-25,直播,加购
16119,1395,2025-09-17,直播,曝光
16120,1554,2025-07-28,短视频,点击
16121,1865,2025-09-01,短视频,点击
16122,1218,2025-09-02,直播,曝光
16123,1334,2025-09-01,直播,点击
16124,846,2025-09-16,图文,曝光
16125,984,2025-09-10,直播,曝光
16126,269,2025-08-06,短视频,加购
16127,384,2025-07-21,短视频,点击
16128,1996,2025-08-21,短视频,分享
16129,358,2025-08-24,直播,曝光
16130,144,2025-09-02,直播,曝光
16131,1598,2025-07-06,短视频,分享
16132,270,2025-07-08,短视频,曝光
16133,924,2025-09-05,直播,分享
16134,750,2025-08-27,图文,曝光
16135,834,2025-09-05,短视频,点击
16136,798,2025-08-19,直播,曝光
16137,73,2025-09-14,短视频,曝光
16138,535,2025-07-29,短视频,曝光
16139,1283,2025-08-18,直播,点击
16140,157,2025-09-30,图文,曝光
16141,532,2025-09-28,短视频,曝光
16142,1799,2025-07-08,短视频,曝光
16143,1310,2025-07-12,短视频,曝光
16144,1027,2025-09-26,直播,分享
16145,1093,2025-08-23,短视频,曝光
16146,1940,2025-08-28,短视频,曝光
16147,99,2025-07-02,直播,点击
16148,1756,2025-07-06,直播,曝光
16149,957,2025-09-03,短视频,曝光
16150,989,2025-07-17,直播,曝光
16151,459,2025-09-10,图文,曝光
16152,777,2025-09-10,直播,曝光
16153,1086,2025-09-26,直播,点击
16154,511,2025-07-19,短视频,点击
16155,700,2025-08-04,短视频,曝光
16156,1987,2025-07-05,短视频,分享
16157,1633,2025-08-19,短视频,曝光
16158,1211,2025-08-20,直播,曝光
16159,586,2025-07-10,短视频,曝光
16160,1682,2025-09-30,直播,曝光
16161,1717,2025-08-23,图文,曝光
16162,1970,2025-08-04,短视频,曝光
16163,1337,2025-09-12,短视频,点击
16164,448,2025-08-10,直播,点击
16165,754,2025-09-05,短视频,曝光
16166,1850,2025-09-10,短视频,曝光
16167,207,2025-09-14,短视频,曝光
16168,1589,2025-08-25,图文,曝光
16169,1003,2025-07-28,直播,曝光
16170,910,2025-07-25,短视频,曝光
16171,321,2025-09-29,直播,曝光
16172,1898,2025-08-20,短视频,曝光
16173,419,2025-08-21,短视频,点击
16174,1180,2025-08-12,直播,曝光
16175,1102,2025-08-22,直播,曝光
16176,788,2025-07-02,图文,点击
16177,292,2025-08-26,直播,加购
16178,320,2025-07-10,直播,曝光
16179,1275,2025-08-20,图文,曝光
16180,1456,2025-08-25,短视频,曝光
16181,485,2025-09-26,直播,曝光
16182,1549,2025-07-14,图文,曝光
16183,1368,2025-09-19,直播,加购
16184,414,2025-09-09,短视频,加购
16185,769,2025-09-09,图文,曝光
16186,744,2025-08-15,短视频,曝光
16187,1110,2025-09-16,短视频,加购
16188,111,2025-07-08,直播,曝光
16189,1903,2025-08-14,短视频,曝光
16190,1115,2025-09-26,短视频,曝光
16191,1372,2025-08-24,短视频,曝光
16192,1201,2025-09-16,短视频,曝光
16193,800,2025-08-22,短视频,曝光
16194,1697,2025-08-28,短视频,点击
16195,648,2025-09-04,短视频,曝光
16196,53,2025-09-07,图文,曝光
16197,1122,2025-08-09,短视频,曝光
16198,240,2025-08-31,直播,曝光
16199,1642,2025-08-01,图文,点击
16200,64,2025-07-02,短视频,曝光
16201,419,2025-07-10,图文,点击
16202,1889,2025-08-27,直播,加购
16203,526,2025-08-24,图文,曝光
16204,1026,2025-07-23,短视频,曝光
16205,1748,2025-08-10,直播,点击
16206,492,2025-09-26,短视频,曝光
16207,601,2025-09-13,图文,曝光
16208,39,2025-08-07,短视频,曝光
16209,1605,2025-08-20,短视频,点击
16210,194,2025-09-03,直播,曝光
16211,1956,2025-09-04,短视频,分享
16212,1441,2025-07-14,短视频,点击
16213,628,2025-07-26,短视频,曝光
16214,961,2025-08-13,短视频,点击
16215,1035,2025-09-22,短视频,分享
16216,1469,2025-07-10,短视频,点击
16217,742,2025-09-05,短视频,点击
16218,531,2025-08-07,直播,曝光
16219,265,2025-08-07,短视频,曝光
16220,880,2025-08-21,直播,曝光
16221,963,2025-07-19,直播,曝光
16222,1248,2025-08-28,直播,曝光
16223,1668,2025-08-15,直播,曝光
16224,425,2025-08-06,直播,曝光
16225,446,2025-07-14,直播,曝光
16226,576,2025-07-15,短视频,加购
16227,328,2025-07-19,短视频,加购
16228,284,2025-08-30,短视频,点击
16229,1600,2025-08-06,短视频,曝光
16230,1424,2025-07-02,短视频,曝光
16231,1660,2025-09-19,短视频,曝光
16232,1165,2025-09-13,直播,曝光
16233,1634,2025-09-03,短视频,曝光
16234,890,2025-09-01,直播,曝光
16235,1762,2025-08-30,直播,曝光
16236,1135,2025-09-10,短视频,曝光
16237,68,2025-09-24,短视频,点击
16238,340,2025-09-28,短视频,分享
16239,1033,2025-07-27,短视频,曝光
16240,1626,2025-07-31,图文,曝光
16241,295,2025-07-16,图文,点击
16242,1511,2025-08-19,短视频,曝光
16243,1779,2025-08-08,直播,点击
16244,365,2025-08-28,图文,曝光
16245,1109,2025-08-26,短视频,曝光
16246,1772,2025-08-23,短视频,点击
16247,618,2025-07-02,短视频,点击
16248,788,2025-08-28,短视频,曝光
16249,900,2025-07-14,短视频,曝光
16250,928,2025-09-25,短视频,曝光
16251,665,2025-07-04,短视频,曝光
16252,1063,2025-08-14,图文,点击
16253,541,2025-08-06,短视频,点击
16254,1586,2025-09-18,短视频,加购
16255,1366,2025-07-01,直播,点击
16256,329,2025-08-28,直播,加购
16257,1702,2025-09-14,短视频,曝光
16258,531,2025-09-10,直播,曝光
16259,1058,2025-07-27,短视频,曝光
16260,1873,2025-07-31,短视频,分享
16261,1364,2025-07-20,图文,加购
16262,1876,2025-07-31,图文,曝光
16263,1206,2025-08-09,短视频,加购
16264,1618,2025-09-25,短视频,曝光
16265,928,2025-09-21,短视频,加购
16266,337,2025-09-15,图文,曝光
16267,355,2025-08-07,直播,曝光
16268,1190,2025-08-16,直播,曝光
16269,288,2025-08-16,图文,点击
16270,892,2025-08-12,短视频,曝光
16271,927,2025-07-19,图文,曝光
16272,162,2025-07-24,图文,曝光
16273,1694,2025-08-23,直播,曝光
16274,152,2025-07-20,短视频,曝光
16275,630,2025-07-07,图文,曝光
16276,1714,2025-07-21,短视频,曝光
16277,76,2025-09-22,短视频,点击
16278,181,2025-09-25,短视频,曝光
16279,1688,2025-07-06,短视频,曝光
16280,543,2025-07-25,直播,曝光
16281,1822,2025-09-12,短视频,分享
16282,302,2025-08-11,直播,曝光
16283,328,2025-07-20,短视频,加购
16284,1151,2025-09-01,短视频,点击
16285,1907,2025-08-30,短视频,曝光
16286,1521,2025-08-29,短视频,曝光
16287,1219,2025-08-05,图文,加购
16288,531,2025-09-09,短视频,曝光
16289,139,2025-07-23,短视频,曝光
16290,1565,2025-08-04,直播,点击
16291,236,2025-09-21,直播,曝光
16292,350,2025-07-31,直播,曝光
16293,882,2025-07-12,直播,曝光
16294,714,2025-08-16,短视频,分享
16295,1734,2025-09-01,直播,加购
16296,486,2025-08-28,短视频,曝光
16297,1305,2025-07-24,短视频,分享
16298,909,2025-09-30,短视频,曝光
16299,478,2025-09-07,短视频,分享
16300,1963,2025-08-24,图文,曝光
16301,1590,2025-09-07,图文,曝光
16302,1474,2025-09-09,直播,曝光
16303,918,2025-08-22,直播,曝光
16304,412,2025-09-24,图文,曝光
16305,1293,2025-07-27,短视频,曝光
16306,1933,2025-07-01,直播,曝光
16307,533,2025-08-23,短视频,曝光
16308,1363,2025-07-24,图文,曝光
16309,1718,2025-09-14,直播,曝光
16310,909,2025-07-01,直播,曝光
16311,160,2025-09-11,短视频,曝光
16312,1833,2025-09-22,直播,分享
16313,214,2025-09-24,短视频,曝光
16314,1526,2025-08-05,直播,曝光
16315,958,2025-09-14,短视频,曝光
16316,1459,2025-08-23,短视频,加购
16317,1411,2025-07-03,短视频,曝光
16318,402,2025-08-14,短视频,曝光
16319,196,2025-09-04,短视频,曝光
16320,256,2025-09-08,短视频,曝光
16321,401,2025-08-04,短视频,曝光
16322,1732,2025-08-03,短视频,分享
16323,175,2025-08-29,短视频,曝光
16324,1361,2025-07-02,短视频,点击
16325,767,2025-09-17,直播,曝光
16326,1635,2025-08-03,图文,曝光
16327,1198,2025-08-23,短视频,加购
16328,1532,2025-08-13,短视频,曝光
16329,1654,2025-08-06,直播,点击
16330,1807,2025-08-07,图文,加购
16331,1603,2025-09-10,图文,曝光
16332,752,2025-07-26,短视频,点击
16333,1840,2025-09-26,短视频,曝光
16334,701,2025-07-09,直播,曝光
16335,1171,2025-08-08,图文,点击
16336,474,2025-07-03,直播,曝光
16337,1625,2025-08-06,短视频,曝光
16338,211,2025-09-22,短视频,曝光
16339,1924,2025-08-21,短视频,加购
16340,966,2025-07-07,短视频,点击
16341,1697,2025-09-01,短视频,曝光
16342,997,2025-08-06,图文,曝光
16343,281,2025-07-12,直播,曝光
16344,229,2025-07-08,短视频,曝光
16345,1768,2025-08-10,直播,分享
16346,1208,2025-07-11,短视频,曝光
16347,284,2025-08-29,短视频,曝光
16348,727,2025-08-29,短视频,曝光
16349,1144,2025-09-20,图文,曝光
16350,913,2025-09-23,直播,曝光
16351,149,2025-09-24,短视频,点击
16352,1021,2025-08-02,短视频,加购
16353,349,2025-07-24,短视频,曝光
16354,622,2025-09-07,短视频,曝光
16355,1335,2025-08-09,图文,加购
16356,1371,2025-09-10,图文,加购
16357,159,2025-09-15,直播,点击
16358,1020,2025-08-28,短视频,曝光
16359,512,2025-08-13,短视频,点击
16360,883,2025-09-18,短视频,曝光
16361,1610,2025-08-16,短视频,曝光
16362,820,2025-07-18,图文,加购
16363,1173,2025-07-11,短视频,曝光
16364,48,2025-07-07,直播,曝光
16365,985,2025-07-10,短视频,加购
16366,1543,2025-08-11,直播,分享
16367,1298,2025-08-24,图文,分享
16368,1933,2025-08-19,短视频,曝光
16369,1571,2025-08-03,短视频,曝光
16370,262,2025-08-04,短视频,曝光
16371,122,2025-08-18,短视频,点击
16372,579,2025-09-23,短视频,曝光
16373,1627,2025-09-05,图文,点击
16374,1694,2025-07-12,短视频,曝光
16375,1451,2025-07-26,短视频,曝光
16376,1418,2025-09-24,直播,曝光
16377,1338,2025-09-18,短视频,曝光
16378,625,2025-08-08,直播,点击
16379,1362,2025-07-24,短视频,曝光
16380,1300,2025-09-15,短视频,曝光
16381,165,2025-09-15,图文,曝光
16382,1835,2025-08-04,图文,曝光
16383,1515,2025-07-09,短视频,曝光
16384,440,2025-08-16,直播,点击
16385,576,2025-08-26,直播,分享
16386,1360,2025-09-02,短视频,点击
16387,488,2025-09-22,短视频,点击
16388,1624,2025-08-13,直播,曝光
16389,941,2025-09-22,直播,曝光
16390,191,2025-09-19,直播,曝光
16391,1383,2025-07-05,短视频,点击
16392,1870,2025-08-19,直播,曝光
16393,664,2025-07-14,短视频,曝光
16394,1919,2025-07-02,直播,曝光
16395,1441,2025-07-04,短视频,点击
16396,1467,2025-09-12,直播,分享
16397,721,2025-09-18,短视频,曝光
16398,1032,2025-08-15,直播,曝光
16399,445,2025-09-29,直播,曝光
16400,1208,2025-08-31,短视频,点击
16401,1720,2025-07-05,短视频,曝光
16402,1297,2025-07-30,直播,曝光
16403,1748,2025-08-30,短视频,曝光
16404,309,2025-09-03,直播,曝光
16405,1215,2025-09-04,短视频,曝光
16406,590,2025-09-05,短视频,曝光
16407,1128,2025-08-27,短视频,曝光
16408,202,2025-09-30,短视频,曝光
16409,767,2025-08-24,直播,点击
16410,741,2025-08-03,直播,曝光
16411,1056,2025-07-18,短视频,曝光
16412,1491,2025-07-21,短视频,曝光
16413,1148,2025-08-09,短视频,曝光
16414,1772,2025-08-14,图文,点击
16415,569,2025-07-10,短视频,加购
16416,743,2025-09-02,图文,曝光
16417,945,2025-08-06,直播,加购
16418,1233,2025-08-14,图文,曝光
16419,1700,2025-09-02,短视频,加购
16420,1190,2025-09-18,图文,曝光
16421,1918,2025-08-22,图文,曝光
16422,946,2025-09-27,短视频,加购
16423,1059,2025-09-04,图文,曝光
16424,1389,2025-09-29,短视频,曝光
16425,294,2025-08-08,短视频,曝光
16426,302,2025-07-12,短视频,点击
16427,668,2025-07-23,短视频,曝光
16428,150,2025-07-23,直播,曝光
16429,830,2025-07-31,直播,点击
16430,697,2025-07-28,短视频,曝光
16431,1236,2025-08-16,短视频,曝光
16432,1939,2025-09-24,短视频,曝光
16433,1132,2025-07-11,直播,曝光
16434,1907,2025-09-10,短视频,曝光
16435,1209,2025-08-22,短视频,曝光
16436,1267,2025-07-12,直播,加购
16437,1674,2025-09-12,直播,点击
16438,1158,2025-08-10,直播,曝光
16439,1938,2025-08-31,图文,曝光
16440,1267,2025-09-24,直播,曝光
16441,671,2025-07-14,短视频,加购
16442,859,2025-07-19,图文,曝光
16443,1294,2025-07-17,直播,曝光
16444,577,2025-08-20,短视频,曝光
16445,1467,2025-09-29,直播,曝光
16446,12,2025-09-02,短视频,曝光
16447,1459,2025-08-23,短视频,分享
16448,39,2025-07-06,短视频,加购
16449,327,2025-07-31,短视频,曝光
16450,1945,2025-08-09,短视频,点击
16451,1660,2025-08-14,直播,曝光
16452,1490,2025-09-23,短视频,曝光
16453,1857,2025-08-02,短视频,曝光
16454,1381,2025-07-02,直播,点击
16455,213,2025-08-08,短视频,点击
16456,1689,2025-08-28,直播,曝光
16457,473,2025-08-05,直播,曝光
16458,1214,2025-09-19,短视频,曝光
16459,1785,2025-09-12,直播,曝光
16460,1336,2025-08-09,短视频,曝光
16461,75,2025-09-22,直播,曝光
16462,1581,2025-07-24,短视频,点击
16463,1602,2025-09-24,短视频,曝光
16464,251,2025-09-05,短视频,点击
16465,1885,2025-07-15,短视频,点击
16466,376,2025-08-03,直播,曝光
16467,107,2025-08-30,短视频,曝光
16468,1112,2025-07-31,短视频,曝光
16469,1354,2025-09-13,短视频,曝光
16470,194,2025-07-24,图文,曝光
16471,311,2025-09-23,图文,曝光
16472,1319,2025-09-27,图文,点击
16473,164,2025-07-10,直播,曝光
16474,1665,2025-09-07,短视频,分享
16475,545,2025-08-31,直播,曝光
16476,1676,2025-07-13,直播,分享
16477,1482,2025-08-30,图文,曝光
16478,647,2025-07-28,直播,曝光
16479,1597,2025-09-13,直播,曝光
16480,406,2025-09-21,直播,曝光
16481,966,2025-07-01,图文,曝光
16482,1918,2025-09-15,短视频,曝光
16483,1779,2025-09-29,图文,加购
16484,1825,2025-08-02,短视频,点击
16485,299,2025-09-29,短视频,曝光
16486,628,2025-09-04,短视频,曝光
16487,152,2025-08-22,短视频,曝光
16488,1789,2025-07-10,直播,曝光
16489,1571,2025-08-15,短视频,分享
16490,1763,2025-07-14,短视频,曝光
16491,230,2025-07-27,短视频,加购
16492,677,2025-09-21,短视频,曝光
16493,1432,2025-07-11,直播,曝光
16494,727,2025-08-19,短视频,曝光
16495,586,2025-09-29,图文,曝光
16496,1864,2025-07-13,短视频,曝光
16497,1070,2025-07-18,短视频,曝光
16498,1484,2025-08-15,图文,加购
16499,1544,2025-08-15,短视频,曝光
16500,1236,2025-08-12,直播,曝光
16501,1480,2025-07-21,直播,曝光
16502,1906,2025-09-30,直播,曝光
16503,999,2025-07-10,图文,曝光
16504,1730,2025-07-02,短视频,曝光
16505,135,2025-07-23,直播,曝光
16506,150,2025-09-07,直播,曝光
16507,784,2025-07-12,短视频,曝光
16508,998,2025-09-08,短视频,曝光
16509,660,2025-08-06,短视频,加购
16510,1792,2025-09-10,短视频,曝光
16511,46,2025-07-20,直播,曝光
16512,223,2025-09-10,直播,点击
16513,1258,2025-07-01,短视频,曝光
16514,145,2025-09-04,短视频,加购
16515,391,2025-07-03,短视频,点击
16516,1719,2025-08-08,短视频,点击
16517,1632,2025-09-03,短视频,曝光
16518,1555,2025-07-05,直播,曝光
16519,689,2025-09-23,短视频,曝光
16520,335,2025-09-28,直播,曝光
16521,637,2025-09-02,短视频,曝光
16522,363,2025-07-23,短视频,曝光
16523,477,2025-09-04,短视频,点击
16524,1666,2025-07-29,短视频,加购
16525,490,2025-08-30,图文,分享
16526,419,2025-07-15,图文,曝光
16527,512,2025-08-26,短视频,曝光
16528,288,2025-07-31,图文,曝光
16529,1729,2025-08-23,短视频,分享
16530,1816,2025-07-31,直播,曝光
16531,402,2025-07-26,短视频,点击
16532,1611,2025-08-03,直播,曝光
16533,541,2025-09-19,图文,曝光
16534,808,2025-08-07,图文,加购
16535,1999,2025-09-02,图文,曝光
16536,1253,2025-08-31,短视频,曝光
16537,1619,2025-08-25,直播,曝光
16538,861,2025-09-28,短视频,点击
16539,1243,2025-07-05,短视频,曝光
16540,549,2025-08-18,短视频,曝光
16541,1469,2025-09-28,短视频,曝光
16542,1974,2025-09-30,直播,曝光
16543,314,2025-08-10,直播,曝光
16544,1092,2025-07-06,短视频,曝光
16545,538,2025-08-02,图文,曝光
16546,1276,2025-08-04,短视频,曝光
16547,913,2025-08-03,图文,曝光
16548,817,2025-07-03,直播,曝光
16549,778,2025-09-24,短视频,曝光
16550,1002,2025-08-24,直播,点击
16551,413,2025-08-05,短视频,曝光
16552,576,2025-09-29,短视频,曝光
16553,141,2025-09-17,图文,曝光
16554,859,2025-07-20,短视频,曝光
16555,1225,2025-07-17,图文,曝光
16556,1256,2025-09-05,直播,加购
16557,421,2025-09-19,直播,曝光
16558,1625,2025-09-09,短视频,曝光
16559,832,2025-09-14,图文,曝光
16560,1605,2025-07-10,短视频,曝光
16561,1641,2025-07-16,图文,曝光
16562,23,2025-08-09,短视频,曝光
16563,94,2025-08-24,直播,曝光
16564,1070,2025-07-13,短视频,曝光
16565,1677,2025-07-06,直播,曝光
16566,747,2025-08-02,图文,点击
16567,1221,2025-09-04,短视频,曝光
16568,1215,2025-09-13,短视频,点击
16569,1525,2025-09-14,直播,曝光
16570,1764,2025-07-27,短视频,曝光
16571,1139,2025-07-27,短视频,分享
16572,1551,2025-09-24,图文,曝光
16573,1205,2025-07-15,短视频,点击
16574,662,2025-09-10,图文,曝光
16575,1142,2025-07-01,短视频,曝光
16576,1479,2025-07-25,直播,曝光
16577,1791,2025-07-18,短视频,点击
16578,203,2025-08-09,直播,点击
16579,671,2025-07-11,直播,曝光
16580,257,2025-08-26,短视频,曝光
16581,343,2025-08-10,短视频,点击
16582,452,2025-08-25,直播,点击
16583,1805,2025-09-05,短视频,曝光
16584,800,2025-08-21,短视频,点击
16585,1839,2025-08-18,短视频,曝光
16586,1022,2025-08-04,短视频,曝光
16587,39,2025-08-30,短视频,曝光
16588,796,2025-09-25,直播,曝光
16589,1454,2025-07-14,直播,曝光
16590,1256,2025-07-09,短视频,曝光
16591,737,2025-09-12,直播,点击
16592,249,2025-08-28,短视频,曝光
16593,1516,2025-08-23,短视频,曝光
16594,1043,2025-07-04,直播,分享
16595,1582,2025-08-10,短视频,加购
16596,545,2025-08-21,直播,点击
16597,314,2025-09-08,图文,曝光
16598,730,2025-07-17,直播,点击
16599,479,2025-08-25,短视频,曝光
16600,1018,2025-07-08,直播,曝光
16601,1003,2025-09-13,图文,点击
16602,266,2025-07-05,直播,点击
16603,936,2025-08-22,直播,点击
16604,777,2025-09-26,短视频,曝光
16605,1039,2025-08-02,直播,点击
16606,1522,2025-07-12,短视频,曝光
16607,912,2025-08-29,直播,曝光
16608,556,2025-08-03,直播,曝光
16609,1807,2025-08-31,短视频,曝光
16610,1530,2025-08-13,图文,曝光
16611,1923,2025-08-02,直播,分享
16612,462,2025-07-03,直播,曝光
16613,1230,2025-08-03,直播,曝光
16614,1509,2025-09-24,图文,点击
16615,1787,2025-09-30,直播,曝光
16616,389,2025-07-02,直播,曝光
16617,505,2025-07-19,直播,曝光
16618,1903,2025-09-22,图文,曝光
16619,1133,2025-09-15,直播,曝光
16620,308,2025-07-03,图文,点击
16621,387,2025-08-09,直播,曝光
16622,2000,2025-08-07,短视频,曝光
16623,1798,2025-09-29,图文,曝光
16624,458,2025-09-11,直播,曝光
16625,1106,2025-09-09,直播,加购
16626,1421,2025-07-03,直播,曝光
16627,893,2025-09-02,直播,点击
16628,611,2025-09-13,直播,点击
16629,1402,2025-08-08,图文,曝光
16630,165,2025-08-13,直播,曝光
16631,416,2025-07-24,直播,点击
16632,50,2025-08-13,直播,点击
16633,1782,2025-08-01,直播,曝光
16634,295,2025-07-18,直播,点击
16635,1739,2025-09-30,图文,点击
16636,817,2025-07-22,直播,曝光
16637,210,2025-07-18,短视频,曝光
16638,1161,2025-09-12,短视频,分享
16639,636,2025-07-15,短视频,曝光
16640,958,2025-07-01,直播,曝光
16641,1957,2025-08-23,短视频,曝光
16642,1261,2025-07-30,图文,点击
16643,36,2025-09-02,短视频,曝光
16644,192,2025-07-30,图文,加购
16645,1543,2025-07-09,图文,曝光
16646,1353,2025-07-25,图文,曝光
16647,978,2025-08-06,短视频,曝光
16648,1571,2025-07-29,短视频,曝光
16649,449,2025-08-24,直播,曝光
16650,462,2025-07-12,图文,加购
16651,814,2025-08-29,直播,点击
16652,1584,2025-07-16,短视频,曝光
16653,1966,2025-08-25,短视频,分享
16654,501,2025-08-21,短视频,加购
16655,1237,2025-07-15,直播,曝光
16656,889,2025-08-21,图文,曝光
16657,1762,2025-09-28,短视频,曝光
16658,1612,2025-09-24,图文,曝光
16659,346,2025-09-08,直播,曝光
16660,1375,2025-08-18,短视频,曝光
16661,35,2025-09-09,短视频,曝光
16662,1008,2025-08-10,直播,曝光
16663,535,2025-07-29,短视频,点击
16664,740,2025-07-09,短视频,曝光
16665,661,2025-08-14,图文,曝光
16666,1128,2025-09-06,短视频,曝光
16667,1698,2025-09-18,图文,曝光
16668,1040,2025-08-11,短视频,曝光
16669,1732,2025-09-02,短视频,加购
16670,1943,2025-09-08,直播,加购
16671,446,2025-07-23,图文,曝光
16672,1653,2025-07-18,短视频,曝光
16673,435,2025-08-21,短视频,曝光
16674,233,2025-08-26,直播,曝光
16675,418,2025-07-05,图文,曝光
16676,825,2025-09-05,短视频,加购
16677,341,2025-08-14,直播,曝光
16678,1175,2025-08-03,短视频,点击
16679,1194,2025-08-12,短视频,曝光
16680,1411,2025-08-14,短视频,点击
16681,1824,2025-09-05,直播,曝光
16682,355,2025-07-06,图文,曝光
16683,1961,2025-09-16,短视频,点击
16684,1662,2025-07-25,直播,曝光
16685,108,2025-09-18,直播,曝光
16686,1260,2025-07-16,短视频,点击
16687,517,2025-08-03,短视频,曝光
16688,135,2025-08-04,图文,曝光
16689,1364,2025-07-17,短视频,加购
16690,119,2025-07-09,短视频,曝光
16691,356,2025-07-01,短视频,曝光
16692,1373,2025-09-15,直播,分享
16693,168,2025-07-11,短视频,曝光
16694,1512,2025-09-06,图文,曝光
16695,54,2025-07-02,直播,曝光
16696,621,2025-09-18,短视频,点击
16697,513,2025-07-23,短视频,曝光
16698,324,2025-09-26,图文,曝光
16699,1065,2025-08-13,直播,曝光
16700,440,2025-08-21,直播,点击
16701,302,2025-08-13,短视频,曝光
16702,785,2025-09-07,短视频,曝光
16703,993,2025-07-20,直播,曝光
16704,1264,2025-08-15,短视频,点击
16705,171,2025-07-23,直播,分享
16706,376,2025-09-11,图文,加购
16707,101,2025-09-17,图文,点击
16708,1583,2025-08-19,短视频,曝光
16709,1119,2025-08-27,短视频,点击
16710,498,2025-09-06,直播,曝光
16711,1065,2025-08-07,短视频,曝光
16712,1620,2025-07-26,直播,曝光
16713,1523,2025-09-26,直播,曝光
16714,1849,2025-09-02,短视频,曝光
16715,461,2025-07-03,短视频,曝光
16716,329,2025-08-23,直播,曝光
16717,1528,2025-08-11,图文,分享
16718,1836,2025-07-23,短视频,分享
16719,351,2025-09-11,短视频,加购
16720,1411,2025-09-02,短视频,曝光
16721,1150,2025-08-12,图文,曝光
16722,1775,2025-08-04,短视频,分享
16723,386,2025-07-21,短视频,曝光
16724,694,2025-08-27,直播,曝光
16725,1243,2025-09-17,短视频,曝光
16726,1728,2025-08-30,短视频,曝光
16727,1651,2025-07-02,图文,点击
16728,954,2025-08-31,直播,点击
16729,741,2025-08-10,短视频,曝光
16730,380,2025-09-01,直播,曝光
16731,804,2025-08-04,直播,曝光
16732,1994,2025-08-08,短视频,点击
16733,456,2025-08-11,图文,点击
16734,1897,2025-08-27,短视频,曝光
16735,559,2025-09-16,短视频,曝光
16736,250,2025-09-22,短视频,点击
16737,1435,2025-07-17,直播,曝光
16738,913,2025-07-07,直播,曝光
16739,1464,2025-09-15,直播,点击
16740,1973,2025-09-11,直播,曝光
16741,297,2025-07-26,短视频,点击
16742,1097,2025-07-12,直播,曝光
16743,533,2025-07-12,短视频,加购
16744,995,2025-08-12,图文,点击
16745,513,2025-07-27,直播,加购
16746,391,2025-07-16,短视频,曝光
16747,1039,2025-09-13,短视频,加购
16748,840,2025-09-10,短视频,加购
16749,1534,2025-08-18,短视频,曝光
16750,997,2025-07-04,直播,分享
16751,1207,2025-07-13,短视频,曝光
16752,1429,2025-09-03,短视频,曝光
16753,110,2025-08-04,短视频,曝光
16754,901,2025-08-06,短视频,曝光
16755,1050,2025-09-13,短视频,曝光
16756,1270,2025-07-25,直播,曝光
16757,80,2025-09-28,图文,曝光
16758,204,2025-09-27,短视频,曝光
16759,1699,2025-08-24,直播,加购
16760,1528,2025-07-27,图文,曝光
16761,842,2025-09-29,短视频,点击
16762,7,2025-07-20,图文,曝光
16763,518,2025-09-18,图文,加购
16764,1285,2025-08-09,直播,曝光
16765,1361,2025-09-18,短视频,点击
16766,1653,2025-07-28,直播,曝光
16767,1105,2025-09-04,短视频,曝光
16768,1534,2025-09-05,直播,点击
16769,472,2025-08-04,直播,分享
16770,295,2025-07-03,直播,点击
16771,671,2025-07-28,图文,曝光
16772,1689,2025-09-02,短视频,点击
16773,1774,2025-09-11,直播,分享
16774,159,2025-08-08,短视频,曝光
16775,392,2025-09-21,直播,点击
16776,133,2025-09-11,短视频,点击
16777,1528,2025-07-10,短视频,曝光
16778,1646,2025-07-31,短视频,曝光
16779,1855,2025-08-18,短视频,曝光
16780,366,2025-07-02,图文,曝光
16781,1038,2025-07-26,短视频,分享
16782,895,2025-09-09,图文,曝光
16783,1954,2025-09-17,直播,加购
16784,1874,2025-07-13,图文,曝光
16785,1674,2025-08-24,直播,加购
16786,418,2025-08-13,短视频,曝光
16787,668,2025-09-17,短视频,曝光
16788,1562,2025-09-15,短视频,曝光
16789,1218,2025-09-26,直播,加购
16790,1169,2025-09-24,直播,分享
16791,151,2025-09-06,直播,点击
16792,812,2025-07-23,直播,曝光
16793,1951,2025-07-23,短视频,曝光
16794,919,2025-09-16,短视频,点击
16795,1767,2025-09-03,直播,曝光
16796,821,2025-09-10,直播,分享
16797,1696,2025-07-26,短视频,曝光
16798,1655,2025-09-23,直播,点击
16799,1245,2025-07-16,短视频,曝光
16800,1628,2025-09-13,短视频,分享
16801,96,2025-07-31,短视频,分享
16802,747,2025-07-09,短视频,曝光
16803,179,2025-09-14,短视频,曝光
16804,1395,2025-09-25,直播,曝光
16805,585,2025-09-28,直播,曝光
16806,1064,2025-07-03,图文,曝光
16807,1686,2025-08-11,短视频,曝光
16808,1497,2025-08-01,短视频,曝光
16809,1334,2025-07-31,直播,曝光
16810,101,2025-08-05,直播,点击
16811,1233,2025-07-02,直播,曝光
16812,673,2025-08-14,短视频,点击
16813,1980,2025-07-07,短视频,点击
16814,672,2025-07-22,直播,曝光
16815,1499,2025-09-05,直播,曝光
16816,1194,2025-07-12,短视频,加购
16817,672,2025-09-01,图文,点击
16818,416,2025-09-16,直播,曝光
16819,520,2025-09-28,短视频,曝光
16820,1064,2025-08-29,直播,曝光
16821,1772,2025-09-20,短视频,加购
16822,1960,2025-08-13,图文,曝光
16823,630,2025-09-22,短视频,分享
16824,88,2025-09-10,图文,曝光
16825,442,2025-09-23,直播,曝光
16826,1007,2025-09-23,短视频,曝光
16827,804,2025-09-02,图文,曝光
16828,277,2025-07-21,图文,曝光
16829,347,2025-07-05,直播,分享
16830,1165,2025-07-30,短视频,分享
16831,534,2025-07-28,直播,曝光
16832,482,2025-09-24,直播,加购
16833,754,2025-07-04,短视频,曝光
16834,1806,2025-08-20,短视频,曝光
16835,1686,2025-09-29,图文,曝光
16836,636,2025-07-26,直播,曝光
16837,1536,2025-08-23,短视频,曝光
16838,1917,2025-07-15,图文,曝光
16839,561,2025-08-08,短视频,分享
16840,9,2025-09-29,直播,曝光
16841,463,2025-08-31,短视频,分享
16842,1665,2025-08-19,短视频,曝光
16843,213,2025-09-28,短视频,分享
16844,524,2025-09-18,短视频,曝光
16845,1908,2025-07-26,图文,曝光
16846,404,2025-08-28,图文,曝光
16847,959,2025-08-29,短视频,点击
16848,1769,2025-08-10,图文,曝光
16849,1694,2025-07-17,图文,点击
16850,609,2025-09-17,短视频,曝光
16851,500,2025-07-15,短视频,点击
16852,1168,2025-08-02,短视频,曝光
16853,646,2025-07-23,短视频,曝光
16854,1474,2025-09-09,短视频,曝光
16855,1354,2025-07-10,直播,曝光
16856,839,2025-08-11,直播,曝光
16857,820,2025-09-16,直播,点击
16858,203,2025-09-21,直播,曝光
16859,1388,2025-07-20,直播,曝光
16860,1845,2025-08-16,图文,分享
16861,1753,2025-08-14,短视频,曝光
16862,1296,2025-07-30,短视频,曝光
16863,1456,2025-09-12,短视频,曝光
16864,1785,2025-09-05,直播,分享
16865,439,2025-07-08,短视频,曝光
16866,1536,2025-09-18,直播,曝光
16867,208,2025-08-03,短视频,曝光
16868,1548,2025-09-17,短视频,分享
16869,438,2025-09-09,直播,点击
16870,1180,2025-08-14,短视频,曝光
16871,5,2025-09-01,直播,曝光
16872,13,2025-08-10,直播,曝光
16873,1299,2025-09-10,图文,曝光
16874,1766,2025-07-14,图文,分享
16875,221,2025-08-25,短视频,点击
16876,1662,2025-07-04,短视频,点击
16877,1511,2025-09-05,短视频,曝光
16878,1455,2025-09-24,图文,点击
16879,546,2025-09-08,直播,分享
16880,1757,2025-09-05,图文,加购
16881,1219,2025-09-14,图文,曝光
16882,369,2025-08-23,图文,点击
16883,1765,2025-08-26,短视频,曝光
16884,564,2025-08-23,直播,曝光
16885,996,2025-08-13,短视频,曝光
16886,315,2025-07-03,短视频,加购
16887,780,2025-07-08,短视频,曝光
16888,1294,2025-08-11,图文,曝光
16889,1798,2025-07-26,直播,点击
16890,877,2025-09-23,直播,曝光
16891,1236,2025-09-29,直播,曝光
16892,206,2025-08-12,直播,曝光
16893,478,2025-09-03,短视频,点击
16894,1152,2025-08-23,图文,曝光
16895,84,2025-07-23,短视频,曝光
16896,678,2025-08-04,直播,分享
16897,120,2025-08-05,短视频,点击
16898,982,2025-07-10,直播,曝光
16899,526,2025-07-02,短视频,点击
16900,523,2025-07-30,图文,分享
16901,924,2025-09-22,短视频,曝光
16902,323,2025-07-08,短视频,加购
16903,1519,2025-08-17,短视频,曝光
16904,902,2025-08-23,短视频,曝光
16905,1806,2025-08-31,直播,曝光
16906,453,2025-09-29,直播,曝光
16907,125,2025-08-05,短视频,曝光
16908,811,2025-08-03,短视频,曝光
16909,211,2025-08-16,短视频,曝光
16910,765,2025-09-17,直播,曝光
16911,1543,2025-08-23,直播,曝光
16912,1881,2025-07-04,图文,点击
16913,916,2025-08-11,短视频,分享
16914,374,2025-08-16,短视频,加购
16915,776,2025-09-19,短视频,曝光
16916,573,2025-08-30,直播,加购
16917,242,2025-09-01,直播,点击
16918,1584,2025-07-30,图文,点击
16919,1463,2025-09-05,短视频,曝光
16920,592,2025-07-10,图文,点击
16921,972,2025-07-19,直播,点击
16922,961,2025-07-21,短视频,曝光
16923,862,2025-08-13,图文,点击
16924,1524,2025-07-07,短视频,曝光
16925,1397,2025-08-17,短视频,曝光
16926,9,2025-09-20,短视频,曝光
16927,449,2025-08-06,直播,曝光
16928,1914,2025-07-01,短视频,曝光
16929,828,2025-07-26,直播,曝光
16930,926,2025-07-07,短视频,曝光
16931,1523,2025-08-28,图文,曝光
16932,1519,2025-09-12,短视频,点击
16933,1132,2025-07-27,短视频,曝光
16934,1842,2025-07-28,图文,曝光
16935,1180,2025-07-30,图文,点击
16936,1754,2025-08-03,短视频,曝光
16937,910,2025-09-03,直播,曝光
16938,441,2025-07-29,短视频,点击
16939,223,2025-08-05,直播,分享
16940,1111,2025-09-20,短视频,点击
16941,1783,2025-09-09,短视频,点击
16942,822,2025-09-24,短视频,曝光
16943,1454,2025-08-02,短视频,曝光
16944,1065,2025-09-24,短视频,分享
16945,1613,2025-07-28,直播,曝光
16946,1560,2025-07-29,短视频,曝光
16947,1395,2025-09-26,短视频,曝光
16948,709,2025-07-19,短视频,曝光
16949,824,2025-09-14,直播,曝光
16950,955,2025-09-15,短视频,曝光
16951,1645,2025-09-24,直播,曝光
16952,1216,2025-09-17,图文,点击
16953,343,2025-09-14,图文,曝光
16954,542,2025-08-02,短视频,曝光
16955,624,2025-08-21,图文,曝光
16956,1214,2025-08-23,图文,曝光
16957,1531,2025-07-27,短视频,曝光
16958,298,2025-08-05,图文,分享
16959,1446,2025-09-17,图文,曝光
16960,1244,2025-07-02,直播,点击
16961,414,2025-07-08,直播,曝光
16962,287,2025-08-07,图文,曝光
16963,294,2025-09-09,短视频,点击
16964,1552,2025-09-21,直播,曝光
16965,471,2025-09-01,图文,曝光
16966,389,2025-09-17,短视频,曝光
16967,836,2025-07-14,短视频,曝光
16968,1293,2025-07-10,短视频,曝光
16969,885,2025-08-16,图文,曝光
16970,1163,2025-07-29,直播,加购
16971,734,2025-09-19,直播,曝光
16972,851,2025-07-07,短视频,点击
16973,1170,2025-08-03,直播,点击
16974,1291,2025-07-28,短视频,曝光
16975,1475,2025-08-24,图文,分享
16976,1694,2025-07-28,直播,加购
16977,658,2025-09-25,直播,加购
16978,241,2025-07-05,图文,加购
16979,186,2025-07-07,直播,曝光
16980,1353,2025-09-21,短视频,曝光
16981,862,2025-08-18,直播,曝光
16982,821,2025-09-16,图文,点击
16983,1468,2025-08-12,图文,曝光
16984,1348,2025-09-24,短视频,曝光
16985,1829,2025-08-13,短视频,加购
16986,1751,2025-09-07,直播,曝光
16987,1500,2025-09-30,短视频,曝光
16988,1306,2025-09-08,短视频,点击
16989,1794,2025-07-24,短视频,曝光
16990,320,2025-09-11,图文,曝光
16991,1911,2025-08-05,短视频,曝光
16992,833,2025-09-01,直播,曝光
16993,497,2025-08-30,图文,加购
16994,1099,2025-07-17,短视频,曝光
16995,1788,2025-07-27,图文,曝光
16996,254,2025-07-17,短视频,曝光
16997,348,2025-07-07,短视频,曝光
16998,1288,2025-08-16,短视频,加购
16999,1338,2025-07-19,图文,曝光
17000,1427,2025-09-02,直播,曝光
17001,1797,2025-07-22,图文,点击
17002,1526,2025-07-03,短视频,加购
17003,1624,2025-07-14,短视频,曝光
17004,240,2025-08-20,直播,曝光
17005,714,2025-07-12,短视频,曝光
17006,1411,2025-09-20,短视频,曝光
17007,1640,2025-09-07,图文,点击
17008,733,2025-07-12,直播,分享
17009,1163,2025-09-18,直播,曝光
17010,423,2025-07-29,短视频,点击
17011,1732,2025-09-21,短视频,曝光
17012,1049,2025-09-29,直播,曝光
17013,191,2025-07-24,直播,曝光
17014,1146,2025-07-31,直播,点击
17015,530,2025-07-14,图文,曝光
17016,914,2025-07-03,短视频,曝光
17017,695,2025-08-17,短视频,曝光
17018,1682,2025-09-01,短视频,加购
17019,1694,2025-08-20,短视频,曝光
17020,312,2025-09-29,短视频,点击
17021,648,2025-07-11,短视频,曝光
17022,815,2025-07-22,短视频,曝光
17023,1710,2025-09-20,直播,点击
17024,535,2025-07-20,图文,加购
17025,1403,2025-08-03,直播,曝光
17026,98,2025-08-09,直播,点击
17027,1919,2025-07-20,短视频,曝光
17028,679,2025-08-19,短视频,曝光
17029,538,2025-09-11,短视频,曝光
17030,1437,2025-09-13,短视频,曝光
17031,1223,2025-08-12,直播,曝光
17032,1047,2025-09-30,直播,曝光
17033,1862,2025-07-29,短视频,分享
17034,838,2025-09-13,直播,曝光
17035,1080,2025-09-19,短视频,曝光
17036,950,2025-07-27,短视频,加购
17037,347,2025-07-05,短视频,曝光
17038,626,2025-09-11,直播,点击
17039,1207,2025-07-09,短视频,曝光
17040,245,2025-08-28,图文,加购
17041,1462,2025-08-15,短视频,点击
17042,1181,2025-08-15,图文,曝光
17043,1300,2025-09-06,短视频,点击
17044,1631,2025-08-28,图文,曝光
17045,968,2025-08-25,短视频,曝光
17046,1579,2025-08-10,短视频,曝光
17047,1498,2025-09-03,短视频,曝光
17048,467,2025-08-28,短视频,曝光
17049,543,2025-08-23,直播,加购
17050,869,2025-09-06,图文,加购
17051,191,2025-07-12,短视频,曝光
17052,1105,2025-07-02,短视频,曝光
17053,1825,2025-07-04,短视频,曝光
17054,1605,2025-08-26,图文,曝光
17055,1458,2025-09-08,短视频,曝光
17056,394,2025-07-15,短视频,曝光
17057,1603,2025-07-06,短视频,曝光
17058,265,2025-07-31,短视频,加购
17059,824,2025-09-11,短视频,曝光
17060,1864,2025-08-10,直播,曝光
17061,1522,2025-08-31,短视频,曝光
17062,292,2025-09-28,图文,曝光
17063,1045,2025-08-17,直播,曝光
17064,1979,2025-07-30,短视频,曝光
17065,894,2025-07-03,短视频,加购
17066,1198,2025-09-14,短视频,曝光
17067,766,2025-09-07,直播,点击
17068,998,2025-08-01,图文,点击
17069,1038,2025-08-27,短视频,曝光
17070,378,2025-07-22,短视频,曝光
17071,1886,2025-08-31,图文,曝光
17072,1722,2025-08-09,短视频,曝光
17073,201,2025-07-19,短视频,分享
17074,345,2025-07-09,短视频,曝光
17075,1290,2025-07-02,图文,曝光
17076,803,2025-09-14,短视频,加购
17077,1359,2025-07-07,直播,曝光
17078,97,2025-08-15,直播,分享
17079,1503,2025-07-12,短视频,曝光
17080,46,2025-09-02,短视频,分享
17081,394,2025-08-05,短视频,曝光
17082,1460,2025-09-12,短视频,曝光
17083,696,2025-07-09,直播,曝光
17084,416,2025-08-07,直播,曝光
17085,1766,2025-08-07,直播,加购
17086,1202,2025-08-11,图文,加购
17087,577,2025-07-27,图文,曝光
17088,1447,2025-07-24,图文,点击
17089,267,2025-09-26,直播,曝光
17090,984,2025-09-04,短视频,曝光
17091,379,2025-08-11,短视频,点击
17092,1313,2025-09-15,短视频,曝光
17093,545,2025-07-07,图文,曝光
17094,483,2025-08-22,短视频,曝光
17095,512,2025-09-01,短视频,曝光
17096,1636,2025-07-04,短视频,点击
17097,1733,2025-09-04,短视频,曝光
17098,413,2025-09-04,图文,点击
17099,315,2025-08-18,图文,曝光
17100,1182,2025-08-31,短视频,分享
17101,1285,2025-09-25,图文,曝光
17102,1672,2025-08-01,直播,点击
17103,1644,2025-07-21,短视频,曝光
17104,1587,2025-08-07,短视频,曝光
17105,87,2025-09-26,短视频,分享
17106,103,2025-08-15,短视频,曝光
17107,374,2025-09-24,直播,点击
17108,735,2025-09-11,短视频,点击
17109,1478,2025-07-11,图文,点击
17110,1706,2025-09-01,直播,曝光
17111,1439,2025-09-19,短视频,曝光
17112,1702,2025-08-17,短视频,加购
17113,745,2025-07-29,短视频,曝光
17114,1273,2025-09-13,图文,曝光
17115,272,2025-07-06,短视频,曝光
17116,218,2025-09-18,图文,曝光
17117,1652,2025-07-08,直播,曝光
17118,809,2025-07-05,直播,曝光
17119,1455,2025-08-17,直播,曝光
17120,1923,2025-07-07,直播,曝光
17121,1150,2025-09-05,短视频,曝光
17122,214,2025-08-13,短视频,曝光
17123,1315,2025-09-07,直播,曝光
17124,1603,2025-09-10,直播,分享
17125,551,2025-09-11,短视频,点击
17126,836,2025-07-11,短视频,曝光
17127,1256,2025-09-17,短视频,点击
17128,1490,2025-09-18,短视频,曝光
17129,363,2025-08-16,短视频,曝光
17130,109,2025-07-13,直播,曝光
17131,1276,2025-09-06,直播,曝光
17132,21,2025-09-02,短视频,点击
17133,905,2025-07-13,短视频,曝光
17134,602,2025-09-12,短视频,曝光
17135,878,2025-09-01,短视频,曝光
17136,1741,2025-07-05,图文,曝光
17137,1872,2025-08-26,短视频,曝光
17138,1360,2025-09-17,短视频,点击
17139,744,2025-09-26,直播,曝光
17140,1224,2025-09-16,直播,曝光
17141,279,2025-09-18,直播,曝光
17142,1996,2025-07-14,短视频,曝光
17143,1748,2025-07-03,直播,曝光
17144,695,2025-07-20,图文,点击
17145,49,2025-09-20,短视频,加购
17146,1701,2025-09-18,短视频,点击
17147,61,2025-07-08,短视频,曝光
17148,220,2025-09-27,短视频,曝光
17149,12,2025-07-20,短视频,曝光
17150,342,2025-08-14,短视频,曝光
17151,1837,2025-08-26,直播,曝光
17152,957,2025-07-12,直播,曝光
17153,335,2025-08-05,图文,曝光
17154,1919,2025-07-26,图文,曝光
17155,833,2025-08-02,图文,加购
17156,1407,2025-08-01,直播,曝光
17157,1090,2025-08-11,短视频,曝光
17158,226,2025-08-28,短视频,点击
17159,1421,2025-07-11,图文,点击
17160,1910,2025-09-05,直播,点击
17161,1954,2025-07-11,直播,点击
17162,1532,2025-08-25,短视频,曝光
17163,1343,2025-07-19,图文,曝光
17164,1474,2025-09-20,直播,曝光
17165,1939,2025-07-30,直播,点击
17166,1103,2025-07-01,图文,点击
17167,1814,2025-07-10,短视频,点击
17168,788,2025-08-05,短视频,分享
17169,634,2025-09-27,图文,分享
17170,220,2025-07-27,短视频,曝光
17171,925,2025-08-15,短视频,点击
17172,1240,2025-09-08,图文,点击
17173,816,2025-07-22,短视频,加购
17174,256,2025-09-01,图文,分享
17175,882,2025-08-08,图文,曝光
17176,1180,2025-09-20,短视频,曝光
17177,236,2025-09-01,短视频,曝光
17178,1080,2025-07-29,短视频,曝光
17179,764,2025-08-11,短视频,点击
17180,1194,2025-09-17,短视频,加购
17181,13,2025-08-04,图文,曝光
17182,1654,2025-08-19,图文,曝光
17183,798,2025-09-17,短视频,曝光
17184,823,2025-07-15,短视频,曝光
17185,222,2025-09-16,短视频,加购
17186,874,2025-09-15,图文,曝光
17187,795,2025-08-19,短视频,曝光
17188,120,2025-07-22,短视频,曝光
17189,1158,2025-07-13,短视频,曝光
17190,576,2025-09-08,直播,曝光
17191,713,2025-08-04,直播,曝光
17192,163,2025-08-19,图文,曝光
17193,1281,2025-07-09,短视频,曝光
17194,284,2025-08-17,短视频,曝光
17195,1190,2025-07-07,短视频,曝光
17196,854,2025-08-19,短视频,点击
17197,1488,2025-09-16,直播,曝光
17198,815,2025-09-28,短视频,点击
17199,1312,2025-09-16,直播,点击
17200,1872,2025-08-23,短视频,点击
17201,519,2025-09-07,短视频,曝光
17202,239,2025-07-05,短视频,曝光
17203,1215,2025-09-01,图文,曝光
17204,299,2025-09-26,短视频,曝光
17205,439,2025-07-14,直播,曝光
17206,1502,2025-07-26,图文,点击
17207,1370,2025-09-30,短视频,加购
17208,45,2025-08-13,短视频,加购
17209,1178,2025-09-05,直播,曝光
17210,1302,2025-09-14,短视频,加购
17211,645,2025-09-26,短视频,曝光
17212,1496,2025-07-08,短视频,曝光
17213,1443,2025-08-02,短视频,点击
17214,1258,2025-07-22,短视频,点击
17215,501,2025-09-13,直播,曝光
17216,576,2025-09-19,短视频,曝光
17217,1095,2025-09-18,直播,曝光
17218,208,2025-07-11,短视频,曝光
17219,822,2025-08-31,直播,曝光
17220,1989,2025-08-17,短视频,曝光
17221,1285,2025-09-05,直播,曝光
17222,1719,2025-07-18,直播,曝光
17223,650,2025-07-12,短视频,曝光
17224,1462,2025-08-02,图文,曝光
17225,1471,2025-08-02,直播,曝光
17226,375,2025-09-11,直播,点击
17227,442,2025-07-18,直播,曝光
17228,862,2025-09-27,短视频,曝光
17229,1275,2025-07-02,短视频,曝光
17230,1420,2025-08-22,短视频,曝光
17231,1953,2025-08-18,直播,点击
17232,203,2025-08-03,图文,曝光
17233,1282,2025-07-11,短视频,曝光
17234,1915,2025-07-08,短视频,曝光
17235,339,2025-07-26,直播,曝光
17236,1911,2025-08-06,短视频,曝光
17237,1685,2025-07-18,图文,曝光
17238,301,2025-09-13,短视频,曝光
17239,424,2025-09-28,直播,曝光
17240,395,2025-09-08,短视频,曝光
17241,185,2025-09-15,短视频,曝光
17242,729,2025-08-02,直播,曝光
17243,883,2025-09-18,短视频,曝光
17244,902,2025-07-16,图文,加购
17245,1666,2025-08-25,图文,加购
17246,882,2025-08-20,直播,分享
17247,383,2025-08-14,短视频,加购
17248,1377,2025-09-15,短视频,曝光
17249,1282,2025-08-01,直播,曝光
17250,941,2025-08-21,短视频,曝光
17251,1287,2025-08-12,直播,点击
17252,369,2025-08-19,图文,点击
17253,1559,2025-08-01,直播,曝光
17254,523,2025-09-04,短视频,分享
17255,97,2025-08-24,直播,曝光
17256,823,2025-07-12,短视频,曝光
17257,481,2025-08-10,短视频,曝光
17258,1039,2025-08-26,短视频,点击
17259,928,2025-07-09,短视频,曝光
17260,1847,2025-07-08,直播,点击
17261,833,2025-08-20,图文,曝光
17262,193,2025-07-15,短视频,曝光
17263,1027,2025-08-22,直播,曝光
17264,1609,2025-07-05,短视频,点击
17265,531,2025-09-17,短视频,曝光
17266,622,2025-08-26,图文,曝光
17267,362,2025-08-28,短视频,曝光
17268,1455,2025-09-27,短视频,加购
17269,334,2025-08-27,短视频,分享
17270,517,2025-07-14,短视频,曝光
17271,175,2025-09-21,短视频,曝光
17272,771,2025-08-13,直播,曝光
17273,1736,2025-08-31,直播,点击
17274,887,2025-09-21,直播,曝光
17275,237,2025-08-13,直播,曝光
17276,1502,2025-09-17,直播,点击
17277,711,2025-09-26,短视频,加购
17278,333,2025-08-08,短视频,点击
17279,40,2025-07-03,图文,曝光
17280,694,2025-09-07,直播,曝光
17281,314,2025-09-12,短视频,曝光
17282,1058,2025-07-04,直播,曝光
17283,865,2025-09-26,直播,加购
17284,1316,2025-09-08,短视频,点击
17285,550,2025-07-18,直播,曝光
17286,153,2025-09-05,短视频,曝光
17287,228,2025-09-02,图文,点击
17288,190,2025-08-23,短视频,点击
17289,536,2025-08-22,直播,点击
17290,1437,2025-07-11,短视频,曝光
17291,1095,2025-09-25,图文,点击
17292,733,2025-07-28,直播,加购
17293,476,2025-07-27,短视频,曝光
17294,332,2025-07-16,短视频,曝光
17295,292,2025-07-19,短视频,加购
17296,527,2025-07-06,短视频,曝光
17297,999,2025-09-15,短视频,曝光
17298,1197,2025-09-21,直播,曝光
17299,1891,2025-07-05,直播,曝光
17300,1907,2025-07-17,短视频,点击
17301,525,2025-08-10,短视频,曝光
17302,1464,2025-07-20,图文,点击
17303,262,2025-07-19,短视频,曝光
17304,1595,2025-09-03,短视频,曝光
17305,1859,2025-09-19,短视频,曝光
17306,1217,2025-07-30,短视频,点击
17307,1077,2025-08-17,短视频,曝光
17308,743,2025-08-07,图文,曝光
17309,1769,2025-08-04,短视频,曝光
17310,1925,2025-07-06,短视频,点击
17311,1414,2025-09-04,直播,曝光
17312,163,2025-09-24,直播,点击
17313,1759,2025-09-08,直播,曝光
17314,1618,2025-09-30,短视频,曝光
17315,719,2025-09-14,短视频,曝光
17316,517,2025-08-03,直播,点击
17317,1537,2025-09-14,图文,曝光
17318,1216,2025-07-20,短视频,点击
17319,1505,2025-08-06,图文,点击
17320,1965,2025-09-03,直播,曝光
17321,739,2025-07-27,图文,分享
17322,1685,2025-09-08,短视频,加购
17323,939,2025-07-18,短视频,曝光
17324,1701,2025-07-15,短视频,曝光
17325,487,2025-09-08,短视频,曝光
17326,1647,2025-08-14,短视频,曝光
17327,1412,2025-09-24,短视频,曝光
17328,908,2025-07-18,直播,加购
17329,1839,2025-09-04,直播,曝光
17330,787,2025-07-22,图文,点击
17331,1486,2025-08-13,图文,曝光
17332,1038,2025-08-15,短视频,曝光
17333,284,2025-09-17,图文,曝光
17334,571,2025-08-06,短视频,分享
17335,1601,2025-08-03,直播,曝光
17336,957,2025-08-13,直播,分享
17337,1702,2025-09-28,短视频,曝光
17338,254,2025-08-05,图文,加购
17339,1538,2025-08-20,短视频,分享
17340,1786,2025-07-07,直播,曝光
17341,1985,2025-08-25,直播,点击
17342,1472,2025-07-08,短视频,曝光
17343,944,2025-07-02,短视频,曝光
17344,125,2025-07-25,直播,曝光
17345,411,2025-07-18,短视频,曝光
17346,1320,2025-08-18,短视频,曝光
17347,1766,2025-07-20,短视频,点击
17348,1518,2025-07-20,直播,加购
17349,1215,2025-09-20,短视频,曝光
17350,1724,2025-08-27,直播,曝光
17351,616,2025-07-01,直播,曝光
17352,659,2025-09-09,直播,曝光
17353,177,2025-09-05,图文,曝光
17354,1262,2025-09-21,直播,分享
17355,367,2025-08-19,短视频,曝光
17356,553,2025-09-25,图文,点击
17357,188,2025-09-25,短视频,点击
17358,1698,2025-08-03,短视频,曝光
17359,413,2025-07-08,短视频,曝光
17360,1751,2025-09-25,直播,曝光
17361,464,2025-08-30,短视频,曝光
17362,154,2025-09-19,短视频,曝光
17363,1957,2025-07-07,直播,曝光
17364,571,2025-07-30,短视频,点击
17365,1444,2025-07-01,短视频,曝光
17366,206,2025-08-04,直播,点击
17367,374,2025-09-08,短视频,曝光
17368,798,2025-07-16,图文,曝光
17369,1510,2025-08-04,直播,曝光
17370,11,2025-09-18,短视频,曝光
17371,1266,2025-07-29,短视频,分享
17372,1566,2025-08-18,短视频,曝光
17373,202,2025-08-10,直播,曝光
17374,863,2025-07-19,图文,曝光
17375,1894,2025-09-24,直播,点击
17376,1069,2025-09-13,直播,曝光
17377,1501,2025-08-05,短视频,曝光
17378,1486,2025-09-17,短视频,点击
17379,827,2025-08-15,直播,分享
17380,1425,2025-08-28,短视频,分享
17381,1896,2025-07-27,图文,曝光
17382,630,2025-08-06,短视频,加购
17383,97,2025-09-24,直播,曝光
17384,1566,2025-07-21,直播,加购
17385,628,2025-08-08,图文,点击
17386,1282,2025-09-09,短视频,曝光
17387,317,2025-07-31,短视频,点击
17388,437,2025-09-09,短视频,曝光
17389,1515,2025-08-06,直播,曝光
17390,59,2025-08-16,短视频,曝光
17391,995,2025-09-30,图文,点击
17392,1513,2025-09-07,图文,曝光
17393,940,2025-09-23,短视频,分享
17394,332,2025-07-19,图文,点击
17395,1270,2025-09-15,图文,分享
17396,226,2025-08-18,短视频,分享
17397,1161,2025-09-09,图文,点击
17398,841,2025-07-30,直播,曝光
17399,1085,2025-09-06,图文,曝光
17400,1844,2025-09-30,直播,曝光
17401,1771,2025-08-15,短视频,曝光
17402,1437,2025-08-09,直播,点击
17403,989,2025-08-18,直播,曝光
17404,1597,2025-07-19,直播,曝光
17405,201,2025-08-21,直播,点击
17406,540,2025-07-19,直播,曝光
17407,929,2025-09-02,短视频,点击
17408,1671,2025-09-30,短视频,曝光
17409,774,2025-09-09,图文,曝光
17410,831,2025-09-30,图文,曝光
17411,1903,2025-08-10,图文,点击
17412,1959,2025-09-12,短视频,曝光
17413,76,2025-08-21,短视频,曝光
17414,1140,2025-08-14,短视频,点击
17415,1385,2025-08-28,图文,曝光
17416,1213,2025-08-31,短视频,曝光
17417,1937,2025-07-05,图文,点击
17418,1831,2025-09-03,图文,曝光
17419,503,2025-08-18,图文,曝光
17420,1897,2025-07-12,短视频,曝光
17421,842,2025-07-17,图文,曝光
17422,36,2025-07-14,短视频,曝光
17423,721,2025-09-14,短视频,曝光
17424,465,2025-08-06,直播,加购
17425,1851,2025-08-09,图文,曝光
17426,1229,2025-08-04,直播,曝光
17427,618,2025-09-05,直播,点击
17428,8,2025-08-13,图文,曝光
17429,737,2025-09-30,图文,曝光
17430,636,2025-07-28,图文,曝光
17431,897,2025-09-26,直播,曝光
17432,393,2025-08-26,短视频,曝光
17433,1072,2025-08-28,短视频,曝光
17434,1047,2025-09-08,直播,加购
17435,1445,2025-09-19,短视频,点击
17436,1195,2025-09-19,图文,点击
17437,1451,2025-09-21,图文,曝光
17438,379,2025-08-07,短视频,曝光
17439,274,2025-09-10,直播,曝光
17440,1073,2025-07-27,直播,曝光
17441,1982,2025-08-15,直播,曝光
17442,794,2025-07-14,直播,曝光
17443,1460,2025-08-09,直播,曝光
17444,1982,2025-08-21,直播,曝光
17445,190,2025-09-15,直播,分享
17446,131,2025-07-04,图文,曝光
17447,1322,2025-08-25,短视频,曝光
17448,1682,2025-09-17,短视频,曝光
17449,1340,2025-09-10,直播,点击
17450,1999,2025-08-13,短视频,曝光
17451,76,2025-08-07,短视频,曝光
17452,1084,2025-08-26,短视频,曝光
17453,1416,2025-09-03,直播,曝光
17454,1362,2025-08-06,短视频,曝光
17455,69,2025-08-20,短视频,曝光
17456,256,2025-07-01,直播,加购
17457,1994,2025-07-30,短视频,曝光
17458,702,2025-09-11,短视频,曝光
17459,368,2025-08-08,图文,曝光
17460,363,2025-08-13,短视频,曝光
17461,344,2025-09-25,图文,加购
17462,1167,2025-08-07,图文,曝光
17463,1008,2025-08-10,短视频,曝光
17464,1885,2025-09-08,直播,曝光
17465,955,2025-09-16,短视频,曝光
17466,60,2025-08-01,短视频,曝光
17467,1060,2025-07-17,直播,加购
17468,989,2025-08-29,直播,点击
17469,656,2025-07-10,图文,曝光
17470,1448,2025-09-05,直播,曝光
17471,1883,2025-08-14,直播,曝光
17472,862,2025-09-29,直播,曝光
17473,1451,2025-07-28,短视频,曝光
17474,1078,2025-09-09,短视频,曝光
17475,1453,2025-07-01,直播,曝光
17476,906,2025-07-03,直播,加购
17477,519,2025-08-11,图文,曝光
17478,1195,2025-08-27,图文,曝光
17479,785,2025-07-16,直播,曝光
17480,138,2025-08-26,短视频,加购
17481,1483,2025-08-31,短视频,曝光
17482,1094,2025-07-12,直播,曝光
17483,1219,2025-09-18,直播,曝光
17484,1024,2025-09-08,短视频,曝光
17485,1773,2025-07-31,短视频,点击
17486,364,2025-08-04,图文,点击
17487,161,2025-07-26,短视频,曝光
17488,1070,2025-08-27,短视频,曝光
17489,1741,2025-09-01,直播,点击
17490,927,2025-07-25,图文,曝光
17491,839,2025-08-20,短视频,曝光
17492,1187,2025-07-17,图文,曝光
17493,685,2025-08-07,短视频,曝光
17494,1128,2025-08-06,短视频,曝光
17495,1931,2025-08-04,短视频,曝光
17496,810,2025-07-19,图文,曝光
17497,968,2025-07-03,短视频,点击
17498,1563,2025-09-29,短视频,曝光
17499,1346,2025-08-07,直播,分享
17500,715,2025-09-05,图文,曝光
17501,1049,2025-09-18,短视频,点击
17502,950,2025-07-04,图文,曝光
17503,797,2025-08-06,图文,曝光
17504,853,2025-08-05,短视频,曝光
17505,33,2025-08-28,短视频,分享
17506,972,2025-09-22,短视频,曝光
17507,629,2025-09-01,直播,曝光
17508,1601,2025-08-24,短视频,曝光
17509,1261,2025-07-21,直播,曝光
17510,1420,2025-08-14,图文,点击
17511,533,2025-09-07,短视频,曝光
17512,85,2025-08-19,短视频,曝光
17513,770,2025-08-25,短视频,曝光
17514,990,2025-07-28,直播,曝光
17515,865,2025-08-12,直播,曝光
17516,250,2025-08-05,短视频,分享
17517,405,2025-08-15,直播,加购
17518,1459,2025-07-19,短视频,曝光
17519,1807,2025-08-29,短视频,曝光
17520,1974,2025-09-04,直播,点击
17521,1015,2025-09-08,直播,点击
17522,1238,2025-07-22,短视频,点击
17523,1213,2025-08-08,直播,点击
17524,760,2025-08-09,短视频,点击
17525,658,2025-09-20,短视频,曝光
17526,145,2025-09-24,短视频,曝光
17527,74,2025-08-14,短视频,加购
17528,666,2025-08-07,直播,点击
17529,737,2025-07-03,短视频,曝光
17530,1051,2025-08-01,短视频,曝光
17531,1942,2025-07-07,图文,曝光
17532,1762,2025-08-08,短视频,曝光
17533,390,2025-08-05,短视频,点击
17534,1026,2025-07-23,直播,曝光
17535,1114,2025-09-28,短视频,曝光
17536,1969,2025-09-06,直播,曝光
17537,810,2025-08-29,直播,曝光
17538,739,2025-09-01,直播,曝光
17539,1523,2025-08-01,短视频,曝光
17540,1,2025-07-24,直播,曝光
17541,193,2025-09-17,直播,点击
17542,1258,2025-08-08,短视频,曝光
17543,666,2025-09-04,短视频,加购
17544,439,2025-08-18,短视频,加购
17545,1654,2025-07-02,直播,曝光
17546,488,2025-09-18,短视频,曝光
17547,53,2025-07-02,直播,曝光
17548,35,2025-07-31,短视频,曝光
17549,1818,2025-09-08,图文,曝光
17550,1063,2025-08-23,直播,曝光
17551,28,2025-09-14,短视频,点击
17552,496,2025-09-25,短视频,曝光
17553,657,2025-09-04,图文,曝光
17554,1989,2025-07-25,短视频,点击
17555,1078,2025-07-01,短视频,曝光
17556,1672,2025-09-06,直播,曝光
17557,898,2025-07-30,图文,曝光
17558,1443,2025-08-30,短视频,曝光
17559,74,2025-08-16,短视频,点击
17560,708,2025-07-14,直播,点击
17561,921,2025-08-03,短视频,曝光
17562,144,2025-09-29,图文,点击
17563,532,2025-07-30,图文,曝光
17564,1338,2025-09-10,图文,曝光
17565,1370,2025-09-03,短视频,点击
17566,45,2025-08-09,图文,加购
17567,529,2025-09-08,直播,曝光
17568,884,2025-08-21,短视频,曝光
17569,545,2025-08-27,直播,曝光
17570,106,2025-08-03,图文,点击
17571,77,2025-09-25,短视频,点击
17572,1120,2025-07-25,直播,曝光
17573,734,2025-08-19,短视频,曝光
17574,1120,2025-09-21,直播,曝光
17575,1414,2025-09-04,直播,点击
17576,1062,2025-08-23,短视频,曝光
17577,1114,2025-07-08,短视频,分享
17578,1430,2025-08-03,直播,曝光
17579,366,2025-08-11,短视频,曝光
17580,457,2025-09-17,短视频,曝光
17581,1453,2025-09-17,图文,曝光
17582,485,2025-08-10,图文,曝光
17583,1748,2025-08-02,直播,曝光
17584,833,2025-07-18,短视频,加购
17585,162,2025-08-14,短视频,曝光
17586,1406,2025-07-15,短视频,曝光
17587,852,2025-07-16,图文,曝光
17588,234,2025-09-25,直播,点击
17589,426,2025-08-19,短视频,曝光
17590,1772,2025-08-05,图文,加购
17591,920,2025-08-08,直播,分享
17592,505,2025-08-06,短视频,点击
17593,1085,2025-09-16,短视频,曝光
17594,256,2025-08-19,短视频,曝光
17595,783,2025-08-29,直播,曝光
17596,1198,2025-08-23,短视频,点击
17597,1914,2025-08-21,短视频,曝光
17598,552,2025-08-09,图文,分享
17599,1654,2025-09-09,直播,分享
17600,818,2025-09-25,图文,曝光
17601,1784,2025-08-01,短视频,曝光
17602,123,2025-07-31,图文,曝光
17603,273,2025-09-09,直播,曝光
17604,930,2025-07-11,短视频,曝光
17605,1577,2025-08-11,图文,曝光
17606,608,2025-09-30,短视频,点击
17607,240,2025-09-03,图文,曝光
17608,340,2025-07-21,直播,曝光
17609,580,2025-08-07,直播,曝光
17610,773,2025-09-25,图文,点击
17611,1150,2025-08-18,短视频,分享
17612,1541,2025-09-16,直播,曝光
17613,257,2025-09-13,直播,点击
17614,1528,2025-09-10,短视频,曝光
17615,1974,2025-08-29,短视频,曝光
17616,721,2025-07-13,短视频,曝光
17617,412,2025-07-27,短视频,分享
17618,1949,2025-07-04,直播,曝光
17619,1823,2025-08-10,图文,分享
17620,252,2025-07-16,直播,点击
17621,1690,2025-08-25,直播,曝光
17622,1710,2025-08-06,短视频,点击
17623,607,2025-09-25,短视频,曝光
17624,1958,2025-09-11,直播,曝光
17625,381,2025-07-21,图文,加购
17626,1146,2025-08-06,短视频,加购
17627,1407,2025-08-08,短视频,加购
17628,121,2025-07-03,直播,点击
17629,1840,2025-09-05,直播,曝光
17630,1843,2025-07-07,短视频,曝光
17631,754,2025-09-14,短视频,点击
17632,874,2025-08-12,短视频,曝光
17633,740,2025-08-11,短视频,曝光
17634,344,2025-07-03,短视频,曝光
17635,1769,2025-08-27,直播,曝光
17636,1783,2025-09-08,图文,曝光
17637,1147,2025-08-07,直播,曝光
17638,854,2025-07-23,短视频,曝光
17639,1356,2025-09-30,短视频,加购
17640,999,2025-08-14,图文,曝光
17641,1507,2025-08-30,短视频,曝光
17642,1143,2025-09-11,图文,曝光
17643,349,2025-08-24,短视频,曝光
17644,1814,2025-08-20,短视频,曝光
17645,855,2025-09-02,短视频,曝光
17646,1008,2025-09-20,直播,曝光
17647,1326,2025-09-02,短视频,分享
17648,1777,2025-09-16,图文,曝光
17649,839,2025-07-26,短视频,分享
17650,341,2025-07-16,短视频,曝光
17651,212,2025-07-10,短视频,点击
17652,1234,2025-07-03,直播,曝光
17653,839,2025-08-10,图文,曝光
17654,1052,2025-09-18,图文,曝光
17655,1696,2025-07-07,短视频,曝光
17656,651,2025-08-30,直播,加购
17657,1295,2025-09-12,图文,曝光
17658,426,2025-09-23,直播,曝光
17659,1391,2025-09-13,短视频,曝光
17660,140,2025-07-08,图文,曝光
17661,413,2025-07-14,短视频,曝光
17662,524,2025-09-29,短视频,曝光
17663,377,2025-07-09,短视频,点击
17664,1362,2025-09-29,图文,曝光
17665,793,2025-09-25,图文,曝光
17666,557,2025-07-25,图文,曝光
17667,536,2025-09-13,短视频,曝光
17668,1457,2025-07-06,短视频,曝光
17669,1096,2025-07-12,短视频,曝光
17670,1751,2025-08-04,短视频,曝光
17671,1010,2025-07-21,短视频,曝光
17672,1389,2025-08-09,直播,曝光
17673,1839,2025-07-25,图文,曝光
17674,1611,2025-07-25,短视频,曝光
17675,1514,2025-08-02,短视频,曝光
17676,1147,2025-07-05,短视频,曝光
17677,1742,2025-09-02,直播,曝光
17678,1894,2025-09-18,直播,曝光
17679,239,2025-08-06,短视频,曝光
17680,1526,2025-07-20,图文,点击
17681,28,2025-09-22,短视频,曝光
17682,646,2025-09-19,直播,加购
17683,1621,2025-08-12,直播,曝光
17684,1447,2025-07-24,图文,曝光
17685,1230,2025-09-07,短视频,曝光
17686,1344,2025-09-17,短视频,曝光
17687,314,2025-07-03,短视频,曝光
17688,1503,2025-07-27,直播,点击
17689,201,2025-09-18,短视频,曝光
17690,639,2025-07-10,直播,曝光
17691,170,2025-07-23,短视频,曝光
17692,1020,2025-09-14,短视频,分享
17693,1722,2025-09-13,图文,点击
17694,1761,2025-07-26,短视频,曝光
17695,21,2025-09-18,短视频,曝光
17696,1952,2025-07-29,短视频,曝光
17697,413,2025-07-20,直播,点击
17698,720,2025-08-07,直播,曝光
17699,563,2025-08-24,短视频,曝光
17700,974,2025-08-25,短视频,曝光
17701,16,2025-07-24,短视频,曝光
17702,662,2025-08-28,直播,曝光
17703,609,2025-07-02,短视频,曝光
17704,1436,2025-07-07,直播,曝光
17705,1718,2025-07-23,短视频,点击
17706,78,2025-09-26,短视频,曝光
17707,821,2025-09-03,图文,曝光
17708,1908,2025-07-05,直播,曝光
17709,1854,2025-07-07,短视频,曝光
17710,1099,2025-09-15,短视频,曝光
17711,1503,2025-08-16,直播,曝光
17712,542,2025-09-04,短视频,曝光
17713,1608,2025-07-29,短视频,点击
17714,75,2025-07-27,直播,曝光
17715,1028,2025-07-15,短视频,曝光
17716,1122,2025-08-24,直播,点击
17717,345,2025-08-22,短视频,曝光
17718,1173,2025-08-20,直播,加购
17719,1878,2025-09-24,短视频,加购
17720,1391,2025-08-31,直播,点击
17721,288,2025-09-24,直播,加购
17722,1051,2025-09-06,短视频,曝光
17723,1412,2025-07-13,直播,曝光
17724,1032,2025-08-17,短视频,曝光
17725,308,2025-09-28,直播,点击
17726,609,2025-09-04,图文,点击
17727,917,2025-07-11,短视频,曝光
17728,389,2025-07-19,短视频,曝光
17729,849,2025-07-08,图文,曝光
17730,503,2025-09-02,短视频,曝光
17731,280,2025-08-10,短视频,曝光
17732,750,2025-08-09,短视频,曝光
17733,35,2025-09-28,短视频,加购
17734,1547,2025-09-25,直播,曝光
17735,81,2025-07-09,短视频,曝光
17736,237,2025-09-17,图文,曝光
17737,605,2025-09-25,短视频,加购
17738,1288,2025-07-01,直播,加购
17739,889,2025-09-23,短视频,曝光
17740,76,2025-09-08,直播,曝光
17741,671,2025-07-26,短视频,点击
17742,87,2025-08-25,图文,曝光
17743,853,2025-07-04,图文,曝光
17744,548,2025-09-04,短视频,加购
17745,1795,2025-08-01,短视频,点击
17746,715,2025-07-24,短视频,曝光
17747,1180,2025-09-12,直播,点击
17748,380,2025-09-12,图文,点击
17749,962,2025-08-02,图文,曝光
17750,1773,2025-07-13,直播,曝光
17751,51,2025-09-07,直播,曝光
17752,610,2025-09-21,短视频,曝光
17753,715,2025-09-19,短视频,曝光
17754,937,2025-08-09,短视频,点击
17755,827,2025-08-17,短视频,曝光
17756,1989,2025-07-10,直播,曝光
17757,285,2025-07-31,短视频,点击
17758,508,2025-09-03,直播,点击
17759,943,2025-09-09,短视频,曝光
17760,1238,2025-08-05,图文,曝光
17761,164,2025-09-23,直播,曝光
17762,1494,2025-07-24,短视频,点击
17763,1055,2025-09-03,图文,分享
17764,543,2025-08-31,直播,曝光
17765,761,2025-08-24,图文,曝光
17766,115,2025-07-31,直播,曝光
17767,1330,2025-09-04,短视频,曝光
17768,1583,2025-07-20,直播,曝光
17769,1997,2025-09-15,直播,曝光
17770,579,2025-08-25,图文,点击
17771,545,2025-08-07,短视频,曝光
17772,643,2025-08-02,短视频,点击
17773,264,2025-07-12,短视频,曝光
17774,830,2025-07-05,短视频,曝光
17775,250,2025-07-29,短视频,曝光
17776,79,2025-07-21,直播,加购
17777,680,2025-09-02,短视频,分享
17778,1703,2025-08-11,短视频,曝光
17779,1942,2025-07-15,短视频,点击
17780,1727,2025-08-22,短视频,曝光
17781,1916,2025-08-28,短视频,点击
17782,1743,2025-08-14,短视频,点击
17783,1308,2025-08-30,短视频,曝光
17784,366,2025-09-23,直播,曝光
17785,1623,2025-08-24,短视频,点击
17786,1953,2025-08-01,短视频,曝光
17787,994,2025-08-27,短视频,曝光
17788,1323,2025-09-18,短视频,点击
17789,768,2025-08-28,短视频,分享
17790,1186,2025-08-14,短视频,曝光
17791,42,2025-07-11,直播,曝光
17792,1445,2025-09-01,直播,加购
17793,1042,2025-09-11,短视频,曝光
17794,1512,2025-08-19,直播,加购
17795,750,2025-08-28,短视频,曝光
17796,833,2025-07-11,短视频,曝光
17797,293,2025-09-27,直播,曝光
17798,1168,2025-08-08,直播,曝光
17799,1842,2025-09-20,短视频,加购
17800,1171,2025-09-01,短视频,曝光
17801,1793,2025-09-05,直播,曝光
17802,16,2025-07-26,短视频,加购
17803,1476,2025-07-25,直播,点击
17804,20,2025-07-31,短视频,曝光
17805,861,2025-07-25,直播,曝光
17806,942,2025-09-03,图文,曝光
17807,937,2025-07-15,图文,曝光
17808,1117,2025-09-06,短视频,曝光
17809,1536,2025-07-14,短视频,曝光
17810,1415,2025-08-19,短视频,点击
17811,105,2025-07-27,短视频,加购
17812,1506,2025-09-06,图文,加购
17813,796,2025-07-27,直播,加购
17814,1172,2025-09-16,直播,加购
17815,1838,2025-09-19,图文,曝光
17816,569,2025-08-16,直播,曝光
17817,1217,2025-07-03,图文,曝光
17818,1239,2025-09-02,直播,曝光
17819,1007,2025-09-01,短视频,曝光
17820,520,2025-07-02,短视频,分享
17821,1496,2025-08-21,图文,曝光
17822,1636,2025-07-03,直播,曝光
17823,1890,2025-07-23,短视频,点击
17824,847,2025-08-25,直播,曝光
17825,264,2025-08-12,短视频,加购
17826,1790,2025-08-28,短视频,分享
17827,1220,2025-08-08,短视频,点击
17828,256,2025-07-28,直播,曝光
17829,1555,2025-07-07,直播,曝光
17830,1411,2025-08-26,图文,曝光
17831,1665,2025-08-19,直播,曝光
17832,859,2025-07-10,直播,曝光
17833,947,2025-07-11,直播,曝光
17834,255,2025-09-09,短视频,加购
17835,859,2025-09-15,图文,曝光
17836,1119,2025-08-02,图文,曝光
17837,1735,2025-09-29,短视频,分享
17838,424,2025-08-22,图文,点击
17839,89,2025-08-20,短视频,加购
17840,585,2025-09-29,直播,曝光
17841,403,2025-08-26,短视频,曝光
17842,913,2025-08-17,图文,曝光
17843,1413,2025-07-12,图文,曝光
17844,729,2025-08-18,图文,点击
17845,685,2025-07-31,短视频,曝光
17846,778,2025-07-10,短视频,曝光
17847,1956,2025-08-19,直播,曝光
17848,795,2025-07-05,图文,曝光
17849,1434,2025-09-24,短视频,曝光
17850,34,2025-09-23,短视频,点击
17851,223,2025-09-05,短视频,曝光
17852,735,2025-09-18,图文,曝光
17853,1067,2025-09-15,图文,曝光
17854,788,2025-09-13,图文,曝光
17855,536,2025-07-12,直播,点击
17856,1186,2025-09-30,图文,点击
17857,521,2025-07-22,图文,曝光
17858,962,2025-07-09,图文,曝光
17859,222,2025-09-19,短视频,点击
17860,346,2025-09-09,短视频,曝光
17861,1813,2025-08-25,直播,点击
17862,1176,2025-07-11,短视频,曝光
17863,613,2025-07-30,短视频,曝光
17864,71,2025-08-28,直播,曝光
17865,1561,2025-09-03,图文,曝光
17866,667,2025-09-05,短视频,曝光
17867,912,2025-07-23,短视频,曝光
17868,1241,2025-09-02,直播,点击
17869,150,2025-07-11,短视频,加购
17870,1248,2025-07-25,短视频,分享
17871,1996,2025-07-02,短视频,曝光
17872,361,2025-09-20,直播,点击
17873,1873,2025-08-03,短视频,点击
17874,679,2025-08-22,直播,曝光
17875,16,2025-07-01,直播,曝光
17876,916,2025-09-23,短视频,点击
17877,405,2025-08-06,短视频,曝光
17878,823,2025-08-10,短视频,曝光
17879,342,2025-08-02,短视频,曝光
17880,1371,2025-08-01,短视频,曝光
17881,730,2025-07-29,短视频,曝光
17882,1481,2025-09-21,直播,曝光
17883,421,2025-07-08,短视频,曝光
17884,82,2025-09-14,直播,点击
17885,651,2025-07-24,图文,点击
17886,1491,2025-07-08,直播,曝光
17887,1967,2025-09-19,短视频,点击
17888,1758,2025-08-10,短视频,点击
17889,17,2025-09-22,图文,加购
17890,1828,2025-07-07,图文,曝光
17891,798,2025-07-07,短视频,曝光
17892,112,2025-09-19,图文,曝光
17893,477,2025-07-24,直播,加购
17894,1768,2025-08-14,短视频,曝光
17895,1200,2025-07-16,直播,点击
17896,328,2025-07-25,短视频,曝光
17897,1597,2025-08-23,直播,曝光
17898,677,2025-07-07,图文,曝光
17899,239,2025-09-09,直播,曝光
17900,764,2025-07-27,直播,曝光
17901,1535,2025-09-22,图文,曝光
17902,598,2025-08-03,图文,曝光
17903,322,2025-09-05,直播,曝光
17904,590,2025-09-28,短视频,曝光
17905,1591,2025-08-30,图文,点击
17906,339,2025-09-30,直播,加购
17907,923,2025-09-04,直播,点击
17908,1319,2025-08-12,图文,曝光
17909,126,2025-09-29,短视频,曝光
17910,1161,2025-09-23,短视频,点击
17911,1564,2025-09-24,短视频,分享
17912,1228,2025-09-12,图文,曝光
17913,371,2025-07-09,直播,曝光
17914,1043,2025-09-09,短视频,曝光
17915,1805,2025-07-21,图文,曝光
17916,442,2025-07-25,图文,曝光
17917,322,2025-09-10,图文,点击
17918,1173,2025-09-07,图文,曝光
17919,836,2025-07-07,图文,曝光
17920,1308,2025-09-30,直播,曝光
17921,1208,2025-09-02,直播,加购
17922,104,2025-09-16,图文,曝光
17923,1451,2025-09-22,图文,曝光
17924,1976,2025-08-19,短视频,曝光
17925,277,2025-07-31,短视频,曝光
17926,1160,2025-07-01,短视频,曝光
17927,748,2025-09-05,短视频,曝光
17928,1277,2025-08-04,短视频,曝光
17929,1180,2025-08-08,直播,曝光
17930,1140,2025-08-30,直播,分享
17931,279,2025-08-08,短视频,曝光
17932,1382,2025-07-13,短视频,点击
17933,1344,2025-09-19,短视频,曝光
17934,1314,2025-08-07,短视频,曝光
17935,385,2025-09-05,直播,曝光
17936,1599,2025-09-04,图文,曝光
17937,430,2025-07-23,图文,点击
17938,324,2025-09-21,短视频,加购
17939,656,2025-09-29,直播,曝光
17940,328,2025-09-03,短视频,曝光
17941,668,2025-09-17,直播,曝光
17942,440,2025-08-26,短视频,加购
17943,159,2025-07-29,短视频,曝光
17944,1927,2025-07-21,直播,曝光
17945,1356,2025-09-25,直播,加购
17946,715,2025-08-31,直播,曝光
17947,764,2025-08-14,短视频,曝光
17948,633,2025-09-16,短视频,曝光
17949,1498,2025-08-21,直播,点击
17950,459,2025-08-10,直播,加购
17951,182,2025-07-06,短视频,曝光
17952,963,2025-09-20,直播,加购
17953,445,2025-07-07,图文,分享
17954,1811,2025-08-01,短视频,曝光
17955,717,2025-08-25,短视频,曝光
17956,1349,2025-08-28,直播,曝光
17957,791,2025-08-29,直播,曝光
17958,376,2025-09-16,短视频,曝光
17959,636,2025-08-17,直播,曝光
17960,1675,2025-09-20,短视频,曝光
17961,159,2025-08-23,短视频,曝光
17962,1892,2025-08-13,短视频,曝光
17963,43,2025-08-05,短视频,曝光
17964,1427,2025-08-12,短视频,点击
17965,1382,2025-08-13,图文,曝光
17966,1188,2025-09-25,直播,曝光
17967,135,2025-07-16,直播,曝光
17968,1344,2025-08-12,短视频,曝光
17969,139,2025-07-12,直播,曝光
17970,1472,2025-07-01,图文,曝光
17971,1552,2025-08-11,短视频,曝光
17972,1719,2025-08-14,短视频,曝光
17973,777,2025-07-27,图文,曝光
17974,1318,2025-08-25,短视频,曝光
17975,370,2025-07-02,图文,点击
17976,1063,2025-09-07,短视频,曝光
17977,1442,2025-08-08,图文,曝光
17978,365,2025-07-08,短视频,曝光
17979,1663,2025-09-24,直播,曝光
17980,749,2025-08-22,短视频,加购
17981,1851,2025-08-13,图文,曝光
17982,170,2025-08-26,短视频,曝光
17983,448,2025-08-20,直播,点击
17984,1458,2025-09-01,直播,曝光
17985,390,2025-09-05,短视频,曝光
17986,1985,2025-07-26,短视频,曝光
17987,1882,2025-08-29,图文,曝光
17988,192,2025-09-09,直播,曝光
17989,1692,2025-07-13,短视频,曝光
17990,881,2025-09-11,图文,曝光
17991,1684,2025-08-01,直播,点击
17992,1401,2025-07-13,短视频,曝光
17993,627,2025-09-04,图文,加购
17994,60,2025-09-10,短视频,曝光
17995,635,2025-08-21,直播,曝光
17996,880,2025-08-26,短视频,曝光
17997,1070,2025-08-11,图文,曝光
17998,1590,2025-08-10,短视频,曝光
17999,1634,2025-07-31,直播,点击
18000,587,2025-09-10,直播,曝光
18001,389,2025-08-15,直播,曝光
18002,1320,2025-07-12,短视频,曝光
18003,1486,2025-07-23,短视频,加购
18004,1215,2025-08-02,短视频,曝光
18005,1234,2025-09-07,短视频,点击
18006,1401,2025-09-21,直播,曝光
18007,818,2025-07-16,短视频,曝光
18008,481,2025-07-14,短视频,曝光
18009,1579,2025-08-17,短视频,曝光
18010,337,2025-09-24,短视频,曝光
18011,115,2025-07-27,短视频,曝光
18012,34,2025-08-27,直播,点击
18013,791,2025-09-05,图文,曝光
18014,961,2025-07-01,短视频,点击
18015,1085,2025-08-03,短视频,曝光
18016,374,2025-07-15,短视频,点击
18017,855,2025-09-29,短视频,曝光
18018,1303,2025-07-05,短视频,曝光
18019,581,2025-07-13,短视频,点击
18020,1099,2025-09-10,短视频,曝光
18021,549,2025-07-15,图文,曝光
18022,1668,2025-07-24,短视频,曝光
18023,888,2025-08-21,短视频,曝光
18024,1604,2025-08-22,短视频,曝光
18025,677,2025-09-30,图文,点击
18026,723,2025-09-17,直播,点击
18027,1517,2025-09-16,短视频,曝光
18028,593,2025-09-21,短视频,点击
18029,1439,2025-08-21,直播,曝光
18030,165,2025-09-16,直播,曝光
18031,1684,2025-09-04,直播,点击
18032,1513,2025-08-16,短视频,点击
18033,1126,2025-09-25,图文,曝光
18034,993,2025-07-14,直播,点击
18035,747,2025-08-05,直播,加购
18036,673,2025-08-01,短视频,曝光
18037,621,2025-08-19,短视频,曝光
18038,1408,2025-07-31,短视频,点击
18039,404,2025-08-09,短视频,曝光
18040,549,2025-09-30,短视频,曝光
18041,781,2025-09-08,直播,曝光
18042,957,2025-09-13,直播,曝光
18043,537,2025-08-02,直播,曝光
18044,872,2025-07-30,直播,曝光
18045,1614,2025-08-17,图文,曝光
18046,541,2025-08-07,短视频,分享
18047,347,2025-08-29,直播,点击
18048,1581,2025-07-25,图文,曝光
18049,541,2025-07-14,短视频,曝光
18050,1415,2025-08-07,短视频,曝光
18051,1905,2025-09-14,直播,曝光
18052,1040,2025-07-08,直播,曝光
18053,1093,2025-07-08,图文,曝光
18054,1383,2025-09-15,直播,曝光
18055,251,2025-08-05,直播,曝光
18056,179,2025-08-18,图文,曝光
18057,364,2025-09-09,直播,点击
18058,860,2025-08-25,短视频,曝光
18059,1680,2025-09-28,短视频,曝光
18060,1201,2025-07-19,短视频,曝光
18061,1719,2025-09-15,短视频,曝光
18062,788,2025-08-11,短视频,点击
18063,1613,2025-07-12,直播,曝光
18064,1429,2025-08-12,图文,点击
18065,202,2025-08-16,直播,曝光
18066,1045,2025-07-09,图文,曝光
18067,1269,2025-08-14,图文,曝光
18068,766,2025-07-03,直播,曝光
18069,1542,2025-08-31,短视频,曝光
18070,831,2025-08-26,短视频,曝光
18071,1420,2025-07-12,短视频,点击
18072,1433,2025-08-22,短视频,点击
18073,442,2025-07-25,短视频,分享
18074,132,2025-08-29,图文,曝光
18075,1756,2025-07-22,图文,曝光
18076,1677,2025-09-21,直播,曝光
18077,1907,2025-08-17,直播,曝光
18078,115,2025-09-30,图文,点击
18079,1398,2025-07-08,图文,曝光
18080,266,2025-09-16,图文,曝光
18081,969,2025-07-06,直播,曝光
18082,1621,2025-07-03,短视频,曝光
18083,508,2025-07-16,短视频,分享
18084,749,2025-07-29,短视频,点击
18085,983,2025-09-21,短视频,点击
18086,919,2025-09-10,短视频,曝光
18087,41,2025-07-07,直播,曝光
18088,746,2025-09-21,直播,点击
18089,1691,2025-07-22,短视频,曝光
18090,187,2025-09-22,直播,曝光
18091,697,2025-07-19,短视频,曝光
18092,1218,2025-08-31,短视频,曝光
18093,768,2025-08-27,短视频,曝光
18094,1379,2025-09-16,直播,曝光
18095,535,2025-08-27,直播,加购
18096,380,2025-07-15,短视频,曝光
18097,1847,2025-09-30,短视频,曝光
18098,1505,2025-08-06,短视频,分享
18099,599,2025-09-25,直播,曝光
18100,200,2025-07-08,直播,曝光
18101,879,2025-09-22,短视频,加购
18102,1550,2025-07-27,图文,曝光
18103,1226,2025-09-27,直播,曝光
18104,1403,2025-09-10,直播,曝光
18105,1052,2025-09-28,直播,曝光
18106,1825,2025-07-18,图文,曝光
18107,240,2025-09-06,短视频,曝光
18108,1627,2025-09-07,短视频,分享
18109,1934,2025-09-21,直播,曝光
18110,1689,2025-09-09,直播,分享
18111,561,2025-07-09,图文,曝光
18112,1916,2025-09-19,短视频,曝光
18113,1929,2025-07-26,短视频,曝光
18114,1689,2025-09-27,短视频,曝光
18115,636,2025-09-09,直播,曝光
18116,1593,2025-09-07,短视频,点击
18117,1715,2025-08-29,图文,加购
18118,393,2025-09-01,短视频,点击
18119,518,2025-08-22,短视频,点击
18120,1511,2025-09-11,直播,曝光
18121,1620,2025-09-23,短视频,曝光
18122,1266,2025-07-18,直播,曝光
18123,1083,2025-09-15,图文,曝光
18124,1924,2025-09-06,短视频,曝光
18125,682,2025-08-23,短视频,曝光
18126,1441,2025-09-22,直播,曝光
18127,1909,2025-09-25,图文,曝光
18128,520,2025-08-11,短视频,点击
18129,144,2025-07-07,短视频,曝光
18130,329,2025-07-03,短视频,曝光
18131,1334,2025-08-26,短视频,点击
18132,563,2025-07-31,短视频,点击
18133,1428,2025-07-21,直播,点击
18134,961,2025-07-09,图文,曝光
18135,1722,2025-07-25,直播,曝光
18136,1306,2025-08-27,短视频,曝光
18137,1184,2025-09-12,短视频,分享
18138,431,2025-09-15,直播,曝光
18139,651,2025-08-30,图文,曝光
18140,466,2025-07-09,直播,曝光
18141,124,2025-09-03,短视频,点击
18142,604,2025-08-09,图文,曝光
18143,1900,2025-07-12,图文,曝光
18144,1615,2025-08-31,直播,曝光
18145,472,2025-09-26,图文,曝光
18146,731,2025-09-22,图文,曝光
18147,1449,2025-09-10,直播,曝光
18148,157,2025-07-21,短视频,点击
18149,1442,2025-08-15,直播,曝光
18150,1091,2025-08-18,短视频,曝光
18151,1425,2025-08-07,短视频,点击
18152,12,2025-07-02,短视频,曝光
18153,1870,2025-08-22,图文,曝光
18154,1348,2025-08-05,短视频,点击
18155,344,2025-08-01,直播,曝光
18156,1685,2025-08-01,图文,点击
18157,59,2025-09-07,短视频,曝光
18158,333,2025-07-17,直播,曝光
18159,1581,2025-08-20,直播,曝光
18160,1690,2025-07-14,直播,分享
18161,196,2025-09-25,图文,曝光
18162,1359,2025-08-03,直播,曝光
18163,1618,2025-09-22,短视频,曝光
18164,198,2025-07-06,直播,曝光
18165,150,2025-09-05,短视频,曝光
18166,456,2025-09-22,图文,曝光
18167,443,2025-07-15,图文,曝光
18168,455,2025-09-26,短视频,点击
18169,1587,2025-09-25,短视频,曝光
18170,412,2025-09-18,短视频,点击
18171,1063,2025-09-05,图文,曝光
18172,670,2025-07-01,短视频,加购
18173,640,2025-07-11,短视频,加购
18174,1816,2025-08-01,短视频,加购
18175,639,2025-09-10,短视频,曝光
18176,449,2025-08-10,直播,曝光
18177,456,2025-07-05,短视频,曝光
18178,1854,2025-07-31,短视频,曝光
18179,1672,2025-09-16,图文,曝光
18180,1100,2025-09-12,短视频,点击
18181,1101,2025-09-14,短视频,曝光
18182,1035,2025-09-01,短视频,曝光
18183,1174,2025-07-17,直播,加购
18184,1348,2025-07-18,图文,点击
18185,119,2025-09-29,短视频,曝光
18186,1612,2025-07-08,图文,曝光
18187,1511,2025-09-11,短视频,曝光
18188,1916,2025-08-25,图文,点击
18189,856,2025-07-04,短视频,曝光
18190,6,2025-09-16,短视频,曝光
18191,746,2025-09-22,直播,分享
18192,797,2025-08-28,短视频,曝光
18193,1223,2025-09-29,短视频,曝光
18194,359,2025-07-23,短视频,曝光
18195,159,2025-09-26,短视频,点击
18196,304,2025-08-21,直播,曝光
18197,1369,2025-08-31,图文,曝光
18198,295,2025-08-18,短视频,曝光
18199,1269,2025-09-20,短视频,曝光
18200,1420,2025-09-11,直播,点击
18201,1138,2025-09-13,短视频,点击
18202,103,2025-08-09,直播,曝光
18203,229,2025-09-25,短视频,分享
18204,1674,2025-09-05,直播,分享
18205,1243,2025-08-01,直播,曝光
18206,1506,2025-07-24,直播,曝光
18207,1882,2025-09-12,短视频,曝光
18208,819,2025-07-03,短视频,点击
18209,1795,2025-09-21,直播,点击
18210,851,2025-09-09,短视频,点击
18211,1809,2025-08-22,短视频,点击
18212,1357,2025-09-29,短视频,点击
18213,446,2025-07-25,短视频,曝光
18214,22,2025-09-29,短视频,曝光
18215,1831,2025-07-13,短视频,曝光
18216,775,2025-09-08,短视频,点击
18217,1726,2025-07-19,短视频,曝光
18218,361,2025-08-31,直播,曝光
18219,918,2025-08-02,直播,曝光
18220,362,2025-08-04,图文,曝光
18221,239,2025-07-24,图文,加购
18222,1102,2025-09-24,直播,曝光
18223,885,2025-08-21,短视频,曝光
18224,492,2025-08-14,图文,分享
18225,673,2025-07-25,短视频,曝光
18226,751,2025-09-05,短视频,曝光
18227,443,2025-07-23,短视频,曝光
18228,1435,2025-08-22,短视频,曝光
18229,592,2025-08-03,短视频,点击
18230,1242,2025-09-21,图文,曝光
18231,1476,2025-07-29,短视频,曝光
18232,661,2025-09-02,短视频,点击
18233,130,2025-07-17,短视频,曝光
18234,100,2025-07-29,短视频,曝光
18235,1175,2025-08-17,直播,曝光
18236,54,2025-09-23,短视频,曝光
18237,248,2025-08-07,短视频,曝光
18238,976,2025-07-17,直播,曝光
18239,572,2025-09-21,短视频,曝光
18240,844,2025-07-20,短视频,曝光
18241,1402,2025-07-21,图文,点击
18242,1593,2025-08-03,短视频,曝光
18243,771,2025-09-14,图文,曝光
18244,165,2025-08-03,图文,点击
18245,396,2025-09-27,图文,曝光
18246,1700,2025-09-14,短视频,点击
18247,27,2025-09-15,直播,点击
18248,426,2025-08-10,短视频,曝光
18249,1936,2025-09-15,短视频,曝光
18250,702,2025-09-19,直播,曝光
18251,67,2025-08-06,短视频,点击
18252,1720,2025-07-31,直播,曝光
18253,1478,2025-07-10,直播,加购
18254,1676,2025-08-05,短视频,曝光
18255,1352,2025-08-13,直播,点击
18256,1030,2025-09-09,短视频,曝光
18257,1418,2025-08-21,短视频,曝光
18258,164,2025-07-23,直播,曝光
18259,206,2025-07-28,直播,曝光
18260,1181,2025-07-12,短视频,曝光
18261,938,2025-07-21,短视频,曝光
18262,1524,2025-07-13,短视频,曝光
18263,1868,2025-09-10,短视频,加购
18264,525,2025-07-22,直播,点击
18265,665,2025-07-05,直播,曝光
18266,367,2025-08-25,短视频,曝光
18267,1610,2025-08-21,图文,点击
18268,995,2025-07-04,短视频,曝光
18269,689,2025-09-02,短视频,点击
18270,1499,2025-08-31,图文,曝光
18271,932,2025-09-27,短视频,加购
18272,1010,2025-09-09,短视频,分享
18273,1667,2025-09-12,短视频,曝光
18274,479,2025-09-07,短视频,曝光
18275,1312,2025-08-29,短视频,曝光
18276,1738,2025-08-28,图文,点击
18277,1757,2025-08-27,直播,曝光
18278,1745,2025-08-10,短视频,加购
18279,424,2025-07-09,直播,曝光
18280,1317,2025-09-29,短视频,曝光
18281,1148,2025-09-28,短视频,曝光
18282,149,2025-07-09,图文,曝光
18283,1076,2025-09-10,短视频,点击
18284,465,2025-09-08,图文,点击
18285,1036,2025-07-23,短视频,曝光
18286,1238,2025-08-05,图文,曝光
18287,1395,2025-09-09,短视频,曝光
18288,1563,2025-09-14,短视频,曝光
18289,1170,2025-08-06,直播,曝光
18290,949,2025-08-27,短视频,曝光
18291,1946,2025-08-12,短视频,分享
18292,609,2025-07-13,短视频,加购
18293,594,2025-07-15,短视频,曝光
18294,1770,2025-09-16,短视频,曝光
18295,1931,2025-07-02,直播,曝光
18296,763,2025-07-08,短视频,曝光
18297,1724,2025-07-28,短视频,曝光
18298,1833,2025-09-13,直播,曝光
18299,1704,2025-09-03,图文,曝光
18300,1065,2025-08-22,短视频,曝光
18301,1519,2025-08-27,短视频,曝光
18302,1229,2025-07-14,短视频,曝光
18303,70,2025-07-15,短视频,曝光
18304,250,2025-08-24,短视频,曝光
18305,1881,2025-08-02,短视频,曝光
18306,536,2025-08-21,图文,点击
18307,350,2025-08-29,短视频,点击
18308,1950,2025-07-30,短视频,曝光
18309,679,2025-09-17,短视频,曝光
18310,1438,2025-09-13,图文,曝光
18311,1577,2025-07-10,图文,曝光
18312,955,2025-07-12,直播,分享
18313,1268,2025-07-20,直播,曝光
18314,1043,2025-07-13,直播,曝光
18315,910,2025-08-20,图文,曝光
18316,176,2025-07-23,短视频,曝光
18317,210,2025-08-29,直播,曝光
18318,1567,2025-09-18,图文,曝光
18319,1705,2025-07-13,短视频,曝光
18320,143,2025-07-16,短视频,曝光
18321,618,2025-07-17,直播,曝光
18322,774,2025-09-13,短视频,点击
18323,81,2025-09-28,短视频,分享
18324,822,2025-09-10,短视频,点击
18325,1902,2025-09-02,图文,分享
18326,1207,2025-08-26,直播,曝光
18327,1822,2025-07-19,直播,点击
18328,832,2025-08-13,短视频,点击
18329,1511,2025-09-22,直播,曝光
18330,1922,2025-08-02,图文,曝光
18331,1078,2025-07-03,短视频,曝光
18332,1596,2025-07-20,直播,分享
18333,391,2025-08-16,短视频,分享
18334,1919,2025-09-02,直播,曝光
18335,1974,2025-08-09,直播,点击
18336,1038,2025-08-12,直播,分享
18337,203,2025-09-02,短视频,曝光
18338,605,2025-07-26,图文,点击
18339,609,2025-09-12,短视频,曝光
18340,1963,2025-07-30,图文,曝光
18341,118,2025-07-11,短视频,曝光
18342,163,2025-07-13,短视频,曝光
18343,1668,2025-08-03,短视频,曝光
18344,1855,2025-07-05,短视频,曝光
18345,514,2025-07-18,短视频,曝光
18346,192,2025-08-10,图文,曝光
18347,1896,2025-09-25,直播,点击
18348,1614,2025-09-28,直播,曝光
18349,1454,2025-09-09,短视频,加购
18350,1560,2025-09-25,图文,点击
18351,1895,2025-08-26,短视频,曝光
18352,1320,2025-07-13,直播,曝光
18353,201,2025-08-30,图文,曝光
18354,1566,2025-08-20,短视频,曝光
18355,171,2025-09-17,短视频,点击
18356,177,2025-08-02,图文,曝光
18357,968,2025-09-14,短视频,曝光
18358,748,2025-08-29,短视频,曝光
18359,1135,2025-09-06,图文,加购
18360,673,2025-07-03,短视频,点击
18361,1690,2025-09-27,直播,点击
18362,1964,2025-08-20,直播,点击
18363,1931,2025-08-29,短视频,点击
18364,946,2025-08-12,短视频,分享
18365,1056,2025-07-13,直播,曝光
18366,100,2025-08-21,短视频,曝光
18367,1760,2025-09-02,直播,分享
18368,519,2025-07-15,图文,曝光
18369,496,2025-08-03,短视频,加购
18370,1689,2025-08-26,短视频,曝光
18371,1962,2025-07-27,直播,点击
18372,1784,2025-07-28,直播,曝光
18373,47,2025-07-11,直播,加购
18374,1855,2025-08-16,短视频,曝光
18375,844,2025-07-12,图文,曝光
18376,289,2025-09-18,直播,加购
18377,301,2025-07-16,直播,曝光
18378,1377,2025-07-09,短视频,加购
18379,1616,2025-09-24,短视频,曝光
18380,805,2025-08-06,直播,分享
18381,1203,2025-07-19,短视频,曝光
18382,1471,2025-08-20,短视频,曝光
18383,844,2025-07-10,短视频,曝光
18384,1649,2025-08-07,图文,点击
18385,583,2025-08-30,直播,曝光
18386,523,2025-08-14,图文,曝光
18387,956,2025-09-24,短视频,曝光
18388,1001,2025-09-05,短视频,曝光
18389,630,2025-08-29,直播,曝光
18390,655,2025-08-31,图文,点击
18391,606,2025-09-02,直播,曝光
18392,912,2025-08-13,短视频,点击
18393,1386,2025-07-10,直播,曝光
18394,582,2025-07-24,短视频,曝光
18395,1369,2025-07-29,短视频,加购
18396,680,2025-07-24,图文,曝光
18397,383,2025-07-26,直播,曝光
18398,545,2025-09-09,短视频,曝光
18399,1639,2025-09-25,图文,点击
18400,597,2025-08-11,图文,曝光
18401,1299,2025-08-14,直播,曝光
18402,1156,2025-07-31,图文,点击
18403,1385,2025-08-28,短视频,曝光
18404,1201,2025-09-02,图文,曝光
18405,1991,2025-07-06,直播,点击
18406,1842,2025-08-16,图文,加购
18407,647,2025-08-09,图文,曝光
18408,782,2025-08-10,短视频,点击
18409,733,2025-08-16,图文,曝光
18410,1315,2025-07-13,直播,加购
18411,978,2025-09-12,直播,曝光
18412,1931,2025-09-21,直播,分享
18413,1431,2025-07-10,图文,点击
18414,933,2025-09-15,直播,点击
18415,634,2025-08-21,直播,分享
18416,1559,2025-09-16,图文,点击
18417,1659,2025-07-17,图文,曝光
18418,1940,2025-07-18,直播,加购
18419,1094,2025-07-01,直播,曝光
18420,1580,2025-08-16,短视频,加购
18421,1766,2025-08-08,直播,曝光
18422,162,2025-09-26,图文,曝光
18423,294,2025-08-21,短视频,曝光
18424,387,2025-09-24,图文,曝光
18425,459,2025-07-25,直播,曝光
18426,590,2025-07-04,短视频,曝光
18427,8,2025-09-15,图文,曝光
18428,1373,2025-07-01,短视频,分享
18429,1215,2025-09-17,短视频,曝光
18430,1343,2025-08-17,短视频,曝光
18431,1570,2025-08-23,短视频,分享
18432,275,2025-07-20,直播,点击
18433,653,2025-07-25,直播,曝光
18434,899,2025-07-20,图文,分享
18435,533,2025-09-07,直播,点击
18436,844,2025-08-12,短视频,曝光
18437,929,2025-07-10,图文,曝光
18438,1380,2025-07-05,图文,点击
18439,442,2025-09-05,直播,加购
18440,522,2025-08-31,图文,加购
18441,570,2025-07-30,直播,点击
18442,476,2025-08-02,短视频,曝光
18443,1653,2025-09-12,直播,曝光
18444,1194,2025-07-07,短视频,曝光
18445,1608,2025-09-27,直播,分享
18446,166,2025-09-17,短视频,点击
18447,1415,2025-07-13,短视频,曝光
18448,1338,2025-08-18,短视频,点击
18449,1574,2025-08-22,直播,曝光
18450,879,2025-09-23,短视频,分享
18451,1487,2025-08-24,短视频,曝光
18452,1073,2025-07-01,短视频,曝光
18453,1615,2025-07-27,短视频,曝光
18454,1604,2025-08-23,短视频,曝光
18455,1688,2025-08-04,短视频,点击
18456,362,2025-08-13,直播,曝光
18457,1436,2025-09-25,图文,点击
18458,420,2025-09-25,短视频,曝光
18459,952,2025-07-25,直播,加购
18460,1803,2025-07-17,直播,曝光
18461,253,2025-09-26,直播,曝光
18462,1482,2025-08-20,直播,曝光
18463,611,2025-08-24,短视频,点击
18464,526,2025-07-16,短视频,点击
18465,101,2025-08-29,直播,曝光
18466,1442,2025-09-18,短视频,曝光
18467,1660,2025-07-13,短视频,曝光
18468,915,2025-07-31,直播,曝光
18469,392,2025-08-07,直播,曝光
18470,1235,2025-08-11,短视频,分享
18471,1953,2025-07-21,短视频,曝光
18472,1574,2025-09-02,图文,分享
18473,1519,2025-07-21,短视频,点击
18474,90,2025-07-25,短视频,曝光
18475,1800,2025-08-20,直播,曝光
18476,1223,2025-07-12,图文,曝光
18477,1300,2025-09-16,直播,点击
18478,677,2025-08-11,直播,曝光
18479,1764,2025-09-27,图文,曝光
18480,1033,2025-08-03,短视频,点击
18481,495,2025-07-02,直播,曝光
18482,728,2025-08-02,短视频,曝光
18483,442,2025-08-27,直播,加购
18484,1883,2025-07-01,直播,曝光
18485,1604,2025-08-14,图文,点击
18486,1195,2025-09-10,直播,曝光
18487,1540,2025-09-20,直播,加购
18488,1694,2025-09-07,短视频,加购
18489,698,2025-07-23,短视频,曝光
18490,514,2025-09-03,短视频,分享
18491,1826,2025-09-11,短视频,曝光
18492,730,2025-08-07,直播,曝光
18493,82,2025-08-30,短视频,曝光
18494,1575,2025-08-15,短视频,曝光
18495,448,2025-08-07,直播,曝光
18496,469,2025-08-31,短视频,曝光
18497,1406,2025-09-28,直播,加购
18498,2000,2025-09-26,直播,曝光
18499,179,2025-07-02,短视频,曝光
18500,1321,2025-07-26,短视频,曝光
18501,667,2025-09-15,直播,曝光
18502,1794,2025-09-07,短视频,曝光
18503,1800,2025-09-06,短视频,曝光
18504,210,2025-08-26,直播,点击
18505,95,2025-08-09,直播,加购
18506,828,2025-08-28,图文,曝光
18507,128,2025-09-15,直播,点击
18508,672,2025-07-09,短视频,曝光
18509,348,2025-07-02,直播,曝光
18510,1942,2025-09-09,短视频,曝光
18511,1418,2025-07-06,短视频,曝光
18512,290,2025-08-07,短视频,曝光
18513,1242,2025-07-12,短视频,曝光
18514,1497,2025-07-31,直播,曝光
18515,1620,2025-07-18,直播,曝光
18516,1262,2025-08-09,直播,分享
18517,1173,2025-07-02,短视频,曝光
18518,1703,2025-09-19,短视频,点击
18519,502,2025-09-03,直播,加购
18520,1955,2025-08-30,短视频,点击
18521,427,2025-09-10,短视频,曝光
18522,1612,2025-07-01,短视频,曝光
18523,1933,2025-08-19,短视频,曝光
18524,505,2025-07-22,直播,曝光
18525,1304,2025-09-18,短视频,曝光
18526,1669,2025-09-02,图文,曝光
18527,600,2025-07-08,直播,曝光
18528,1054,2025-09-19,短视频,点击
18529,1603,2025-08-25,短视频,曝光
18530,1307,2025-08-19,短视频,曝光
18531,1617,2025-07-12,图文,曝光
18532,561,2025-08-24,短视频,分享
18533,1016,2025-08-04,图文,曝光
18534,1633,2025-07-26,图文,曝光
18535,451,2025-07-20,短视频,曝光
18536,889,2025-07-13,图文,曝光
18537,1054,2025-09-15,短视频,加购
18538,1617,2025-08-10,短视频,加购
18539,1503,2025-07-25,图文,曝光
18540,855,2025-08-19,直播,曝光
18541,1908,2025-07-31,直播,曝光
18542,1234,2025-08-21,短视频,曝光
18543,1238,2025-07-04,直播,曝光
18544,206,2025-07-18,直播,加购
18545,457,2025-08-30,短视频,加购
18546,185,2025-07-08,图文,曝光
18547,34,2025-09-28,图文,曝光
18548,1906,2025-07-31,短视频,曝光
18549,564,2025-08-22,直播,曝光
18550,1453,2025-09-12,短视频,加购
18551,1048,2025-08-14,直播,曝光
18552,346,2025-07-26,直播,加购
18553,1626,2025-09-18,短视频,曝光
18554,1196,2025-09-01,短视频,曝光
18555,1506,2025-09-04,直播,曝光
18556,1563,2025-07-24,直播,点击
18557,1640,2025-07-08,短视频,曝光
18558,1198,2025-07-22,短视频,曝光
18559,325,2025-09-06,短视频,点击
18560,897,2025-07-20,直播,曝光
18561,1469,2025-09-10,短视频,曝光
18562,1671,2025-08-09,短视频,曝光
18563,1049,2025-07-29,短视频,点击
18564,102,2025-07-25,图文,点击
18565,1981,2025-07-07,短视频,曝光
18566,1267,2025-08-03,短视频,曝光
18567,1117,2025-09-25,短视频,加购
18568,947,2025-08-23,短视频,点击
18569,865,2025-09-10,直播,曝光
18570,1297,2025-09-15,短视频,曝光
18571,1252,2025-09-03,直播,加购
18572,581,2025-09-09,直播,曝光
18573,784,2025-08-09,图文,曝光
18574,325,2025-08-10,短视频,曝光
18575,631,2025-08-08,短视频,曝光
18576,1949,2025-07-28,短视频,曝光
18577,501,2025-07-05,短视频,点击
18578,1729,2025-08-30,直播,曝光
18579,883,2025-08-29,短视频,曝光
18580,1818,2025-08-09,短视频,曝光
18581,1144,2025-08-31,直播,分享
18582,1538,2025-09-08,短视频,曝光
18583,776,2025-09-22,直播,点击
18584,130,2025-09-18,直播,点击
18585,713,2025-08-01,短视频,点击
18586,1256,2025-07-27,短视频,曝光
18587,467,2025-08-13,短视频,加购
18588,763,2025-08-05,直播,曝光
18589,85,2025-08-31,直播,曝光
18590,669,2025-07-03,短视频,曝光
18591,196,2025-07-25,短视频,点击
18592,499,2025-08-09,直播,曝光
18593,769,2025-07-09,短视频,曝光
18594,362,2025-08-10,直播,曝光
18595,161,2025-07-15,短视频,点击
18596,279,2025-09-23,短视频,曝光
18597,1308,2025-07-10,短视频,曝光
18598,243,2025-08-07,短视频,点击
18599,69,2025-07-24,直播,曝光
18600,1424,2025-08-09,图文,曝光
18601,929,2025-09-06,直播,分享
18602,1861,2025-07-31,短视频,曝光
18603,768,2025-09-05,直播,曝光
18604,761,2025-07-10,短视频,点击
18605,100,2025-09-29,直播,曝光
18606,213,2025-08-25,短视频,曝光
18607,1680,2025-09-23,直播,曝光
18608,443,2025-07-20,图文,曝光
18609,146,2025-09-02,直播,点击
18610,1494,2025-08-17,短视频,分享
18611,1997,2025-07-26,图文,点击
18612,698,2025-09-09,短视频,曝光
18613,770,2025-08-15,短视频,曝光
18614,1326,2025-09-06,短视频,曝光
18615,218,2025-07-02,图文,曝光
18616,412,2025-07-11,短视频,曝光
18617,1746,2025-09-12,图文,曝光
18618,1514,2025-08-08,直播,曝光
18619,291,2025-07-19,图文,曝光
18620,1311,2025-09-12,短视频,曝光
18621,1914,2025-07-15,短视频,加购
18622,445,2025-07-01,短视频,点击
18623,432,2025-08-20,图文,曝光
18624,1864,2025-07-14,短视频,曝光
18625,1922,2025-09-04,短视频,曝光
18626,1046,2025-08-08,直播,曝光
18627,959,2025-09-22,短视频,曝光
18628,440,2025-08-16,直播,曝光
18629,112,2025-07-19,直播,曝光
18630,1134,2025-08-18,短视频,曝光
18631,302,2025-08-29,短视频,曝光
18632,831,2025-09-20,直播,加购
18633,1876,2025-07-12,短视频,点击
18634,1835,2025-09-07,直播,曝光
18635,924,2025-08-25,直播,曝光
18636,620,2025-09-26,直播,曝光
18637,1953,2025-08-23,短视频,曝光
18638,1773,2025-09-27,短视频,加购
18639,1208,2025-08-21,直播,曝光
18640,1485,2025-07-05,直播,分享
18641,880,2025-07-11,短视频,点击
18642,1360,2025-07-10,短视频,曝光
18643,1109,2025-08-18,直播,曝光
18644,368,2025-09-13,直播,曝光
18645,139,2025-08-22,图文,曝光
18646,173,2025-09-25,直播,曝光
18647,1599,2025-08-16,短视频,曝光
18648,1729,2025-09-01,直播,点击
18649,1027,2025-07-19,直播,加购
18650,1142,2025-07-01,短视频,曝光
18651,1838,2025-09-04,短视频,曝光
18652,1931,2025-07-09,直播,加购
18653,1431,2025-09-27,直播,曝光
18654,1033,2025-09-27,直播,加购
18655,900,2025-07-20,短视频,曝光
18656,1183,2025-07-09,直播,点击
18657,1498,2025-09-20,短视频,曝光
18658,1995,2025-09-21,直播,加购
18659,1327,2025-08-19,短视频,分享
18660,1432,2025-08-04,短视频,曝光
18661,52,2025-08-11,短视频,曝光
18662,721,2025-09-24,短视频,曝光
18663,560,2025-08-20,短视频,点击
18664,1656,2025-07-19,直播,点击
18665,512,2025-09-02,短视频,曝光
18666,591,2025-09-28,短视频,曝光
18667,1307,2025-07-06,图文,曝光
18668,1051,2025-08-17,短视频,曝光
18669,816,2025-08-19,短视频,曝光
18670,476,2025-09-09,直播,曝光
18671,1795,2025-08-21,短视频,分享
18672,1990,2025-07-20,短视频,曝光
18673,130,2025-08-26,直播,曝光
18674,1870,2025-07-13,直播,曝光
18675,1649,2025-08-18,直播,曝光
18676,1748,2025-07-22,短视频,曝光
18677,881,2025-09-30,直播,曝光
18678,803,2025-09-07,短视频,点击
18679,1226,2025-09-07,直播,点击
18680,1458,2025-07-01,直播,曝光
18681,1869,2025-08-09,短视频,加购
18682,522,2025-09-02,直播,曝光
18683,1934,2025-08-14,直播,曝光
18684,780,2025-07-10,直播,曝光
18685,1328,2025-08-18,直播,曝光
18686,1610,2025-08-30,直播,曝光
18687,1308,2025-09-05,直播,曝光
18688,113,2025-07-28,直播,曝光
18689,1756,2025-08-23,短视频,曝光
18690,100,2025-09-21,直播,曝光
18691,1076,2025-09-26,图文,曝光
18692,1323,2025-07-29,短视频,加购
18693,501,2025-09-01,短视频,点击
18694,1550,2025-09-22,直播,曝光
18695,1196,2025-07-08,短视频,曝光
18696,768,2025-08-22,短视频,曝光
18697,310,2025-09-08,图文,曝光
18698,1350,2025-07-21,短视频,曝光
18699,201,2025-07-28,短视频,点击
18700,1806,2025-09-17,直播,曝光
18701,230,2025-07-16,图文,分享
18702,200,2025-07-28,短视频,曝光
18703,411,2025-09-15,短视频,曝光
18704,1662,2025-08-26,图文,曝光
18705,1692,2025-08-29,短视频,曝光
18706,1164,2025-08-20,短视频,曝光
18707,1591,2025-08-05,短视频,曝光
18708,845,2025-09-11,图文,分享
18709,1993,2025-07-27,图文,曝光
18710,104,2025-07-24,短视频,曝光
18711,1226,2025-08-11,图文,曝光
18712,769,2025-07-12,短视频,点击
18713,710,2025-08-27,短视频,曝光
18714,1588,2025-09-22,短视频,曝光
18715,1536,2025-09-04,直播,曝光
18716,1084,2025-07-29,短视频,点击
18717,1744,2025-07-10,短视频,曝光
18718,353,2025-08-27,短视频,分享
18719,154,2025-08-18,直播,曝光
18720,465,2025-09-19,短视频,曝光
18721,193,2025-08-14,直播,曝光
18722,1696,2025-07-08,短视频,加购
18723,1028,2025-09-21,短视频,点击
18724,866,2025-07-27,短视频,曝光
18725,994,2025-09-09,图文,曝光
18726,191,2025-07-08,直播,曝光
18727,1297,2025-09-27,直播,点击
18728,1947,2025-09-23,短视频,点击
18729,285,2025-07-07,短视频,曝光
18730,507,2025-09-25,短视频,点击
18731,1555,2025-09-12,短视频,分享
18732,1593,2025-09-22,短视频,曝光
18733,564,2025-07-22,短视频,曝光
18734,26,2025-08-03,直播,曝光
18735,1439,2025-08-16,图文,曝光
18736,514,2025-08-14,短视频,曝光
18737,1618,2025-09-05,短视频,曝光
18738,675,2025-09-23,直播,点击
18739,1954,2025-09-19,图文,曝光
18740,1719,2025-09-20,图文,曝光
18741,137,2025-07-31,短视频,点击
18742,1496,2025-07-02,短视频,点击
18743,1438,2025-07-17,短视频,曝光
18744,617,2025-07-17,图文,加购
18745,1836,2025-09-10,短视频,曝光
18746,1575,2025-08-07,直播,曝光
18747,532,2025-08-04,短视频,点击
18748,1621,2025-09-08,短视频,分享
18749,1421,2025-07-07,直播,曝光
18750,1025,2025-08-05,直播,点击
18751,1781,2025-08-06,短视频,加购
18752,1016,2025-07-19,短视频,曝光
18753,542,2025-07-30,短视频,加购
18754,1020,2025-09-15,图文,加购
18755,968,2025-09-02,图文,曝光
18756,335,2025-08-01,短视频,曝光
18757,1146,2025-09-19,直播,曝光
18758,1626,2025-07-11,直播,曝光
18759,1759,2025-09-20,图文,曝光
18760,1430,2025-08-28,直播,曝光
18761,980,2025-07-20,短视频,曝光
18762,1699,2025-09-18,图文,曝光
18763,1862,2025-07-13,短视频,曝光
18764,1632,2025-08-23,短视频,点击
18765,1585,2025-08-24,短视频,曝光
18766,1571,2025-09-30,图文,曝光
18767,979,2025-07-21,直播,曝光
18768,1561,2025-09-19,直播,加购
18769,766,2025-07-14,短视频,曝光
18770,1889,2025-07-23,直播,点击
18771,1768,2025-07-04,短视频,曝光
18772,1211,2025-07-31,短视频,曝光
18773,1439,2025-09-05,图文,曝光
18774,1656,2025-07-19,直播,曝光
18775,1155,2025-07-07,图文,曝光
18776,1603,2025-08-21,短视频,曝光
18777,1476,2025-07-01,直播,曝光
18778,541,2025-08-29,短视频,曝光
18779,305,2025-09-08,短视频,加购
18780,1132,2025-09-07,短视频,曝光
18781,1,2025-07-09,短视频,曝光
18782,1460,2025-08-18,图文,曝光
18783,1368,2025-07-30,直播,曝光
18784,207,2025-07-12,图文,曝光
18785,620,2025-07-15,短视频,分享
18786,1062,2025-07-24,直播,曝光
18787,1452,2025-09-08,短视频,曝光
18788,6,2025-08-13,短视频,分享
18789,1111,2025-07-09,图文,分享
18790,481,2025-07-25,短视频,曝光
18791,795,2025-07-17,图文,曝光
18792,973,2025-07-05,图文,曝光
18793,399,2025-09-19,短视频,曝光
18794,614,2025-09-20,图文,曝光
18795,825,2025-07-06,直播,曝光
18796,1543,2025-08-17,直播,曝光
18797,574,2025-09-18,图文,曝光
18798,1275,2025-08-24,直播,曝光
18799,724,2025-08-01,图文,曝光
18800,536,2025-07-10,图文,曝光
18801,222,2025-07-09,短视频,加购
18802,35,2025-09-22,直播,曝光
18803,689,2025-08-28,短视频,曝光
18804,510,2025-09-18,短视频,加购
18805,1505,2025-09-28,短视频,曝光
18806,1039,2025-08-05,短视频,曝光
18807,113,2025-09-03,直播,点击
18808,1525,2025-07-19,短视频,曝光
18809,795,2025-09-01,短视频,曝光
18810,1207,2025-09-12,图文,曝光
18811,252,2025-08-19,图文,曝光
18812,112,2025-08-22,直播,曝光
18813,207,2025-08-11,图文,点击
18814,934,2025-09-15,短视频,点击
18815,1769,2025-08-16,短视频,曝光
18816,1920,2025-08-14,短视频,曝光
18817,1606,2025-08-04,短视频,曝光
18818,1809,2025-09-20,短视频,点击
18819,1537,2025-07-09,直播,点击
18820,1485,2025-09-04,直播,点击
18821,844,2025-08-09,直播,曝光
18822,568,2025-08-02,短视频,曝光
18823,1259,2025-08-10,直播,曝光
18824,45,2025-09-08,图文,点击
18825,359,2025-08-02,图文,曝光
18826,913,2025-07-30,短视频,曝光
18827,1266,2025-09-30,短视频,曝光
18828,749,2025-08-09,图文,点击
18829,1541,2025-09-12,短视频,曝光
18830,1352,2025-08-06,短视频,曝光
18831,521,2025-09-28,短视频,加购
18832,142,2025-08-08,直播,曝光
18833,546,2025-08-03,短视频,点击
18834,1847,2025-09-05,短视频,曝光
18835,460,2025-09-14,短视频,曝光
18836,1472,2025-07-23,直播,曝光
18837,1371,2025-09-25,直播,点击
18838,1942,2025-07-30,图文,曝光
18839,1847,2025-09-21,短视频,曝光
18840,1731,2025-08-17,直播,曝光
18841,620,2025-08-22,短视频,加购
18842,861,2025-07-26,直播,加购
18843,979,2025-07-16,短视频,曝光
18844,1325,2025-07-13,短视频,曝光
18845,290,2025-07-11,短视频,点击
18846,1692,2025-09-03,图文,加购
18847,1287,2025-08-26,短视频,曝光
18848,408,2025-08-24,图文,加购
18849,100,2025-09-24,直播,曝光
18850,20,2025-09-26,直播,曝光
18851,722,2025-08-14,直播,分享
18852,616,2025-09-07,短视频,加购
18853,302,2025-07-08,直播,点击
18854,875,2025-08-22,短视频,加购
18855,47,2025-08-09,直播,曝光
18856,1250,2025-07-25,短视频,分享
18857,884,2025-08-04,图文,曝光
18858,527,2025-07-19,短视频,曝光
18859,916,2025-08-17,图文,曝光
18860,885,2025-08-18,短视频,曝光
18861,1685,2025-07-11,短视频,曝光
18862,1298,2025-08-12,图文,曝光
18863,469,2025-07-30,图文,加购
18864,1649,2025-08-07,短视频,点击
18865,663,2025-09-21,短视频,分享
18866,454,2025-08-10,短视频,曝光
18867,1453,2025-08-30,图文,点击
18868,1600,2025-07-20,短视频,曝光
18869,14,2025-09-27,直播,曝光
18870,1879,2025-08-08,短视频,点击
18871,1261,2025-07-29,短视频,曝光
18872,820,2025-07-04,直播,分享
18873,1510,2025-09-17,短视频,曝光
18874,1104,2025-08-21,短视频,曝光
18875,1910,2025-07-14,图文,分享
18876,20,2025-08-21,短视频,曝光
18877,1070,2025-07-25,短视频,曝光
18878,1421,2025-08-31,短视频,曝光
18879,67,2025-07-17,短视频,曝光
18880,1745,2025-09-04,短视频,加购
18881,699,2025-07-17,短视频,曝光
18882,40,2025-09-01,短视频,曝光
18883,773,2025-07-27,图文,曝光
18884,1688,2025-09-12,短视频,点击
18885,1919,2025-08-18,直播,点击
18886,299,2025-07-13,短视频,曝光
18887,781,2025-09-18,短视频,曝光
18888,1685,2025-09-20,直播,曝光
18889,43,2025-07-30,短视频,点击
18890,1084,2025-08-05,短视频,加购
18891,1085,2025-07-01,图文,曝光
18892,741,2025-08-31,短视频,分享
18893,639,2025-08-11,直播,分享
18894,1883,2025-07-12,直播,曝光
18895,717,2025-08-29,短视频,曝光
18896,1225,2025-07-21,短视频,曝光
18897,1511,2025-07-22,图文,曝光
18898,78,2025-09-24,短视频,点击
18899,1658,2025-09-07,短视频,点击
18900,1533,2025-07-13,短视频,曝光
18901,387,2025-08-22,短视频,点击
18902,365,2025-08-12,短视频,曝光
18903,1134,2025-07-14,图文,加购
18904,1847,2025-07-09,短视频,曝光
18905,1783,2025-09-18,直播,曝光
18906,333,2025-07-09,短视频,点击
18907,1204,2025-08-25,直播,点击
18908,976,2025-09-30,直播,曝光
18909,1380,2025-08-05,直播,曝光
18910,1046,2025-08-28,图文,曝光
18911,1145,2025-08-10,短视频,曝光
18912,1128,2025-08-28,短视频,加购
18913,37,2025-07-26,图文,曝光
18914,1067,2025-07-25,短视频,点击
18915,300,2025-08-21,短视频,曝光
18916,879,2025-07-14,短视频,点击
18917,1086,2025-08-21,短视频,分享
18918,1426,2025-08-26,短视频,曝光
18919,1698,2025-09-29,短视频,分享
18920,312,2025-07-23,短视频,点击
18921,1171,2025-07-10,短视频,曝光
18922,1575,2025-07-25,图文,曝光
18923,656,2025-09-12,直播,加购
18924,75,2025-08-08,短视频,曝光
18925,1853,2025-07-16,图文,曝光
18926,1685,2025-07-21,直播,曝光
18927,1418,2025-09-12,短视频,曝光
18928,1500,2025-09-25,直播,曝光
18929,601,2025-07-14,图文,点击
18930,1591,2025-08-23,短视频,曝光
18931,1989,2025-09-29,图文,加购
18932,594,2025-07-07,短视频,曝光
18933,946,2025-07-15,短视频,曝光
18934,1700,2025-08-14,短视频,曝光
18935,442,2025-07-07,短视频,点击
18936,1383,2025-08-21,短视频,曝光
18937,58,2025-09-02,图文,曝光
18938,1938,2025-08-02,直播,点击
18939,141,2025-09-23,图文,曝光
18940,41,2025-09-19,直播,曝光
18941,833,2025-09-05,图文,曝光
18942,1582,2025-08-17,短视频,曝光
18943,418,2025-07-10,图文,点击
18944,1247,2025-07-22,图文,点击
18945,677,2025-09-28,直播,曝光
18946,1979,2025-08-19,直播,曝光
18947,946,2025-08-09,直播,曝光
18948,887,2025-09-05,短视频,曝光
18949,40,2025-07-23,短视频,曝光
18950,560,2025-07-29,图文,曝光
18951,36,2025-08-05,短视频,曝光
18952,1760,2025-09-19,短视频,曝光
18953,956,2025-08-12,直播,曝光
18954,652,2025-07-06,短视频,曝光
18955,493,2025-08-13,图文,曝光
18956,1406,2025-07-28,直播,曝光
18957,1285,2025-08-13,图文,曝光
18958,664,2025-09-24,直播,分享
18959,569,2025-07-30,直播,曝光
18960,1892,2025-07-25,短视频,曝光
18961,118,2025-08-13,短视频,曝光
18962,1053,2025-07-07,短视频,曝光
18963,1934,2025-07-20,直播,曝光
18964,640,2025-07-05,直播,点击
18965,119,2025-09-22,短视频,曝光
18966,1645,2025-09-08,直播,曝光
18967,1808,2025-07-15,短视频,曝光
18968,125,2025-07-31,直播,曝光
18969,757,2025-07-11,图文,加购
18970,188,2025-09-09,短视频,曝光
18971,1800,2025-07-13,直播,曝光
18972,1674,2025-08-29,短视频,点击
18973,1630,2025-08-22,直播,曝光
18974,647,2025-09-08,直播,曝光
18975,1430,2025-09-17,短视频,曝光
18976,354,2025-09-23,短视频,曝光
18977,296,2025-07-31,直播,点击
18978,1175,2025-09-13,直播,曝光
18979,1935,2025-07-17,直播,分享
18980,510,2025-07-14,短视频,曝光
18981,937,2025-09-20,直播,曝光
18982,1975,2025-09-22,短视频,曝光
18983,851,2025-08-31,图文,曝光
18984,1642,2025-07-31,直播,曝光
18985,1370,2025-08-08,直播,曝光
18986,1779,2025-09-13,短视频,点击
18987,670,2025-07-22,短视频,曝光
18988,1668,2025-08-17,短视频,曝光
18989,1648,2025-08-06,直播,曝光
18990,1772,2025-07-17,直播,曝光
18991,1812,2025-08-22,短视频,曝光
18992,676,2025-09-02,短视频,曝光
18993,1655,2025-07-22,直播,曝光
18994,1347,2025-08-31,短视频,曝光
18995,181,2025-09-23,直播,曝光
18996,1814,2025-09-22,短视频,曝光
18997,1443,2025-09-22,短视频,曝光
18998,1372,2025-08-07,图文,曝光
18999,137,2025-09-01,短视频,曝光
19000,1995,2025-09-06,短视频,曝光
19001,1938,2025-09-28,直播,加购
19002,1732,2025-08-17,短视频,曝光
19003,674,2025-09-16,短视频,点击
19004,142,2025-08-20,直播,曝光
19005,1485,2025-09-14,短视频,曝光
19006,1004,2025-08-01,图文,曝光
19007,506,2025-07-07,图文,点击
19008,552,2025-08-03,图文,点击
19009,1349,2025-07-31,直播,曝光
19010,1751,2025-09-12,直播,曝光
19011,1156,2025-09-02,直播,曝光
19012,1875,2025-08-28,直播,点击
19013,1130,2025-07-18,图文,曝光
19014,1134,2025-09-02,短视频,分享
19015,723,2025-09-01,短视频,曝光
19016,117,2025-09-24,直播,曝光
19017,515,2025-07-25,短视频,点击
19018,694,2025-09-02,图文,曝光
19019,1242,2025-07-08,短视频,曝光
19020,378,2025-09-06,直播,曝光
19021,1019,2025-09-13,直播,曝光
19022,1059,2025-09-10,短视频,点击
19023,1022,2025-08-11,直播,点击
19024,1970,2025-08-09,图文,点击
19025,376,2025-07-04,图文,点击
19026,687,2025-08-12,短视频,曝光
19027,735,2025-09-05,短视频,曝光
19028,1468,2025-09-29,短视频,曝光
19029,1324,2025-07-10,短视频,曝光
19030,1663,2025-08-21,短视频,加购
19031,1061,2025-07-23,短视频,曝光
19032,1661,2025-08-04,短视频,分享
19033,56,2025-09-11,短视频,曝光
19034,300,2025-07-06,图文,曝光
19035,1219,2025-07-06,直播,曝光
19036,475,2025-07-20,短视频,点击
19037,588,2025-07-24,短视频,曝光
19038,447,2025-09-10,短视频,曝光
19039,277,2025-07-26,直播,曝光
19040,595,2025-09-24,短视频,曝光
19041,1834,2025-09-28,直播,曝光
19042,94,2025-09-11,短视频,曝光
19043,1988,2025-08-13,直播,点击
19044,1079,2025-09-12,短视频,曝光
19045,1541,2025-07-15,直播,曝光
19046,1482,2025-09-19,短视频,曝光
19047,124,2025-07-31,短视频,曝光
19048,522,2025-08-10,短视频,曝光
19049,1741,2025-09-21,直播,曝光
19050,1280,2025-07-13,直播,曝光
19051,744,2025-07-10,短视频,加购
19052,1092,2025-08-26,直播,曝光
19053,861,2025-09-29,短视频,曝光
19054,199,2025-09-22,短视频,曝光
19055,1873,2025-09-29,短视频,分享
19056,480,2025-08-10,直播,点击
19057,1727,2025-08-26,直播,曝光
19058,483,2025-09-14,图文,点击
19059,1210,2025-07-17,短视频,曝光
19060,978,2025-09-19,图文,分享
19061,1767,2025-09-16,短视频,曝光
19062,1256,2025-07-08,直播,曝光
19063,1190,2025-08-14,短视频,曝光
19064,603,2025-08-09,直播,曝光
19065,1732,2025-09-12,短视频,曝光
19066,255,2025-08-11,短视频,加购
19067,1013,2025-09-24,直播,曝光
19068,539,2025-08-09,直播,曝光
19069,918,2025-08-14,短视频,曝光
19070,81,2025-07-25,直播,曝光
19071,1383,2025-09-16,直播,曝光
19072,1498,2025-08-14,直播,曝光
19073,1397,2025-08-15,图文,曝光
19074,1399,2025-09-05,短视频,曝光
19075,75,2025-09-09,直播,加购
19076,1342,2025-09-01,短视频,分享
19077,659,2025-07-15,短视频,加购
19078,1236,2025-09-24,直播,曝光
19079,1287,2025-09-14,直播,曝光
19080,596,2025-09-06,图文,曝光
19081,269,2025-08-20,短视频,曝光
19082,231,2025-09-08,短视频,曝光
19083,893,2025-09-04,直播,点击
19084,1199,2025-07-27,直播,曝光
19085,16,2025-08-13,直播,曝光
19086,1466,2025-07-03,短视频,分享
19087,498,2025-07-01,直播,点击
19088,1622,2025-08-17,直播,点击
19089,1399,2025-09-08,直播,加购
19090,1454,2025-09-10,直播,曝光
19091,416,2025-09-14,图文,曝光
19092,1318,2025-08-06,短视频,曝光
19093,1356,2025-08-19,直播,曝光
19094,1649,2025-09-13,直播,曝光
19095,1136,2025-07-04,短视频,曝光
19096,1524,2025-08-27,图文,曝光
19097,925,2025-08-05,直播,加购
19098,1890,2025-07-31,短视频,曝光
19099,1418,2025-08-22,图文,曝光
19100,13,2025-08-01,短视频,曝光
19101,1580,2025-08-24,短视频,曝光
19102,294,2025-09-01,短视频,分享
19103,133,2025-08-16,短视频,曝光
19104,1160,2025-08-23,短视频,曝光
19105,988,2025-08-06,图文,分享
19106,803,2025-07-07,图文,曝光
19107,832,2025-08-01,直播,曝光
19108,682,2025-08-20,短视频,曝光
19109,1836,2025-08-03,直播,点击
19110,1492,2025-07-05,短视频,曝光
19111,1585,2025-08-16,图文,点击
19112,1072,2025-08-20,短视频,曝光
19113,1495,2025-09-19,短视频,曝光
19114,1053,2025-09-24,短视频,曝光
19115,1814,2025-08-23,图文,曝光
19116,100,2025-07-09,直播,曝光
19117,1585,2025-09-11,短视频,曝光
19118,923,2025-08-14,短视频,曝光
19119,648,2025-08-24,直播,曝光
19120,1217,2025-09-10,直播,点击
19121,1832,2025-08-28,短视频,曝光
19122,561,2025-08-09,图文,点击
19123,959,2025-09-16,直播,点击
19124,478,2025-08-03,短视频,曝光
19125,1637,2025-08-29,短视频,点击
19126,1102,2025-08-23,直播,曝光
19127,586,2025-09-14,直播,曝光
19128,1824,2025-09-17,图文,曝光
19129,451,2025-07-22,短视频,曝光
19130,233,2025-09-18,直播,曝光
19131,515,2025-08-24,直播,曝光
19132,619,2025-07-25,短视频,曝光
19133,518,2025-08-26,图文,曝光
19134,117,2025-09-27,直播,点击
19135,1974,2025-08-26,短视频,点击
19136,651,2025-07-15,直播,曝光
19137,1920,2025-08-15,直播,点击
19138,1390,2025-07-20,短视频,曝光
19139,1602,2025-07-25,短视频,曝光
19140,638,2025-09-03,图文,曝光
19141,1312,2025-07-11,图文,点击
19142,798,2025-09-18,图文,曝光
19143,728,2025-09-22,直播,曝光
19144,1871,2025-07-18,短视频,分享
19145,1719,2025-07-29,直播,曝光
19146,695,2025-07-30,图文,曝光
19147,8,2025-07-05,图文,曝光
19148,1080,2025-07-08,直播,点击
19149,1918,2025-09-07,短视频,加购
19150,1868,2025-08-12,短视频,曝光
19151,949,2025-07-22,直播,分享
19152,1018,2025-08-17,图文,曝光
19153,1722,2025-07-23,图文,曝光
19154,341,2025-08-24,短视频,曝光
19155,549,2025-07-17,短视频,曝光
19156,287,2025-07-18,图文,曝光
19157,1179,2025-09-15,短视频,点击
19158,1798,2025-07-26,短视频,曝光
19159,626,2025-07-27,短视频,曝光
19160,1772,2025-09-08,短视频,点击
19161,1022,2025-08-07,短视频,曝光
19162,503,2025-07-11,短视频,曝光
19163,1920,2025-09-09,图文,曝光
19164,1247,2025-07-01,直播,曝光
19165,1093,2025-08-10,图文,曝光
19166,334,2025-08-05,短视频,曝光
19167,1106,2025-08-30,图文,曝光
19168,463,2025-08-23,短视频,曝光
19169,843,2025-08-23,短视频,曝光
19170,1842,2025-09-21,直播,分享
19171,1991,2025-08-24,直播,曝光
19172,804,2025-07-04,短视频,曝光
19173,641,2025-07-06,短视频,曝光
19174,418,2025-07-31,短视频,曝光
19175,419,2025-07-02,短视频,曝光
19176,1049,2025-09-17,短视频,曝光
19177,1934,2025-09-09,直播,点击
19178,1703,2025-09-04,短视频,曝光
19179,580,2025-09-02,直播,加购
19180,1666,2025-08-28,短视频,点击
19181,943,2025-08-01,短视频,曝光
19182,1325,2025-07-01,短视频,曝光
19183,510,2025-07-12,直播,曝光
19184,1627,2025-08-12,直播,曝光
19185,933,2025-07-24,短视频,曝光
19186,1560,2025-09-28,短视频,分享
19187,497,2025-09-14,直播,点击
19188,1928,2025-08-31,直播,曝光
19189,844,2025-08-07,直播,曝光
19190,1312,2025-09-14,直播,点击
19191,1071,2025-08-07,短视频,曝光
19192,1196,2025-08-17,直播,曝光
19193,514,2025-09-04,图文,曝光
19194,1812,2025-08-03,短视频,点击
19195,418,2025-08-16,图文,分享
19196,724,2025-07-30,短视频,曝光
19197,862,2025-07-16,短视频,曝光
19198,986,2025-09-12,直播,曝光
19199,452,2025-09-29,短视频,曝光
19200,1719,2025-08-12,图文,曝光
19201,1232,2025-07-05,短视频,曝光
19202,1958,2025-07-30,直播,曝光
19203,703,2025-09-20,短视频,曝光
19204,843,2025-08-30,短视频,曝光
19205,1141,2025-07-25,直播,加购
19206,1180,2025-09-30,短视频,曝光
19207,346,2025-07-12,直播,曝光
19208,1676,2025-08-09,图文,曝光
19209,1990,2025-08-15,短视频,曝光
19210,1038,2025-07-16,直播,分享
19211,758,2025-07-18,直播,曝光
19212,810,2025-08-29,图文,曝光
19213,124,2025-07-05,短视频,曝光
19214,130,2025-08-06,直播,曝光
19215,749,2025-09-03,直播,分享
19216,425,2025-08-24,直播,加购
19217,592,2025-08-05,直播,加购
19218,663,2025-09-30,直播,点击
19219,359,2025-08-14,直播,曝光
19220,804,2025-08-12,短视频,曝光
19221,74,2025-08-29,短视频,曝光
19222,1553,2025-07-28,直播,曝光
19223,1389,2025-08-05,短视频,点击
19224,334,2025-09-29,短视频,点击
19225,328,2025-07-21,短视频,曝光
19226,145,2025-08-31,短视频,点击
19227,370,2025-09-11,直播,点击
19228,1176,2025-07-29,直播,曝光
19229,152,2025-07-29,直播,加购
19230,17,2025-07-30,短视频,曝光
19231,1142,2025-08-10,直播,曝光
19232,1862,2025-08-25,直播,曝光
19233,938,2025-09-08,短视频,曝光
19234,513,2025-08-03,直播,加购
19235,1663,2025-08-15,直播,曝光
19236,1668,2025-09-10,直播,点击
19237,1672,2025-07-01,直播,曝光
19238,760,2025-07-18,短视频,加购
19239,82,2025-07-11,短视频,曝光
19240,1998,2025-07-18,图文,加购
19241,1791,2025-09-17,直播,加购
19242,1003,2025-07-22,图文,点击
19243,1570,2025-09-27,短视频,曝光
19244,1926,2025-09-19,图文,分享
19245,117,2025-08-04,短视频,曝光
19246,938,2025-07-09,短视频,点击
19247,1724,2025-07-22,短视频,曝光
19248,1429,2025-08-25,直播,曝光
19249,221,2025-08-12,直播,曝光
19250,128,2025-09-18,图文,曝光
19251,651,2025-08-02,短视频,曝光
19252,890,2025-07-17,图文,曝光
19253,248,2025-08-31,短视频,曝光
19254,542,2025-09-23,短视频,分享
19255,1025,2025-08-21,图文,曝光
19256,1587,2025-09-04,短视频,曝光
19257,1135,2025-08-23,短视频,曝光
19258,1065,2025-07-22,直播,曝光
19259,1484,2025-08-20,直播,点击
19260,1281,2025-09-29,短视频,曝光
19261,453,2025-09-30,图文,曝光
19262,508,2025-09-15,图文,曝光
19263,232,2025-08-17,直播,曝光
19264,234,2025-07-06,图文,曝光
19265,1660,2025-08-10,短视频,曝光
19266,1362,2025-09-14,直播,曝光
19267,1283,2025-09-25,图文,曝光
19268,885,2025-08-23,短视频,曝光
19269,182,2025-07-03,图文,曝光
19270,835,2025-09-20,直播,曝光
19271,308,2025-09-16,短视频,曝光
19272,1928,2025-08-24,图文,曝光
19273,806,2025-08-07,短视频,加购
19274,237,2025-09-12,短视频,曝光
19275,567,2025-07-28,短视频,点击
19276,1288,2025-09-15,直播,曝光
19277,903,2025-07-31,直播,分享
19278,121,2025-09-12,直播,分享
19279,724,2025-09-01,短视频,点击
19280,1370,2025-07-06,直播,点击
19281,1063,2025-07-04,直播,曝光
19282,1120,2025-08-31,短视频,曝光
19283,1322,2025-08-11,短视频,点击
19284,1454,2025-09-21,短视频,曝光
19285,856,2025-09-10,直播,点击
19286,1502,2025-09-25,短视频,曝光
19287,1812,2025-07-19,直播,曝光
19288,265,2025-09-09,图文,曝光
19289,1457,2025-08-10,短视频,曝光
19290,550,2025-07-29,图文,曝光
19291,217,2025-08-04,短视频,曝光
19292,505,2025-09-17,短视频,加购
19293,1860,2025-08-19,短视频,曝光
19294,1217,2025-07-03,直播,曝光
19295,917,2025-08-14,直播,分享
19296,517,2025-09-09,短视频,曝光
19297,1066,2025-09-08,图文,曝光
19298,1032,2025-08-14,短视频,曝光
19299,816,2025-09-12,直播,加购
19300,885,2025-09-19,图文,点击
19301,1448,2025-07-06,直播,曝光
19302,1172,2025-08-16,图文,曝光
19303,58,2025-09-19,直播,曝光
19304,703,2025-08-08,短视频,曝光
19305,125,2025-09-30,短视频,曝光
19306,1850,2025-09-16,直播,点击
19307,645,2025-07-18,图文,点击
19308,1931,2025-07-31,图文,曝光
19309,500,2025-08-06,短视频,曝光
19310,702,2025-08-14,直播,加购
19311,822,2025-09-02,图文,点击
19312,1829,2025-09-16,短视频,曝光
19313,181,2025-08-21,直播,曝光
19314,1587,2025-07-02,直播,曝光
19315,1314,2025-09-17,短视频,曝光
19316,453,2025-08-02,短视频,曝光
19317,1687,2025-08-02,短视频,曝光
19318,1126,2025-09-15,直播,曝光
19319,1008,2025-09-13,图文,曝光
19320,756,2025-09-19,短视频,曝光
19321,837,2025-09-23,短视频,曝光
19322,1602,2025-07-15,短视频,曝光
19323,1940,2025-07-17,直播,加购
19324,1788,2025-08-10,图文,曝光
19325,670,2025-09-29,直播,曝光
19326,1245,2025-08-01,直播,曝光
19327,1997,2025-08-01,图文,加购
19328,1261,2025-09-28,直播,点击
19329,5,2025-09-28,直播,点击
19330,1443,2025-08-21,直播,曝光
19331,1143,2025-08-25,短视频,曝光
19332,991,2025-08-06,短视频,曝光
19333,73,2025-09-14,直播,曝光
19334,942,2025-09-19,直播,曝光
19335,1581,2025-07-25,短视频,曝光
19336,1127,2025-09-04,短视频,点击
19337,539,2025-08-17,短视频,曝光
19338,1637,2025-09-04,图文,曝光
19339,897,2025-08-09,短视频,点击
19340,1295,2025-08-26,短视频,曝光
19341,29,2025-08-28,图文,曝光
19342,288,2025-08-08,短视频,曝光
19343,402,2025-07-20,图文,分享
19344,281,2025-07-10,短视频,曝光
19345,852,2025-09-28,图文,点击
19346,832,2025-08-28,图文,曝光
19347,162,2025-08-11,短视频,点击
19348,1319,2025-08-08,短视频,点击
19349,967,2025-08-07,短视频,曝光
19350,783,2025-08-11,短视频,曝光
19351,486,2025-08-11,直播,加购
19352,764,2025-09-24,短视频,曝光
19353,327,2025-08-11,短视频,曝光
19354,1791,2025-09-05,直播,曝光
19355,1030,2025-08-15,图文,曝光
19356,1737,2025-09-10,短视频,点击
19357,1712,2025-07-02,短视频,曝光
19358,952,2025-09-08,直播,曝光
19359,796,2025-07-21,短视频,加购
19360,1437,2025-08-09,直播,点击
19361,768,2025-08-27,直播,曝光
19362,905,2025-08-21,直播,曝光
19363,820,2025-07-05,直播,曝光
19364,1207,2025-08-20,短视频,曝光
19365,109,2025-07-13,短视频,点击
19366,550,2025-07-23,短视频,曝光
19367,1362,2025-08-12,图文,曝光
19368,996,2025-08-28,短视频,加购
19369,1385,2025-08-18,短视频,曝光
19370,1286,2025-08-04,短视频,曝光
19371,665,2025-07-09,直播,曝光
19372,884,2025-07-05,短视频,曝光
19373,139,2025-08-11,直播,曝光
19374,1519,2025-09-28,短视频,曝光
19375,888,2025-09-14,图文,点击
19376,535,2025-08-08,图文,曝光
19377,1068,2025-07-20,短视频,曝光
19378,26,2025-08-02,短视频,曝光
19379,831,2025-08-15,短视频,曝光
19380,1829,2025-08-27,短视频,曝光
19381,767,2025-08-20,图文,点击
19382,723,2025-08-11,图文,曝光
19383,900,2025-08-28,短视频,曝光
19384,505,2025-09-28,直播,点击
19385,441,2025-08-08,直播,点击
19386,953,2025-07-05,直播,曝光
19387,1324,2025-09-17,短视频,曝光
19388,499,2025-09-14,图文,曝光
19389,424,2025-08-24,短视频,曝光
19390,1467,2025-07-02,图文,加购
19391,1001,2025-09-20,短视频,曝光
19392,614,2025-07-17,图文,曝光
19393,1694,2025-09-27,短视频,曝光
19394,1984,2025-07-17,短视频,曝光
19395,1696,2025-07-01,短视频,点击
19396,553,2025-08-01,短视频,曝光
19397,1952,2025-08-15,短视频,点击
19398,724,2025-09-19,直播,曝光
19399,158,2025-07-04,短视频,曝光
19400,1077,2025-07-23,短视频,点击
19401,1912,2025-08-30,直播,曝光
19402,7,2025-08-17,直播,曝光
19403,17,2025-09-17,直播,曝光
19404,9,2025-08-14,直播,分享
19405,1682,2025-08-27,直播,曝光
19406,468,2025-07-22,短视频,曝光
19407,992,2025-08-06,短视频,曝光
19408,164,2025-08-12,图文,曝光
19409,1889,2025-08-25,直播,分享
19410,1521,2025-09-16,图文,加购
19411,1140,2025-07-31,图文,点击
19412,1744,2025-09-03,短视频,点击
19413,409,2025-07-19,直播,曝光
19414,827,2025-08-05,直播,曝光
19415,1941,2025-07-08,直播,曝光
19416,1034,2025-07-25,短视频,曝光
19417,609,2025-09-11,直播,点击
19418,1226,2025-08-17,短视频,加购
19419,1872,2025-09-22,直播,点击
19420,190,2025-07-21,直播,曝光
19421,1990,2025-08-09,短视频,加购
19422,940,2025-07-15,短视频,点击
19423,179,2025-07-27,短视频,曝光
19424,1919,2025-07-04,直播,点击
19425,1141,2025-07-20,短视频,曝光
19426,416,2025-07-01,短视频,曝光
19427,366,2025-08-31,直播,曝光
19428,169,2025-09-28,短视频,点击
19429,1059,2025-07-05,短视频,曝光
19430,562,2025-08-03,直播,曝光
19431,635,2025-09-20,直播,点击
19432,1096,2025-07-04,直播,点击
19433,1918,2025-09-04,直播,曝光
19434,1737,2025-08-23,直播,曝光
19435,211,2025-09-15,直播,分享
19436,710,2025-08-13,直播,加购
19437,443,2025-07-08,短视频,曝光
19438,690,2025-08-22,短视频,加购
19439,1805,2025-09-28,图文,曝光
19440,687,2025-08-19,短视频,曝光
19441,1295,2025-07-05,直播,曝光
19442,1682,2025-07-10,短视频,点击
19443,547,2025-08-15,直播,曝光
19444,939,2025-09-07,图文,加购
19445,1627,2025-07-20,短视频,加购
19446,663,2025-08-04,短视频,曝光
19447,1338,2025-09-27,短视频,曝光
19448,354,2025-09-30,图文,点击
19449,1838,2025-09-21,短视频,分享
19450,252,2025-08-24,图文,点击
19451,1379,2025-09-21,短视频,曝光
19452,1949,2025-08-15,图文,曝光
19453,286,2025-09-30,短视频,曝光
19454,973,2025-08-03,短视频,曝光
19455,1899,2025-09-23,图文,曝光
19456,145,2025-08-19,图文,曝光
19457,614,2025-09-24,短视频,曝光
19458,1813,2025-08-13,直播,曝光
19459,268,2025-09-20,短视频,曝光
19460,1909,2025-08-18,图文,点击
19461,1493,2025-09-14,图文,分享
19462,475,2025-09-28,图文,曝光
19463,415,2025-07-08,图文,点击
19464,633,2025-08-07,直播,曝光
19465,1060,2025-07-01,短视频,曝光
19466,1921,2025-07-26,图文,加购
19467,1586,2025-07-05,短视频,点击
19468,32,2025-08-09,图文,曝光
19469,1179,2025-08-01,短视频,分享
19470,649,2025-07-05,直播,点击
19471,1061,2025-08-05,直播,曝光
19472,861,2025-08-11,短视频,曝光
19473,1178,2025-07-03,短视频,曝光
19474,1541,2025-09-23,直播,曝光
19475,476,2025-07-29,短视频,曝光
19476,736,2025-07-19,直播,曝光
19477,93,2025-07-06,直播,曝光
19478,677,2025-07-09,短视频,曝光
19479,1978,2025-09-02,短视频,曝光
19480,1459,2025-07-02,短视频,加购
19481,1353,2025-07-09,短视频,曝光
19482,1699,2025-08-29,短视频,曝光
19483,1139,2025-08-01,短视频,点击
19484,187,2025-09-09,直播,曝光
19485,1317,2025-09-03,短视频,曝光
19486,285,2025-08-31,图文,曝光
19487,391,2025-07-07,短视频,分享
19488,1320,2025-08-28,直播,点击
19489,1848,2025-09-21,短视频,点击
19490,629,2025-09-14,直播,曝光
19491,601,2025-09-25,直播,曝光
19492,1337,2025-09-17,短视频,点击
19493,626,2025-09-23,短视频,曝光
19494,348,2025-07-31,图文,曝光
19495,462,2025-07-24,短视频,曝光
19496,1609,2025-08-23,短视频,点击
19497,1227,2025-07-18,直播,点击
19498,643,2025-08-30,短视频,点击
19499,1994,2025-09-30,直播,点击
19500,671,2025-08-01,短视频,曝光
19501,1373,2025-08-01,短视频,曝光
19502,358,2025-08-28,短视频,曝光
19503,1879,2025-08-26,短视频,曝光
19504,423,2025-08-30,短视频,曝光
19505,862,2025-08-06,直播,曝光
19506,1197,2025-07-01,直播,曝光
19507,1042,2025-07-22,图文,曝光
19508,1164,2025-07-08,短视频,点击
19509,1549,2025-07-16,直播,加购
19510,1649,2025-09-06,短视频,曝光
19511,679,2025-07-10,短视频,曝光
19512,1261,2025-07-07,短视频,曝光
19513,1139,2025-07-19,短视频,曝光
19514,856,2025-08-16,直播,曝光
19515,1013,2025-07-04,图文,曝光
19516,1607,2025-07-05,直播,曝光
19517,1359,2025-09-21,短视频,曝光
19518,34,2025-09-15,短视频,曝光
19519,129,2025-07-21,直播,曝光
19520,1404,2025-08-21,直播,曝光
19521,1064,2025-09-09,图文,曝光
19522,1087,2025-07-19,图文,曝光
19523,1694,2025-08-19,短视频,点击
19524,442,2025-09-18,图文,曝光
19525,510,2025-07-06,直播,曝光
19526,1275,2025-07-12,短视频,曝光
19527,1563,2025-09-16,短视频,曝光
19528,1974,2025-09-22,直播,曝光
19529,1859,2025-08-31,直播,点击
19530,694,2025-09-28,图文,曝光
19531,356,2025-09-07,短视频,曝光
19532,1278,2025-08-30,直播,点击
19533,375,2025-07-03,直播,曝光
19534,879,2025-09-16,直播,曝光
19535,604,2025-07-30,图文,曝光
19536,785,2025-09-14,直播,曝光
19537,1772,2025-07-01,短视频,曝光
19538,615,2025-08-11,直播,曝光
19539,1705,2025-08-27,直播,曝光
19540,458,2025-07-12,图文,曝光
19541,598,2025-08-03,直播,曝光
19542,472,2025-07-08,短视频,曝光
19543,1497,2025-08-12,直播,曝光
19544,1549,2025-07-10,短视频,分享
19545,71,2025-07-23,直播,曝光
19546,648,2025-08-17,直播,点击
19547,1875,2025-08-11,图文,曝光
19548,1060,2025-07-04,图文,分享
19549,356,2025-09-13,短视频,点击
19550,428,2025-08-14,短视频,点击
19551,931,2025-07-28,图文,曝光
19552,425,2025-07-27,短视频,曝光
19553,873,2025-07-10,短视频,曝光
19554,1175,2025-09-19,图文,点击
19555,933,2025-09-08,短视频,曝光
19556,1166,2025-07-09,短视频,加购
19557,114,2025-09-19,直播,曝光
19558,1011,2025-09-01,短视频,点击
19559,110,2025-09-02,短视频,点击
19560,1387,2025-07-08,直播,曝光
19561,1049,2025-07-26,图文,加购
19562,1275,2025-08-18,短视频,曝光
19563,671,2025-08-31,短视频,曝光
19564,401,2025-07-31,图文,曝光
19565,1355,2025-09-12,短视频,曝光
19566,111,2025-08-20,图文,点击
19567,967,2025-09-16,短视频,曝光
19568,540,2025-07-07,直播,曝光
19569,711,2025-07-27,短视频,曝光
19570,863,2025-08-16,短视频,点击
19571,918,2025-09-11,直播,曝光
19572,417,2025-08-16,图文,点击
19573,252,2025-07-27,短视频,曝光
19574,965,2025-09-16,图文,加购
19575,567,2025-07-04,短视频,点击
19576,74,2025-07-06,短视频,曝光
19577,1715,2025-08-02,图文,曝光
19578,955,2025-07-12,直播,曝光
19579,178,2025-07-29,短视频,点击
19580,704,2025-09-29,短视频,曝光
19581,238,2025-08-08,图文,点击
19582,1919,2025-08-14,短视频,点击
19583,968,2025-08-06,短视频,点击
19584,1754,2025-09-04,图文,曝光
19585,684,2025-08-05,直播,点击
19586,1903,2025-07-27,图文,加购
19587,1868,2025-07-02,短视频,点击
19588,1318,2025-08-27,短视频,曝光
19589,837,2025-09-12,短视频,曝光
19590,1944,2025-08-08,短视频,曝光
19591,1146,2025-07-29,直播,曝光
19592,380,2025-09-15,图文,点击
19593,141,2025-09-26,短视频,曝光
19594,1065,2025-08-09,短视频,点击
19595,496,2025-07-19,短视频,点击
19596,1487,2025-09-01,短视频,点击
19597,1099,2025-08-27,短视频,曝光
19598,965,2025-07-31,图文,点击
19599,564,2025-09-13,图文,点击
19600,428,2025-07-19,短视频,曝光
19601,403,2025-07-05,图文,曝光
19602,1308,2025-07-21,直播,曝光
19603,1569,2025-09-07,短视频,分享
19604,1943,2025-08-22,直播,曝光
19605,1354,2025-09-02,短视频,曝光
19606,1047,2025-08-15,短视频,点击
19607,1380,2025-07-11,短视频,曝光
19608,497,2025-09-03,直播,曝光
19609,1754,2025-08-31,短视频,曝光
19610,82,2025-09-17,图文,曝光
19611,1812,2025-07-12,直播,曝光
19612,209,2025-07-04,直播,曝光
19613,1892,2025-07-28,直播,曝光
19614,1555,2025-09-12,直播,分享
19615,840,2025-07-10,图文,曝光
19616,971,2025-09-18,直播,曝光
19617,589,2025-09-26,短视频,点击
19618,418,2025-09-04,直播,点击
19619,627,2025-09-27,短视频,曝光
19620,1721,2025-09-01,图文,曝光
19621,508,2025-07-09,短视频,点击
19622,873,2025-09-25,短视频,曝光
19623,1371,2025-09-12,短视频,点击
19624,1592,2025-09-20,短视频,分享
19625,609,2025-07-12,直播,加购
19626,1623,2025-08-03,短视频,曝光
19627,351,2025-07-19,图文,曝光
19628,1436,2025-08-29,直播,曝光
19629,220,2025-08-26,直播,点击
19630,1946,2025-08-19,短视频,曝光
19631,200,2025-07-16,短视频,曝光
19632,1794,2025-07-10,短视频,曝光
19633,1522,2025-09-29,直播,点击
19634,251,2025-07-22,短视频,曝光
19635,1550,2025-09-27,短视频,点击
19636,688,2025-08-16,直播,点击
19637,1965,2025-07-02,直播,曝光
19638,1909,2025-08-11,短视频,曝光
19639,1857,2025-09-19,图文,点击
19640,1312,2025-08-22,短视频,点击
19641,1794,2025-09-26,直播,加购
19642,888,2025-09-12,图文,加购
19643,118,2025-09-20,直播,加购
19644,1725,2025-09-12,直播,点击
19645,96,2025-09-02,短视频,曝光
19646,1278,2025-07-26,短视频,曝光
19647,1082,2025-08-27,直播,点击
19648,742,2025-07-25,短视频,曝光
19649,1479,2025-08-28,短视频,曝光
19650,543,2025-08-26,短视频,曝光
19651,1862,2025-09-12,短视频,曝光
19652,1703,2025-08-04,直播,曝光
19653,1838,2025-07-28,短视频,点击
19654,1694,2025-09-27,短视频,加购
19655,1654,2025-07-31,图文,曝光
19656,1837,2025-08-28,短视频,曝光
19657,1838,2025-09-20,短视频,点击
19658,1570,2025-07-24,直播,曝光
19659,1596,2025-08-05,图文,曝光
19660,370,2025-07-10,短视频,曝光
19661,349,2025-07-17,图文,曝光
19662,777,2025-09-05,直播,点击
19663,732,2025-07-11,短视频,曝光
19664,657,2025-07-30,直播,曝光
19665,596,2025-07-13,直播,曝光
19666,516,2025-07-18,图文,曝光
19667,1136,2025-09-12,图文,曝光
19668,1590,2025-07-24,直播,曝光
19669,1622,2025-08-15,直播,点击
19670,250,2025-09-02,短视频,曝光
19671,1083,2025-09-24,直播,曝光
19672,959,2025-08-30,图文,加购
19673,1600,2025-08-06,图文,点击
19674,1732,2025-07-10,短视频,曝光
19675,663,2025-08-10,直播,点击
19676,1578,2025-08-31,图文,曝光
19677,1192,2025-07-02,直播,曝光
19678,535,2025-08-26,短视频,曝光
19679,1122,2025-07-02,短视频,曝光
19680,72,2025-09-12,图文,分享
19681,109,2025-09-27,直播,点击
19682,828,2025-07-09,图文,加购
19683,1917,2025-09-24,短视频,曝光
19684,1188,2025-07-26,直播,加购
19685,1344,2025-07-08,图文,曝光
19686,1710,2025-09-12,直播,曝光
19687,897,2025-07-30,短视频,曝光
19688,1057,2025-08-10,短视频,加购
19689,559,2025-09-29,短视频,曝光
19690,532,2025-09-22,短视频,曝光
19691,1836,2025-08-19,短视频,曝光
19692,1382,2025-09-02,直播,曝光
19693,264,2025-07-26,图文,曝光
19694,804,2025-07-05,图文,曝光
19695,1545,2025-09-03,短视频,曝光
19696,1651,2025-08-11,短视频,点击
19697,1319,2025-09-24,短视频,曝光
19698,48,2025-07-28,短视频,曝光
19699,750,2025-07-21,直播,曝光
19700,839,2025-09-09,短视频,点击
19701,365,2025-08-18,图文,曝光
19702,845,2025-07-14,短视频,分享
19703,736,2025-08-29,直播,分享
19704,1176,2025-09-20,图文,曝光
19705,626,2025-08-27,短视频,曝光
19706,718,2025-09-06,图文,曝光
19707,1738,2025-07-16,直播,曝光
19708,805,2025-08-23,短视频,曝光
19709,382,2025-09-02,短视频,曝光
19710,1470,2025-08-21,短视频,曝光
19711,526,2025-09-25,直播,曝光
19712,343,2025-09-26,直播,分享
19713,1528,2025-08-19,短视频,曝光
19714,477,2025-09-18,直播,曝光
19715,14,2025-07-08,图文,曝光
19716,205,2025-09-23,图文,曝光
19717,1487,2025-07-14,直播,曝光
19718,516,2025-09-14,短视频,曝光
19719,789,2025-08-11,短视频,曝光
19720,1011,2025-08-02,直播,点击
19721,555,2025-09-16,短视频,点击
19722,379,2025-07-16,图文,加购
19723,141,2025-08-23,直播,加购
19724,148,2025-07-28,短视频,曝光
19725,1830,2025-07-25,图文,曝光
19726,1993,2025-09-27,直播,点击
19727,1281,2025-07-15,图文,曝光
19728,911,2025-09-27,直播,点击
19729,1622,2025-07-03,图文,分享
19730,1664,2025-07-19,图文,曝光
19731,885,2025-08-04,图文,加购
19732,1478,2025-07-21,图文,曝光
19733,194,2025-07-24,直播,曝光
19734,331,2025-08-30,图文,点击
19735,1693,2025-07-06,短视频,点击
19736,1025,2025-08-20,短视频,曝光
19737,1631,2025-08-07,短视频,曝光
19738,1136,2025-08-21,短视频,点击
19739,234,2025-08-01,短视频,曝光
19740,316,2025-09-22,直播,曝光
19741,1066,2025-07-31,短视频,曝光
19742,224,2025-08-21,短视频,加购
19743,1691,2025-08-10,短视频,曝光
19744,527,2025-08-23,直播,曝光
19745,1391,2025-08-06,短视频,加购
19746,523,2025-08-30,短视频,曝光
19747,1549,2025-07-19,直播,点击
19748,556,2025-08-16,短视频,曝光
19749,1034,2025-09-17,直播,曝光
19750,505,2025-08-23,短视频,曝光
19751,1751,2025-07-19,短视频,点击
19752,1094,2025-09-07,短视频,曝光
19753,1045,2025-07-30,图文,曝光
19754,589,2025-09-23,直播,曝光
19755,367,2025-09-14,直播,曝光
19756,1544,2025-09-24,短视频,曝光
19757,107,2025-09-15,短视频,曝光
19758,105,2025-08-31,直播,曝光
19759,1312,2025-08-30,直播,加购
19760,1244,2025-07-25,短视频,曝光
19761,656,2025-08-04,图文,点击
19762,1545,2025-09-18,图文,曝光
19763,119,2025-08-26,短视频,曝光
19764,875,2025-09-02,短视频,曝光
19765,1814,2025-07-20,图文,曝光
19766,639,2025-08-03,图文,曝光
19767,1570,2025-07-24,短视频,分享
19768,607,2025-08-27,图文,曝光
19769,464,2025-08-17,直播,曝光
19770,656,2025-08-08,直播,曝光
19771,581,2025-09-09,直播,曝光
19772,235,2025-09-15,短视频,曝光
19773,1820,2025-09-24,短视频,加购
19774,1163,2025-07-31,短视频,曝光
19775,1924,2025-08-14,短视频,曝光
19776,1247,2025-08-10,短视频,曝光
19777,1786,2025-09-24,短视频,曝光
19778,780,2025-09-11,短视频,分享
19779,376,2025-09-24,直播,加购
19780,1912,2025-07-19,图文,曝光
19781,1651,2025-08-20,直播,分享
19782,1823,2025-08-21,短视频,分享
19783,1847,2025-08-09,短视频,曝光
19784,596,2025-08-11,直播,曝光
19785,1092,2025-09-16,图文,曝光
19786,1465,2025-08-03,图文,曝光
19787,1760,2025-08-10,直播,曝光
19788,233,2025-07-11,短视频,加购
19789,1865,2025-08-28,短视频,点击
19790,1516,2025-07-02,短视频,曝光
19791,948,2025-09-07,短视频,点击
19792,1472,2025-08-26,短视频,点击
19793,566,2025-09-27,短视频,曝光
19794,714,2025-08-21,直播,曝光
19795,400,2025-09-05,短视频,曝光
19796,774,2025-09-25,图文,曝光
19797,619,2025-07-22,短视频,曝光
19798,1173,2025-07-28,图文,曝光
19799,868,2025-08-17,短视频,加购
19800,561,2025-07-04,短视频,点击
19801,774,2025-07-23,直播,曝光
19802,1146,2025-08-12,直播,曝光
19803,1586,2025-07-23,短视频,加购
19804,1776,2025-07-04,图文,曝光
19805,531,2025-09-07,直播,曝光
19806,890,2025-07-24,直播,曝光
19807,1427,2025-07-02,直播,曝光
19808,409,2025-08-31,直播,曝光
19809,1472,2025-07-21,短视频,分享
19810,1117,2025-08-12,图文,曝光
19811,276,2025-09-08,图文,曝光
19812,1306,2025-07-31,直播,点击
19813,321,2025-08-23,直播,曝光
19814,1052,2025-09-12,图文,点击
19815,621,2025-09-06,短视频,曝光
19816,48,2025-07-31,图文,曝光
19817,1351,2025-08-06,图文,曝光
19818,1339,2025-07-15,短视频,曝光
19819,546,2025-07-15,直播,曝光
19820,74,2025-07-26,直播,曝光
19821,1763,2025-09-25,直播,曝光
19822,835,2025-09-26,图文,分享
19823,1710,2025-09-17,直播,加购
19824,829,2025-07-24,图文,曝光
19825,1484,2025-08-24,短视频,曝光
19826,1693,2025-08-03,短视频,加购
19827,1366,2025-07-26,图文,曝光
19828,1726,2025-07-17,直播,点击
19829,130,2025-09-27,直播,曝光
19830,1551,2025-08-29,短视频,曝光
19831,1437,2025-09-03,直播,曝光
19832,1640,2025-07-26,短视频,加购
19833,1270,2025-09-28,直播,曝光
19834,438,2025-07-20,直播,曝光
19835,1214,2025-07-17,图文,曝光
19836,1433,2025-08-24,直播,曝光
19837,1989,2025-09-24,短视频,曝光
19838,1499,2025-09-09,直播,曝光
19839,1683,2025-09-26,图文,曝光
19840,1557,2025-08-24,直播,曝光
19841,205,2025-07-23,短视频,加购
19842,1590,2025-08-15,短视频,曝光
19843,1412,2025-08-15,图文,加购
19844,327,2025-09-28,直播,分享
19845,376,2025-07-28,短视频,曝光
19846,514,2025-07-27,短视频,曝光
19847,1174,2025-08-07,直播,加购
19848,1568,2025-08-13,直播,曝光
19849,1761,2025-08-23,短视频,曝光
19850,295,2025-07-18,短视频,曝光
19851,1963,2025-09-13,直播,曝光
19852,248,2025-08-16,短视频,曝光
19853,1175,2025-08-13,直播,曝光
19854,1955,2025-08-14,图文,曝光
19855,833,2025-09-23,短视频,曝光
19856,1936,2025-09-09,短视频,点击
19857,1265,2025-08-22,直播,曝光
19858,674,2025-08-12,短视频,曝光
19859,1752,2025-07-22,图文,点击
19860,18,2025-07-14,直播,曝光
19861,1529,2025-09-25,短视频,曝光
19862,797,2025-09-26,直播,曝光
19863,1432,2025-07-26,短视频,曝光
19864,52,2025-07-25,短视频,曝光
19865,1811,2025-09-17,短视频,分享
19866,287,2025-07-23,直播,点击
19867,1213,2025-09-01,直播,分享
19868,449,2025-09-21,短视频,曝光
19869,1848,2025-09-24,图文,点击
19870,1679,2025-08-30,短视频,曝光
19871,1674,2025-07-11,图文,曝光
19872,751,2025-09-20,短视频,曝光
19873,364,2025-07-19,直播,点击
19874,17,2025-07-27,短视频,曝光
19875,406,2025-07-17,直播,加购
19876,1274,2025-07-05,短视频,曝光
19877,682,2025-07-18,直播,曝光
19878,142,2025-08-09,短视频,曝光
19879,1999,2025-07-02,直播,曝光
19880,1789,2025-07-23,直播,曝光
19881,876,2025-07-14,直播,曝光
19882,491,2025-09-06,图文,曝光
19883,891,2025-09-01,短视频,曝光
19884,476,2025-07-20,短视频,曝光
19885,146,2025-09-18,短视频,曝光
19886,795,2025-07-08,短视频,点击
19887,328,2025-07-15,直播,曝光
19888,215,2025-08-13,直播,分享
19889,1967,2025-09-22,直播,曝光
19890,47,2025-07-26,短视频,曝光
19891,1658,2025-09-27,短视频,点击
19892,1829,2025-07-24,直播,曝光
19893,865,2025-08-28,直播,曝光
19894,1728,2025-07-29,直播,曝光
19895,1015,2025-08-24,短视频,点击
19896,1833,2025-07-29,短视频,曝光
19897,1658,2025-07-23,短视频,曝光
19898,1354,2025-08-10,直播,点击
19899,1149,2025-07-31,短视频,曝光
19900,27,2025-08-23,短视频,曝光
19901,564,2025-08-15,短视频,曝光
19902,1947,2025-08-19,短视频,点击
19903,1843,2025-07-14,图文,点击
19904,1418,2025-08-24,短视频,点击
19905,989,2025-09-05,短视频,曝光
19906,831,2025-07-12,直播,曝光
19907,838,2025-07-19,图文,曝光
19908,1465,2025-07-06,图文,分享
19909,533,2025-07-21,短视频,曝光
19910,1135,2025-09-24,短视频,加购
19911,1254,2025-07-09,直播,曝光
19912,1344,2025-07-21,直播,曝光
19913,332,2025-07-13,短视频,加购
19914,1649,2025-09-15,直播,曝光
19915,867,2025-08-23,图文,曝光
19916,1873,2025-07-07,短视频,曝光
19917,888,2025-07-22,直播,分享
19918,1594,2025-09-01,直播,曝光
19919,223,2025-09-08,直播,曝光
19920,1792,2025-08-25,直播,曝光
19921,54,2025-08-22,图文,曝光
19922,1136,2025-08-12,短视频,点击
19923,1497,2025-09-16,图文,曝光
19924,677,2025-08-04,直播,点击
19925,1914,2025-09-27,图文,曝光
19926,1340,2025-09-18,直播,曝光
19927,1805,2025-09-24,直播,点击
19928,1113,2025-09-03,短视频,加购
19929,1414,2025-08-01,直播,分享
19930,113,2025-08-29,短视频,曝光
19931,132,2025-08-12,短视频,分享
19932,1152,2025-09-24,短视频,点击
19933,744,2025-09-22,图文,曝光
19934,835,2025-07-07,图文,曝光
19935,1229,2025-09-08,直播,曝光
19936,740,2025-09-07,短视频,加购
19937,1993,2025-08-26,短视频,曝光
19938,1449,2025-09-28,短视频,点击
19939,1209,2025-07-08,图文,点击
19940,1771,2025-09-28,短视频,曝光
19941,48,2025-07-01,直播,曝光
19942,395,2025-07-16,直播,点击
19943,1658,2025-08-29,短视频,分享
19944,1590,2025-09-13,直播,曝光
19945,1168,2025-09-22,短视频,分享
19946,340,2025-07-06,短视频,加购
19947,593,2025-09-14,短视频,点击
19948,1153,2025-09-02,直播,曝光
19949,169,2025-08-06,图文,加购
19950,1697,2025-08-28,短视频,曝光
19951,661,2025-08-06,直播,曝光
19952,1812,2025-08-11,短视频,曝光
19953,1069,2025-07-20,短视频,曝光
19954,617,2025-08-01,短视频,曝光
19955,83,2025-08-31,短视频,曝光
19956,1638,2025-07-23,直播,曝光
19957,1325,2025-09-12,图文,曝光
19958,1758,2025-08-02,短视频,点击
19959,436,2025-09-23,直播,曝光
19960,346,2025-07-10,短视频,曝光
19961,471,2025-08-02,直播,曝光
19962,770,2025-07-28,直播,曝光
19963,753,2025-08-22,图文,曝光
19964,1553,2025-08-16,直播,曝光
19965,1908,2025-07-06,短视频,曝光
19966,30,2025-08-17,直播,曝光
19967,1069,2025-08-19,图文,分享
19968,1252,2025-08-23,直播,曝光
19969,479,2025-08-19,直播,加购
19970,830,2025-09-05,直播,曝光
19971,1465,2025-09-05,短视频,曝光
19972,1036,2025-07-11,直播,曝光
19973,128,2025-08-28,直播,点击
19974,837,2025-09-17,短视频,点击
19975,652,2025-08-12,短视频,曝光
19976,391,2025-08-03,短视频,曝光
19977,208,2025-08-17,短视频,曝光
19978,697,2025-07-18,图文,曝光
19979,1722,2025-08-11,图文,曝光
19980,1723,2025-07-17,直播,曝光
19981,313,2025-08-03,短视频,曝光
19982,1222,2025-09-13,短视频,曝光
19983,1475,2025-09-23,短视频,曝光
19984,955,2025-08-13,短视频,曝光
19985,71,2025-09-24,直播,曝光
19986,1413,2025-07-24,图文,点击
19987,332,2025-07-24,短视频,曝光
19988,368,2025-09-24,短视频,加购
19989,569,2025-08-27,短视频,曝光
19990,167,2025-08-23,直播,分享
19991,1873,2025-08-03,短视频,分享
19992,1098,2025-08-28,图文,曝光
19993,1631,2025-09-25,直播,曝光
19994,24,2025-07-23,直播,点击
19995,379,2025-09-09,图文,曝光
19996,297,2025-08-06,直播,曝光
19997,144,2025-08-02,图文,曝光
19998,1435,2025-07-29,直播,曝光
19999,334,2025-09-18,短视频,曝光
20000,1804,2025-07-23,短视频,曝光
20001,1496,2025-08-09,图文,曝光
20002,571,2025-09-21,短视频,曝光
20003,540,2025-08-14,直播,点击
20004,766,2025-07-12,短视频,点击
20005,1080,2025-09-28,短视频,曝光
20006,1363,2025-07-09,短视频,曝光
20007,897,2025-09-21,直播,曝光
20008,1610,2025-08-04,图文,曝光
20009,1538,2025-08-29,短视频,曝光
20010,521,2025-08-30,短视频,曝光
20011,793,2025-07-25,图文,点击
20012,1653,2025-07-30,直播,曝光
20013,1452,2025-07-13,短视频,曝光
20014,1946,2025-07-19,图文,曝光
20015,194,2025-07-06,短视频,曝光
20016,176,2025-07-06,直播,曝光
20017,1011,2025-08-08,图文,曝光
20018,449,2025-09-15,短视频,曝光
20019,1481,2025-08-06,直播,曝光
20020,1453,2025-09-06,短视频,曝光
20021,890,2025-07-31,短视频,曝光
20022,74,2025-08-29,短视频,曝光
20023,703,2025-08-17,图文,曝光
20024,569,2025-09-06,短视频,点击
20025,792,2025-09-01,短视频,曝光
20026,1690,2025-09-16,短视频,曝光
20027,1479,2025-08-20,短视频,曝光
20028,1364,2025-07-25,直播,曝光
20029,30,2025-07-08,短视频,曝光
20030,1282,2025-09-11,图文,曝光
20031,1041,2025-07-19,直播,点击
20032,1224,2025-07-10,直播,分享
20033,815,2025-08-09,短视频,点击
20034,1004,2025-09-24,图文,曝光
20035,672,2025-07-30,短视频,曝光
20036,1534,2025-08-21,图文,点击
20037,801,2025-08-12,短视频,曝光
20038,1731,2025-09-09,直播,点击
20039,1851,2025-09-14,直播,曝光
20040,1592,2025-08-14,直播,曝光
20041,1051,2025-08-09,短视频,曝光
20042,966,2025-08-06,短视频,曝光
20043,1043,2025-09-04,短视频,曝光
20044,1558,2025-09-03,图文,分享
20045,1725,2025-07-24,短视频,曝光
20046,1511,2025-07-31,直播,点击
20047,1433,2025-09-05,短视频,点击
20048,912,2025-08-25,短视频,曝光
20049,512,2025-09-06,短视频,分享
20050,669,2025-07-01,图文,曝光
20051,1995,2025-09-20,直播,曝光
20052,821,2025-09-16,直播,曝光
20053,965,2025-09-21,直播,曝光
20054,987,2025-07-16,短视频,曝光
20055,703,2025-08-21,短视频,曝光
20056,294,2025-08-26,图文,点击
20057,439,2025-07-27,直播,点击
20058,437,2025-09-17,直播,曝光
20059,398,2025-07-06,直播,点击
20060,204,2025-09-01,短视频,曝光
20061,1869,2025-08-22,短视频,点击
20062,145,2025-08-13,短视频,曝光
20063,236,2025-09-09,直播,曝光
20064,1133,2025-08-16,短视频,曝光
20065,1839,2025-07-07,短视频,点击
20066,1397,2025-08-10,短视频,曝光
20067,263,2025-09-24,图文,曝光
20068,1228,2025-07-04,短视频,曝光
20069,1188,2025-07-06,短视频,曝光
20070,1454,2025-09-10,短视频,曝光
20071,583,2025-07-11,短视频,曝光
20072,814,2025-09-26,图文,曝光
20073,1934,2025-08-19,短视频,曝光
20074,1599,2025-09-05,短视频,曝光
20075,515,2025-09-03,图文,曝光
20076,1496,2025-09-21,短视频,加购
20077,1720,2025-09-30,直播,曝光
20078,1423,2025-09-19,直播,曝光
20079,1255,2025-09-01,短视频,曝光
20080,1533,2025-08-02,短视频,点击
20081,1078,2025-07-30,短视频,曝光
20082,463,2025-08-03,短视频,点击
20083,974,2025-09-28,直播,曝光
20084,1139,2025-08-12,短视频,曝光
20085,1523,2025-07-04,短视频,曝光
20086,1550,2025-07-09,图文,曝光
20087,263,2025-08-21,短视频,加购
20088,198,2025-07-05,短视频,曝光
20089,318,2025-09-01,短视频,曝光
20090,495,2025-07-01,直播,曝光
20091,555,2025-08-31,短视频,加购
20092,982,2025-08-18,短视频,曝光
20093,1429,2025-08-31,图文,曝光
20094,829,2025-08-19,直播,曝光
20095,902,2025-08-06,短视频,加购
20096,1829,2025-07-08,直播,分享
20097,1505,2025-08-24,短视频,曝光
20098,1502,2025-07-17,直播,曝光
20099,1501,2025-09-20,短视频,点击
20100,82,2025-09-07,短视频,曝光
20101,1467,2025-09-26,短视频,加购
20102,931,2025-08-18,短视频,曝光
20103,1261,2025-09-23,图文,点击
20104,1526,2025-09-10,短视频,曝光
20105,102,2025-09-15,短视频,点击
20106,1339,2025-07-19,图文,曝光
20107,1767,2025-09-10,短视频,曝光
20108,1076,2025-08-22,短视频,加购
20109,1315,2025-09-11,短视频,曝光
20110,171,2025-07-23,短视频,曝光
20111,1509,2025-07-24,短视频,点击
20112,1831,2025-09-27,短视频,点击
20113,708,2025-08-07,图文,加购
20114,831,2025-09-24,直播,曝光
20115,1036,2025-07-21,直播,曝光
20116,291,2025-07-30,图文,曝光
20117,182,2025-08-08,短视频,曝光
20118,169,2025-07-15,直播,曝光
20119,318,2025-08-08,直播,曝光
20120,1570,2025-07-14,短视频,曝光
20121,1260,2025-07-14,短视频,点击
20122,1226,2025-07-17,短视频,曝光
20123,151,2025-08-02,短视频,曝光
20124,504,2025-08-28,短视频,点击
20125,1872,2025-08-04,直播,曝光
20126,1067,2025-07-17,图文,曝光
20127,162,2025-09-26,直播,曝光
20128,1893,2025-07-17,图文,曝光
20129,1132,2025-08-28,图文,曝光
20130,987,2025-08-07,短视频,曝光
20131,1194,2025-07-06,直播,点击
20132,782,2025-09-12,直播,曝光
20133,1370,2025-07-10,短视频,加购
20134,616,2025-07-13,直播,曝光
20135,709,2025-07-05,直播,曝光
20136,365,2025-07-15,短视频,曝光
20137,392,2025-07-29,短视频,曝光
20138,1821,2025-07-07,直播,曝光
20139,403,2025-07-17,短视频,曝光
20140,344,2025-07-06,短视频,曝光
20141,952,2025-07-21,短视频,曝光
20142,110,2025-07-16,短视频,加购
20143,821,2025-07-26,短视频,点击
20144,286,2025-09-12,图文,点击
20145,516,2025-07-11,图文,曝光
20146,365,2025-09-29,短视频,曝光
20147,1733,2025-08-17,图文,加购
20148,850,2025-07-19,短视频,曝光
20149,4,2025-07-15,短视频,曝光
20150,1820,2025-07-17,直播,加购
20151,1997,2025-09-09,短视频,加购
20152,270,2025-07-16,直播,曝光
20153,200,2025-08-20,短视频,曝光
20154,293,2025-07-05,直播,曝光
20155,542,2025-08-10,短视频,曝光
20156,875,2025-09-16,短视频,曝光
20157,1587,2025-09-12,图文,点击
20158,1808,2025-08-16,图文,曝光
20159,1717,2025-07-24,短视频,点击
20160,1855,2025-07-31,短视频,曝光
20161,110,2025-07-31,直播,分享
20162,1902,2025-07-20,直播,曝光
20163,1310,2025-08-30,短视频,曝光
20164,254,2025-07-17,短视频,曝光
20165,1987,2025-09-27,短视频,加购
20166,1412,2025-07-11,短视频,曝光
20167,1505,2025-08-27,短视频,曝光
20168,1295,2025-08-31,直播,曝光
20169,1567,2025-08-30,直播,加购
20170,61,2025-08-30,直播,曝光
20171,1114,2025-08-11,直播,曝光
20172,1345,2025-07-12,短视频,曝光
20173,1726,2025-08-26,短视频,曝光
20174,1394,2025-07-20,直播,加购
20175,497,2025-07-19,短视频,曝光
20176,1314,2025-09-14,直播,曝光
20177,494,2025-07-13,短视频,加购
20178,432,2025-08-19,短视频,曝光
20179,1236,2025-08-03,短视频,曝光
20180,665,2025-07-17,直播,曝光
20181,665,2025-09-26,短视频,加购
20182,1108,2025-08-29,短视频,曝光
20183,389,2025-08-14,图文,点击
20184,277,2025-09-16,直播,曝光
20185,874,2025-08-01,短视频,点击
20186,318,2025-07-31,直播,曝光
20187,1472,2025-07-04,短视频,曝光
20188,1398,2025-09-09,图文,曝光
20189,1888,2025-09-27,短视频,曝光
20190,332,2025-09-16,短视频,曝光
20191,1496,2025-07-02,短视频,曝光
20192,34,2025-08-01,短视频,分享
20193,1237,2025-09-27,图文,加购
20194,371,2025-09-24,短视频,曝光
20195,1445,2025-07-20,短视频,点击
20196,152,2025-08-07,直播,曝光
20197,84,2025-08-20,短视频,曝光
20198,565,2025-07-10,直播,曝光
20199,701,2025-08-05,短视频,曝光
20200,1521,2025-09-08,直播,加购
20201,384,2025-09-08,图文,曝光
20202,1573,2025-07-16,短视频,曝光
20203,990,2025-08-18,短视频,曝光
20204,143,2025-07-19,直播,曝光
20205,1907,2025-09-07,图文,曝光
20206,1141,2025-08-30,图文,曝光
20207,1702,2025-09-02,图文,点击
20208,177,2025-08-16,图文,曝光
20209,904,2025-08-04,短视频,曝光
20210,375,2025-07-08,图文,曝光
20211,1031,2025-09-08,短视频,曝光
20212,1569,2025-09-12,直播,曝光
20213,1699,2025-08-09,直播,加购
20214,1945,2025-07-02,直播,点击
20215,525,2025-08-20,短视频,曝光
20216,544,2025-07-18,直播,曝光
20217,1534,2025-09-24,短视频,曝光
20218,1554,2025-08-27,图文,曝光
20219,660,2025-09-29,直播,曝光
20220,685,2025-09-09,短视频,点击
20221,391,2025-09-19,短视频,曝光
20222,1570,2025-08-11,图文,点击
20223,223,2025-09-25,直播,曝光
20224,1141,2025-08-11,直播,加购
20225,772,2025-08-06,直播,曝光
20226,1093,2025-09-25,图文,曝光
20227,1848,2025-08-02,短视频,加购
20228,1618,2025-07-28,图文,点击
20229,1809,2025-08-17,短视频,曝光
20230,1393,2025-08-20,直播,曝光
20231,857,2025-08-19,直播,曝光
20232,1942,2025-08-29,图文,加购
20233,1122,2025-08-12,图文,曝光
20234,726,2025-09-24,图文,曝光
20235,1713,2025-09-21,直播,曝光
20236,1911,2025-09-09,直播,曝光
20237,956,2025-08-02,短视频,点击
20238,1656,2025-07-11,短视频,曝光
20239,986,2025-07-01,直播,分享
20240,988,2025-09-09,短视频,分享
20241,1058,2025-07-15,短视频,点击
20242,1002,2025-08-27,短视频,曝光
20243,1786,2025-08-10,图文,曝光
20244,1804,2025-09-10,短视频,曝光
20245,1586,2025-09-17,短视频,点击
20246,1175,2025-07-10,图文,曝光
20247,226,2025-08-14,直播,分享
20248,676,2025-09-23,短视频,曝光
20249,284,2025-08-05,短视频,点击
20250,83,2025-09-12,直播,加购
20251,1265,2025-09-07,直播,加购
20252,600,2025-09-16,短视频,曝光
20253,157,2025-07-07,直播,曝光
20254,435,2025-09-20,图文,点击
20255,133,2025-07-02,直播,曝光
20256,259,2025-07-09,短视频,曝光
20257,995,2025-07-17,直播,曝光
20258,1346,2025-09-12,短视频,曝光
20259,1577,2025-07-14,短视频,曝光
20260,792,2025-09-03,直播,点击
20261,1482,2025-07-27,图文,曝光
20262,190,2025-09-01,短视频,曝光
20263,258,2025-09-03,直播,曝光
20264,654,2025-08-05,直播,曝光
20265,1275,2025-09-27,直播,曝光
20266,281,2025-07-25,短视频,曝光
20267,3,2025-07-08,短视频,点击
20268,1198,2025-08-26,直播,曝光
20269,816,2025-07-06,图文,曝光
20270,854,2025-07-27,图文,曝光
20271,842,2025-08-17,图文,曝光
20272,1869,2025-09-23,图文,曝光
20273,231,2025-09-03,短视频,曝光
20274,1218,2025-08-25,短视频,曝光
20275,1533,2025-08-18,短视频,曝光
20276,1531,2025-08-03,直播,曝光
20277,171,2025-09-15,直播,点击
20278,671,2025-07-02,图文,曝光
20279,1921,2025-07-15,短视频,曝光
20280,1509,2025-07-15,短视频,分享
20281,1846,2025-08-27,短视频,加购
20282,1470,2025-07-27,短视频,曝光
20283,139,2025-07-07,短视频,曝光
20284,1982,2025-07-15,短视频,分享
20285,1671,2025-08-30,短视频,曝光
20286,1323,2025-08-20,直播,曝光
20287,2,2025-08-19,短视频,曝光
20288,1833,2025-09-05,短视频,曝光
20289,1782,2025-08-17,短视频,曝光
20290,1734,2025-09-20,图文,曝光
20291,598,2025-08-22,图文,曝光
20292,1838,2025-08-29,短视频,曝光
20293,17,2025-07-30,短视频,加购
20294,1147,2025-08-23,直播,加购
20295,1538,2025-07-17,图文,曝光
20296,448,2025-07-23,直播,加购
20297,1936,2025-09-27,直播,曝光
20298,1171,2025-09-19,直播,点击
20299,327,2025-08-07,直播,曝光
20300,1844,2025-07-30,图文,曝光
20301,253,2025-08-26,直播,曝光
20302,1947,2025-09-03,短视频,曝光
20303,1959,2025-07-04,图文,点击
20304,1893,2025-09-07,短视频,曝光
20305,645,2025-07-04,短视频,分享
20306,883,2025-07-05,直播,点击
20307,1516,2025-08-13,图文,曝光
20308,1609,2025-08-29,直播,曝光
20309,418,2025-08-01,短视频,点击
20310,978,2025-09-24,直播,曝光
20311,769,2025-08-07,直播,曝光
20312,1384,2025-09-02,短视频,曝光
20313,1546,2025-08-17,短视频,分享
20314,864,2025-08-13,图文,曝光
20315,1784,2025-07-27,短视频,曝光
20316,606,2025-08-07,短视频,曝光
20317,1513,2025-08-04,直播,曝光
20318,884,2025-07-14,短视频,曝光
20319,212,2025-09-07,图文,曝光
20320,614,2025-07-21,图文,点击
20321,1676,2025-07-01,短视频,点击
20322,847,2025-09-20,短视频,曝光
20323,1577,2025-09-03,图文,分享
20324,1356,2025-08-05,直播,曝光
20325,827,2025-09-07,直播,曝光
20326,402,2025-07-15,直播,曝光
20327,1446,2025-08-03,图文,曝光
20328,1354,2025-08-06,短视频,点击
20329,628,2025-08-13,短视频,分享
20330,148,2025-08-10,短视频,曝光
20331,780,2025-08-09,短视频,曝光
20332,4,2025-08-01,短视频,曝光
20333,1546,2025-08-06,直播,曝光
20334,467,2025-07-02,短视频,曝光
20335,788,2025-07-02,短视频,曝光
20336,405,2025-08-03,图文,曝光
20337,1829,2025-09-01,直播,点击
20338,1667,2025-09-21,短视频,曝光
20339,1870,2025-09-22,图文,曝光
20340,1513,2025-07-26,短视频,曝光
20341,247,2025-08-20,短视频,曝光
20342,1333,2025-08-03,直播,点击
20343,913,2025-07-06,图文,曝光
20344,1413,2025-09-04,直播,曝光
20345,1385,2025-07-05,图文,曝光
20346,1326,2025-07-15,图文,曝光
20347,1255,2025-09-18,图文,点击
20348,1653,2025-09-16,直播,点击
20349,1741,2025-08-24,短视频,曝光
20350,1068,2025-08-20,短视频,加购
20351,3,2025-09-06,直播,曝光
20352,36,2025-08-19,短视频,曝光
20353,69,2025-09-07,直播,点击
20354,1727,2025-07-12,直播,曝光
20355,912,2025-09-29,图文,曝光
20356,941,2025-07-07,短视频,曝光
20357,567,2025-09-06,直播,点击
20358,1857,2025-09-17,图文,点击
20359,480,2025-07-03,图文,点击
20360,1787,2025-07-21,短视频,曝光
20361,1341,2025-07-26,图文,曝光
20362,799,2025-08-10,图文,曝光
20363,1324,2025-07-16,短视频,曝光
20364,1867,2025-08-16,图文,点击
20365,132,2025-09-27,短视频,曝光
20366,118,2025-07-03,直播,曝光
20367,344,2025-09-20,短视频,曝光
20368,1325,2025-09-03,短视频,曝光
20369,1049,2025-08-10,短视频,曝光
20370,1363,2025-08-19,短视频,加购
20371,809,2025-07-15,直播,点击
20372,1681,2025-09-22,短视频,曝光
20373,938,2025-07-05,短视频,曝光
20374,943,2025-07-13,直播,分享
20375,963,2025-09-03,直播,曝光
20376,482,2025-07-16,短视频,曝光
20377,1951,2025-07-08,短视频,曝光
20378,89,2025-07-24,短视频,点击
20379,52,2025-08-22,短视频,曝光
20380,935,2025-07-29,图文,曝光
20381,1379,2025-09-16,直播,点击
20382,907,2025-09-25,短视频,点击
20383,1583,2025-08-08,图文,点击
20384,713,2025-08-22,图文,曝光
20385,464,2025-08-25,图文,曝光
20386,1273,2025-07-25,直播,曝光
20387,489,2025-08-14,直播,曝光
20388,1063,2025-07-20,短视频,曝光
20389,1274,2025-09-27,短视频,曝光
20390,232,2025-08-18,直播,曝光
20391,457,2025-08-08,直播,曝光
20392,97,2025-07-19,短视频,曝光
20393,424,2025-07-14,短视频,曝光
20394,1782,2025-07-08,短视频,曝光
20395,25,2025-07-28,直播,曝光
20396,1485,2025-08-27,直播,曝光
20397,354,2025-09-25,直播,曝光
20398,927,2025-08-31,短视频,曝光
20399,16,2025-07-15,直播,加购
20400,993,2025-07-07,短视频,点击
20401,1866,2025-08-17,短视频,点击
20402,229,2025-08-16,短视频,曝光
20403,623,2025-07-07,短视频,曝光
20404,528,2025-08-22,短视频,曝光
20405,1407,2025-07-10,短视频,曝光
20406,1650,2025-08-28,图文,点击
20407,542,2025-09-29,短视频,曝光
20408,253,2025-07-01,图文,点击
20409,1779,2025-07-26,直播,曝光
20410,209,2025-09-12,短视频,分享
20411,1717,2025-09-06,短视频,曝光
20412,1117,2025-08-18,直播,点击
20413,1564,2025-09-24,短视频,曝光
20414,1681,2025-08-07,短视频,曝光
20415,1384,2025-08-31,短视频,点击
20416,759,2025-08-10,直播,曝光
20417,648,2025-09-28,短视频,曝光
20418,1292,2025-08-11,直播,曝光
20419,1032,2025-07-11,短视频,曝光
20420,1805,2025-09-17,直播,点击
20421,1528,2025-08-07,短视频,曝光
20422,1783,2025-09-02,直播,曝光
20423,796,2025-08-07,图文,曝光
20424,936,2025-07-27,直播,曝光
20425,1764,2025-07-23,直播,分享
20426,592,2025-07-02,短视频,曝光
20427,1651,2025-07-09,直播,曝光
20428,1147,2025-08-04,直播,加购
20429,835,2025-09-10,短视频,点击
20430,1849,2025-07-18,图文,点击
20431,532,2025-09-03,直播,曝光
20432,1362,2025-08-25,图文,曝光
20433,712,2025-09-02,短视频,加购
20434,1911,2025-08-28,短视频,曝光
20435,1094,2025-09-17,短视频,曝光
20436,1159,2025-07-30,短视频,曝光
20437,634,2025-08-31,短视频,曝光
20438,43,2025-09-18,直播,曝光
20439,1984,2025-08-30,短视频,加购
20440,896,2025-09-29,短视频,曝光
20441,1322,2025-09-14,图文,曝光
20442,1807,2025-08-13,图文,曝光
20443,708,2025-09-10,直播,点击
20444,68,2025-08-13,短视频,分享
20445,1562,2025-09-22,短视频,曝光
20446,1236,2025-07-08,直播,曝光
20447,1288,2025-09-30,直播,点击
20448,756,2025-09-19,直播,曝光
20449,1817,2025-07-28,图文,曝光
20450,808,2025-07-14,短视频,曝光
20451,70,2025-08-23,图文,曝光
20452,1136,2025-08-27,直播,分享
20453,1555,2025-08-04,直播,曝光
20454,824,2025-08-29,直播,点击
20455,911,2025-08-19,短视频,曝光
20456,1841,2025-08-01,图文,曝光
20457,1176,2025-08-14,短视频,曝光
20458,608,2025-07-10,短视频,曝光
20459,723,2025-08-20,图文,曝光
20460,1519,2025-08-30,短视频,点击
20461,1494,2025-09-27,图文,曝光
20462,185,2025-08-01,图文,点击
20463,1548,2025-07-09,直播,曝光
20464,666,2025-07-15,图文,加购
20465,268,2025-09-19,图文,点击
20466,316,2025-09-23,直播,点击
20467,1765,2025-09-11,直播,曝光
20468,440,2025-08-14,直播,曝光
20469,1028,2025-09-29,短视频,分享
20470,1129,2025-09-03,直播,曝光
20471,998,2025-07-21,短视频,曝光
20472,685,2025-07-28,图文,点击
20473,51,2025-09-25,直播,曝光
20474,98,2025-07-14,短视频,曝光
20475,963,2025-09-05,图文,曝光
20476,1727,2025-07-04,图文,曝光
20477,1686,2025-09-03,直播,曝光
20478,1351,2025-08-01,短视频,曝光
20479,566,2025-07-02,图文,曝光
20480,1911,2025-07-05,图文,曝光
20481,766,2025-07-18,短视频,曝光
20482,1601,2025-09-30,短视频,曝光
20483,273,2025-09-28,图文,分享
20484,1119,2025-07-22,图文,曝光
20485,438,2025-07-28,图文,曝光
20486,921,2025-07-12,直播,曝光
20487,1564,2025-08-16,短视频,曝光
20488,1894,2025-09-14,直播,曝光
20489,136,2025-08-19,短视频,曝光
20490,848,2025-09-12,直播,曝光
20491,145,2025-09-28,短视频,曝光
20492,1090,2025-09-30,图文,曝光
20493,1991,2025-07-31,直播,点击
20494,668,2025-07-23,短视频,曝光
20495,763,2025-08-14,短视频,曝光
20496,562,2025-07-05,直播,分享
20497,1695,2025-08-11,图文,曝光
20498,1692,2025-09-05,图文,曝光
20499,1620,2025-07-18,图文,曝光
20500,495,2025-09-13,短视频,点击
20501,433,2025-09-17,直播,曝光
20502,289,2025-08-02,直播,曝光
20503,379,2025-07-29,短视频,曝光
20504,1457,2025-09-25,短视频,曝光
20505,1096,2025-09-14,直播,加购
20506,1683,2025-09-10,图文,曝光
20507,1316,2025-08-01,短视频,曝光
20508,1856,2025-08-07,直播,曝光
20509,105,2025-09-02,短视频,曝光
20510,1335,2025-09-05,短视频,点击
20511,237,2025-07-23,短视频,曝光
20512,697,2025-07-01,图文,分享
20513,909,2025-07-06,短视频,曝光
20514,1022,2025-08-01,直播,曝光
20515,422,2025-08-12,短视频,点击
20516,373,2025-07-16,短视频,曝光
20517,297,2025-07-03,直播,曝光
20518,425,2025-07-29,短视频,曝光
20519,1382,2025-09-19,短视频,点击
20520,1793,2025-07-20,直播,曝光
20521,683,2025-08-30,短视频,分享
20522,1698,2025-09-04,短视频,分享
20523,1631,2025-08-27,直播,曝光
20524,558,2025-09-15,直播,曝光
20525,386,2025-07-27,图文,加购
20526,761,2025-07-17,短视频,曝光
20527,234,2025-07-16,直播,曝光
20528,1918,2025-08-08,短视频,曝光
20529,1624,2025-08-18,短视频,曝光
20530,784,2025-08-25,图文,曝光
20531,1020,2025-09-20,图文,分享
20532,655,2025-07-14,短视频,曝光
20533,6,2025-08-26,短视频,曝光
20534,402,2025-08-03,直播,曝光
20535,98,2025-09-02,直播,加购
20536,816,2025-07-18,图文,加购
20537,834,2025-07-02,短视频,加购
20538,728,2025-08-21,直播,曝光
20539,1374,2025-07-28,短视频,曝光
20540,1470,2025-09-21,图文,曝光
20541,1104,2025-09-06,直播,曝光
20542,694,2025-08-12,直播,曝光
20543,698,2025-08-05,短视频,曝光
20544,917,2025-08-31,短视频,曝光
20545,1467,2025-08-12,短视频,加购
20546,643,2025-09-05,短视频,点击
20547,1427,2025-09-06,短视频,加购
20548,639,2025-09-30,短视频,曝光
20549,1089,2025-07-29,短视频,点击
20550,503,2025-08-27,短视频,曝光
20551,180,2025-08-15,直播,曝光
20552,997,2025-07-18,短视频,曝光
20553,1412,2025-07-22,短视频,分享
20554,859,2025-07-01,直播,曝光
20555,1557,2025-07-28,图文,曝光
20556,116,2025-07-13,短视频,曝光
20557,92,2025-07-17,短视频,曝光
20558,1862,2025-07-12,短视频,曝光
20559,1133,2025-07-01,短视频,曝光
20560,698,2025-08-18,短视频,点击
20561,1292,2025-09-24,短视频,曝光
20562,1516,2025-08-10,直播,点击
20563,1766,2025-08-16,直播,曝光
20564,1814,2025-08-26,短视频,点击
20565,706,2025-08-23,短视频,加购
20566,23,2025-07-08,短视频,曝光
20567,816,2025-08-10,短视频,曝光
20568,247,2025-09-14,短视频,曝光
20569,1033,2025-07-20,短视频,曝光
20570,382,2025-07-11,直播,曝光
20571,1342,2025-08-29,短视频,曝光
20572,1772,2025-09-01,短视频,曝光
20573,402,2025-09-05,短视频,曝光
20574,1092,2025-09-02,直播,曝光
20575,1915,2025-07-28,图文,曝光
20576,622,2025-08-22,短视频,加购
20577,1584,2025-09-17,直播,曝光
20578,89,2025-07-17,短视频,分享
20579,1271,2025-09-02,短视频,点击
20580,71,2025-08-26,短视频,曝光
20581,144,2025-07-26,直播,点击
20582,1156,2025-09-24,短视频,分享
20583,1745,2025-07-16,短视频,曝光
20584,1407,2025-09-13,图文,曝光
20585,826,2025-08-22,短视频,曝光
20586,772,2025-07-12,直播,加购
20587,943,2025-08-10,短视频,加购
20588,576,2025-07-31,直播,曝光
20589,33,2025-08-08,直播,加购
20590,1614,2025-09-11,短视频,分享
20591,1060,2025-08-29,短视频,曝光
20592,1732,2025-07-19,短视频,曝光
20593,1163,2025-09-07,图文,曝光
20594,767,2025-09-04,短视频,曝光
20595,123,2025-07-09,短视频,曝光
20596,1497,2025-09-23,短视频,曝光
20597,1213,2025-07-01,直播,分享
20598,1739,2025-07-27,直播,加购
20599,490,2025-07-27,直播,曝光
20600,762,2025-07-09,短视频,点击
20601,484,2025-08-30,短视频,曝光
20602,322,2025-08-12,图文,加购
20603,1783,2025-09-14,直播,曝光
20604,737,2025-07-29,图文,曝光
20605,11,2025-09-17,直播,曝光
20606,125,2025-08-16,直播,曝光
20607,680,2025-07-01,图文,点击
20608,72,2025-07-28,直播,点击
20609,1776,2025-08-03,直播,曝光
20610,1650,2025-08-16,短视频,曝光
20611,1813,2025-09-03,短视频,曝光
20612,1706,2025-07-15,短视频,点击
20613,99,2025-09-13,短视频,分享
20614,1295,2025-07-16,短视频,曝光
20615,1708,2025-09-30,短视频,曝光
20616,1714,2025-08-05,直播,点击
20617,920,2025-09-25,直播,曝光
20618,1871,2025-07-09,短视频,曝光
20619,336,2025-07-19,图文,曝光
20620,1373,2025-09-29,直播,曝光
20621,534,2025-07-16,短视频,分享
20622,1824,2025-07-30,短视频,曝光
20623,1793,2025-08-21,图文,曝光
20624,1840,2025-07-19,短视频,点击
20625,126,2025-08-02,短视频,曝光
20626,549,2025-09-03,短视频,曝光
20627,782,2025-08-14,短视频,曝光
20628,1900,2025-08-08,直播,曝光
20629,1329,2025-08-31,直播,点击
20630,1968,2025-09-27,短视频,曝光
20631,1734,2025-09-16,短视频,分享
20632,560,2025-07-05,图文,曝光
20633,379,2025-08-27,直播,曝光
20634,1255,2025-08-14,直播,曝光
20635,1567,2025-08-09,短视频,曝光
20636,441,2025-07-22,图文,分享
20637,1343,2025-07-25,直播,加购
20638,788,2025-09-03,短视频,曝光
20639,1563,2025-09-28,图文,分享
20640,1249,2025-08-20,短视频,曝光
20641,1393,2025-07-20,短视频,曝光
20642,75,2025-07-22,短视频,曝光
20643,1686,2025-07-18,图文,曝光
20644,1293,2025-08-18,短视频,曝光
20645,402,2025-09-04,直播,曝光
20646,973,2025-09-10,短视频,曝光
20647,559,2025-08-29,图文,曝光
20648,248,2025-09-28,短视频,加购
20649,952,2025-09-21,短视频,曝光
20650,1370,2025-07-21,直播,分享
20651,1571,2025-09-22,短视频,曝光
20652,1885,2025-07-05,短视频,点击
20653,1258,2025-09-07,图文,曝光
20654,5,2025-08-22,短视频,曝光
20655,797,2025-07-03,短视频,分享
20656,876,2025-07-29,短视频,曝光
20657,1964,2025-09-18,直播,分享
20658,253,2025-09-07,短视频,曝光
20659,1768,2025-08-22,图文,曝光
20660,415,2025-09-09,短视频,点击
20661,1338,2025-07-18,短视频,分享
20662,984,2025-07-18,图文,曝光
20663,1945,2025-08-26,短视频,曝光
20664,583,2025-08-11,直播,曝光
20665,952,2025-07-21,图文,点击
20666,1299,2025-07-03,短视频,曝光
20667,374,2025-08-10,直播,点击
20668,529,2025-09-05,直播,曝光
20669,1501,2025-08-05,短视频,曝光
20670,1553,2025-08-20,短视频,点击
20671,1349,2025-07-18,短视频,曝光
20672,367,2025-09-29,直播,曝光
20673,430,2025-09-13,短视频,曝光
20674,1815,2025-08-01,短视频,曝光
20675,1801,2025-08-14,短视频,加购
20676,801,2025-08-30,直播,点击
20677,1104,2025-07-14,图文,点击
20678,111,2025-08-22,直播,点击
20679,1312,2025-07-22,直播,曝光
20680,200,2025-08-21,短视频,分享
20681,172,2025-08-15,短视频,曝光
20682,1066,2025-08-09,短视频,曝光
20683,1700,2025-08-28,直播,加购
20684,1823,2025-08-04,直播,曝光
20685,860,2025-09-09,短视频,曝光
20686,1031,2025-07-22,直播,分享
20687,1089,2025-07-05,直播,曝光
20688,901,2025-09-02,直播,点击
20689,1443,2025-08-25,图文,曝光
20690,1546,2025-09-03,短视频,点击
20691,930,2025-08-05,直播,曝光
20692,454,2025-08-31,短视频,曝光
20693,1678,2025-07-05,短视频,曝光
20694,1354,2025-09-28,短视频,曝光
20695,816,2025-09-20,短视频,曝光
20696,437,2025-07-30,短视频,曝光
20697,816,2025-07-28,图文,曝光
20698,1691,2025-07-15,直播,曝光
20699,663,2025-09-28,直播,曝光
20700,1763,2025-07-06,直播,点击
20701,494,2025-09-14,图文,曝光
20702,390,2025-07-13,短视频,曝光
20703,131,2025-09-28,短视频,点击
20704,288,2025-07-25,直播,曝光
20705,522,2025-08-10,图文,曝光
20706,1447,2025-07-06,短视频,曝光
20707,1059,2025-07-28,直播,曝光
20708,1306,2025-09-25,短视频,曝光
20709,196,2025-08-24,图文,加购
20710,1244,2025-07-30,直播,曝光
20711,1300,2025-09-20,图文,点击
20712,1019,2025-09-24,短视频,分享
20713,1277,2025-08-07,短视频,曝光
20714,259,2025-08-04,直播,曝光
20715,991,2025-09-15,直播,曝光
20716,1439,2025-08-19,短视频,曝光
20717,277,2025-07-27,短视频,曝光
20718,325,2025-08-24,短视频,分享
20719,1498,2025-08-03,直播,曝光
20720,1086,2025-08-06,短视频,分享
20721,447,2025-08-30,短视频,曝光
20722,694,2025-08-02,直播,加购
20723,1762,2025-08-18,直播,曝光
20724,664,2025-08-31,直播,曝光
20725,718,2025-09-22,直播,点击
20726,1665,2025-09-21,短视频,点击
20727,408,2025-09-20,直播,点击
20728,913,2025-09-07,图文,加购
20729,624,2025-08-12,短视频,曝光
20730,987,2025-08-10,短视频,曝光
20731,528,2025-07-07,短视频,点击
20732,1793,2025-09-11,直播,点击
20733,274,2025-09-24,图文,曝光
20734,1117,2025-08-28,短视频,曝光
20735,1268,2025-09-24,直播,分享
20736,1603,2025-08-17,直播,曝光
20737,196,2025-07-11,短视频,曝光
20738,1726,2025-09-20,直播,曝光
20739,500,2025-08-07,短视频,曝光
20740,1391,2025-08-16,直播,点击
20741,106,2025-08-26,直播,加购
20742,289,2025-08-10,图文,曝光
20743,1062,2025-08-10,短视频,曝光
20744,239,2025-08-31,短视频,曝光
20745,894,2025-07-30,短视频,曝光
20746,869,2025-08-09,短视频,曝光
20747,949,2025-07-14,图文,曝光
20748,127,2025-07-27,直播,加购
20749,1466,2025-09-05,直播,点击
20750,602,2025-08-17,直播,曝光
20751,1433,2025-08-03,短视频,点击
20752,417,2025-09-25,短视频,曝光
20753,419,2025-07-19,短视频,点击
20754,78,2025-08-16,图文,曝光
20755,1710,2025-07-07,短视频,点击
20756,799,2025-09-30,短视频,曝光
20757,270,2025-09-16,图文,曝光
20758,499,2025-09-14,图文,曝光
20759,275,2025-07-25,直播,加购
20760,204,2025-08-14,短视频,点击
20761,146,2025-08-11,短视频,点击
20762,1461,2025-08-01,短视频,曝光
20763,1166,2025-07-03,图文,曝光
20764,1826,2025-08-29,图文,点击
20765,1950,2025-07-02,直播,曝光
20766,1242,2025-09-26,图文,曝光
20767,1078,2025-07-14,短视频,曝光
20768,1859,2025-08-08,短视频,点击
20769,1887,2025-07-28,直播,曝光
20770,333,2025-07-20,图文,曝光
20771,1197,2025-09-29,图文,曝光
20772,1537,2025-07-13,短视频,曝光
20773,1745,2025-09-12,图文,曝光
20774,818,2025-08-17,短视频,曝光
20775,1275,2025-09-01,短视频,曝光
20776,980,2025-08-10,短视频,点击
20777,1259,2025-07-01,短视频,加购
20778,1329,2025-08-17,短视频,曝光
20779,1167,2025-07-03,直播,点击
20780,1568,2025-08-14,图文,点击
20781,147,2025-08-23,图文,点击
20782,120,2025-08-22,短视频,点击
20783,1668,2025-09-04,短视频,点击
20784,777,2025-07-29,短视频,曝光
20785,771,2025-09-29,短视频,点击
20786,1530,2025-08-13,直播,曝光
20787,1095,2025-09-02,短视频,曝光
20788,1070,2025-08-09,短视频,曝光
20789,1869,2025-08-03,短视频,曝光
20790,684,2025-08-18,直播,曝光
20791,527,2025-09-15,图文,加购
20792,82,2025-08-11,直播,曝光
20793,1887,2025-07-07,短视频,曝光
20794,15,2025-08-29,短视频,曝光
20795,834,2025-08-02,图文,曝光
20796,851,2025-09-04,图文,点击
20797,1854,2025-09-15,图文,曝光
20798,968,2025-08-06,图文,曝光
20799,15,2025-09-24,直播,曝光
20800,459,2025-09-06,图文,加购
20801,1022,2025-08-31,图文,分享
20802,1600,2025-09-22,直播,曝光
20803,111,2025-09-19,短视频,曝光
20804,1447,2025-09-09,短视频,曝光
20805,348,2025-09-29,直播,曝光
20806,377,2025-09-10,直播,曝光
20807,284,2025-09-17,短视频,曝光
20808,376,2025-09-06,短视频,曝光
20809,1231,2025-08-12,短视频,曝光
20810,1730,2025-08-06,图文,点击
20811,137,2025-09-13,短视频,曝光
20812,1839,2025-09-26,图文,曝光
20813,443,2025-08-23,直播,曝光
20814,1970,2025-07-18,短视频,曝光
20815,1618,2025-09-13,短视频,曝光
20816,1373,2025-07-27,图文,曝光
20817,983,2025-09-06,直播,曝光
20818,1858,2025-07-20,图文,曝光
20819,950,2025-09-17,图文,曝光
20820,298,2025-08-14,图文,曝光
20821,661,2025-08-04,直播,加购
20822,312,2025-09-07,短视频,曝光
20823,526,2025-09-04,直播,曝光
20824,84,2025-07-24,直播,曝光
20825,940,2025-07-07,短视频,曝光
20826,1078,2025-09-27,直播,曝光
20827,1020,2025-09-28,短视频,曝光
20828,443,2025-08-30,直播,曝光
20829,532,2025-07-11,直播,曝光
20830,1138,2025-09-25,直播,点击
20831,652,2025-08-12,短视频,曝光
20832,16,2025-08-25,短视频,点击
20833,1440,2025-09-01,直播,曝光
20834,1058,2025-08-24,短视频,点击
20835,383,2025-07-22,图文,曝光
20836,1778,2025-09-27,图文,曝光
20837,513,2025-08-18,图文,曝光
20838,1452,2025-09-25,短视频,曝光
20839,92,2025-07-13,图文,曝光
20840,735,2025-09-02,短视频,曝光
20841,500,2025-07-17,直播,加购
20842,137,2025-07-11,图文,点击
20843,865,2025-09-19,短视频,曝光
20844,491,2025-07-11,直播,曝光
20845,501,2025-07-04,直播,曝光
20846,1007,2025-07-04,短视频,分享
20847,1750,2025-08-03,短视频,曝光
20848,515,2025-07-14,短视频,曝光
20849,313,2025-07-07,直播,曝光
20850,1553,2025-08-20,直播,曝光
20851,833,2025-07-20,图文,点击
20852,1871,2025-08-10,直播,曝光
20853,1419,2025-07-10,直播,曝光
20854,353,2025-09-02,短视频,曝光
20855,1535,2025-08-08,短视频,曝光
20856,12,2025-09-21,短视频,曝光
20857,914,2025-09-13,短视频,曝光
20858,169,2025-08-04,图文,曝光
20859,1547,2025-07-31,短视频,曝光
20860,1606,2025-09-18,直播,加购
20861,1879,2025-08-03,图文,曝光
20862,108,2025-09-21,短视频,曝光
20863,1695,2025-07-09,短视频,点击
20864,1493,2025-09-01,短视频,曝光
20865,1707,2025-08-11,直播,曝光
20866,811,2025-09-15,短视频,加购
20867,1306,2025-07-09,短视频,曝光
20868,853,2025-09-24,直播,点击
20869,1356,2025-09-30,短视频,加购
20870,1462,2025-08-12,短视频,曝光
20871,587,2025-08-30,短视频,加购
20872,641,2025-08-16,短视频,曝光
20873,1968,2025-08-26,直播,曝光
20874,1621,2025-08-17,短视频,加购
20875,108,2025-08-31,图文,曝光
20876,189,2025-08-12,短视频,曝光
20877,1587,2025-09-30,直播,点击
20878,1438,2025-09-26,图文,分享
20879,428,2025-09-12,短视频,分享
20880,1808,2025-07-09,短视频,曝光
20881,35,2025-07-22,直播,点击
20882,329,2025-08-03,直播,曝光
20883,1103,2025-07-12,图文,点击
20884,1110,2025-09-22,图文,加购
20885,429,2025-07-26,短视频,曝光
20886,1282,2025-09-10,短视频,曝光
20887,1679,2025-09-22,短视频,曝光
20888,266,2025-07-27,短视频,曝光
20889,1570,2025-09-05,短视频,加购
20890,1087,2025-08-31,短视频,曝光
20891,1803,2025-08-28,图文,曝光
20892,505,2025-07-01,直播,曝光
20893,1371,2025-08-20,短视频,曝光
20894,1508,2025-08-19,短视频,点击
20895,720,2025-07-01,短视频,曝光
20896,1137,2025-09-23,短视频,曝光
20897,1468,2025-09-08,短视频,曝光
20898,822,2025-08-26,短视频,曝光
20899,1322,2025-08-03,短视频,分享
20900,1486,2025-09-22,直播,曝光
20901,477,2025-08-09,直播,曝光
20902,1464,2025-07-07,短视频,曝光
20903,1186,2025-09-30,直播,曝光
20904,421,2025-08-19,直播,曝光
20905,1684,2025-08-24,短视频,曝光
20906,52,2025-09-01,短视频,曝光
20907,1216,2025-07-16,直播,曝光
20908,497,2025-07-04,短视频,曝光
20909,1419,2025-08-12,短视频,曝光
20910,1766,2025-09-18,短视频,点击
20911,1332,2025-09-30,短视频,曝光
20912,794,2025-07-24,图文,曝光
20913,1280,2025-09-29,短视频,加购
20914,403,2025-09-18,短视频,曝光
20915,170,2025-09-14,直播,曝光
20916,738,2025-07-26,短视频,曝光
20917,1228,2025-09-06,图文,曝光
20918,767,2025-09-29,图文,曝光
20919,224,2025-08-23,直播,点击
20920,909,2025-09-20,短视频,分享
20921,1741,2025-07-26,图文,曝光
20922,901,2025-09-17,短视频,曝光
20923,920,2025-07-17,短视频,曝光
20924,597,2025-09-02,直播,曝光
20925,954,2025-08-03,直播,曝光
20926,599,2025-08-06,短视频,加购
20927,1915,2025-09-06,直播,加购
20928,1600,2025-08-12,图文,曝光
20929,1404,2025-09-16,图文,加购
20930,1327,2025-08-24,短视频,曝光
20931,651,2025-08-17,短视频,加购
20932,1359,2025-07-25,图文,点击
20933,1923,2025-08-29,短视频,加购
20934,382,2025-07-24,图文,曝光
20935,1722,2025-09-07,短视频,曝光
20936,1984,2025-08-14,短视频,点击
20937,125,2025-08-18,短视频,曝光
20938,174,2025-08-18,短视频,曝光
20939,974,2025-07-04,图文,点击
20940,1366,2025-09-12,短视频,曝光
20941,1043,2025-09-30,图文,曝光
20942,1487,2025-09-07,直播,曝光
20943,1646,2025-07-17,短视频,曝光
20944,535,2025-08-27,直播,曝光
20945,1042,2025-07-15,直播,点击
20946,155,2025-08-30,短视频,点击
20947,237,2025-08-10,直播,曝光
20948,1475,2025-09-19,短视频,加购
20949,1794,2025-08-23,短视频,曝光
20950,1132,2025-07-06,直播,曝光
20951,1459,2025-09-19,短视频,点击
20952,1932,2025-08-22,短视频,点击
20953,156,2025-09-20,直播,曝光
20954,1456,2025-07-06,图文,加购
20955,1247,2025-07-22,直播,点击
20956,1860,2025-07-11,短视频,曝光
20957,603,2025-07-28,直播,曝光
20958,1269,2025-08-13,短视频,曝光
20959,1685,2025-08-30,直播,曝光
20960,997,2025-08-06,短视频,加购
20961,541,2025-08-14,直播,曝光
20962,1890,2025-09-06,图文,曝光
20963,314,2025-08-08,直播,曝光
20964,1638,2025-09-14,直播,曝光
20965,1677,2025-07-11,短视频,曝光
20966,71,2025-09-11,短视频,分享
20967,704,2025-09-12,短视频,点击
20968,1167,2025-08-23,短视频,分享
20969,204,2025-07-28,短视频,加购
20970,299,2025-07-01,短视频,点击
20971,662,2025-09-29,短视频,曝光
20972,1896,2025-07-03,图文,曝光
20973,856,2025-07-09,短视频,点击
20974,1352,2025-07-18,直播,曝光
20975,1212,2025-07-18,图文,点击
20976,903,2025-07-25,短视频,曝光
20977,172,2025-07-20,短视频,点击
20978,1920,2025-08-12,直播,曝光
20979,1075,2025-09-21,直播,曝光
20980,673,2025-08-04,图文,加购
20981,886,2025-07-13,直播,曝光
20982,889,2025-07-14,短视频,曝光
20983,1958,2025-09-17,短视频,曝光
20984,799,2025-07-09,直播,曝光
20985,1971,2025-09-26,短视频,曝光
20986,264,2025-07-02,短视频,曝光
20987,402,2025-07-04,图文,曝光
20988,300,2025-07-07,直播,曝光
20989,1894,2025-09-23,短视频,曝光
20990,1183,2025-07-01,短视频,曝光
20991,982,2025-09-20,图文,曝光
20992,140,2025-07-03,直播,点击
20993,333,2025-09-04,直播,曝光
20994,1863,2025-08-11,直播,曝光
20995,1928,2025-07-23,短视频,曝光
20996,656,2025-09-01,图文,点击
20997,1422,2025-09-04,短视频,曝光
20998,642,2025-08-08,直播,加购
20999,1928,2025-07-10,短视频,曝光
21000,280,2025-07-25,图文,曝光
21001,181,2025-07-02,直播,曝光
21002,702,2025-08-26,短视频,曝光
21003,357,2025-08-02,直播,曝光
21004,1383,2025-08-28,短视频,点击
21005,1835,2025-08-19,直播,加购
21006,1915,2025-09-04,短视频,曝光
21007,1965,2025-08-11,短视频,曝光
21008,386,2025-07-27,直播,加购
21009,104,2025-08-27,短视频,加购
21010,356,2025-09-26,直播,点击
21011,1517,2025-09-02,图文,曝光
21012,279,2025-07-16,短视频,曝光
21013,1368,2025-07-24,短视频,曝光
21014,1148,2025-09-27,直播,曝光
21015,1581,2025-09-04,短视频,曝光
21016,234,2025-08-28,短视频,曝光
21017,879,2025-09-05,短视频,曝光
21018,177,2025-07-26,图文,曝光
21019,45,2025-09-23,直播,曝光
21020,1488,2025-07-19,图文,曝光
21021,1105,2025-09-25,图文,曝光
21022,1587,2025-07-22,直播,加购
21023,158,2025-07-29,短视频,曝光
21024,630,2025-08-29,短视频,曝光
21025,274,2025-08-15,直播,分享
21026,1163,2025-09-27,直播,曝光
21027,1125,2025-09-17,短视频,曝光
21028,1485,2025-09-18,直播,点击
21029,179,2025-08-22,短视频,点击
21030,98,2025-09-29,直播,曝光
21031,1710,2025-09-05,短视频,点击
21032,1270,2025-07-30,直播,点击
21033,237,2025-08-25,直播,曝光
21034,573,2025-08-05,图文,点击
21035,818,2025-07-26,短视频,点击
21036,819,2025-09-07,短视频,点击
21037,1467,2025-08-07,短视频,点击
21038,713,2025-07-24,直播,曝光
21039,1194,2025-09-17,短视频,曝光
21040,1437,2025-08-01,图文,曝光
21041,204,2025-09-07,短视频,曝光
21042,938,2025-07-27,短视频,点击
21043,510,2025-08-05,短视频,曝光
21044,1521,2025-08-07,短视频,曝光
21045,263,2025-08-14,直播,分享
21046,631,2025-09-10,图文,加购
21047,1241,2025-08-02,直播,曝光
21048,1083,2025-07-01,图文,曝光
21049,79,2025-07-15,短视频,曝光
21050,1814,2025-07-03,短视频,曝光
21051,155,2025-09-22,图文,曝光
21052,877,2025-07-01,短视频,曝光
21053,121,2025-09-23,直播,加购
21054,1153,2025-08-28,图文,点击
21055,710,2025-07-01,直播,曝光
21056,1342,2025-08-03,短视频,曝光
21057,1255,2025-09-10,短视频,曝光
21058,1825,2025-08-13,图文,分享
21059,91,2025-09-13,短视频,点击
21060,1273,2025-08-12,短视频,曝光
21061,681,2025-08-03,短视频,曝光
21062,1225,2025-07-19,短视频,加购
21063,1924,2025-08-31,短视频,点击
21064,1668,2025-09-11,直播,曝光
21065,1947,2025-09-02,短视频,曝光
21066,1984,2025-07-18,直播,曝光
21067,1558,2025-08-02,图文,曝光
21068,1798,2025-09-01,短视频,曝光
21069,1373,2025-07-20,直播,点击
21070,250,2025-09-07,短视频,曝光
21071,1788,2025-09-23,短视频,曝光
21072,1353,2025-07-24,短视频,曝光
21073,1729,2025-08-03,直播,曝光
21074,658,2025-09-04,图文,曝光
21075,1173,2025-09-07,直播,加购
21076,829,2025-07-20,短视频,点击
21077,24,2025-08-14,图文,曝光
21078,1291,2025-08-18,短视频,点击
21079,607,2025-09-15,直播,加购
21080,291,2025-09-04,短视频,曝光
21081,422,2025-07-14,图文,点击
21082,1386,2025-07-14,图文,曝光
21083,1426,2025-09-22,直播,曝光
21084,588,2025-09-01,短视频,点击
21085,682,2025-09-18,短视频,加购
21086,1639,2025-07-13,短视频,曝光
21087,949,2025-08-18,短视频,曝光
21088,744,2025-07-07,直播,曝光
21089,1711,2025-08-13,短视频,点击
21090,100,2025-08-02,直播,曝光
21091,1358,2025-07-30,短视频,加购
21092,1198,2025-07-21,直播,曝光
21093,796,2025-07-12,直播,曝光
21094,1500,2025-07-14,短视频,曝光
21095,560,2025-08-19,直播,分享
21096,1234,2025-07-24,短视频,点击
21097,515,2025-07-28,短视频,曝光
21098,1558,2025-09-09,直播,曝光
21099,836,2025-08-07,短视频,加购
21100,1609,2025-09-18,短视频,曝光
21101,1162,2025-08-27,短视频,曝光
21102,85,2025-09-25,短视频,曝光
21103,1232,2025-09-03,短视频,点击
21104,4,2025-09-26,直播,曝光
21105,1467,2025-09-05,直播,加购
21106,449,2025-08-27,短视频,曝光
21107,1965,2025-08-04,短视频,曝光
21108,450,2025-09-02,图文,曝光
21109,908,2025-08-07,图文,曝光
21110,1126,2025-07-29,短视频,点击
21111,286,2025-07-03,图文,曝光
21112,459,2025-09-21,图文,曝光
21113,1945,2025-07-28,短视频,曝光
21114,730,2025-08-02,短视频,曝光
21115,1543,2025-09-11,短视频,曝光
21116,908,2025-09-06,短视频,曝光
21117,425,2025-08-31,直播,曝光
21118,1202,2025-09-11,直播,曝光
21119,278,2025-09-28,短视频,点击
21120,1994,2025-09-28,直播,曝光
21121,1352,2025-08-13,短视频,曝光
21122,1378,2025-07-03,短视频,曝光
21123,52,2025-07-12,短视频,曝光
21124,532,2025-07-24,短视频,分享
21125,774,2025-08-19,直播,分享
21126,702,2025-08-13,短视频,曝光
21127,228,2025-08-26,图文,曝光
21128,88,2025-09-12,图文,点击
21129,1192,2025-09-04,短视频,曝光
21130,840,2025-09-05,图文,曝光
21131,479,2025-09-17,直播,加购
21132,1179,2025-07-07,短视频,加购
21133,1982,2025-08-05,短视频,曝光
21134,1899,2025-09-17,直播,点击
21135,1756,2025-07-12,图文,曝光
21136,536,2025-08-07,短视频,曝光
21137,341,2025-09-11,图文,曝光
21138,488,2025-09-17,直播,点击
21139,621,2025-09-14,短视频,加购
21140,35,2025-09-20,短视频,点击
21141,628,2025-07-06,短视频,曝光
21142,1150,2025-09-23,直播,曝光
21143,500,2025-08-15,短视频,分享
21144,1992,2025-09-11,短视频,曝光
21145,1698,2025-07-25,短视频,曝光
21146,743,2025-09-08,图文,点击
21147,825,2025-07-13,短视频,点击
21148,996,2025-08-16,短视频,曝光
21149,664,2025-07-04,短视频,点击
21150,117,2025-08-21,直播,点击
21151,769,2025-09-30,短视频,曝光
21152,1143,2025-08-17,直播,曝光
21153,510,2025-07-04,短视频,曝光
21154,421,2025-08-17,图文,分享
21155,1042,2025-07-19,直播,曝光
21156,31,2025-07-20,图文,曝光
21157,1480,2025-08-23,短视频,曝光
21158,1368,2025-07-31,短视频,曝光
21159,1932,2025-08-05,直播,曝光
21160,296,2025-07-17,直播,点击
21161,1597,2025-08-28,图文,曝光
21162,203,2025-09-05,短视频,加购
21163,1539,2025-09-21,直播,点击
21164,457,2025-08-08,直播,曝光
21165,1644,2025-07-03,图文,曝光
21166,276,2025-07-23,图文,分享
21167,1623,2025-09-29,短视频,分享
21168,1246,2025-09-12,短视频,点击
21169,92,2025-08-19,直播,分享
21170,535,2025-09-21,直播,曝光
21171,952,2025-07-24,图文,曝光
21172,1342,2025-07-01,短视频,曝光
21173,1470,2025-08-30,直播,点击
21174,1092,2025-09-19,图文,曝光
21175,1383,2025-07-13,短视频,曝光
21176,708,2025-07-03,短视频,曝光
21177,654,2025-09-06,短视频,曝光
21178,387,2025-09-04,短视频,点击
21179,1334,2025-07-04,短视频,曝光
21180,1346,2025-09-19,直播,曝光
21181,1827,2025-09-28,直播,点击
21182,1049,2025-07-22,短视频,曝光
21183,1229,2025-09-16,短视频,曝光
21184,1442,2025-09-25,短视频,曝光
21185,1745,2025-08-11,直播,曝光
21186,1013,2025-09-05,短视频,分享
21187,1494,2025-08-13,短视频,曝光
21188,1605,2025-09-29,短视频,曝光
21189,1166,2025-07-09,短视频,曝光
21190,1100,2025-07-19,图文,点击
21191,1334,2025-07-22,短视频,分享
21192,1627,2025-07-12,短视频,曝光
21193,1115,2025-07-07,短视频,曝光
21194,1100,2025-08-30,图文,曝光
21195,436,2025-08-24,直播,点击
21196,1924,2025-08-17,直播,点击
21197,115,2025-09-07,直播,曝光
21198,1707,2025-09-13,直播,曝光
21199,767,2025-07-25,图文,加购
21200,509,2025-08-09,短视频,点击
21201,454,2025-08-29,短视频,曝光
21202,1457,2025-07-01,直播,曝光
21203,580,2025-08-16,直播,加购
21204,264,2025-08-14,图文,曝光
21205,922,2025-07-26,直播,加购
21206,1823,2025-08-31,直播,点击
21207,1738,2025-07-31,短视频,曝光
21208,692,2025-07-29,图文,曝光
21209,1293,2025-09-05,短视频,分享
21210,955,2025-08-16,直播,曝光
21211,797,2025-07-19,短视频,曝光
21212,42,2025-08-25,直播,曝光
21213,312,2025-07-31,短视频,曝光
21214,1736,2025-09-05,短视频,曝光
21215,1926,2025-08-14,短视频,曝光
21216,1897,2025-07-22,直播,曝光
21217,1912,2025-07-08,直播,曝光
21218,942,2025-07-25,直播,点击
21219,132,2025-08-30,短视频,点击
21220,376,2025-09-02,短视频,曝光
21221,1589,2025-09-15,图文,分享
21222,1388,2025-08-02,短视频,曝光
21223,1978,2025-09-23,短视频,曝光
21224,594,2025-09-08,短视频,点击
21225,798,2025-07-31,短视频,曝光
21226,1921,2025-07-25,图文,曝光
21227,1830,2025-08-22,图文,点击
21228,623,2025-09-08,短视频,点击
21229,1915,2025-08-13,短视频,曝光
21230,1152,2025-07-15,直播,曝光
21231,1986,2025-09-09,图文,曝光
21232,99,2025-08-11,直播,点击
21233,1152,2025-07-03,短视频,曝光
21234,1980,2025-07-18,短视频,曝光
21235,1925,2025-08-23,图文,曝光
21236,1153,2025-08-17,短视频,曝光
21237,85,2025-07-16,短视频,加购
21238,1951,2025-09-03,图文,曝光
21239,317,2025-08-28,直播,点击
21240,602,2025-08-18,直播,曝光
21241,1753,2025-07-07,短视频,曝光
21242,1055,2025-07-15,直播,加购
21243,516,2025-07-17,直播,点击
21244,37,2025-09-23,短视频,曝光
21245,365,2025-07-21,直播,点击
21246,1542,2025-07-01,图文,曝光
21247,1434,2025-07-27,图文,曝光
21248,334,2025-09-06,短视频,点击
21249,1803,2025-07-20,短视频,曝光
21250,851,2025-09-05,直播,曝光
21251,1399,2025-07-03,直播,曝光
21252,1341,2025-09-21,图文,点击
21253,231,2025-08-20,直播,曝光
21254,165,2025-09-18,直播,曝光
21255,1227,2025-09-05,直播,曝光
21256,1568,2025-07-14,短视频,曝光
21257,1878,2025-08-31,短视频,曝光
21258,1612,2025-09-26,直播,加购
21259,1173,2025-08-13,直播,曝光
21260,1063,2025-07-14,短视频,加购
21261,809,2025-08-20,短视频,曝光
21262,1210,2025-08-21,短视频,曝光
21263,1916,2025-09-10,短视频,曝光
21264,189,2025-07-15,短视频,分享
21265,957,2025-08-30,直播,点击
21266,898,2025-08-04,直播,点击
21267,609,2025-07-23,图文,曝光
21268,1683,2025-09-11,短视频,曝光
21269,1094,2025-08-20,图文,曝光
21270,179,2025-09-25,短视频,曝光
21271,1392,2025-07-22,直播,曝光
21272,1978,2025-07-30,短视频,曝光
21273,376,2025-09-23,短视频,加购
21274,972,2025-08-10,短视频,点击
21275,481,2025-08-06,短视频,曝光
21276,26,2025-09-12,短视频,曝光
21277,862,2025-07-10,短视频,曝光
21278,680,2025-08-24,图文,曝光
21279,1804,2025-08-02,图文,曝光
21280,1002,2025-09-21,短视频,曝光
21281,1262,2025-07-12,短视频,点击
21282,1918,2025-07-31,短视频,点击
21283,1060,2025-07-18,图文,曝光
21284,1411,2025-07-18,直播,曝光
21285,1051,2025-07-24,图文,曝光
21286,1163,2025-08-20,短视频,曝光
21287,418,2025-08-15,直播,曝光
21288,1934,2025-08-12,短视频,曝光
21289,613,2025-09-19,短视频,点击
21290,590,2025-09-20,直播,曝光
21291,676,2025-07-20,直播,曝光
21292,760,2025-07-09,图文,曝光
21293,705,2025-09-01,直播,曝光
21294,1537,2025-07-05,短视频,曝光
21295,1446,2025-08-25,直播,曝光
21296,1189,2025-07-17,短视频,曝光
21297,598,2025-07-16,直播,曝光
21298,438,2025-08-31,短视频,曝光
21299,1365,2025-09-10,短视频,点击
21300,1503,2025-07-30,短视频,曝光
21301,804,2025-08-02,直播,曝光
21302,535,2025-07-09,直播,曝光
21303,912,2025-09-21,短视频,曝光
21304,1118,2025-09-20,短视频,分享
21305,118,2025-07-15,短视频,曝光
21306,1713,2025-09-09,图文,曝光
21307,1436,2025-09-23,图文,曝光
21308,551,2025-09-20,短视频,加购
21309,1666,2025-08-09,图文,曝光
21310,1523,2025-07-11,短视频,曝光
21311,1013,2025-08-17,短视频,曝光
21312,1723,2025-07-29,直播,曝光
21313,409,2025-08-02,图文,曝光
21314,635,2025-08-27,短视频,曝光
21315,1993,2025-08-22,直播,曝光
21316,394,2025-07-08,短视频,点击
21317,1707,2025-08-27,短视频,曝光
21318,1732,2025-09-30,直播,曝光
21319,758,2025-07-18,短视频,曝光
21320,933,2025-09-30,直播,分享
21321,1876,2025-07-10,短视频,加购
21322,623,2025-08-17,直播,曝光
21323,742,2025-07-09,直播,曝光
21324,21,2025-09-30,短视频,曝光
21325,715,2025-09-11,短视频,点击
21326,389,2025-09-25,短视频,点击
21327,409,2025-07-04,短视频,曝光
21328,1026,2025-08-26,短视频,分享
21329,1542,2025-09-15,直播,点击
21330,1658,2025-07-08,短视频,曝光
21331,750,2025-09-24,图文,曝光
21332,1005,2025-07-12,图文,曝光
21333,154,2025-07-11,直播,曝光
21334,553,2025-07-28,图文,点击
21335,624,2025-09-23,图文,曝光
21336,1859,2025-09-14,直播,曝光
21337,1700,2025-08-09,短视频,曝光
21338,739,2025-08-19,图文,曝光
21339,345,2025-07-04,短视频,曝光
21340,326,2025-09-15,短视频,曝光
21341,1025,2025-07-05,直播,曝光
21342,1891,2025-09-04,短视频,曝光
21343,1198,2025-08-04,短视频,曝光
21344,793,2025-09-13,直播,曝光
21345,1657,2025-07-03,短视频,曝光
21346,965,2025-07-25,图文,点击
21347,436,2025-08-29,图文,曝光
21348,1660,2025-09-03,直播,曝光
21349,1824,2025-07-01,短视频,曝光
21350,576,2025-07-08,短视频,曝光
21351,1962,2025-08-03,直播,曝光
21352,1058,2025-09-02,短视频,点击
21353,483,2025-08-28,短视频,曝光
21354,1733,2025-08-14,短视频,曝光
21355,282,2025-08-24,直播,曝光
21356,513,2025-07-31,图文,曝光
21357,734,2025-08-22,图文,曝光
21358,1789,2025-09-03,短视频,加购
21359,1899,2025-07-20,短视频,曝光
21360,383,2025-07-01,直播,分享
21361,32,2025-07-27,短视频,曝光
21362,1709,2025-09-09,短视频,曝光
21363,1068,2025-09-16,直播,曝光
21364,787,2025-08-19,短视频,点击
21365,17,2025-09-17,短视频,曝光
21366,1097,2025-08-09,短视频,曝光
21367,269,2025-09-05,短视频,点击
21368,1103,2025-08-18,短视频,曝光
21369,305,2025-07-01,图文,曝光
21370,410,2025-07-25,图文,曝光
21371,252,2025-08-31,直播,加购
21372,346,2025-08-26,短视频,曝光
21373,1401,2025-09-06,短视频,曝光
21374,1423,2025-07-22,直播,曝光
21375,917,2025-07-17,短视频,曝光
21376,1651,2025-09-24,短视频,曝光
21377,1923,2025-08-03,直播,曝光
21378,274,2025-09-10,短视频,曝光
21379,461,2025-07-06,图文,点击
21380,1504,2025-09-20,短视频,曝光
21381,1179,2025-09-18,短视频,曝光
21382,654,2025-09-04,直播,曝光
21383,1162,2025-07-27,直播,点击
21384,1189,2025-07-08,直播,曝光
21385,1186,2025-07-20,短视频,曝光
21386,1070,2025-08-17,直播,曝光
21387,63,2025-09-26,直播,曝光
21388,1487,2025-09-03,图文,点击
21389,376,2025-08-13,短视频,曝光
21390,1084,2025-08-26,短视频,分享
21391,1068,2025-09-06,短视频,曝光
21392,187,2025-09-01,直播,点击
21393,576,2025-07-10,短视频,加购
21394,559,2025-08-19,图文,曝光
21395,403,2025-09-21,短视频,曝光
21396,796,2025-08-28,短视频,曝光
21397,586,2025-08-04,短视频,曝光
21398,1145,2025-08-21,短视频,曝光
21399,124,2025-09-05,图文,分享
21400,340,2025-07-08,直播,点击
21401,1031,2025-07-17,短视频,曝光
21402,675,2025-08-23,图文,加购
21403,831,2025-07-09,直播,曝光
21404,127,2025-08-12,直播,分享
21405,509,2025-09-08,短视频,曝光
21406,646,2025-08-16,图文,曝光
21407,45,2025-09-13,直播,曝光
21408,1025,2025-07-07,短视频,曝光
21409,101,2025-08-12,短视频,点击
21410,1873,2025-09-22,短视频,加购
21411,80,2025-08-25,短视频,加购
21412,356,2025-09-16,短视频,点击
21413,1043,2025-08-06,短视频,点击
21414,56,2025-07-05,图文,曝光
21415,1248,2025-07-29,直播,曝光
21416,755,2025-09-21,直播,加购
21417,39,2025-07-21,短视频,曝光
21418,1216,2025-09-16,短视频,曝光
21419,150,2025-08-28,短视频,点击
21420,1216,2025-09-10,图文,分享
21421,1331,2025-09-26,直播,曝光
21422,692,2025-09-24,短视频,曝光
21423,1215,2025-08-16,短视频,曝光
21424,76,2025-08-30,短视频,曝光
21425,1741,2025-07-11,短视频,曝光
21426,1838,2025-07-12,直播,点击
21427,340,2025-09-24,短视频,曝光
21428,1004,2025-07-15,短视频,点击
21429,831,2025-07-05,直播,点击
21430,1554,2025-07-07,短视频,分享
21431,430,2025-07-02,短视频,点击
21432,794,2025-08-08,图文,曝光
21433,747,2025-07-08,图文,曝光
21434,1663,2025-07-16,图文,点击
21435,1038,2025-09-20,短视频,曝光
21436,1570,2025-07-04,图文,点击
21437,151,2025-07-11,短视频,加购
21438,191,2025-08-17,短视频,点击
21439,1891,2025-07-20,短视频,曝光
21440,103,2025-07-29,短视频,曝光
21441,1340,2025-08-12,短视频,曝光
21442,300,2025-07-19,短视频,曝光
21443,1035,2025-09-06,短视频,曝光
21444,1646,2025-09-03,短视频,曝光
21445,950,2025-07-02,短视频,点击
21446,540,2025-08-22,短视频,曝光
21447,328,2025-07-31,图文,曝光
21448,792,2025-08-20,短视频,曝光
21449,1889,2025-08-30,图文,点击
21450,1157,2025-08-02,图文,曝光
21451,930,2025-08-26,直播,点击
21452,1304,2025-09-08,短视频,曝光
21453,1062,2025-09-12,短视频,曝光
21454,853,2025-07-15,图文,点击
21455,332,2025-08-20,图文,曝光
21456,899,2025-08-10,直播,曝光
21457,543,2025-09-21,图文,曝光
21458,657,2025-08-05,直播,分享
21459,606,2025-07-22,直播,加购
21460,189,2025-09-12,短视频,曝光
21461,1042,2025-08-06,短视频,曝光
21462,297,2025-07-18,短视频,曝光
21463,818,2025-08-19,直播,点击
21464,1780,2025-09-29,短视频,加购
21465,1690,2025-07-28,直播,曝光
21466,1950,2025-07-15,短视频,分享
21467,299,2025-08-13,短视频,曝光
21468,1651,2025-08-10,图文,曝光
21469,1629,2025-07-28,短视频,点击
21470,612,2025-08-25,短视频,曝光
21471,728,2025-07-02,直播,点击
21472,357,2025-08-08,短视频,分享
21473,1934,2025-07-13,短视频,分享
21474,1019,2025-09-19,短视频,曝光
21475,578,2025-08-20,图文,曝光
21476,190,2025-08-29,直播,曝光
21477,1001,2025-08-25,图文,点击
21478,1830,2025-09-01,短视频,加购
21479,764,2025-09-01,直播,曝光
21480,1537,2025-09-20,短视频,曝光
21481,676,2025-08-26,短视频,点击
21482,1948,2025-07-12,直播,曝光
21483,1271,2025-08-04,图文,点击
21484,1712,2025-08-11,图文,曝光
21485,1201,2025-09-22,图文,曝光
21486,818,2025-08-06,图文,加购
21487,94,2025-09-18,图文,曝光
21488,629,2025-09-08,短视频,加购
21489,453,2025-08-06,短视频,加购
21490,1669,2025-09-16,短视频,曝光
21491,1135,2025-08-13,短视频,曝光
21492,1176,2025-08-11,图文,曝光
21493,1951,2025-07-12,短视频,加购
21494,1758,2025-07-11,短视频,加购
21495,1344,2025-08-20,短视频,曝光
21496,651,2025-09-09,直播,点击
21497,218,2025-09-17,短视频,点击
21498,1093,2025-09-11,短视频,曝光
21499,1978,2025-08-11,短视频,加购
21500,925,2025-07-26,短视频,曝光
21501,1963,2025-08-07,短视频,曝光
21502,367,2025-07-16,直播,曝光
21503,124,2025-08-18,图文,曝光
21504,1083,2025-07-14,短视频,分享
21505,748,2025-09-08,图文,曝光
21506,167,2025-07-10,短视频,曝光
21507,1886,2025-08-07,图文,曝光
21508,750,2025-07-27,直播,曝光
21509,509,2025-08-27,图文,曝光
21510,1067,2025-09-04,短视频,点击
21511,1691,2025-08-05,短视频,曝光
21512,291,2025-07-27,短视频,加购
21513,732,2025-09-23,短视频,曝光
21514,1508,2025-09-16,直播,点击
21515,1334,2025-09-16,直播,点击
21516,382,2025-07-31,直播,曝光
21517,55,2025-07-04,图文,曝光
21518,1458,2025-09-03,短视频,曝光
21519,419,2025-07-20,短视频,曝光
21520,48,2025-07-20,短视频,点击
21521,1759,2025-09-12,直播,曝光
21522,1378,2025-07-11,短视频,曝光
21523,909,2025-09-15,短视频,点击
21524,801,2025-07-23,直播,曝光
21525,1743,2025-07-31,短视频,曝光
21526,1581,2025-08-27,图文,曝光
21527,1056,2025-09-02,图文,曝光
21528,1124,2025-08-31,图文,点击
21529,1073,2025-08-16,短视频,曝光
21530,761,2025-08-27,直播,分享
21531,1002,2025-08-04,短视频,曝光
21532,1328,2025-08-08,图文,曝光
21533,1294,2025-07-12,短视频,曝光
21534,776,2025-08-21,直播,点击
21535,1655,2025-08-01,短视频,曝光
21536,713,2025-09-25,直播,曝光
21537,1477,2025-09-27,直播,曝光
21538,852,2025-07-07,短视频,分享
21539,1887,2025-08-28,短视频,曝光
21540,1421,2025-07-08,短视频,曝光
21541,1434,2025-08-02,图文,曝光
21542,1230,2025-08-15,短视频,加购
21543,358,2025-07-27,短视频,曝光
21544,1834,2025-09-12,短视频,点击
21545,1409,2025-07-01,直播,曝光
21546,1,2025-09-19,直播,曝光
21547,600,2025-09-29,图文,点击
21548,322,2025-09-06,短视频,曝光
21549,270,2025-09-30,短视频,点击
21550,989,2025-07-21,短视频,加购
21551,1589,2025-08-26,直播,曝光
21552,1340,2025-09-08,图文,曝光
21553,1868,2025-08-01,短视频,点击
21554,180,2025-07-21,直播,曝光
21555,1252,2025-08-05,直播,点击
21556,589,2025-07-02,图文,曝光
21557,30,2025-08-18,直播,点击
21558,1978,2025-07-15,短视频,曝光
21559,255,2025-07-29,直播,曝光
21560,656,2025-09-28,短视频,曝光
21561,1034,2025-07-07,图文,点击
21562,761,2025-09-04,短视频,曝光
21563,308,2025-07-23,短视频,加购
21564,478,2025-07-14,直播,曝光
21565,1365,2025-08-20,直播,点击
21566,35,2025-07-29,短视频,曝光
21567,121,2025-09-01,直播,曝光
21568,571,2025-09-20,直播,曝光
21569,1952,2025-09-05,短视频,曝光
21570,323,2025-09-04,直播,分享
21571,1306,2025-08-28,短视频,加购
21572,763,2025-07-23,图文,点击
21573,1021,2025-08-11,图文,曝光
21574,465,2025-09-28,直播,分享
21575,1842,2025-08-18,直播,曝光
21576,808,2025-08-23,直播,曝光
21577,88,2025-08-27,图文,曝光
21578,539,2025-08-20,短视频,曝光
21579,643,2025-07-11,短视频,曝光
21580,1832,2025-08-23,短视频,曝光
21581,57,2025-07-15,短视频,曝光
21582,583,2025-09-06,短视频,点击
21583,360,2025-09-21,图文,曝光
21584,378,2025-07-25,短视频,曝光
21585,1972,2025-07-28,短视频,曝光
21586,1525,2025-07-03,直播,曝光
21587,1894,2025-07-30,短视频,点击
21588,1624,2025-08-29,短视频,曝光
21589,1720,2025-07-17,图文,曝光
21590,1127,2025-08-13,短视频,曝光
21591,1047,2025-09-13,短视频,曝光
21592,690,2025-09-13,直播,曝光
21593,143,2025-07-04,短视频,曝光
21594,1669,2025-09-24,短视频,曝光
21595,761,2025-09-16,直播,曝光
21596,1340,2025-08-26,短视频,点击
21597,1917,2025-09-12,图文,曝光
21598,763,2025-08-24,短视频,曝光
21599,278,2025-08-08,短视频,曝光
21600,784,2025-08-28,直播,曝光
21601,1907,2025-09-20,图文,曝光
21602,5,2025-07-08,短视频,曝光
21603,517,2025-09-06,直播,曝光
21604,116,2025-08-03,直播,曝光
21605,1539,2025-09-17,图文,曝光
21606,270,2025-08-30,短视频,曝光
21607,536,2025-07-10,图文,曝光
21608,495,2025-08-18,短视频,曝光
21609,86,2025-09-15,图文,曝光
21610,1853,2025-09-11,短视频,点击
21611,769,2025-09-02,直播,曝光
21612,1644,2025-07-11,短视频,点击
21613,1044,2025-09-30,短视频,曝光
21614,82,2025-08-28,短视频,点击
21615,370,2025-09-13,直播,点击
21616,30,2025-09-16,短视频,曝光
21617,493,2025-09-30,图文,点击
21618,1173,2025-08-31,短视频,加购
21619,250,2025-08-20,短视频,曝光
21620,753,2025-07-08,短视频,曝光
21621,59,2025-07-13,图文,曝光
21622,1604,2025-08-30,直播,点击
21623,705,2025-09-24,直播,点击
21624,1946,2025-09-17,图文,曝光
21625,654,2025-09-17,短视频,点击
21626,989,2025-07-14,短视频,点击
21627,1000,2025-08-11,短视频,曝光
21628,355,2025-08-26,短视频,加购
21629,1479,2025-08-26,短视频,曝光
21630,1786,2025-08-14,短视频,曝光
21631,1717,2025-09-25,图文,曝光
21632,845,2025-07-21,直播,曝光
21633,1533,2025-09-15,图文,曝光
21634,835,2025-08-10,直播,点击
21635,291,2025-08-29,直播,曝光
21636,1408,2025-08-08,直播,曝光
21637,815,2025-08-03,直播,曝光
21638,740,2025-08-22,短视频,加购
21639,149,2025-08-19,直播,加购
21640,470,2025-09-07,图文,曝光
21641,831,2025-07-07,直播,点击
21642,1484,2025-07-09,直播,曝光
21643,792,2025-08-05,图文,曝光
21644,372,2025-07-19,短视频,点击
21645,796,2025-09-04,短视频,曝光
21646,79,2025-08-29,直播,曝光
21647,922,2025-07-14,短视频,曝光
21648,996,2025-07-12,直播,曝光
21649,1407,2025-09-16,直播,曝光
21650,68,2025-08-30,短视频,曝光
21651,1265,2025-09-21,直播,点击
21652,1582,2025-08-30,短视频,点击
21653,1619,2025-08-07,短视频,曝光
21654,1955,2025-07-31,短视频,曝光
21655,1356,2025-09-15,短视频,分享
21656,1898,2025-09-29,图文,曝光
21657,684,2025-08-09,直播,曝光
21658,298,2025-08-13,短视频,点击
21659,1,2025-08-06,图文,曝光
21660,1864,2025-09-27,短视频,加购
21661,238,2025-07-12,直播,点击
21662,224,2025-07-17,直播,点击
21663,1469,2025-09-14,图文,曝光
21664,709,2025-09-25,直播,点击
21665,1028,2025-07-26,直播,点击
21666,169,2025-08-23,短视频,曝光
21667,849,2025-07-27,短视频,曝光
21668,1646,2025-09-30,短视频,曝光
21669,1149,2025-07-07,直播,曝光
21670,448,2025-08-25,图文,加购
21671,305,2025-08-24,短视频,曝光
21672,1330,2025-09-24,图文,曝光
21673,1403,2025-08-22,短视频,加购
21674,1526,2025-08-02,图文,曝光
21675,246,2025-08-15,短视频,点击
21676,762,2025-08-28,短视频,曝光
21677,126,2025-09-17,直播,加购
21678,1579,2025-07-03,图文,曝光
21679,506,2025-09-04,短视频,曝光
21680,652,2025-08-23,直播,曝光
21681,1133,2025-07-19,图文,加购
21682,297,2025-08-04,短视频,点击
21683,1544,2025-08-21,短视频,曝光
21684,920,2025-09-14,直播,分享
21685,1120,2025-09-16,短视频,曝光
21686,1421,2025-08-15,短视频,曝光
21687,1321,2025-09-03,直播,曝光
21688,80,2025-08-18,短视频,点击
21689,197,2025-09-01,短视频,点击
21690,1613,2025-09-29,图文,曝光
21691,1759,2025-07-09,短视频,曝光
21692,512,2025-09-20,短视频,点击
21693,44,2025-07-17,直播,曝光
21694,1363,2025-09-24,直播,点击
21695,1969,2025-08-08,直播,加购
21696,229,2025-07-16,图文,曝光
21697,182,2025-07-05,短视频,曝光
21698,779,2025-09-19,短视频,曝光
21699,1232,2025-09-05,短视频,曝光
21700,931,2025-08-09,短视频,点击
21701,939,2025-09-24,短视频,曝光
21702,937,2025-09-17,短视频,曝光
21703,1979,2025-07-17,短视频,分享
21704,547,2025-08-16,图文,曝光
21705,193,2025-08-29,短视频,点击
21706,1059,2025-08-31,短视频,曝光
21707,955,2025-08-16,短视频,点击
21708,555,2025-07-24,短视频,曝光
21709,1934,2025-07-22,短视频,点击
21710,334,2025-07-18,图文,加购
21711,271,2025-08-14,短视频,曝光
21712,267,2025-08-21,短视频,曝光
21713,1882,2025-09-25,短视频,点击
21714,1790,2025-07-14,直播,曝光
21715,1913,2025-08-13,直播,曝光
21716,262,2025-08-27,短视频,曝光
21717,49,2025-08-09,短视频,曝光
21718,791,2025-07-04,短视频,曝光
21719,953,2025-09-01,短视频,点击
21720,504,2025-07-19,短视频,曝光
21721,1232,2025-09-06,短视频,曝光
21722,1233,2025-07-26,短视频,曝光
21723,1348,2025-09-01,短视频,曝光
21724,692,2025-07-16,短视频,加购
21725,63,2025-08-26,短视频,曝光
21726,573,2025-07-11,短视频,曝光
21727,342,2025-07-28,短视频,加购
21728,1939,2025-09-09,图文,曝光
21729,1682,2025-07-25,短视频,曝光
21730,1994,2025-08-08,直播,曝光
21731,1508,2025-08-09,短视频,点击
21732,266,2025-07-24,图文,曝光
21733,908,2025-08-23,直播,曝光
21734,1386,2025-07-29,图文,点击
21735,133,2025-08-18,短视频,分享
21736,1780,2025-09-12,直播,点击
21737,1696,2025-09-08,短视频,分享
21738,1942,2025-07-21,短视频,曝光
21739,599,2025-09-02,图文,曝光
21740,597,2025-09-09,短视频,曝光
21741,1259,2025-08-21,直播,点击
21742,1569,2025-09-06,直播,分享
21743,542,2025-08-08,短视频,曝光
21744,656,2025-07-07,短视频,曝光
21745,696,2025-08-23,图文,曝光
21746,1244,2025-09-22,直播,点击
21747,216,2025-08-14,图文,曝光
21748,1026,2025-08-21,直播,曝光
21749,484,2025-08-31,短视频,曝光
21750,1415,2025-09-16,短视频,曝光
21751,1487,2025-08-15,短视频,点击
21752,1826,2025-07-30,图文,点击
21753,723,2025-08-27,短视频,点击
21754,226,2025-09-02,短视频,点击
21755,464,2025-08-31,图文,曝光
21756,446,2025-08-25,短视频,点击
21757,7,2025-09-30,直播,曝光
21758,1172,2025-07-25,直播,曝光
21759,1317,2025-07-30,短视频,曝光
21760,715,2025-09-17,短视频,曝光
21761,571,2025-07-17,图文,点击
21762,1116,2025-09-13,短视频,曝光
21763,306,2025-07-23,直播,曝光
21764,1566,2025-08-31,直播,曝光
21765,468,2025-09-17,短视频,加购
21766,1399,2025-09-18,直播,曝光
21767,1349,2025-08-25,直播,分享
21768,1534,2025-07-21,短视频,点击
21769,1072,2025-08-01,图文,点击
21770,323,2025-09-04,图文,曝光
21771,85,2025-08-28,直播,曝光
21772,61,2025-07-27,短视频,曝光
21773,278,2025-08-22,短视频,曝光
21774,1744,2025-09-25,图文,分享
21775,215,2025-07-06,短视频,曝光
21776,904,2025-08-21,短视频,点击
21777,975,2025-08-20,短视频,曝光
21778,1272,2025-09-17,图文,曝光
21779,245,2025-07-24,短视频,加购
21780,146,2025-07-17,短视频,点击
21781,1691,2025-08-10,直播,点击
21782,1416,2025-07-30,图文,分享
21783,1220,2025-09-20,直播,曝光
21784,204,2025-09-09,图文,曝光
21785,1411,2025-08-06,短视频,点击
21786,1575,2025-08-03,图文,曝光
21787,1691,2025-07-02,短视频,分享
21788,122,2025-07-09,短视频,曝光
21789,1128,2025-08-21,图文,曝光
21790,167,2025-08-30,短视频,曝光
21791,671,2025-09-12,短视频,分享
21792,687,2025-07-11,直播,曝光
21793,274,2025-07-15,直播,加购
21794,425,2025-08-21,短视频,曝光
21795,1869,2025-07-09,图文,点击
21796,1969,2025-09-15,直播,曝光
21797,1034,2025-08-10,图文,曝光
21798,903,2025-08-23,图文,点击
21799,1946,2025-09-10,直播,曝光
21800,938,2025-08-16,直播,曝光
21801,866,2025-07-07,短视频,曝光
21802,93,2025-07-22,直播,曝光
21803,284,2025-08-01,图文,曝光
21804,983,2025-07-15,短视频,加购
21805,630,2025-08-17,短视频,曝光
21806,128,2025-07-02,直播,点击
21807,1464,2025-07-14,短视频,曝光
21808,1257,2025-09-12,短视频,曝光
21809,121,2025-07-12,图文,曝光
21810,1964,2025-07-03,短视频,点击
21811,505,2025-08-11,直播,点击
21812,660,2025-09-18,短视频,曝光
21813,350,2025-07-23,短视频,曝光
21814,1617,2025-08-06,短视频,曝光
21815,1907,2025-09-09,图文,点击
21816,1932,2025-09-22,短视频,分享
21817,196,2025-07-28,短视频,曝光
21818,1936,2025-07-15,直播,曝光
21819,112,2025-07-23,图文,加购
21820,1492,2025-09-13,直播,曝光
21821,1311,2025-07-31,直播,曝光
21822,1740,2025-09-18,短视频,曝光
21823,1069,2025-08-15,直播,曝光
21824,703,2025-08-08,短视频,加购
21825,1321,2025-09-05,短视频,曝光
21826,1168,2025-09-29,直播,曝光
21827,366,2025-09-07,图文,曝光
21828,1326,2025-07-20,图文,曝光
21829,1376,2025-07-30,短视频,曝光
21830,435,2025-07-11,图文,曝光
21831,1271,2025-08-24,短视频,曝光
21832,627,2025-09-28,短视频,曝光
21833,1054,2025-07-29,直播,加购
21834,723,2025-07-24,直播,曝光
21835,1332,2025-09-24,短视频,曝光
21836,132,2025-07-03,直播,曝光
21837,387,2025-07-20,短视频,曝光
21838,914,2025-08-06,图文,曝光
21839,1348,2025-09-25,直播,曝光
21840,1567,2025-09-30,图文,曝光
21841,377,2025-09-21,直播,曝光
21842,1300,2025-09-16,图文,加购
21843,1975,2025-07-03,图文,曝光
21844,1251,2025-07-09,短视频,点击
21845,104,2025-09-21,短视频,曝光
21846,1212,2025-08-03,短视频,曝光
21847,759,2025-07-15,短视频,点击
21848,46,2025-08-19,短视频,加购
21849,825,2025-09-23,图文,曝光
21850,7,2025-09-12,直播,曝光
21851,235,2025-08-08,直播,曝光
21852,339,2025-07-18,短视频,曝光
21853,451,2025-09-09,图文,曝光
21854,1827,2025-07-09,短视频,曝光
21855,496,2025-07-11,直播,曝光
21856,1715,2025-09-06,图文,曝光
21857,329,2025-07-18,短视频,加购
21858,1154,2025-07-02,图文,点击
21859,664,2025-09-30,直播,曝光
21860,771,2025-08-17,直播,加购
21861,1041,2025-09-11,短视频,点击
21862,1928,2025-09-03,直播,点击
21863,1387,2025-09-14,图文,曝光
21864,132,2025-08-31,短视频,曝光
21865,1863,2025-09-04,短视频,曝光
21866,195,2025-08-16,短视频,曝光
21867,945,2025-07-15,图文,点击
21868,1243,2025-09-10,直播,分享
21869,1099,2025-08-14,直播,曝光
21870,1096,2025-08-24,短视频,曝光
21871,1414,2025-07-28,短视频,点击
21872,1963,2025-09-14,直播,加购
21873,439,2025-09-08,短视频,曝光
21874,1606,2025-08-23,直播,曝光
21875,14,2025-07-17,短视频,点击
21876,1877,2025-08-09,直播,曝光
21877,795,2025-07-24,短视频,曝光
21878,1444,2025-08-24,图文,曝光
21879,506,2025-07-07,图文,曝光
21880,1854,2025-08-09,短视频,加购
21881,1057,2025-09-29,短视频,点击
21882,1374,2025-07-20,短视频,曝光
21883,451,2025-08-15,直播,曝光
21884,1052,2025-08-13,直播,曝光
21885,1525,2025-09-18,直播,曝光
21886,1161,2025-09-26,直播,曝光
21887,348,2025-09-15,短视频,曝光
21888,1803,2025-08-24,直播,曝光
21889,485,2025-08-08,图文,曝光
21890,210,2025-09-06,短视频,曝光
21891,1269,2025-07-05,短视频,点击
21892,1131,2025-08-30,短视频,曝光
21893,927,2025-07-29,直播,点击
21894,785,2025-08-12,图文,曝光
21895,28,2025-08-29,短视频,曝光
21896,1326,2025-08-07,短视频,点击
21897,433,2025-07-28,图文,曝光
21898,1208,2025-07-19,直播,曝光
21899,1799,2025-08-07,短视频,点击
21900,800,2025-07-02,直播,分享
21901,1134,2025-09-18,短视频,曝光
21902,1379,2025-09-18,直播,曝光
21903,1164,2025-09-01,短视频,曝光
21904,1072,2025-07-26,直播,曝光
21905,909,2025-09-09,短视频,加购
21906,375,2025-08-24,短视频,点击
21907,1342,2025-07-25,直播,曝光
21908,1277,2025-08-12,图文,曝光
21909,832,2025-07-08,直播,曝光
21910,54,2025-07-11,短视频,点击
21911,28,2025-08-04,短视频,曝光
21912,1646,2025-07-04,短视频,曝光
21913,222,2025-09-18,直播,曝光
21914,1813,2025-09-25,短视频,曝光
21915,112,2025-07-31,短视频,加购
21916,156,2025-08-03,图文,曝光
21917,436,2025-09-09,直播,曝光
21918,514,2025-07-29,短视频,曝光
21919,632,2025-09-11,直播,点击
21920,254,2025-07-08,短视频,曝光
21921,222,2025-08-19,直播,曝光
21922,1544,2025-07-01,图文,曝光
21923,1860,2025-09-05,直播,点击
21924,143,2025-09-05,直播,加购
21925,1232,2025-08-12,短视频,曝光
21926,1083,2025-09-20,短视频,曝光
21927,1376,2025-08-31,短视频,曝光
21928,777,2025-07-24,短视频,加购
21929,452,2025-08-24,图文,曝光
21930,1502,2025-08-11,直播,点击
21931,1296,2025-09-03,短视频,曝光
21932,1279,2025-08-27,短视频,曝光
21933,297,2025-09-10,短视频,曝光
21934,1089,2025-07-16,直播,点击
21935,1858,2025-07-03,短视频,曝光
21936,1007,2025-08-04,直播,曝光
21937,1787,2025-07-07,短视频,曝光
21938,1551,2025-08-15,直播,加购
21939,769,2025-08-02,短视频,曝光
21940,955,2025-08-29,短视频,点击
21941,614,2025-09-01,短视频,曝光
21942,840,2025-09-29,直播,曝光
21943,373,2025-07-02,直播,曝光
21944,51,2025-08-15,短视频,曝光
21945,1466,2025-09-12,短视频,曝光
21946,538,2025-07-24,短视频,曝光
21947,1792,2025-09-18,短视频,曝光
21948,740,2025-08-30,直播,曝光
21949,1294,2025-08-15,短视频,加购
21950,1158,2025-07-11,短视频,曝光
21951,512,2025-08-22,短视频,点击
21952,1347,2025-07-01,直播,曝光
21953,889,2025-07-29,直播,曝光
21954,1926,2025-08-04,短视频,曝光
21955,761,2025-07-08,直播,曝光
21956,554,2025-07-07,直播,曝光
21957,43,2025-09-20,短视频,曝光
21958,1089,2025-08-13,直播,曝光
21959,1020,2025-07-09,短视频,分享
21960,1513,2025-07-31,短视频,曝光
21961,351,2025-08-24,图文,曝光
21962,622,2025-09-21,直播,曝光
21963,476,2025-08-11,短视频,点击
21964,1098,2025-07-17,直播,点击
21965,549,2025-08-14,短视频,曝光
21966,838,2025-09-02,短视频,点击
21967,1857,2025-07-12,直播,曝光
21968,795,2025-08-28,短视频,曝光
21969,1947,2025-08-01,短视频,曝光
21970,126,2025-09-30,短视频,曝光
21971,905,2025-08-10,图文,曝光
21972,49,2025-08-22,短视频,点击
21973,1113,2025-09-04,直播,分享
21974,591,2025-09-13,短视频,曝光
21975,372,2025-07-06,直播,点击
21976,1825,2025-08-02,直播,曝光
21977,1318,2025-07-02,图文,曝光
21978,386,2025-07-07,图文,曝光
21979,1420,2025-08-13,短视频,曝光
21980,127,2025-08-07,图文,曝光
21981,1031,2025-09-05,短视频,曝光
21982,1241,2025-08-31,短视频,曝光
21983,276,2025-09-23,直播,曝光
21984,1918,2025-07-24,直播,曝光
21985,175,2025-08-20,直播,曝光
21986,115,2025-07-13,短视频,曝光
21987,995,2025-08-09,直播,曝光
21988,1491,2025-07-10,短视频,曝光
21989,1092,2025-09-23,短视频,曝光
21990,217,2025-08-18,直播,曝光
21991,179,2025-07-07,直播,加购
21992,271,2025-07-31,短视频,分享
21993,1966,2025-09-09,直播,点击
21994,1873,2025-09-09,图文,曝光
21995,163,2025-09-07,短视频,曝光
21996,1403,2025-08-28,短视频,曝光
21997,1635,2025-09-29,短视频,曝光
21998,1119,2025-09-25,短视频,曝光
21999,314,2025-08-06,短视频,曝光
22000,330,2025-09-29,短视频,曝光
22001,1387,2025-09-02,短视频,分享
22002,1119,2025-07-01,短视频,加购
22003,350,2025-09-07,图文,曝光
22004,125,2025-07-22,短视频,加购
22005,867,2025-09-18,直播,点击
22006,789,2025-07-23,直播,点击
22007,1964,2025-08-14,图文,曝光
22008,1409,2025-09-19,短视频,加购
22009,849,2025-09-11,图文,曝光
22010,1137,2025-07-13,直播,曝光
22011,1038,2025-09-28,短视频,点击
22012,1351,2025-08-08,图文,曝光
22013,1167,2025-08-18,图文,曝光
22014,232,2025-07-05,图文,曝光
22015,1050,2025-07-03,短视频,分享
22016,1518,2025-08-13,图文,曝光
22017,1813,2025-08-02,直播,曝光
22018,1913,2025-07-04,短视频,曝光
22019,1334,2025-07-09,短视频,曝光
22020,1816,2025-09-05,短视频,曝光
22021,38,2025-08-24,直播,曝光
22022,176,2025-08-17,图文,曝光
22023,386,2025-08-22,短视频,曝光
22024,198,2025-09-30,短视频,曝光
22025,1309,2025-08-12,直播,曝光
22026,1027,2025-09-29,短视频,点击
22027,1091,2025-07-28,直播,点击
22028,1049,2025-09-11,短视频,分享
22029,975,2025-08-27,短视频,点击
22030,1715,2025-07-27,短视频,加购
22031,417,2025-07-11,直播,曝光
22032,738,2025-07-11,短视频,加购
22033,189,2025-08-30,短视频,点击
22034,1029,2025-07-15,短视频,曝光
22035,697,2025-08-27,图文,曝光
22036,408,2025-09-02,直播,加购
22037,1098,2025-09-06,短视频,点击
22038,1894,2025-07-13,直播,曝光
22039,1538,2025-07-12,直播,点击
22040,242,2025-07-27,图文,曝光
22041,701,2025-08-14,图文,分享
22042,1809,2025-07-09,直播,曝光
22043,418,2025-08-15,短视频,加购
22044,1782,2025-07-05,直播,曝光
22045,1791,2025-07-13,短视频,分享
22046,101,2025-08-05,直播,曝光
22047,1978,2025-08-22,短视频,加购
22048,1551,2025-08-08,直播,曝光
22049,996,2025-09-04,短视频,分享
22050,676,2025-07-18,短视频,曝光
22051,924,2025-07-09,直播,曝光
22052,450,2025-09-23,图文,点击
22053,1552,2025-08-10,直播,点击
22054,805,2025-08-25,图文,分享
22055,882,2025-09-05,图文,曝光
22056,1848,2025-07-27,短视频,曝光
22057,98,2025-07-06,直播,点击
22058,798,2025-09-15,图文,曝光
22059,1219,2025-09-01,短视频,曝光
22060,486,2025-08-20,直播,曝光
22061,349,2025-09-18,短视频,曝光
22062,1050,2025-08-10,短视频,点击
22063,369,2025-07-05,短视频,曝光
22064,820,2025-09-08,短视频,曝光
22065,169,2025-09-12,图文,曝光
22066,39,2025-08-03,短视频,曝光
22067,1471,2025-07-19,短视频,曝光
22068,373,2025-09-12,图文,曝光
22069,58,2025-07-06,短视频,曝光
22070,35,2025-07-01,直播,曝光
22071,1135,2025-09-15,图文,点击
22072,1045,2025-07-23,图文,曝光
22073,1165,2025-09-11,图文,曝光
22074,1283,2025-08-18,图文,点击
22075,1309,2025-09-24,短视频,加购
22076,1437,2025-09-15,图文,点击
22077,1706,2025-08-14,直播,曝光
22078,416,2025-09-07,短视频,曝光
22079,184,2025-07-15,图文,曝光
22080,1611,2025-09-24,短视频,曝光
22081,136,2025-09-23,短视频,曝光
22082,823,2025-07-24,短视频,曝光
22083,1229,2025-08-17,短视频,点击
22084,99,2025-09-23,短视频,曝光
22085,1949,2025-07-31,短视频,点击
22086,1856,2025-07-11,图文,点击
22087,1676,2025-09-29,图文,点击
22088,1387,2025-07-19,短视频,曝光
22089,1587,2025-07-15,直播,曝光
22090,1126,2025-08-12,图文,曝光
22091,1503,2025-08-12,短视频,曝光
22092,81,2025-07-20,短视频,曝光
22093,416,2025-09-20,短视频,曝光
22094,28,2025-07-03,短视频,曝光
22095,246,2025-09-23,短视频,点击
22096,1130,2025-08-28,图文,点击
22097,1525,2025-07-25,短视频,曝光
22098,1758,2025-08-07,短视频,曝光
22099,320,2025-07-08,短视频,曝光
22100,1295,2025-09-23,短视频,点击
22101,1489,2025-09-03,短视频,曝光
22102,12,2025-09-29,短视频,曝光
22103,654,2025-07-05,直播,曝光
22104,1277,2025-09-24,短视频,点击
22105,272,2025-09-15,短视频,曝光
22106,698,2025-08-17,图文,曝光
22107,917,2025-08-26,图文,曝光
22108,245,2025-07-29,直播,点击
22109,135,2025-08-16,短视频,曝光
22110,1624,2025-09-26,图文,分享
22111,176,2025-09-13,短视频,曝光
22112,1153,2025-08-04,短视频,曝光
22113,835,2025-08-20,直播,曝光
22114,1449,2025-08-04,直播,曝光
22115,1790,2025-08-02,短视频,分享
22116,331,2025-08-28,直播,点击
22117,1890,2025-08-08,图文,点击
22118,233,2025-08-28,短视频,曝光
22119,1760,2025-09-28,直播,曝光
22120,1030,2025-07-10,短视频,曝光
22121,92,2025-08-07,直播,曝光
22122,1056,2025-07-18,短视频,点击
22123,1753,2025-07-07,短视频,曝光
22124,1165,2025-07-01,短视频,点击
22125,194,2025-08-04,直播,曝光
22126,1489,2025-07-10,短视频,加购
22127,1690,2025-09-05,短视频,曝光
22128,1328,2025-08-01,短视频,分享
22129,820,2025-07-21,短视频,曝光
22130,1353,2025-09-26,短视频,曝光
22131,672,2025-08-27,直播,曝光
22132,350,2025-09-12,图文,曝光
22133,1712,2025-09-09,短视频,点击
22134,837,2025-07-21,直播,加购
22135,1529,2025-08-27,短视频,曝光
22136,1200,2025-07-11,短视频,曝光
22137,1763,2025-08-18,直播,曝光
22138,1038,2025-09-30,直播,曝光
22139,611,2025-07-20,图文,点击
22140,609,2025-09-05,短视频,曝光
22141,1041,2025-07-05,短视频,曝光
22142,1889,2025-08-18,图文,曝光
22143,379,2025-07-12,图文,曝光
22144,281,2025-09-29,短视频,曝光
22145,518,2025-08-11,短视频,点击
22146,1950,2025-09-26,直播,曝光
22147,1227,2025-09-22,短视频,加购
22148,1565,2025-07-11,直播,曝光
22149,1133,2025-08-16,短视频,加购
22150,1193,2025-08-28,短视频,曝光
22151,1256,2025-08-09,短视频,曝光
22152,255,2025-09-02,直播,曝光
22153,1260,2025-08-11,直播,曝光
22154,1128,2025-09-18,图文,点击
22155,1649,2025-08-27,短视频,分享
22156,176,2025-08-15,短视频,曝光
22157,1017,2025-09-17,图文,曝光
22158,1864,2025-09-01,直播,曝光
22159,1634,2025-07-25,图文,分享
22160,572,2025-08-02,图文,曝光
22161,1458,2025-07-09,短视频,加购
22162,800,2025-08-06,短视频,曝光
22163,1587,2025-08-22,短视频,曝光
22164,1274,2025-08-21,直播,曝光
22165,964,2025-09-11,直播,点击
22166,38,2025-07-20,短视频,曝光
22167,1522,2025-08-06,直播,点击
22168,1084,2025-09-11,短视频,曝光
22169,1066,2025-09-06,短视频,曝光
22170,1430,2025-08-15,短视频,曝光
22171,1824,2025-09-11,短视频,曝光
22172,415,2025-09-17,短视频,曝光
22173,1802,2025-08-09,直播,加购
22174,309,2025-09-11,图文,曝光
22175,1284,2025-07-21,图文,加购
22176,976,2025-08-21,短视频,曝光
22177,1515,2025-07-23,图文,曝光
22178,1074,2025-09-02,短视频,加购
22179,1166,2025-08-03,直播,曝光
22180,879,2025-09-17,直播,曝光
22181,1320,2025-09-22,短视频,点击
22182,592,2025-08-01,短视频,曝光
22183,582,2025-07-04,短视频,曝光
22184,820,2025-09-06,短视频,曝光
22185,404,2025-09-23,图文,曝光
22186,625,2025-09-23,图文,曝光
22187,163,2025-07-22,短视频,曝光
22188,500,2025-07-03,直播,曝光
22189,821,2025-07-08,图文,曝光
22190,945,2025-08-15,短视频,曝光
22191,1264,2025-07-25,直播,点击
22192,792,2025-07-14,短视频,曝光
22193,1238,2025-07-19,短视频,点击
22194,871,2025-08-05,直播,曝光
22195,878,2025-07-05,短视频,曝光
22196,1,2025-09-15,图文,点击
22197,1563,2025-09-26,图文,曝光
22198,1386,2025-07-19,短视频,点击
22199,115,2025-08-22,短视频,点击
22200,94,2025-07-04,短视频,曝光
22201,1475,2025-07-08,短视频,点击
22202,414,2025-07-27,短视频,曝光
22203,1794,2025-09-16,直播,点击
22204,1607,2025-09-10,短视频,分享
22205,827,2025-09-04,短视频,曝光
22206,1969,2025-07-10,直播,点击
22207,1062,2025-07-20,短视频,分享
22208,1983,2025-08-23,直播,曝光
22209,104,2025-08-03,图文,曝光
22210,1185,2025-09-07,短视频,曝光
22211,1635,2025-08-20,直播,点击
22212,519,2025-08-22,图文,曝光
22213,1663,2025-08-22,短视频,分享
22214,1670,2025-09-25,直播,曝光
22215,1566,2025-08-21,短视频,点击
22216,1301,2025-09-08,短视频,分享
22217,186,2025-08-14,直播,曝光
22218,1973,2025-07-09,图文,曝光
22219,1766,2025-08-19,图文,点击
22220,1099,2025-09-17,图文,曝光
22221,797,2025-09-08,图文,曝光
22222,1053,2025-08-20,短视频,加购
22223,1969,2025-09-26,直播,曝光
22224,88,2025-09-28,直播,曝光
22225,961,2025-09-25,短视频,加购
22226,389,2025-09-29,短视频,分享
22227,1631,2025-07-31,短视频,曝光
22228,1334,2025-07-16,直播,曝光
22229,1828,2025-08-10,直播,曝光
22230,1988,2025-07-23,图文,曝光
22231,233,2025-07-15,短视频,点击
22232,952,2025-08-30,直播,曝光
22233,1863,2025-07-11,短视频,点击
22234,59,2025-07-06,图文,曝光
22235,1743,2025-07-17,短视频,曝光
22236,800,2025-08-06,短视频,曝光
22237,1071,2025-08-30,短视频,曝光
22238,253,2025-09-29,短视频,曝光
22239,682,2025-08-27,短视频,点击
22240,1920,2025-08-18,短视频,分享
22241,1853,2025-07-28,短视频,分享
22242,283,2025-07-31,直播,点击
22243,1126,2025-08-26,短视频,加购
22244,236,2025-07-18,直播,曝光
22245,1979,2025-07-08,短视频,曝光
22246,916,2025-09-08,短视频,点击
22247,517,2025-09-29,直播,曝光
22248,1084,2025-09-24,图文,曝光
22249,403,2025-08-31,短视频,曝光
22250,1435,2025-09-24,短视频,点击
22251,694,2025-09-08,短视频,点击
22252,736,2025-07-06,短视频,曝光
22253,1513,2025-08-05,短视频,曝光
22254,1794,2025-07-07,直播,曝光
22255,408,2025-07-24,短视频,曝光
22256,1198,2025-09-30,短视频,曝光
22257,614,2025-09-14,短视频,点击
22258,95,2025-09-26,直播,曝光
22259,512,2025-08-14,图文,分享
22260,69,2025-07-21,短视频,曝光
22261,1565,2025-08-04,直播,曝光
22262,938,2025-07-19,短视频,曝光
22263,1089,2025-09-27,短视频,曝光
22264,879,2025-08-24,短视频,曝光
22265,541,2025-07-05,短视频,分享
22266,905,2025-07-30,图文,曝光
22267,306,2025-08-15,直播,分享
22268,115,2025-09-05,直播,曝光
22269,314,2025-09-21,短视频,曝光
22270,107,2025-07-19,图文,曝光
22271,1107,2025-09-03,短视频,曝光
22272,122,2025-09-13,短视频,曝光
22273,779,2025-09-10,图文,曝光
22274,1468,2025-07-26,直播,点击
22275,1153,2025-08-01,直播,曝光
22276,1203,2025-07-13,图文,分享
22277,575,2025-08-23,短视频,曝光
22278,273,2025-08-01,短视频,加购
22279,310,2025-08-08,短视频,曝光
22280,862,2025-07-02,短视频,曝光
22281,1783,2025-09-25,图文,曝光
22282,1886,2025-08-29,短视频,曝光
22283,273,2025-07-22,短视频,加购
22284,139,2025-07-07,直播,曝光
22285,930,2025-08-05,图文,曝光
22286,379,2025-07-14,直播,曝光
22287,275,2025-07-18,短视频,曝光
22288,780,2025-09-11,短视频,曝光
22289,1925,2025-07-05,直播,曝光
22290,472,2025-08-16,直播,点击
22291,171,2025-09-10,短视频,曝光
22292,318,2025-08-24,图文,加购
22293,1243,2025-07-13,直播,曝光
22294,1947,2025-07-26,直播,点击
22295,1922,2025-07-16,短视频,曝光
22296,1533,2025-09-28,短视频,曝光
22297,1059,2025-09-01,直播,加购
22298,1459,2025-09-29,短视频,曝光
22299,124,2025-07-13,短视频,曝光
22300,1865,2025-08-03,短视频,曝光
22301,1573,2025-08-02,图文,曝光
22302,375,2025-09-11,图文,曝光
22303,592,2025-07-07,短视频,曝光
22304,1780,2025-09-12,短视频,曝光
22305,1084,2025-08-13,直播,曝光
22306,1966,2025-09-23,直播,曝光
22307,797,2025-07-31,短视频,曝光
22308,1173,2025-09-18,短视频,点击
22309,9,2025-09-21,图文,曝光
22310,1807,2025-08-10,短视频,加购
22311,1668,2025-09-21,图文,点击
22312,1633,2025-08-03,短视频,曝光
22313,1511,2025-08-30,短视频,曝光
22314,636,2025-09-25,直播,曝光
22315,70,2025-07-17,图文,点击
22316,665,2025-08-07,图文,曝光
22317,1348,2025-07-05,直播,曝光
22318,1352,2025-08-17,直播,点击
22319,1722,2025-07-26,短视频,点击
22320,1105,2025-07-09,短视频,曝光
22321,684,2025-09-22,图文,点击
22322,770,2025-07-28,直播,曝光
22323,1962,2025-09-06,短视频,曝光
22324,95,2025-07-15,直播,分享
22325,1314,2025-07-25,短视频,点击
22326,46,2025-07-08,图文,曝光
22327,928,2025-09-04,短视频,曝光
22328,196,2025-08-04,短视频,加购
22329,450,2025-09-21,短视频,曝光
22330,809,2025-08-17,图文,曝光
22331,649,2025-07-18,短视频,曝光
22332,55,2025-09-10,图文,点击
22333,1571,2025-09-18,短视频,曝光
22334,297,2025-08-25,短视频,曝光
22335,1425,2025-09-02,图文,点击
22336,1937,2025-09-14,短视频,曝光
22337,496,2025-07-11,直播,点击
22338,902,2025-07-22,直播,曝光
22339,1292,2025-09-10,直播,曝光
22340,1867,2025-09-12,直播,曝光
22341,760,2025-07-18,直播,曝光
22342,380,2025-07-05,直播,曝光
22343,221,2025-08-19,短视频,分享
22344,718,2025-07-26,直播,曝光
22345,1663,2025-07-16,短视频,曝光
22346,1343,2025-08-10,短视频,曝光
22347,457,2025-07-25,短视频,曝光
22348,1980,2025-09-27,图文,曝光
22349,1284,2025-09-13,直播,分享
22350,1400,2025-07-09,短视频,曝光
22351,5,2025-09-27,图文,曝光
22352,1805,2025-07-25,短视频,曝光
22353,142,2025-07-16,短视频,曝光
22354,99,2025-07-15,短视频,曝光
22355,1384,2025-08-04,直播,点击
22356,608,2025-08-09,短视频,加购
22357,1867,2025-09-22,直播,点击
22358,1766,2025-07-31,图文,曝光
22359,1093,2025-09-01,短视频,曝光
22360,1047,2025-07-09,图文,曝光
22361,334,2025-09-14,短视频,点击
22362,340,2025-08-14,直播,曝光
22363,25,2025-08-23,图文,曝光
22364,340,2025-08-14,直播,曝光
22365,885,2025-09-07,直播,曝光
22366,1518,2025-08-27,直播,点击
22367,147,2025-08-03,短视频,曝光
22368,316,2025-09-16,图文,曝光
22369,754,2025-07-10,短视频,曝光
22370,996,2025-09-28,直播,曝光
22371,850,2025-08-27,短视频,分享
22372,363,2025-07-10,短视频,曝光
22373,1509,2025-08-15,直播,点击
22374,417,2025-08-01,直播,点击
22375,235,2025-07-05,直播,点击
22376,795,2025-09-28,短视频,曝光
22377,1980,2025-09-19,短视频,曝光
22378,237,2025-08-22,直播,点击
22379,253,2025-07-12,短视频,曝光
22380,1319,2025-08-06,短视频,曝光
22381,1244,2025-09-05,短视频,分享
22382,333,2025-08-10,直播,曝光
22383,1301,2025-08-19,短视频,加购
22384,1505,2025-09-16,短视频,曝光
22385,1275,2025-07-17,直播,曝光
22386,1043,2025-09-18,短视频,点击
22387,920,2025-09-29,直播,曝光
22388,693,2025-07-28,短视频,曝光
22389,137,2025-09-24,短视频,点击
22390,1229,2025-07-29,短视频,点击
22391,1583,2025-09-03,图文,点击
22392,816,2025-09-03,短视频,加购
22393,1470,2025-09-25,短视频,曝光
22394,165,2025-07-07,直播,曝光
22395,200,2025-08-24,直播,曝光
22396,619,2025-09-16,短视频,曝光
22397,694,2025-07-09,图文,曝光
22398,1050,2025-07-01,直播,曝光
22399,63,2025-07-06,短视频,点击
22400,209,2025-08-12,直播,曝光
22401,1454,2025-08-21,短视频,曝光
22402,1465,2025-09-11,直播,点击
22403,1540,2025-08-08,短视频,分享
22404,713,2025-09-23,短视频,曝光
22405,1346,2025-07-11,图文,曝光
22406,410,2025-08-27,直播,点击
22407,1738,2025-08-12,直播,点击
22408,17,2025-08-18,短视频,曝光
22409,1226,2025-08-16,短视频,曝光
22410,170,2025-09-03,直播,点击
22411,1652,2025-09-04,图文,曝光
22412,475,2025-09-16,短视频,加购
22413,43,2025-08-03,图文,曝光
22414,734,2025-07-02,短视频,分享
22415,1795,2025-07-15,短视频,曝光
22416,307,2025-08-25,直播,曝光
22417,545,2025-07-15,图文,点击
22418,1090,2025-09-09,短视频,点击
22419,1743,2025-07-01,图文,曝光
22420,389,2025-09-24,短视频,曝光
22421,728,2025-09-30,图文,曝光
22422,1910,2025-08-06,直播,分享
22423,1396,2025-09-17,短视频,曝光
22424,1130,2025-09-21,直播,曝光
22425,724,2025-09-13,图文,分享
22426,1594,2025-08-27,直播,加购
22427,1883,2025-07-20,图文,曝光
22428,844,2025-07-31,短视频,曝光
22429,1908,2025-08-02,短视频,点击
22430,410,2025-09-29,短视频,曝光
22431,1688,2025-08-29,短视频,曝光
22432,900,2025-07-06,图文,分享
22433,422,2025-07-15,直播,曝光
22434,825,2025-09-19,图文,曝光
22435,813,2025-08-14,短视频,曝光
22436,1248,2025-08-18,直播,曝光
22437,1594,2025-09-23,图文,曝光
22438,1822,2025-08-23,短视频,加购
22439,275,2025-08-08,短视频,加购
22440,475,2025-09-15,短视频,曝光
22441,1667,2025-07-31,直播,分享
22442,194,2025-09-24,短视频,曝光
22443,599,2025-07-07,直播,曝光
22444,1431,2025-09-21,短视频,曝光
22445,1072,2025-07-12,短视频,曝光
22446,1,2025-08-12,直播,曝光
22447,296,2025-07-20,短视频,点击
22448,1590,2025-09-04,短视频,曝光
22449,681,2025-08-12,直播,曝光
22450,1456,2025-09-08,短视频,加购
22451,1346,2025-08-21,短视频,曝光
22452,1652,2025-08-01,短视频,曝光
22453,1159,2025-09-06,短视频,曝光
22454,182,2025-07-28,直播,曝光
22455,253,2025-07-21,图文,曝光
22456,408,2025-09-14,图文,曝光
22457,363,2025-09-30,短视频,曝光
22458,1104,2025-08-19,直播,曝光
22459,923,2025-09-27,图文,曝光
22460,655,2025-07-21,短视频,曝光
22461,1138,2025-07-01,图文,点击
22462,1692,2025-09-20,短视频,加购
22463,746,2025-09-15,图文,曝光
22464,917,2025-08-15,直播,分享
22465,1768,2025-09-17,直播,点击
22466,859,2025-09-19,直播,曝光
22467,166,2025-08-03,图文,点击
22468,370,2025-07-16,短视频,曝光
22469,539,2025-08-26,短视频,曝光
22470,1125,2025-09-20,直播,曝光
22471,807,2025-08-23,图文,点击
22472,692,2025-08-07,图文,点击
22473,1663,2025-07-22,短视频,曝光
22474,902,2025-07-27,短视频,曝光
22475,953,2025-09-09,图文,点击
22476,543,2025-08-03,直播,曝光
22477,928,2025-08-16,直播,曝光
22478,1218,2025-08-25,直播,曝光
22479,1838,2025-07-28,短视频,曝光
22480,1677,2025-07-28,短视频,曝光
22481,9,2025-09-05,短视频,分享
22482,42,2025-08-29,直播,点击
22483,1672,2025-09-10,直播,曝光
22484,462,2025-08-16,直播,曝光
22485,51,2025-07-01,直播,曝光
22486,1355,2025-08-30,直播,点击
22487,1945,2025-07-02,短视频,曝光
22488,1414,2025-08-01,直播,曝光
22489,271,2025-09-07,直播,点击
22490,589,2025-07-24,短视频,曝光
22491,579,2025-09-19,直播,曝光
22492,573,2025-08-31,短视频,曝光
22493,1253,2025-09-22,直播,曝光
22494,1494,2025-08-18,图文,点击
22495,587,2025-08-12,短视频,曝光
22496,1117,2025-07-14,短视频,点击
22497,973,2025-09-21,图文,曝光
22498,778,2025-08-30,短视频,点击
22499,366,2025-09-14,短视频,点击
22500,111,2025-07-26,图文,分享
22501,1886,2025-07-20,短视频,曝光
22502,1307,2025-08-03,短视频,曝光
22503,1683,2025-08-13,短视频,曝光
22504,586,2025-09-17,图文,曝光
22505,424,2025-07-25,短视频,曝光
22506,1155,2025-07-19,短视频,点击
22507,1393,2025-07-12,短视频,曝光
22508,1445,2025-08-09,图文,曝光
22509,1093,2025-07-10,短视频,曝光
22510,927,2025-07-08,图文,分享
22511,1129,2025-08-02,短视频,曝光
22512,507,2025-08-11,短视频,加购
22513,325,2025-08-07,直播,曝光
22514,429,2025-09-23,短视频,点击
22515,671,2025-09-23,短视频,曝光
22516,1410,2025-08-21,图文,曝光
22517,1739,2025-09-25,短视频,曝光
22518,1784,2025-09-18,图文,曝光
22519,790,2025-07-05,图文,曝光
22520,1960,2025-08-19,直播,曝光
22521,1971,2025-08-02,短视频,曝光
22522,1607,2025-07-06,短视频,曝光
22523,140,2025-08-30,图文,曝光
22524,1206,2025-08-16,短视频,曝光
22525,569,2025-08-26,短视频,曝光
22526,1729,2025-07-22,直播,加购
22527,449,2025-09-16,短视频,加购
22528,780,2025-08-09,短视频,分享
22529,501,2025-07-22,直播,曝光
22530,1765,2025-07-22,直播,曝光
22531,1144,2025-07-26,短视频,点击
22532,861,2025-07-11,短视频,曝光
22533,1631,2025-09-18,短视频,点击
22534,1191,2025-07-20,直播,曝光
22535,1212,2025-09-07,短视频,加购
22536,340,2025-08-06,直播,曝光
22537,754,2025-07-12,短视频,曝光
22538,995,2025-09-14,短视频,曝光
22539,840,2025-09-13,短视频,分享
22540,683,2025-09-09,短视频,曝光
22541,1972,2025-08-03,短视频,曝光
22542,734,2025-07-04,短视频,曝光
22543,1195,2025-09-11,图文,点击
22544,1197,2025-09-10,短视频,曝光
22545,421,2025-09-19,短视频,点击
22546,1764,2025-07-03,直播,曝光
22547,308,2025-09-17,图文,曝光
22548,1652,2025-07-07,短视频,曝光
22549,1190,2025-07-03,短视频,点击
22550,698,2025-09-09,直播,分享
22551,539,2025-09-07,短视频,加购
22552,1468,2025-08-06,短视频,点击
22553,898,2025-09-06,短视频,曝光
22554,1096,2025-07-30,图文,曝光
22555,722,2025-07-11,短视频,加购
22556,697,2025-08-04,直播,点击
22557,537,2025-09-21,图文,曝光
22558,1817,2025-08-18,短视频,曝光
22559,1771,2025-09-06,直播,曝光
22560,323,2025-08-25,直播,曝光
22561,272,2025-08-30,直播,点击
22562,1611,2025-08-31,短视频,分享
22563,719,2025-07-10,图文,曝光
22564,425,2025-07-09,图文,曝光
22565,429,2025-07-12,短视频,曝光
22566,1785,2025-07-16,短视频,曝光
22567,528,2025-09-02,直播,点击
22568,1443,2025-08-09,图文,曝光
22569,911,2025-08-03,图文,曝光
22570,930,2025-09-18,短视频,点击
22571,675,2025-08-13,直播,曝光
22572,155,2025-09-09,短视频,曝光
22573,175,2025-08-27,短视频,曝光
22574,361,2025-07-18,短视频,曝光
22575,575,2025-08-04,短视频,曝光
22576,330,2025-07-27,短视频,曝光
22577,559,2025-09-04,直播,曝光
22578,1524,2025-08-04,直播,加购
22579,21,2025-08-22,图文,点击
22580,1245,2025-09-18,直播,曝光
22581,1043,2025-08-03,短视频,曝光
22582,436,2025-09-29,直播,点击
22583,575,2025-07-19,短视频,曝光
22584,736,2025-07-08,短视频,曝光
22585,544,2025-07-18,图文,曝光
22586,619,2025-08-14,短视频,加购
22587,843,2025-07-03,短视频,曝光
22588,1305,2025-08-03,图文,曝光
22589,1284,2025-07-30,直播,曝光
22590,661,2025-07-30,短视频,曝光
22591,582,2025-07-19,短视频,点击
22592,1538,2025-08-15,短视频,曝光
22593,1530,2025-07-26,图文,曝光
22594,1390,2025-09-05,图文,加购
22595,1378,2025-08-23,图文,曝光
22596,486,2025-08-24,直播,曝光
22597,1329,2025-09-09,短视频,曝光
22598,648,2025-08-09,短视频,曝光
22599,1064,2025-07-16,图文,曝光
22600,1099,2025-09-05,短视频,点击
22601,1591,2025-09-25,短视频,曝光
22602,1816,2025-08-07,直播,点击
22603,840,2025-09-04,图文,点击
22604,223,2025-08-29,图文,曝光
22605,38,2025-07-05,短视频,曝光
22606,718,2025-07-16,短视频,曝光
22607,861,2025-09-01,短视频,曝光
22608,1199,2025-08-01,图文,曝光
22609,710,2025-07-25,短视频,分享
22610,650,2025-08-22,直播,点击
22611,1469,2025-08-21,短视频,曝光
22612,580,2025-09-23,直播,曝光
22613,92,2025-09-29,直播,分享
22614,864,2025-07-02,直播,曝光
22615,1237,2025-08-12,短视频,曝光
22616,386,2025-09-05,直播,点击
22617,22,2025-08-01,短视频,点击
22618,1207,2025-08-14,短视频,加购
22619,380,2025-09-02,图文,点击
22620,1757,2025-09-07,直播,曝光
22621,671,2025-09-25,图文,曝光
22622,1822,2025-07-11,图文,曝光
22623,175,2025-08-11,直播,曝光
22624,943,2025-08-24,短视频,曝光
22625,826,2025-09-21,直播,曝光
22626,587,2025-08-08,直播,点击
22627,723,2025-07-05,直播,曝光
22628,765,2025-07-29,短视频,点击
22629,118,2025-09-24,短视频,曝光
22630,457,2025-07-03,短视频,曝光
22631,552,2025-09-26,图文,加购
22632,1198,2025-08-18,直播,曝光
22633,584,2025-07-20,直播,曝光
22634,270,2025-08-01,短视频,曝光
22635,1377,2025-08-02,短视频,曝光
22636,637,2025-09-23,图文,点击
22637,41,2025-09-13,短视频,曝光
22638,342,2025-09-08,直播,曝光
22639,1105,2025-07-02,直播,曝光
22640,411,2025-07-09,直播,曝光
22641,1853,2025-09-19,短视频,曝光
22642,1343,2025-07-29,短视频,曝光
22643,597,2025-07-18,图文,曝光
22644,1986,2025-07-24,直播,曝光
22645,1432,2025-08-30,图文,点击
22646,1351,2025-09-01,短视频,曝光
22647,149,2025-07-26,短视频,点击
22648,489,2025-08-22,直播,曝光
22649,1212,2025-09-14,短视频,分享
22650,816,2025-08-03,直播,曝光
22651,1703,2025-07-13,短视频,曝光
22652,1256,2025-07-21,短视频,分享
22653,159,2025-09-29,短视频,点击
22654,1735,2025-08-10,直播,点击
22655,1869,2025-09-05,短视频,曝光
22656,1429,2025-07-24,直播,曝光
22657,1537,2025-09-18,短视频,曝光
22658,291,2025-07-18,短视频,点击
22659,1476,2025-07-11,图文,分享
22660,1208,2025-09-14,图文,曝光
22661,252,2025-08-26,短视频,点击
22662,395,2025-09-28,图文,加购
22663,1099,2025-08-18,短视频,曝光
22664,749,2025-09-08,短视频,曝光
22665,1155,2025-08-18,短视频,曝光
22666,1930,2025-07-06,直播,曝光
22667,1258,2025-08-04,短视频,点击
22668,1785,2025-09-25,直播,加购
22669,59,2025-09-26,短视频,曝光
22670,514,2025-08-11,图文,曝光
22671,1782,2025-09-18,短视频,加购
22672,1458,2025-07-25,图文,曝光
22673,716,2025-07-29,短视频,曝光
22674,660,2025-09-10,短视频,曝光
22675,1491,2025-07-07,短视频,点击
22676,16,2025-07-01,短视频,曝光
22677,161,2025-07-23,短视频,曝光
22678,1701,2025-07-03,直播,曝光
22679,1506,2025-08-20,直播,曝光
22680,1645,2025-09-08,图文,曝光
22681,956,2025-08-28,直播,曝光
22682,589,2025-07-15,直播,曝光
22683,786,2025-09-16,短视频,曝光
22684,1545,2025-08-13,直播,点击
22685,480,2025-07-29,直播,曝光
22686,63,2025-08-18,短视频,曝光
22687,995,2025-07-15,短视频,曝光
22688,1080,2025-09-30,短视频,曝光
22689,839,2025-08-12,直播,曝光
22690,1964,2025-07-31,直播,加购
22691,1213,2025-09-02,短视频,曝光
22692,1577,2025-07-28,短视频,曝光
22693,470,2025-09-09,短视频,曝光
22694,1152,2025-08-13,短视频,点击
22695,713,2025-09-19,短视频,曝光
22696,732,2025-08-14,直播,点击
22697,204,2025-08-29,图文,曝光
22698,1471,2025-08-20,直播,曝光
22699,919,2025-09-28,直播,曝光
22700,1951,2025-09-19,短视频,曝光
22701,1171,2025-08-11,短视频,曝光
22702,385,2025-09-04,直播,曝光
22703,1439,2025-07-20,直播,曝光
22704,100,2025-09-18,短视频,分享
22705,1494,2025-08-26,图文,曝光
22706,755,2025-08-05,图文,曝光
22707,79,2025-09-20,图文,曝光
22708,1034,2025-09-09,图文,曝光
22709,963,2025-07-16,短视频,曝光
22710,491,2025-09-27,短视频,点击
22711,214,2025-07-27,短视频,曝光
22712,1234,2025-07-08,直播,曝光
22713,908,2025-08-02,图文,曝光
22714,612,2025-08-10,短视频,曝光
22715,1121,2025-07-07,短视频,曝光
22716,1964,2025-08-24,短视频,曝光
22717,1740,2025-08-09,短视频,曝光
22718,531,2025-08-23,短视频,曝光
22719,737,2025-08-15,短视频,曝光
22720,1606,2025-08-17,短视频,点击
22721,261,2025-07-15,图文,点击
22722,1930,2025-09-14,短视频,点击
22723,825,2025-08-27,短视频,曝光
22724,1000,2025-07-20,短视频,曝光
22725,1944,2025-07-11,短视频,曝光
22726,399,2025-09-27,短视频,曝光
22727,332,2025-08-18,短视频,曝光
22728,1781,2025-09-13,图文,加购
22729,1448,2025-08-14,直播,曝光
22730,805,2025-07-27,短视频,曝光
22731,213,2025-07-28,短视频,曝光
22732,1089,2025-07-03,短视频,曝光
22733,1529,2025-08-20,短视频,点击
22734,99,2025-09-05,短视频,曝光
22735,434,2025-07-11,短视频,曝光
22736,697,2025-07-03,图文,曝光
22737,563,2025-07-16,直播,曝光
22738,1112,2025-08-14,短视频,曝光
22739,1973,2025-08-17,图文,曝光
22740,1386,2025-08-23,短视频,曝光
22741,1030,2025-09-16,直播,曝光
22742,1903,2025-09-29,短视频,点击
22743,1636,2025-09-21,直播,分享
22744,1167,2025-07-29,直播,曝光
22745,105,2025-08-11,直播,曝光
22746,543,2025-09-05,图文,曝光
22747,1851,2025-07-25,图文,曝光
22748,1115,2025-09-26,短视频,曝光
22749,1852,2025-07-12,直播,分享
22750,142,2025-08-12,短视频,曝光
22751,361,2025-09-08,直播,曝光
22752,297,2025-07-12,短视频,曝光
22753,195,2025-09-30,直播,加购
22754,704,2025-07-12,图文,点击
22755,1999,2025-07-24,直播,曝光
22756,45,2025-08-05,直播,曝光
22757,1868,2025-08-29,短视频,加购
22758,151,2025-07-30,图文,曝光
22759,32,2025-08-22,短视频,分享
22760,15,2025-07-30,短视频,点击
22761,1546,2025-08-02,短视频,加购
22762,364,2025-08-14,短视频,曝光
22763,221,2025-07-28,短视频,分享
22764,1652,2025-08-19,短视频,曝光
22765,1282,2025-08-08,短视频,曝光
22766,703,2025-07-25,直播,曝光
22767,1533,2025-08-07,短视频,点击
22768,1805,2025-08-10,直播,曝光
22769,1071,2025-08-14,直播,曝光
22770,1770,2025-08-29,短视频,曝光
22771,690,2025-07-27,短视频,曝光
22772,1727,2025-08-21,短视频,曝光
22773,1285,2025-08-10,短视频,曝光
22774,424,2025-09-08,短视频,曝光
22775,1257,2025-08-27,直播,曝光
22776,685,2025-07-26,直播,曝光
22777,141,2025-07-20,图文,曝光
22778,937,2025-08-04,直播,曝光
22779,125,2025-08-02,直播,曝光
22780,864,2025-08-20,短视频,曝光
22781,1792,2025-07-23,短视频,点击
22782,160,2025-09-22,图文,曝光
22783,1355,2025-09-15,图文,曝光
22784,478,2025-08-26,直播,加购
22785,1191,2025-08-31,短视频,曝光
22786,1241,2025-07-27,短视频,加购
22787,1519,2025-08-21,图文,点击
22788,1354,2025-07-04,图文,曝光
22789,500,2025-07-13,短视频,点击
22790,730,2025-08-17,短视频,曝光
22791,1147,2025-07-10,短视频,分享
22792,594,2025-09-26,直播,曝光
22793,1690,2025-09-07,直播,曝光
22794,1173,2025-08-31,短视频,曝光
22795,1369,2025-09-21,短视频,分享
22796,1327,2025-08-09,短视频,曝光
22797,708,2025-09-18,图文,曝光
22798,1422,2025-07-08,直播,点击
22799,1296,2025-09-12,图文,分享
22800,1622,2025-07-11,短视频,曝光
22801,679,2025-07-12,短视频,曝光
22802,1168,2025-09-07,图文,曝光
22803,1794,2025-09-03,短视频,分享
22804,758,2025-07-30,直播,曝光
22805,1680,2025-07-14,直播,曝光
22806,696,2025-07-27,直播,分享
22807,260,2025-08-12,图文,曝光
22808,69,2025-07-22,短视频,曝光
22809,985,2025-09-25,短视频,曝光
22810,833,2025-09-21,短视频,曝光
22811,505,2025-08-07,直播,加购
22812,1738,2025-07-29,直播,加购
22813,1671,2025-07-19,直播,曝光
22814,1256,2025-07-17,直播,曝光
22815,1540,2025-07-09,直播,曝光
22816,1187,2025-08-03,直播,曝光
22817,1290,2025-09-21,短视频,曝光
22818,448,2025-09-04,直播,曝光
22819,36,2025-07-05,直播,分享
22820,1193,2025-08-08,直播,点击
22821,231,2025-07-31,图文,曝光
22822,361,2025-09-09,短视频,曝光
22823,1039,2025-08-18,短视频,曝光
22824,683,2025-09-01,直播,曝光
22825,788,2025-07-07,短视频,曝光
22826,1169,2025-08-02,短视频,点击
22827,1695,2025-08-02,图文,曝光
22828,91,2025-09-19,图文,曝光
22829,554,2025-09-08,短视频,点击
22830,623,2025-07-07,短视频,加购
22831,493,2025-07-16,直播,曝光
22832,178,2025-09-06,直播,点击
22833,536,2025-08-03,短视频,曝光
22834,328,2025-08-16,直播,曝光
22835,1757,2025-08-05,短视频,曝光
22836,705,2025-07-30,短视频,曝光
22837,689,2025-07-12,短视频,曝光
22838,1386,2025-08-07,图文,点击
22839,1194,2025-09-12,短视频,点击
22840,535,2025-08-24,短视频,曝光
22841,597,2025-07-16,短视频,曝光
22842,41,2025-07-26,短视频,曝光
22843,440,2025-09-04,短视频,曝光
22844,799,2025-08-25,短视频,曝光
22845,853,2025-09-30,短视频,曝光
22846,443,2025-08-18,直播,曝光
22847,1734,2025-09-26,直播,点击
22848,1557,2025-09-09,图文,曝光
22849,877,2025-09-19,图文,点击
22850,1644,2025-07-17,直播,加购
22851,627,2025-08-06,短视频,曝光
22852,1342,2025-08-02,短视频,曝光
22853,1578,2025-07-10,图文,点击
22854,1226,2025-08-16,直播,曝光
22855,626,2025-07-06,直播,点击
22856,1462,2025-09-05,直播,曝光
22857,214,2025-07-25,短视频,曝光
22858,752,2025-07-31,图文,曝光
22859,1700,2025-07-23,图文,曝光
22860,1303,2025-07-29,直播,曝光
22861,712,2025-08-12,图文,加购
22862,840,2025-09-21,直播,曝光
22863,812,2025-07-13,图文,曝光
22864,860,2025-07-11,直播,分享
22865,461,2025-07-30,短视频,曝光
22866,1578,2025-09-05,短视频,曝光
22867,181,2025-09-08,短视频,曝光
22868,1583,2025-09-12,直播,曝光
22869,1103,2025-09-01,直播,曝光
22870,801,2025-07-25,短视频,点击
22871,1589,2025-08-30,短视频,曝光
22872,1875,2025-08-10,短视频,曝光
22873,850,2025-09-01,直播,曝光
22874,1084,2025-08-17,短视频,曝光
22875,885,2025-09-24,直播,点击
22876,975,2025-09-09,图文,曝光
22877,710,2025-09-29,短视频,曝光
22878,1004,2025-09-19,图文,曝光
22879,48,2025-08-15,短视频,加购
22880,1559,2025-08-06,短视频,曝光
22881,184,2025-07-26,直播,曝光
22882,1936,2025-08-02,图文,曝光
22883,783,2025-07-19,图文,曝光
22884,1381,2025-08-02,短视频,点击
22885,62,2025-09-19,短视频,点击
22886,683,2025-07-18,图文,点击
22887,1899,2025-09-19,短视频,曝光
22888,1034,2025-07-06,短视频,曝光
22889,903,2025-07-16,图文,曝光
22890,615,2025-09-20,短视频,点击
22891,1378,2025-08-18,短视频,曝光
22892,1308,2025-07-29,图文,曝光
22893,1049,2025-07-18,直播,曝光
22894,1999,2025-07-02,短视频,曝光
22895,1106,2025-07-19,直播,点击
22896,1730,2025-07-14,短视频,加购
22897,945,2025-09-02,图文,曝光
22898,946,2025-09-25,直播,曝光
22899,1177,2025-07-24,图文,曝光
22900,685,2025-07-06,图文,曝光
22901,1579,2025-09-30,短视频,曝光
22902,906,2025-09-02,短视频,点击
22903,535,2025-08-06,图文,曝光
22904,633,2025-09-10,短视频,点击
22905,659,2025-09-03,短视频,曝光
22906,1984,2025-09-07,短视频,分享
22907,640,2025-07-16,图文,曝光
22908,404,2025-07-31,直播,曝光
22909,1370,2025-08-17,直播,曝光
22910,1620,2025-08-28,短视频,曝光
22911,844,2025-08-21,短视频,曝光
22912,829,2025-07-26,短视频,点击
22913,1214,2025-08-04,短视频,曝光
22914,1304,2025-08-08,直播,曝光
22915,218,2025-07-07,短视频,曝光
22916,1846,2025-09-15,图文,点击
22917,748,2025-08-29,直播,曝光
22918,1185,2025-08-25,直播,曝光
22919,105,2025-09-09,短视频,点击
22920,1234,2025-08-13,短视频,曝光
22921,211,2025-08-24,短视频,点击
22922,73,2025-09-02,直播,曝光
22923,1913,2025-08-29,直播,曝光
22924,258,2025-09-07,短视频,点击
22925,1494,2025-07-07,图文,点击
22926,1082,2025-09-24,短视频,分享
22927,485,2025-08-18,直播,曝光
22928,742,2025-09-09,短视频,曝光
22929,284,2025-07-04,短视频,曝光
22930,1219,2025-08-14,图文,曝光
22931,1666,2025-08-11,直播,点击
22932,769,2025-07-21,短视频,曝光
22933,1866,2025-09-21,短视频,曝光
22934,350,2025-08-13,图文,曝光
22935,1882,2025-09-21,直播,曝光
22936,1594,2025-08-10,直播,点击
22937,133,2025-08-24,图文,加购
22938,1691,2025-08-25,短视频,曝光
22939,129,2025-08-28,图文,曝光
22940,1937,2025-08-27,图文,曝光
22941,1358,2025-09-12,短视频,分享
22942,402,2025-07-20,图文,曝光
22943,1824,2025-09-04,图文,点击
22944,623,2025-09-13,短视频,曝光
22945,238,2025-09-14,图文,加购
22946,562,2025-08-08,短视频,曝光
22947,1727,2025-08-08,直播,点击
22948,1861,2025-09-11,短视频,曝光
22949,1852,2025-08-17,短视频,曝光
22950,1195,2025-07-02,图文,曝光
22951,368,2025-09-08,直播,曝光
22952,1845,2025-09-09,图文,点击
22953,1041,2025-08-16,短视频,分享
22954,1781,2025-08-20,直播,点击
22955,196,2025-08-18,短视频,曝光
22956,491,2025-08-08,短视频,曝光
22957,458,2025-09-03,图文,曝光
22958,856,2025-07-14,直播,曝光
22959,1701,2025-07-27,短视频,曝光
22960,828,2025-09-20,直播,曝光
22961,1217,2025-09-12,直播,曝光
22962,974,2025-07-05,图文,分享
22963,1912,2025-07-16,短视频,曝光
22964,1996,2025-07-11,短视频,分享
22965,1738,2025-09-27,直播,曝光
22966,348,2025-09-16,短视频,曝光
22967,1707,2025-08-22,直播,曝光
22968,1545,2025-09-02,短视频,曝光
22969,707,2025-08-26,直播,曝光
22970,456,2025-09-16,短视频,曝光
22971,1978,2025-09-23,短视频,分享
22972,1479,2025-09-28,图文,曝光
22973,517,2025-08-01,短视频,曝光
22974,406,2025-08-01,短视频,曝光
22975,1188,2025-07-11,直播,曝光
22976,1055,2025-09-13,短视频,曝光
22977,1659,2025-08-08,直播,加购
22978,1336,2025-07-04,直播,点击
22979,1621,2025-09-15,图文,曝光
22980,864,2025-09-22,短视频,点击
22981,1940,2025-09-17,图文,曝光
22982,1933,2025-08-28,直播,曝光
22983,1890,2025-09-19,图文,点击
22984,1412,2025-09-22,短视频,曝光
22985,752,2025-08-20,短视频,曝光
22986,315,2025-08-21,图文,曝光
22987,1120,2025-07-30,短视频,曝光
22988,745,2025-08-28,直播,点击
22989,339,2025-09-30,短视频,分享
22990,628,2025-09-24,短视频,曝光
22991,1604,2025-09-16,短视频,曝光
22992,592,2025-07-28,图文,点击
22993,198,2025-09-08,直播,曝光
22994,424,2025-08-01,直播,曝光
22995,358,2025-07-02,短视频,曝光
22996,372,2025-09-17,图文,曝光
22997,860,2025-07-28,图文,点击
22998,1741,2025-09-27,短视频,加购
22999,747,2025-08-20,直播,曝光
23000,1979,2025-08-31,图文,曝光
23001,1734,2025-08-22,图文,曝光
23002,321,2025-08-09,直播,加购
23003,1208,2025-09-22,直播,点击
23004,1583,2025-07-11,短视频,点击
23005,1423,2025-07-15,直播,曝光
23006,456,2025-08-25,图文,分享
23007,1422,2025-09-28,短视频,点击
23008,1044,2025-09-14,短视频,曝光
23009,468,2025-09-04,图文,点击
23010,395,2025-07-11,图文,曝光
23011,747,2025-07-06,短视频,点击
23012,543,2025-07-27,短视频,曝光
23013,1085,2025-09-04,短视频,曝光
23014,822,2025-07-10,图文,曝光
23015,236,2025-08-02,短视频,曝光
23016,1411,2025-08-01,短视频,点击
23017,124,2025-07-14,图文,曝光
23018,949,2025-08-23,短视频,曝光
23019,108,2025-07-22,直播,点击
23020,1621,2025-07-12,短视频,加购
23021,647,2025-08-09,直播,曝光
23022,194,2025-08-13,直播,曝光
23023,494,2025-07-19,短视频,曝光
23024,1144,2025-07-02,短视频,曝光
23025,1566,2025-07-07,短视频,曝光
23026,214,2025-09-14,短视频,曝光
23027,639,2025-09-14,短视频,点击
23028,236,2025-09-01,图文,加购
23029,487,2025-07-25,短视频,曝光
23030,618,2025-08-29,图文,曝光
23031,1179,2025-09-23,图文,曝光
23032,210,2025-09-16,短视频,曝光
23033,1220,2025-09-04,短视频,曝光
23034,1551,2025-07-13,图文,点击
23035,1891,2025-08-10,直播,加购
23036,1015,2025-09-28,短视频,曝光
23037,967,2025-09-10,短视频,点击
23038,1290,2025-07-05,图文,曝光
23039,1996,2025-09-19,直播,分享
23040,113,2025-08-10,短视频,曝光
23041,363,2025-07-14,短视频,曝光
23042,450,2025-07-01,直播,点击
23043,373,2025-08-07,图文,曝光
23044,1047,2025-09-23,直播,加购
23045,98,2025-08-25,短视频,点击
23046,165,2025-08-13,短视频,点击
23047,1337,2025-08-17,直播,曝光
23048,322,2025-07-26,短视频,曝光
23049,662,2025-07-02,短视频,分享
23050,44,2025-08-10,短视频,曝光
23051,1531,2025-07-17,直播,曝光
23052,1823,2025-09-26,短视频,加购
23053,1376,2025-07-24,图文,曝光
23054,863,2025-07-22,短视频,曝光
23055,797,2025-08-11,图文,曝光
23056,91,2025-08-01,短视频,曝光
23057,510,2025-08-25,图文,加购
23058,921,2025-07-01,短视频,点击
23059,101,2025-09-28,短视频,曝光
23060,1776,2025-07-21,短视频,曝光
23061,1247,2025-08-31,短视频,曝光
23062,380,2025-09-20,短视频,分享
23063,1767,2025-07-05,短视频,曝光
23064,476,2025-08-14,直播,曝光
23065,1318,2025-08-24,直播,曝光
23066,1965,2025-07-10,短视频,分享
23067,731,2025-08-30,图文,曝光
23068,1708,2025-09-15,短视频,曝光
23069,1849,2025-07-12,直播,分享
23070,1098,2025-09-16,短视频,曝光
23071,1302,2025-08-13,短视频,点击
23072,373,2025-09-28,直播,加购
23073,1683,2025-07-27,短视频,曝光
23074,440,2025-07-06,短视频,加购
23075,589,2025-08-30,图文,点击
23076,1723,2025-08-10,短视频,曝光
23077,415,2025-08-28,图文,曝光
23078,1352,2025-09-20,图文,曝光
23079,733,2025-09-18,短视频,曝光
23080,702,2025-07-11,短视频,曝光
23081,1826,2025-07-07,直播,曝光
23082,52,2025-08-03,直播,点击
23083,1500,2025-07-13,图文,曝光
23084,273,2025-09-22,短视频,点击
23085,1603,2025-08-20,直播,曝光
23086,1459,2025-07-09,短视频,点击
23087,1238,2025-08-21,短视频,加购
23088,1298,2025-09-05,短视频,加购
23089,38,2025-09-10,图文,曝光
23090,718,2025-09-26,直播,曝光
23091,1459,2025-08-26,直播,点击
23092,1184,2025-08-25,图文,曝光
23093,396,2025-07-06,短视频,加购
23094,1511,2025-09-19,直播,曝光
23095,590,2025-09-10,短视频,曝光
23096,1288,2025-09-12,短视频,曝光
23097,1272,2025-09-28,直播,曝光
23098,480,2025-09-13,短视频,曝光
23099,98,2025-08-09,图文,点击
23100,1904,2025-08-27,短视频,曝光
23101,1510,2025-09-20,直播,加购
23102,48,2025-07-07,短视频,曝光
23103,389,2025-07-14,短视频,曝光
23104,1113,2025-08-06,直播,分享
23105,1771,2025-08-30,直播,曝光
23106,447,2025-09-15,短视频,分享
23107,1053,2025-07-29,短视频,曝光
23108,1416,2025-07-19,图文,曝光
23109,1754,2025-07-18,短视频,曝光
23110,1124,2025-07-28,直播,曝光
23111,836,2025-07-06,短视频,曝光
23112,392,2025-08-17,短视频,曝光
23113,1099,2025-09-18,直播,曝光
23114,1012,2025-08-08,短视频,曝光
23115,1776,2025-08-14,直播,曝光
23116,1040,2025-09-14,短视频,曝光
23117,1542,2025-07-02,直播,曝光
23118,841,2025-09-28,直播,加购
23119,1000,2025-07-19,直播,点击
23120,85,2025-07-10,图文,加购
23121,991,2025-08-24,短视频,曝光
23122,414,2025-07-02,短视频,加购
23123,649,2025-08-11,短视频,曝光
23124,1938,2025-09-10,直播,曝光
23125,1357,2025-09-02,短视频,曝光
23126,377,2025-07-07,直播,曝光
23127,1114,2025-09-05,短视频,曝光
23128,918,2025-07-23,短视频,分享
23129,1508,2025-07-17,直播,曝光
23130,589,2025-08-02,直播,曝光
23131,1286,2025-08-10,短视频,曝光
23132,1514,2025-07-28,短视频,曝光
23133,1441,2025-08-18,图文,曝光
23134,1157,2025-08-29,直播,曝光
23135,39,2025-07-08,短视频,曝光
23136,1431,2025-07-26,图文,曝光
23137,1924,2025-07-29,图文,曝光
23138,1274,2025-08-25,短视频,曝光
23139,1179,2025-07-24,短视频,曝光
23140,1008,2025-09-03,图文,点击
23141,175,2025-09-05,短视频,曝光
23142,1922,2025-07-02,直播,曝光
23143,748,2025-08-28,直播,曝光
23144,1407,2025-08-03,直播,分享
23145,1094,2025-07-27,短视频,曝光
23146,1378,2025-07-05,短视频,点击
23147,163,2025-08-14,短视频,分享
23148,1381,2025-09-09,直播,曝光
23149,1107,2025-07-15,短视频,曝光
23150,934,2025-07-06,直播,点击
23151,1495,2025-07-13,短视频,点击
23152,1286,2025-09-18,直播,曝光
23153,1513,2025-07-20,短视频,曝光
23154,1210,2025-09-16,短视频,曝光
23155,1568,2025-07-18,短视频,加购
23156,1777,2025-08-17,直播,分享
23157,1628,2025-08-11,直播,曝光
23158,1958,2025-09-25,短视频,曝光
23159,1077,2025-07-26,直播,曝光
23160,967,2025-08-03,图文,点击
23161,140,2025-08-11,短视频,分享
23162,1202,2025-07-28,直播,曝光
23163,1365,2025-07-16,短视频,加购
23164,581,2025-07-11,图文,曝光
23165,82,2025-08-24,短视频,曝光
23166,1691,2025-09-05,图文,曝光
23167,253,2025-07-16,短视频,曝光
23168,1422,2025-08-09,图文,曝光
23169,1950,2025-09-03,图文,曝光
23170,1848,2025-09-29,短视频,曝光
23171,436,2025-07-13,直播,加购
23172,1211,2025-09-19,短视频,点击
23173,1882,2025-08-05,短视频,曝光
23174,1418,2025-08-17,直播,曝光
23175,575,2025-07-07,直播,曝光
23176,191,2025-08-11,短视频,曝光
23177,1036,2025-07-27,图文,曝光
23178,1214,2025-07-22,直播,点击
23179,377,2025-09-19,直播,分享
23180,754,2025-07-15,直播,曝光
23181,839,2025-07-22,短视频,点击
23182,1017,2025-07-23,短视频,曝光
23183,108,2025-09-10,直播,分享
23184,654,2025-08-20,图文,点击
23185,1684,2025-08-12,图文,点击
23186,575,2025-07-14,短视频,曝光
23187,1604,2025-08-06,直播,曝光
23188,1642,2025-09-20,短视频,分享
23189,1731,2025-08-15,短视频,加购
23190,1116,2025-09-28,短视频,分享
23191,724,2025-07-05,图文,分享
23192,507,2025-07-25,直播,曝光
23193,1071,2025-07-14,短视频,曝光
23194,1534,2025-08-29,图文,曝光
23195,1656,2025-07-10,短视频,曝光
23196,150,2025-08-07,短视频,点击
23197,1858,2025-07-04,短视频,曝光
23198,587,2025-08-18,短视频,曝光
23199,508,2025-07-18,短视频,曝光
23200,673,2025-09-09,图文,曝光
23201,732,2025-08-12,短视频,曝光
23202,356,2025-08-26,短视频,加购
23203,650,2025-07-18,短视频,加购
23204,1686,2025-08-31,直播,曝光
23205,52,2025-07-04,短视频,曝光
23206,1348,2025-07-14,直播,曝光
23207,1755,2025-09-14,短视频,曝光
23208,1341,2025-07-23,图文,曝光
23209,950,2025-09-06,短视频,曝光
23210,1186,2025-09-18,短视频,曝光
23211,1079,2025-07-12,图文,点击
23212,757,2025-09-28,短视频,曝光
23213,1694,2025-09-13,短视频,点击
23214,1319,2025-08-21,短视频,加购
23215,112,2025-07-30,直播,曝光
23216,1473,2025-07-20,短视频,曝光
23217,487,2025-07-22,直播,曝光
23218,1077,2025-08-17,图文,曝光
23219,341,2025-07-14,直播,曝光
23220,942,2025-08-13,短视频,点击
23221,290,2025-08-16,短视频,曝光
23222,448,2025-08-31,直播,曝光
23223,1736,2025-07-01,直播,分享
23224,168,2025-07-31,短视频,曝光
23225,612,2025-07-13,短视频,点击
23226,83,2025-09-20,直播,曝光
23227,378,2025-09-16,短视频,曝光
23228,1429,2025-09-29,图文,曝光
23229,1103,2025-09-22,图文,曝光
23230,698,2025-09-22,直播,曝光
23231,180,2025-07-30,图文,加购
23232,1417,2025-09-29,图文,曝光
23233,513,2025-07-01,短视频,点击
23234,1016,2025-07-13,短视频,分享
23235,255,2025-07-28,短视频,曝光
23236,894,2025-07-24,短视频,分享
23237,1748,2025-09-11,短视频,曝光
23238,1258,2025-09-09,短视频,曝光
23239,952,2025-07-16,短视频,曝光
23240,367,2025-08-12,短视频,点击
23241,530,2025-07-09,直播,曝光
23242,1960,2025-09-27,图文,分享
23243,1875,2025-09-03,短视频,曝光
23244,661,2025-07-14,直播,曝光
23245,1286,2025-09-09,直播,曝光
23246,1539,2025-07-29,直播,曝光
23247,822,2025-07-22,短视频,曝光
23248,496,2025-08-29,图文,曝光
23249,669,2025-07-21,短视频,曝光
23250,936,2025-08-07,直播,点击
23251,721,2025-09-20,短视频,曝光
23252,999,2025-08-03,图文,点击
23253,308,2025-07-14,直播,曝光
23254,614,2025-08-20,图文,点击
23255,357,2025-07-14,短视频,曝光
23256,698,2025-09-13,短视频,点击
23257,562,2025-09-07,短视频,曝光
23258,871,2025-08-09,短视频,曝光
23259,1998,2025-08-19,短视频,曝光
23260,1673,2025-07-04,短视频,曝光
23261,1237,2025-08-28,短视频,曝光
23262,1001,2025-09-10,短视频,曝光
23263,667,2025-09-22,短视频,曝光
23264,178,2025-09-05,直播,点击
23265,1239,2025-07-27,图文,曝光
23266,434,2025-08-16,短视频,曝光
23267,77,2025-07-30,短视频,曝光
23268,1973,2025-08-25,直播,点击
23269,419,2025-09-19,直播,曝光
23270,180,2025-08-03,图文,曝光
23271,1187,2025-09-12,短视频,曝光
23272,1296,2025-07-10,图文,点击
23273,548,2025-09-04,短视频,曝光
23274,423,2025-09-12,短视频,加购
23275,280,2025-09-11,短视频,加购
23276,864,2025-08-06,图文,曝光
23277,813,2025-09-07,短视频,点击
23278,715,2025-09-29,直播,曝光
23279,1849,2025-07-06,图文,曝光
23280,1955,2025-09-28,图文,曝光
23281,1748,2025-08-03,直播,分享
23282,1103,2025-07-30,短视频,点击
23283,1926,2025-07-10,图文,点击
23284,500,2025-07-18,直播,曝光
23285,1484,2025-08-17,图文,曝光
23286,1208,2025-09-08,短视频,点击
23287,1231,2025-09-05,直播,曝光
23288,143,2025-09-09,短视频,分享
23289,289,2025-09-05,直播,点击
23290,1854,2025-07-03,短视频,曝光
23291,537,2025-08-11,短视频,加购
23292,689,2025-08-19,短视频,曝光
23293,1372,2025-07-05,直播,曝光
23294,1767,2025-07-27,直播,曝光
23295,794,2025-07-27,短视频,曝光
23296,1619,2025-07-05,直播,曝光
23297,1229,2025-08-11,直播,曝光
23298,374,2025-08-09,短视频,加购
23299,1120,2025-08-19,短视频,曝光
23300,1925,2025-07-13,直播,曝光
23301,1969,2025-09-28,短视频,加购
23302,1984,2025-07-27,直播,曝光
23303,147,2025-08-26,短视频,曝光
23304,1611,2025-08-22,短视频,点击
23305,950,2025-07-01,短视频,曝光
23306,903,2025-07-23,直播,加购
23307,847,2025-09-03,短视频,点击
23308,1346,2025-08-03,短视频,曝光
23309,1007,2025-07-31,直播,加购
23310,162,2025-09-04,图文,曝光
23311,786,2025-09-12,直播,曝光
23312,1843,2025-09-13,短视频,曝光
23313,271,2025-08-10,直播,曝光
23314,444,2025-08-12,短视频,曝光
23315,221,2025-09-01,短视频,曝光
23316,1434,2025-08-24,直播,曝光
23317,1621,2025-08-04,短视频,曝光
23318,1604,2025-07-31,短视频,曝光
23319,141,2025-09-28,短视频,点击
23320,1940,2025-09-20,短视频,曝光
23321,1784,2025-07-28,直播,曝光
23322,1648,2025-07-08,直播,加购
23323,1727,2025-09-26,短视频,曝光
23324,1637,2025-07-09,短视频,曝光
23325,74,2025-07-22,短视频,曝光
23326,1411,2025-07-04,直播,点击
23327,1823,2025-09-10,直播,分享
23328,1154,2025-07-10,短视频,曝光
23329,1821,2025-07-30,短视频,曝光
23330,84,2025-08-27,直播,曝光
23331,1198,2025-07-05,短视频,曝光
23332,1946,2025-09-30,直播,点击
23333,1125,2025-09-10,直播,曝光
23334,898,2025-08-25,图文,点击
23335,574,2025-08-21,直播,曝光
23336,1594,2025-07-24,短视频,曝光
23337,1892,2025-08-24,短视频,点击
23338,755,2025-09-14,直播,曝光
23339,992,2025-08-16,直播,加购
23340,913,2025-08-02,短视频,曝光
23341,1266,2025-07-27,短视频,曝光
23342,925,2025-08-24,图文,加购
23343,1457,2025-09-21,直播,加购
23344,1981,2025-08-10,图文,曝光
23345,615,2025-08-31,短视频,曝光
23346,423,2025-08-17,直播,曝光
23347,1111,2025-08-14,短视频,点击
23348,1004,2025-07-10,直播,加购
23349,851,2025-08-01,短视频,曝光
23350,310,2025-09-24,图文,曝光
23351,228,2025-09-20,短视频,点击
23352,989,2025-07-29,直播,点击
23353,1447,2025-08-24,直播,曝光
23354,1092,2025-08-25,短视频,曝光
23355,1557,2025-09-20,图文,曝光
23356,274,2025-07-01,短视频,点击
23357,1893,2025-07-29,短视频,曝光
23358,1397,2025-08-12,直播,曝光
23359,1331,2025-08-17,直播,点击
23360,1656,2025-09-09,直播,曝光
23361,1887,2025-08-01,直播,曝光
23362,1633,2025-08-26,直播,点击
23363,963,2025-09-16,短视频,点击
23364,1459,2025-07-30,短视频,曝光
23365,843,2025-08-16,短视频,点击
23366,282,2025-08-29,短视频,曝光
23367,1970,2025-09-12,图文,曝光
23368,1243,2025-09-12,图文,曝光
23369,1576,2025-08-07,短视频,曝光
23370,1397,2025-07-15,直播,点击
23371,680,2025-07-12,短视频,曝光
23372,1519,2025-07-07,直播,曝光
23373,654,2025-08-14,短视频,加购
23374,1419,2025-08-12,短视频,分享
23375,1639,2025-07-23,短视频,曝光
23376,1258,2025-08-10,短视频,分享
23377,951,2025-09-02,短视频,点击
23378,1456,2025-07-05,短视频,加购
23379,143,2025-07-24,短视频,曝光
23380,1705,2025-09-01,短视频,分享
23381,1002,2025-07-23,短视频,曝光
23382,1139,2025-08-23,短视频,曝光
23383,405,2025-09-10,短视频,加购
23384,291,2025-07-29,短视频,点击
23385,728,2025-07-10,图文,曝光
23386,1632,2025-07-26,图文,点击
23387,29,2025-08-29,短视频,加购
23388,1323,2025-07-27,短视频,曝光
23389,1981,2025-09-22,直播,曝光
23390,1374,2025-07-11,短视频,曝光
23391,589,2025-08-12,直播,曝光
23392,589,2025-09-24,短视频,曝光
23393,668,2025-09-06,短视频,曝光
23394,300,2025-07-06,短视频,曝光
23395,1197,2025-07-26,短视频,加购
23396,1562,2025-07-04,图文,点击
23397,1034,2025-09-27,短视频,曝光
23398,99,2025-09-10,短视频,加购
23399,1731,2025-07-23,直播,曝光
23400,805,2025-08-12,短视频,曝光
23401,1022,2025-08-11,短视频,分享
23402,1018,2025-09-13,短视频,曝光
23403,1268,2025-07-10,直播,曝光
23404,35,2025-08-16,图文,加购
23405,488,2025-09-06,短视频,加购
23406,1195,2025-09-21,短视频,曝光
23407,777,2025-08-02,短视频,点击
23408,240,2025-08-02,短视频,曝光
23409,1837,2025-08-29,图文,点击
23410,483,2025-08-23,直播,曝光
23411,444,2025-09-22,图文,曝光
23412,1988,2025-07-21,短视频,曝光
23413,460,2025-08-05,图文,曝光
23414,1121,2025-08-11,直播,分享
23415,1035,2025-08-17,图文,点击
23416,1937,2025-07-13,短视频,曝光
23417,1909,2025-07-15,图文,曝光
23418,986,2025-08-15,直播,加购
23419,90,2025-07-08,直播,点击
23420,1607,2025-08-12,短视频,曝光
23421,1282,2025-07-15,短视频,曝光
23422,76,2025-07-03,图文,曝光
23423,283,2025-08-08,直播,曝光
23424,583,2025-07-09,图文,点击
23425,1695,2025-08-29,短视频,曝光
23426,567,2025-08-21,短视频,曝光
23427,1774,2025-07-14,直播,加购
23428,140,2025-09-04,短视频,曝光
23429,1023,2025-07-28,短视频,曝光
23430,1905,2025-08-30,短视频,曝光
23431,1300,2025-09-25,短视频,曝光
23432,1010,2025-09-05,短视频,曝光
23433,777,2025-07-28,短视频,曝光
23434,1186,2025-08-14,短视频,曝光
23435,509,2025-07-28,直播,曝光
23436,1041,2025-08-01,短视频,曝光
23437,113,2025-09-20,直播,曝光
23438,498,2025-09-02,短视频,点击
23439,1462,2025-08-20,图文,曝光
23440,1849,2025-07-25,短视频,点击
23441,852,2025-08-18,短视频,曝光
23442,1338,2025-08-27,图文,曝光
23443,909,2025-09-04,直播,曝光
23444,248,2025-07-09,直播,曝光
23445,1922,2025-09-18,图文,点击
23446,924,2025-08-19,图文,曝光
23447,227,2025-08-02,短视频,曝光
23448,3,2025-09-05,图文,曝光
23449,408,2025-08-20,图文,曝光
23450,1350,2025-07-30,短视频,曝光
23451,658,2025-09-22,短视频,曝光
23452,1048,2025-09-23,直播,曝光
23453,330,2025-09-22,图文,分享
23454,1809,2025-07-07,直播,曝光
23455,1945,2025-09-23,直播,加购
23456,1895,2025-07-25,短视频,分享
23457,1246,2025-08-01,直播,分享
23458,197,2025-09-01,短视频,加购
23459,239,2025-08-13,短视频,曝光
23460,179,2025-09-14,图文,曝光
23461,993,2025-08-31,短视频,曝光
23462,1799,2025-07-11,直播,点击
23463,1594,2025-07-13,图文,曝光
23464,1025,2025-07-10,直播,曝光
23465,1499,2025-07-31,短视频,曝光
23466,940,2025-08-12,图文,加购
23467,1247,2025-09-20,短视频,曝光
23468,1142,2025-08-01,图文,加购
23469,1208,2025-07-09,短视频,曝光
23470,933,2025-08-20,短视频,曝光
23471,1486,2025-08-08,短视频,曝光
23472,1229,2025-09-16,短视频,曝光
23473,544,2025-07-04,短视频,曝光
23474,1899,2025-07-27,图文,曝光
23475,986,2025-09-03,短视频,曝光
23476,1212,2025-07-01,直播,曝光
23477,1061,2025-08-21,短视频,曝光
23478,642,2025-08-31,短视频,点击
23479,162,2025-07-04,短视频,曝光
23480,427,2025-08-21,图文,曝光
23481,1915,2025-09-24,短视频,曝光
23482,1933,2025-08-17,直播,曝光
23483,325,2025-07-16,短视频,点击
23484,1159,2025-09-11,短视频,点击
23485,515,2025-07-06,直播,曝光
23486,1134,2025-09-17,短视频,曝光
23487,1311,2025-09-26,图文,加购
23488,67,2025-07-14,图文,曝光
23489,1901,2025-07-26,直播,曝光
23490,1837,2025-09-15,短视频,曝光
23491,1904,2025-09-07,直播,曝光
23492,940,2025-08-19,图文,曝光
23493,1436,2025-08-31,直播,曝光
23494,2000,2025-09-19,短视频,分享
23495,383,2025-09-04,短视频,曝光
23496,336,2025-08-22,短视频,点击
23497,1605,2025-08-05,直播,曝光
23498,653,2025-09-21,短视频,曝光
23499,363,2025-08-22,短视频,曝光
23500,421,2025-09-15,直播,曝光
23501,1376,2025-09-17,直播,曝光
23502,758,2025-07-30,图文,曝光
23503,615,2025-09-07,短视频,加购
23504,1954,2025-08-29,直播,曝光
23505,1956,2025-07-22,短视频,点击
23506,830,2025-08-22,直播,曝光
23507,462,2025-09-26,短视频,曝光
23508,1655,2025-08-19,图文,曝光
23509,1502,2025-09-02,直播,曝光
23510,1511,2025-07-11,直播,曝光
23511,432,2025-08-05,图文,曝光
23512,596,2025-07-03,短视频,点击
23513,161,2025-08-03,直播,点击
23514,1160,2025-08-01,图文,点击
23515,91,2025-07-18,图文,曝光
23516,1704,2025-08-15,短视频,曝光
23517,632,2025-08-16,直播,曝光
23518,1223,2025-08-20,短视频,曝光
23519,326,2025-08-06,直播,曝光
23520,530,2025-08-17,短视频,加购
23521,541,2025-08-23,短视频,点击
23522,1727,2025-07-14,图文,曝光
23523,1959,2025-08-14,图文,曝光
23524,1113,2025-09-14,图文,曝光
23525,209,2025-09-03,短视频,点击
23526,1961,2025-09-05,短视频,曝光
23527,580,2025-07-28,直播,分享
23528,1312,2025-09-18,短视频,曝光
23529,456,2025-08-14,直播,加购
23530,898,2025-09-20,直播,加购
23531,74,2025-07-15,直播,曝光
23532,872,2025-09-15,短视频,加购
23533,1350,2025-07-28,短视频,曝光
23534,1761,2025-08-31,短视频,点击
23535,1902,2025-07-02,图文,曝光
23536,1962,2025-08-10,短视频,点击
23537,1937,2025-09-10,短视频,点击
23538,821,2025-08-28,短视频,曝光
23539,524,2025-07-29,短视频,曝光
23540,327,2025-07-23,短视频,点击
23541,329,2025-07-22,直播,分享
23542,80,2025-09-23,直播,曝光
23543,1419,2025-07-28,短视频,点击
23544,645,2025-08-28,直播,曝光
23545,1017,2025-07-02,短视频,加购
23546,684,2025-08-25,直播,分享
23547,1078,2025-08-29,短视频,点击
23548,852,2025-08-23,短视频,曝光
23549,1172,2025-09-15,短视频,曝光
23550,291,2025-09-01,直播,加购
23551,1809,2025-07-20,直播,曝光
23552,986,2025-09-02,直播,曝光
23553,1394,2025-07-22,图文,曝光
23554,1887,2025-07-05,短视频,加购
23555,179,2025-09-24,短视频,曝光
23556,465,2025-08-09,短视频,点击
23557,1084,2025-08-09,短视频,曝光
23558,1370,2025-09-28,短视频,曝光
23559,949,2025-08-25,直播,分享
23560,76,2025-09-08,短视频,曝光
23561,1384,2025-09-19,短视频,曝光
23562,1288,2025-07-18,短视频,曝光
23563,32,2025-07-14,短视频,曝光
23564,1876,2025-08-09,直播,点击
23565,1779,2025-07-07,直播,加购
23566,565,2025-08-12,短视频,加购
23567,1222,2025-08-20,图文,点击
23568,1633,2025-09-29,直播,点击
23569,898,2025-07-16,短视频,曝光
23570,165,2025-09-26,短视频,点击
23571,809,2025-07-23,短视频,点击
23572,717,2025-07-08,短视频,曝光
23573,1628,2025-09-16,短视频,曝光
23574,14,2025-07-25,短视频,曝光
23575,1899,2025-07-28,图文,曝光
23576,711,2025-07-07,图文,点击
23577,771,2025-08-19,直播,曝光
23578,620,2025-07-18,图文,曝光
23579,46,2025-08-25,短视频,曝光
23580,1386,2025-08-11,直播,曝光
23581,1484,2025-07-25,图文,曝光
23582,590,2025-08-25,图文,点击
23583,249,2025-07-15,直播,分享
23584,1647,2025-09-13,图文,点击
23585,1384,2025-09-02,短视频,点击
23586,583,2025-07-09,短视频,曝光
23587,1340,2025-09-30,直播,点击
23588,447,2025-07-26,短视频,曝光
23589,1270,2025-09-27,短视频,曝光
23590,990,2025-08-26,直播,曝光
23591,381,2025-09-23,直播,点击
23592,1313,2025-08-12,直播,曝光
23593,364,2025-09-09,短视频,点击
23594,1778,2025-07-29,短视频,曝光
23595,205,2025-09-02,图文,曝光
23596,1628,2025-07-17,短视频,曝光
23597,575,2025-07-14,直播,曝光
23598,1050,2025-09-04,短视频,曝光
23599,1707,2025-07-04,短视频,曝光
23600,1957,2025-07-22,短视频,点击
23601,1000,2025-08-14,直播,点击
23602,594,2025-09-01,短视频,曝光
23603,1491,2025-08-23,短视频,曝光
23604,1999,2025-09-23,短视频,曝光
23605,598,2025-09-05,直播,曝光
23606,771,2025-07-20,直播,曝光
23607,1660,2025-09-03,短视频,曝光
23608,525,2025-09-05,短视频,曝光
23609,1129,2025-09-17,短视频,加购
23610,766,2025-09-12,短视频,曝光
23611,1019,2025-08-27,短视频,加购
23612,1172,2025-08-28,短视频,曝光
23613,1033,2025-08-11,图文,曝光
23614,948,2025-07-30,短视频,曝光
23615,765,2025-09-27,直播,曝光
23616,101,2025-07-23,短视频,曝光
23617,1564,2025-09-16,直播,曝光
23618,713,2025-09-11,直播,分享
23619,147,2025-08-26,直播,曝光
23620,984,2025-07-30,短视频,曝光
23621,1643,2025-09-04,短视频,曝光
23622,1327,2025-09-13,短视频,点击
23623,1191,2025-08-25,短视频,分享
23624,1907,2025-09-16,短视频,曝光
23625,1345,2025-08-16,图文,分享
23626,1912,2025-09-19,短视频,曝光
23627,1790,2025-08-07,直播,曝光
23628,1029,2025-09-14,图文,点击
23629,142,2025-07-07,图文,分享
23630,1139,2025-09-21,直播,曝光
23631,1895,2025-08-31,短视频,点击
23632,1397,2025-09-24,直播,曝光
23633,444,2025-09-23,图文,加购
23634,1671,2025-08-15,直播,分享
23635,1679,2025-08-30,短视频,曝光
23636,1491,2025-07-27,短视频,加购
23637,315,2025-09-28,直播,曝光
23638,1442,2025-07-18,短视频,曝光
23639,1731,2025-07-18,短视频,曝光
23640,895,2025-08-05,直播,曝光
23641,1371,2025-08-09,短视频,曝光
23642,1738,2025-07-24,短视频,曝光
23643,1468,2025-09-27,直播,曝光
23644,1326,2025-09-16,短视频,分享
23645,833,2025-07-19,图文,曝光
23646,319,2025-09-16,图文,曝光
23647,542,2025-07-29,图文,曝光
23648,1197,2025-08-10,短视频,点击
23649,1473,2025-09-29,短视频,点击
23650,622,2025-09-13,短视频,曝光
23651,763,2025-08-02,图文,曝光
23652,407,2025-08-28,图文,曝光
23653,702,2025-09-12,短视频,点击
23654,1298,2025-08-22,短视频,曝光
23655,2,2025-07-23,短视频,曝光
23656,1285,2025-09-13,短视频,曝光
23657,126,2025-08-02,短视频,曝光
23658,1910,2025-09-13,短视频,点击
23659,1479,2025-08-19,直播,曝光
23660,1953,2025-09-12,直播,曝光
23661,739,2025-09-14,短视频,曝光
23662,818,2025-08-20,短视频,点击
23663,961,2025-07-30,短视频,曝光
23664,358,2025-07-30,直播,曝光
23665,1439,2025-07-04,短视频,曝光
23666,281,2025-08-07,短视频,曝光
23667,1691,2025-07-20,图文,曝光
23668,1949,2025-09-01,短视频,曝光
23669,517,2025-08-30,图文,分享
23670,792,2025-09-22,直播,曝光
23671,69,2025-07-16,短视频,点击
23672,686,2025-09-05,短视频,分享
23673,421,2025-07-22,直播,曝光
23674,1243,2025-09-11,短视频,曝光
23675,1575,2025-09-13,短视频,分享
23676,115,2025-07-27,图文,曝光
23677,345,2025-09-28,直播,曝光
23678,1294,2025-08-10,直播,曝光
23679,916,2025-08-28,短视频,分享
23680,1752,2025-09-07,短视频,曝光
23681,1576,2025-08-25,短视频,曝光
23682,1449,2025-09-19,短视频,曝光
23683,1943,2025-07-07,图文,点击
23684,835,2025-08-17,短视频,曝光
23685,1313,2025-09-11,短视频,曝光
23686,233,2025-07-02,短视频,曝光
23687,195,2025-08-13,图文,曝光
23688,483,2025-09-20,短视频,曝光
23689,593,2025-07-31,图文,曝光
23690,531,2025-07-09,图文,曝光
23691,1343,2025-08-05,短视频,曝光
23692,770,2025-08-18,直播,曝光
23693,1403,2025-07-09,直播,点击
23694,267,2025-08-14,短视频,曝光
23695,708,2025-08-30,图文,加购
23696,1152,2025-09-27,直播,曝光
23697,1987,2025-08-31,直播,曝光
23698,733,2025-07-12,直播,曝光
23699,1138,2025-09-24,短视频,加购
23700,993,2025-08-31,直播,加购
23701,26,2025-09-16,图文,曝光
23702,571,2025-07-29,直播,曝光
23703,576,2025-07-03,短视频,加购
23704,908,2025-08-09,直播,点击
23705,371,2025-08-02,直播,曝光
23706,1426,2025-08-08,短视频,曝光
23707,950,2025-09-25,短视频,曝光
23708,177,2025-08-02,短视频,点击
23709,713,2025-07-25,图文,曝光
23710,1021,2025-09-19,直播,点击
23711,437,2025-09-21,短视频,加购
23712,1237,2025-09-05,短视频,点击
23713,1523,2025-07-12,短视频,曝光
23714,1336,2025-09-21,图文,曝光
23715,1342,2025-07-04,短视频,加购
23716,1846,2025-09-13,短视频,加购
23717,1049,2025-09-07,直播,曝光
23718,1563,2025-08-08,图文,曝光
23719,686,2025-07-19,短视频,曝光
23720,1478,2025-07-06,短视频,曝光
23721,1163,2025-07-04,短视频,曝光
23722,1736,2025-07-28,短视频,曝光
23723,154,2025-08-13,短视频,点击
23724,1829,2025-08-01,直播,点击
23725,463,2025-08-25,短视频,曝光
23726,1679,2025-07-10,直播,曝光
23727,760,2025-09-03,图文,曝光
23728,1228,2025-07-15,直播,曝光
23729,669,2025-08-10,图文,加购
23730,1687,2025-07-03,短视频,曝光
23731,1452,2025-09-24,短视频,曝光
23732,653,2025-08-10,短视频,曝光
23733,267,2025-08-04,直播,分享
23734,1904,2025-07-16,直播,曝光
23735,1948,2025-07-22,短视频,曝光
23736,347,2025-07-25,直播,曝光
23737,635,2025-07-09,短视频,点击
23738,459,2025-08-14,图文,曝光
23739,455,2025-07-14,短视频,曝光
23740,318,2025-07-16,短视频,曝光
23741,1459,2025-07-09,短视频,曝光
23742,1555,2025-07-07,短视频,曝光
23743,1213,2025-09-15,短视频,分享
23744,869,2025-09-09,短视频,曝光
23745,1959,2025-09-01,短视频,曝光
23746,1477,2025-09-20,短视频,曝光
23747,119,2025-08-11,短视频,曝光
23748,1021,2025-08-01,图文,加购
23749,341,2025-08-09,直播,点击
23750,807,2025-08-12,直播,曝光
23751,789,2025-07-10,短视频,曝光
23752,1793,2025-07-27,图文,加购
23753,1642,2025-08-13,图文,曝光
23754,865,2025-08-12,图文,曝光
23755,1542,2025-08-05,直播,曝光
23756,1237,2025-07-09,直播,曝光
23757,1109,2025-07-27,直播,曝光
23758,1718,2025-08-12,直播,曝光
23759,1247,2025-07-20,短视频,曝光
23760,426,2025-08-12,短视频,曝光
23761,791,2025-07-30,短视频,曝光
23762,806,2025-07-29,直播,分享
23763,1688,2025-09-24,短视频,曝光
23764,290,2025-09-18,图文,点击
23765,954,2025-09-03,直播,曝光
23766,1086,2025-08-08,直播,曝光
23767,1908,2025-09-12,直播,点击
23768,1580,2025-07-14,图文,加购
23769,522,2025-07-18,图文,曝光
23770,111,2025-09-08,图文,曝光
23771,254,2025-09-22,图文,曝光
23772,121,2025-07-14,图文,曝光
23773,813,2025-08-15,短视频,分享
23774,1483,2025-07-08,短视频,曝光
23775,1315,2025-09-28,直播,曝光
23776,1420,2025-08-03,短视频,加购
23777,1062,2025-09-14,短视频,曝光
23778,805,2025-09-12,短视频,曝光
23779,1649,2025-07-15,短视频,曝光
23780,722,2025-09-26,直播,曝光
23781,1169,2025-09-27,短视频,曝光
23782,565,2025-08-30,图文,曝光
23783,731,2025-09-27,短视频,曝光
23784,124,2025-09-21,短视频,曝光
23785,1216,2025-08-21,图文,曝光
23786,1028,2025-08-22,图文,加购
23787,632,2025-09-30,短视频,曝光
23788,1233,2025-07-18,图文,曝光
23789,262,2025-08-13,图文,曝光
23790,1731,2025-08-21,短视频,点击
23791,66,2025-07-09,图文,加购
23792,1084,2025-09-06,短视频,曝光
23793,535,2025-08-28,短视频,曝光
23794,304,2025-07-07,短视频,曝光
23795,343,2025-09-16,短视频,曝光
23796,617,2025-08-08,短视频,点击
23797,1267,2025-07-11,直播,曝光
23798,1571,2025-07-08,短视频,点击
23799,1865,2025-07-26,直播,点击
23800,1237,2025-08-06,直播,点击
23801,993,2025-08-06,直播,曝光
23802,1543,2025-08-21,直播,曝光
23803,1625,2025-08-30,直播,加购
23804,827,2025-09-05,短视频,分享
23805,836,2025-08-10,直播,加购
23806,136,2025-08-02,短视频,加购
23807,32,2025-09-07,直播,加购
23808,1785,2025-07-12,直播,曝光
23809,1733,2025-09-21,图文,曝光
23810,699,2025-08-15,短视频,曝光
23811,1887,2025-08-27,短视频,曝光
23812,167,2025-07-12,图文,点击
23813,1916,2025-07-09,短视频,曝光
23814,1174,2025-07-09,直播,曝光
23815,1045,2025-08-06,图文,点击
23816,1488,2025-09-06,直播,曝光
23817,455,2025-09-27,短视频,曝光
23818,957,2025-08-25,短视频,曝光
23819,460,2025-08-09,短视频,曝光
23820,1228,2025-08-18,直播,曝光
23821,833,2025-07-16,图文,曝光
23822,835,2025-07-16,短视频,曝光
23823,1493,2025-09-17,短视频,曝光
23824,1628,2025-09-23,图文,曝光
23825,1718,2025-09-16,图文,加购
23826,1568,2025-09-18,图文,点击
23827,357,2025-09-05,直播,曝光
23828,1440,2025-09-16,短视频,曝光
23829,1418,2025-07-05,短视频,曝光
23830,40,2025-07-07,直播,曝光
23831,388,2025-09-21,短视频,曝光
23832,1033,2025-07-07,短视频,点击
23833,610,2025-07-24,短视频,曝光
23834,1571,2025-08-13,短视频,曝光
23835,1536,2025-08-18,直播,曝光
23836,490,2025-07-27,直播,曝光
23837,37,2025-09-20,短视频,曝光
23838,519,2025-07-31,图文,曝光
23839,1807,2025-09-11,直播,曝光
23840,1809,2025-09-04,直播,分享
23841,1010,2025-07-05,直播,曝光
23842,1684,2025-09-25,短视频,曝光
23843,1133,2025-07-20,图文,点击
23844,1977,2025-08-25,直播,曝光
23845,308,2025-08-25,短视频,曝光
23846,995,2025-07-03,短视频,曝光
23847,363,2025-09-28,图文,点击
23848,249,2025-07-04,图文,点击
23849,310,2025-08-09,直播,曝光
23850,17,2025-07-22,直播,点击
23851,1889,2025-07-20,直播,曝光
23852,1413,2025-07-01,短视频,曝光
23853,998,2025-07-12,图文,曝光
23854,1634,2025-07-13,直播,曝光
23855,1135,2025-08-31,短视频,曝光
23856,857,2025-07-05,短视频,曝光
23857,969,2025-08-19,直播,点击
23858,852,2025-07-26,图文,曝光
23859,811,2025-07-04,直播,曝光
23860,1681,2025-07-05,短视频,曝光
23861,1943,2025-09-15,直播,点击
23862,373,2025-09-22,直播,曝光
23863,1473,2025-08-27,直播,加购
23864,127,2025-08-18,图文,曝光
23865,1592,2025-07-22,直播,曝光
23866,1932,2025-09-18,直播,曝光
23867,1448,2025-08-15,直播,曝光
23868,1085,2025-09-01,图文,曝光
23869,1899,2025-09-11,直播,曝光
23870,1545,2025-08-12,短视频,点击
23871,1573,2025-07-31,短视频,点击
23872,1910,2025-08-12,图文,曝光
23873,1085,2025-09-21,直播,曝光
23874,1621,2025-09-05,图文,加购
23875,1800,2025-09-02,短视频,点击
23876,936,2025-07-30,直播,点击
23877,1457,2025-07-30,短视频,曝光
23878,1297,2025-08-18,短视频,曝光
23879,1980,2025-07-03,短视频,曝光
23880,1265,2025-07-11,短视频,曝光
23881,1448,2025-08-21,直播,曝光
23882,1852,2025-09-11,图文,点击
23883,22,2025-08-05,图文,曝光
23884,283,2025-07-31,直播,曝光
23885,657,2025-09-03,图文,曝光
23886,1392,2025-07-17,图文,曝光
23887,878,2025-07-10,短视频,加购
23888,1726,2025-09-07,短视频,点击
23889,157,2025-08-15,图文,曝光
23890,719,2025-07-09,直播,曝光
23891,294,2025-08-28,直播,曝光
23892,1417,2025-09-26,直播,分享
23893,541,2025-08-02,短视频,曝光
23894,500,2025-09-02,短视频,曝光
23895,1219,2025-09-03,短视频,曝光
23896,177,2025-09-07,直播,曝光
23897,1857,2025-08-13,短视频,分享
23898,51,2025-07-08,短视频,曝光
23899,687,2025-07-12,短视频,加购
23900,1060,2025-08-21,直播,曝光
23901,19,2025-08-17,短视频,曝光
23902,104,2025-07-03,直播,分享
23903,1961,2025-07-22,直播,曝光
23904,1185,2025-07-31,直播,曝光
23905,62,2025-09-14,图文,曝光
23906,752,2025-09-05,短视频,曝光
23907,666,2025-09-18,短视频,曝光
23908,14,2025-07-20,短视频,曝光
23909,1143,2025-09-19,短视频,加购
23910,453,2025-09-03,短视频,曝光
23911,1295,2025-07-05,图文,曝光
23912,1477,2025-08-20,图文,曝光
23913,835,2025-07-24,短视频,曝光
23914,758,2025-09-22,图文,加购
23915,1274,2025-08-10,短视频,曝光
23916,1452,2025-08-15,短视频,加购
23917,792,2025-09-25,直播,曝光
23918,1630,2025-07-28,短视频,点击
23919,574,2025-08-27,直播,加购
23920,1594,2025-09-19,图文,加购
23921,742,2025-08-22,直播,曝光
23922,1342,2025-08-13,图文,曝光
23923,1995,2025-07-29,短视频,曝光
23924,1494,2025-07-27,短视频,加购
23925,638,2025-09-15,直播,曝光
23926,1140,2025-08-08,图文,曝光
23927,402,2025-07-31,直播,点击
23928,930,2025-08-10,直播,曝光
23929,1238,2025-07-06,图文,曝光
23930,124,2025-07-21,直播,曝光
23931,800,2025-09-22,直播,点击
23932,1951,2025-09-12,图文,曝光
23933,1991,2025-09-21,短视频,曝光
23934,1681,2025-09-14,直播,曝光
23935,1431,2025-07-04,图文,曝光
23936,1344,2025-08-10,短视频,曝光
23937,1063,2025-07-13,图文,曝光
23938,1289,2025-07-02,直播,曝光
23939,480,2025-07-23,短视频,曝光
23940,1154,2025-07-10,直播,曝光
23941,1114,2025-09-21,短视频,曝光
23942,189,2025-08-16,短视频,曝光
23943,565,2025-09-25,直播,曝光
23944,639,2025-07-24,短视频,曝光
23945,1371,2025-08-16,直播,点击
23946,680,2025-07-31,短视频,曝光
23947,427,2025-08-17,短视频,点击
23948,1588,2025-08-18,直播,曝光
23949,1013,2025-07-05,直播,曝光
23950,1210,2025-08-30,短视频,加购
23951,680,2025-07-20,短视频,曝光
23952,797,2025-07-18,短视频,曝光
23953,1158,2025-09-30,短视频,加购
23954,657,2025-09-02,图文,点击
23955,1909,2025-07-09,图文,点击
23956,1708,2025-07-11,短视频,曝光
23957,1933,2025-07-08,短视频,曝光
23958,1572,2025-08-21,短视频,加购
23959,172,2025-09-01,短视频,曝光
23960,1627,2025-08-31,图文,点击
23961,493,2025-07-01,直播,加购
23962,791,2025-07-27,短视频,曝光
23963,838,2025-07-17,短视频,曝光
23964,959,2025-09-15,短视频,曝光
23965,1603,2025-07-14,短视频,曝光
23966,1147,2025-09-11,短视频,曝光
23967,1068,2025-07-23,短视频,分享
23968,384,2025-09-20,短视频,加购
23969,1599,2025-07-30,短视频,曝光
23970,725,2025-08-01,短视频,曝光
23971,1334,2025-08-19,短视频,曝光
23972,983,2025-09-24,图文,曝光
23973,1305,2025-08-11,直播,分享
23974,1341,2025-08-14,直播,曝光
23975,1111,2025-08-05,短视频,曝光
23976,899,2025-07-29,短视频,曝光
23977,1428,2025-09-29,短视频,曝光
23978,310,2025-08-27,短视频,曝光
23979,1943,2025-09-27,短视频,点击
23980,851,2025-09-20,直播,曝光
23981,1965,2025-08-09,短视频,曝光
23982,1063,2025-09-20,直播,曝光
23983,260,2025-07-12,短视频,曝光
23984,1302,2025-07-23,短视频,加购
23985,1037,2025-08-12,直播,曝光
23986,1708,2025-07-15,直播,点击
23987,1672,2025-07-02,图文,曝光
23988,465,2025-08-11,短视频,分享
23989,1536,2025-07-07,短视频,分享
23990,1120,2025-09-25,直播,曝光
23991,916,2025-08-19,短视频,曝光
23992,835,2025-09-27,短视频,点击
23993,1355,2025-08-28,图文,点击
23994,1374,2025-07-26,短视频,曝光
23995,1753,2025-08-31,直播,曝光
23996,1749,2025-07-07,短视频,点击
23997,487,2025-08-16,图文,曝光
23998,955,2025-09-04,图文,曝光
23999,1980,2025-08-11,直播,曝光
24000,1689,2025-07-22,短视频,曝光
24001,898,2025-09-23,直播,点击
24002,5,2025-07-20,短视频,点击
24003,461,2025-07-26,图文,曝光
24004,1825,2025-09-06,图文,曝光
24005,1412,2025-07-24,直播,曝光
24006,1577,2025-07-19,直播,点击
24007,1550,2025-07-14,短视频,曝光
24008,268,2025-09-11,短视频,点击
24009,1171,2025-07-12,图文,曝光
24010,1351,2025-09-24,短视频,曝光
24011,191,2025-07-14,短视频,加购
24012,1029,2025-07-15,短视频,曝光
24013,537,2025-09-27,短视频,曝光
24014,1942,2025-08-20,短视频,曝光
24015,505,2025-09-04,短视频,点击
24016,609,2025-09-03,短视频,曝光
24017,1774,2025-07-27,直播,曝光
24018,1219,2025-08-19,图文,曝光
24019,1892,2025-08-13,短视频,加购
24020,1046,2025-09-22,直播,曝光
24021,377,2025-09-16,短视频,曝光
24022,443,2025-07-07,短视频,曝光
24023,336,2025-08-29,直播,曝光
24024,1628,2025-09-30,直播,曝光
24025,49,2025-08-11,短视频,曝光
24026,1487,2025-08-21,图文,曝光
24027,882,2025-09-09,短视频,曝光
24028,1089,2025-07-20,短视频,曝光
24029,1657,2025-07-27,短视频,点击
24030,1889,2025-08-28,直播,曝光
24031,571,2025-09-27,短视频,分享
24032,1854,2025-08-31,短视频,曝光
24033,1822,2025-09-10,短视频,曝光
24034,1636,2025-07-01,短视频,曝光
24035,249,2025-07-09,直播,曝光
24036,305,2025-09-16,直播,曝光
24037,68,2025-09-10,直播,点击
24038,1789,2025-07-07,直播,点击
24039,1908,2025-08-05,短视频,加购
24040,612,2025-07-20,直播,点击
24041,1052,2025-08-25,直播,加购
24042,1141,2025-08-24,短视频,曝光
24043,783,2025-07-03,图文,曝光
24044,1950,2025-09-10,短视频,曝光
24045,1886,2025-07-16,直播,曝光
24046,462,2025-08-28,短视频,加购
24047,1100,2025-09-15,短视频,曝光
24048,400,2025-08-27,短视频,加购
24049,175,2025-09-29,短视频,曝光
24050,1704,2025-08-15,直播,曝光
24051,1733,2025-07-26,直播,曝光
24052,27,2025-08-17,短视频,曝光
24053,1088,2025-09-06,短视频,点击
24054,349,2025-08-09,短视频,加购
24055,1127,2025-07-09,图文,曝光
24056,655,2025-07-26,图文,曝光
24057,1069,2025-08-17,短视频,曝光
24058,1477,2025-08-03,图文,曝光
24059,170,2025-09-23,短视频,曝光
24060,961,2025-09-19,直播,分享
24061,685,2025-08-29,直播,曝光
24062,787,2025-08-05,短视频,曝光
24063,1862,2025-07-16,短视频,曝光
24064,1838,2025-09-09,直播,曝光
24065,1305,2025-09-26,直播,曝光
24066,1512,2025-08-26,短视频,曝光
24067,772,2025-07-02,短视频,曝光
24068,1266,2025-07-21,图文,曝光
24069,943,2025-08-20,短视频,加购
24070,681,2025-07-15,短视频,点击
24071,1584,2025-08-22,短视频,点击
24072,1718,2025-07-12,短视频,点击
24073,705,2025-08-11,直播,曝光
24074,507,2025-08-15,短视频,曝光
24075,804,2025-08-29,短视频,曝光
24076,1892,2025-07-19,图文,点击
24077,1543,2025-08-24,图文,点击
24078,521,2025-07-24,短视频,曝光
24079,1241,2025-08-09,直播,加购
24080,1641,2025-09-16,直播,加购
24081,715,2025-07-06,短视频,点击
24082,1829,2025-08-14,直播,加购
24083,1869,2025-09-25,短视频,曝光
24084,454,2025-07-31,短视频,曝光
24085,1206,2025-08-09,短视频,曝光
24086,459,2025-07-18,直播,分享
24087,1343,2025-07-16,直播,曝光
24088,158,2025-08-10,图文,加购
24089,1282,2025-08-22,直播,曝光
24090,683,2025-07-25,短视频,加购
24091,1023,2025-08-21,直播,曝光
24092,1001,2025-07-04,短视频,曝光
24093,1989,2025-08-18,直播,曝光
24094,172,2025-09-18,图文,点击
24095,1164,2025-09-04,短视频,曝光
24096,293,2025-08-22,图文,曝光
24097,1298,2025-09-27,短视频,点击
24098,845,2025-09-15,短视频,曝光
24099,333,2025-07-06,短视频,加购
24100,361,2025-09-07,图文,曝光
24101,248,2025-09-05,直播,曝光
24102,1547,2025-07-02,直播,曝光
24103,1826,2025-08-07,短视频,加购
24104,645,2025-08-30,图文,曝光
24105,765,2025-08-31,直播,曝光
24106,93,2025-07-13,短视频,加购
24107,335,2025-07-23,直播,点击
24108,310,2025-07-07,短视频,曝光
24109,1896,2025-08-16,短视频,曝光
24110,615,2025-07-03,短视频,加购
24111,1568,2025-08-27,短视频,点击
24112,292,2025-09-16,图文,曝光
24113,358,2025-09-10,短视频,点击
24114,432,2025-08-22,短视频,曝光
24115,385,2025-08-31,短视频,点击
24116,414,2025-09-10,短视频,曝光
24117,578,2025-09-10,短视频,点击
24118,838,2025-08-28,直播,曝光
24119,368,2025-09-29,直播,曝光
24120,1049,2025-07-13,短视频,加购
24121,730,2025-08-14,图文,分享
24122,1246,2025-08-25,短视频,曝光
24123,1164,2025-09-16,短视频,曝光
24124,1819,2025-07-11,短视频,曝光
24125,1241,2025-07-28,直播,曝光
24126,1377,2025-07-05,短视频,曝光
24127,1676,2025-07-28,图文,点击
24128,398,2025-08-01,短视频,曝光
24129,1746,2025-07-30,直播,曝光
24130,899,2025-07-10,短视频,曝光
24131,1325,2025-08-24,图文,曝光
24132,1460,2025-09-03,短视频,曝光
24133,430,2025-07-19,短视频,点击
24134,1111,2025-08-25,短视频,加购
24135,570,2025-08-04,短视频,曝光
24136,339,2025-09-01,短视频,曝光
24137,1762,2025-08-12,短视频,曝光
24138,1576,2025-09-22,短视频,曝光
24139,371,2025-09-07,直播,点击
24140,394,2025-08-03,短视频,曝光
24141,173,2025-08-14,短视频,分享
24142,689,2025-08-21,直播,曝光
24143,484,2025-07-12,短视频,曝光
24144,1468,2025-08-04,直播,曝光
24145,810,2025-07-26,短视频,曝光
24146,1939,2025-07-13,直播,曝光
24147,1121,2025-07-23,直播,曝光
24148,1781,2025-09-16,直播,曝光
24149,192,2025-09-13,直播,点击
24150,1940,2025-08-22,短视频,加购
24151,651,2025-08-27,图文,曝光
24152,794,2025-08-27,图文,曝光
24153,1194,2025-09-03,图文,曝光
24154,872,2025-07-24,短视频,曝光
24155,630,2025-08-21,直播,曝光
24156,326,2025-09-15,图文,曝光
24157,839,2025-07-04,图文,曝光
24158,946,2025-08-16,短视频,曝光
24159,259,2025-07-10,图文,曝光
24160,1561,2025-07-07,短视频,曝光
24161,358,2025-08-27,短视频,点击
24162,138,2025-07-30,图文,点击
24163,643,2025-08-16,短视频,曝光
24164,639,2025-08-11,短视频,点击
24165,599,2025-08-21,图文,曝光
24166,1852,2025-07-31,直播,点击
24167,1195,2025-08-17,短视频,曝光
24168,366,2025-07-11,直播,曝光
24169,1037,2025-07-23,短视频,加购
24170,595,2025-07-30,直播,曝光
24171,1901,2025-08-19,短视频,曝光
24172,1871,2025-07-01,直播,曝光
24173,1173,2025-09-20,短视频,曝光
24174,690,2025-07-20,直播,曝光
24175,268,2025-09-15,直播,曝光
24176,1662,2025-08-28,直播,点击
24177,49,2025-07-29,直播,分享
24178,575,2025-08-19,直播,曝光
24179,1095,2025-07-26,图文,曝光
24180,515,2025-08-04,短视频,点击
24181,1452,2025-09-13,直播,曝光
24182,375,2025-09-27,短视频,曝光
24183,1706,2025-08-13,图文,曝光
24184,126,2025-07-05,图文,曝光
24185,668,2025-08-10,短视频,加购
24186,831,2025-08-28,图文,点击
24187,1971,2025-08-16,直播,点击
24188,1427,2025-08-27,短视频,曝光
24189,1980,2025-07-14,短视频,点击
24190,1011,2025-08-17,直播,曝光
24191,1877,2025-08-08,直播,曝光
24192,815,2025-07-25,图文,曝光
24193,57,2025-09-27,短视频,曝光
24194,409,2025-08-16,直播,点击
24195,751,2025-08-02,短视频,曝光
24196,1368,2025-08-13,短视频,曝光
24197,421,2025-08-29,短视频,加购
24198,506,2025-07-14,图文,点击
24199,1308,2025-09-29,短视频,曝光
24200,65,2025-07-22,直播,曝光
24201,1768,2025-07-10,短视频,点击
24202,1930,2025-08-10,短视频,曝光
24203,1617,2025-09-27,直播,曝光
24204,1885,2025-08-04,短视频,曝光
24205,328,2025-08-23,图文,曝光
24206,429,2025-07-12,直播,曝光
24207,1734,2025-08-15,短视频,曝光
24208,478,2025-07-22,图文,点击
24209,1408,2025-07-01,短视频,点击
24210,1161,2025-08-24,图文,曝光
24211,594,2025-08-18,直播,点击
24212,855,2025-09-03,直播,点击
24213,895,2025-09-30,短视频,点击
24214,1776,2025-09-08,短视频,曝光
24215,1075,2025-09-17,图文,曝光
24216,854,2025-08-19,直播,曝光
24217,1341,2025-09-25,直播,曝光
24218,272,2025-07-06,直播,曝光
24219,642,2025-09-11,图文,曝光
24220,1094,2025-07-22,短视频,曝光
24221,1236,2025-09-28,直播,分享
24222,227,2025-09-05,图文,曝光
24223,619,2025-07-19,图文,曝光
24224,895,2025-07-27,直播,分享
24225,6,2025-07-07,直播,曝光
24226,1155,2025-08-31,短视频,曝光
24227,1695,2025-07-19,短视频,曝光
24228,1891,2025-08-29,直播,曝光
24229,1291,2025-07-06,直播,点击
24230,587,2025-08-17,短视频,曝光
24231,1418,2025-07-21,图文,曝光
24232,1299,2025-07-29,短视频,曝光
24233,68,2025-08-08,直播,曝光
24234,1,2025-07-08,直播,曝光
24235,1994,2025-08-04,图文,点击
24236,1743,2025-09-06,短视频,曝光
24237,808,2025-08-01,短视频,加购
24238,635,2025-07-23,短视频,曝光
24239,187,2025-08-14,直播,曝光
24240,482,2025-07-27,短视频,曝光
24241,185,2025-09-21,直播,曝光
24242,206,2025-07-12,短视频,曝光
24243,1713,2025-08-14,图文,点击
24244,1571,2025-09-05,短视频,曝光
24245,1583,2025-08-05,短视频,加购
24246,114,2025-09-27,短视频,曝光
24247,739,2025-09-30,短视频,点击
24248,1236,2025-08-14,图文,曝光
24249,1108,2025-09-04,直播,加购
24250,632,2025-08-03,直播,曝光
24251,816,2025-09-26,短视频,点击
24252,1423,2025-08-17,短视频,点击
24253,1693,2025-08-26,短视频,曝光
24254,1932,2025-08-06,短视频,曝光
24255,1418,2025-08-09,短视频,分享
24256,550,2025-07-29,短视频,曝光
24257,1816,2025-07-24,直播,曝光
24258,1240,2025-09-28,短视频,曝光
24259,1530,2025-07-31,图文,曝光
24260,742,2025-09-25,短视频,点击
24261,1114,2025-07-01,短视频,曝光
24262,1019,2025-08-27,短视频,加购
24263,1463,2025-09-13,直播,曝光
24264,167,2025-07-02,图文,曝光
24265,1083,2025-07-07,图文,加购
24266,409,2025-08-04,短视频,加购
24267,322,2025-07-30,短视频,曝光
24268,1589,2025-07-19,图文,分享
24269,1082,2025-08-16,短视频,曝光
24270,690,2025-08-23,直播,曝光
24271,1339,2025-09-18,图文,曝光
24272,3,2025-08-06,短视频,曝光
24273,1826,2025-09-12,短视频,曝光
24274,642,2025-08-08,直播,曝光
24275,235,2025-09-08,直播,曝光
24276,1340,2025-09-23,短视频,曝光
24277,1697,2025-08-07,图文,点击
24278,1944,2025-09-22,直播,曝光
24279,1507,2025-08-21,短视频,点击
24280,1709,2025-07-25,短视频,分享
24281,627,2025-09-18,图文,曝光
24282,1514,2025-08-27,图文,曝光
24283,20,2025-08-21,短视频,曝光
24284,1859,2025-09-18,短视频,曝光
24285,1604,2025-08-29,短视频,曝光
24286,1319,2025-09-27,短视频,曝光
24287,1867,2025-07-01,短视频,曝光
24288,1039,2025-09-07,图文,曝光
24289,645,2025-08-14,短视频,点击
24290,1080,2025-07-10,短视频,加购
24291,111,2025-08-02,图文,曝光
24292,1889,2025-09-01,短视频,曝光
24293,1016,2025-07-06,短视频,曝光
24294,5,2025-08-15,直播,曝光
24295,1208,2025-09-01,短视频,曝光
24296,1032,2025-07-27,短视频,曝光
24297,1978,2025-09-19,短视频,曝光
24298,1539,2025-09-21,直播,曝光
24299,548,2025-08-29,短视频,曝光
24300,77,2025-08-28,图文,分享
24301,878,2025-07-26,短视频,曝光
24302,1647,2025-09-22,图文,曝光
24303,1454,2025-08-15,图文,点击
24304,1688,2025-07-07,短视频,点击
24305,1662,2025-08-02,图文,加购
24306,1048,2025-09-11,短视频,曝光
24307,1611,2025-08-23,短视频,曝光
24308,1658,2025-08-23,短视频,曝光
24309,208,2025-09-02,图文,曝光
24310,286,2025-07-28,短视频,曝光
24311,471,2025-07-25,短视频,曝光
24312,1887,2025-09-19,图文,曝光
24313,1716,2025-08-14,图文,曝光
24314,98,2025-09-12,图文,曝光
24315,1854,2025-08-28,图文,曝光
24316,75,2025-08-22,短视频,曝光
24317,1537,2025-08-16,短视频,分享
24318,1049,2025-09-28,短视频,曝光
24319,1289,2025-08-23,直播,曝光
24320,1471,2025-09-12,图文,曝光
24321,1741,2025-07-22,图文,曝光
24322,1401,2025-08-12,直播,点击
24323,1084,2025-08-19,直播,曝光
24324,1101,2025-07-06,图文,加购
24325,1933,2025-09-30,短视频,点击
24326,1568,2025-08-26,直播,曝光
24327,1249,2025-07-10,图文,曝光
24328,1216,2025-08-09,短视频,曝光
24329,594,2025-09-29,短视频,加购
24330,1701,2025-08-23,图文,曝光
24331,1437,2025-07-21,图文,点击
24332,232,2025-07-05,直播,加购
24333,1597,2025-08-07,短视频,点击
24334,1963,2025-09-14,短视频,曝光
24335,1453,2025-07-25,短视频,曝光
24336,1762,2025-09-13,短视频,曝光
24337,1561,2025-08-21,短视频,曝光
24338,1791,2025-09-08,短视频,曝光
24339,1165,2025-09-22,直播,曝光
24340,728,2025-09-10,直播,曝光
24341,935,2025-09-02,短视频,曝光
24342,1894,2025-07-17,短视频,曝光
24343,1392,2025-09-06,短视频,曝光
24344,284,2025-08-17,短视频,曝光
24345,776,2025-07-19,图文,曝光
24346,156,2025-09-08,短视频,曝光
24347,1800,2025-09-22,短视频,曝光
24348,798,2025-08-27,图文,曝光
24349,146,2025-09-19,短视频,曝光
24350,1867,2025-08-17,短视频,加购
24351,1700,2025-09-21,直播,曝光
24352,1936,2025-08-02,图文,曝光
24353,705,2025-07-03,图文,曝光
24354,988,2025-08-30,直播,曝光
24355,1014,2025-08-02,短视频,点击
24356,1504,2025-07-04,短视频,曝光
24357,1654,2025-08-19,短视频,点击
24358,1077,2025-07-03,图文,曝光
24359,1085,2025-08-17,直播,曝光
24360,227,2025-08-10,图文,点击
24361,374,2025-07-26,直播,加购
24362,1307,2025-08-20,直播,曝光
24363,908,2025-08-07,短视频,点击
24364,294,2025-07-30,直播,曝光
24365,211,2025-07-08,直播,曝光
24366,1313,2025-09-01,短视频,曝光
24367,1786,2025-07-07,图文,曝光
24368,481,2025-09-24,直播,曝光
24369,1087,2025-09-17,短视频,曝光
24370,527,2025-07-12,短视频,点击
24371,1636,2025-08-02,图文,曝光
24372,1350,2025-08-13,短视频,曝光
24373,690,2025-08-22,直播,曝光
24374,930,2025-09-25,短视频,曝光
24375,1067,2025-07-03,直播,曝光
24376,1661,2025-09-26,短视频,曝光
24377,974,2025-08-29,短视频,曝光
24378,1361,2025-08-15,短视频,分享
24379,943,2025-07-30,短视频,点击
24380,590,2025-09-09,图文,点击
24381,1226,2025-07-04,图文,曝光
24382,1555,2025-07-18,图文,曝光
24383,1956,2025-09-18,直播,点击
24384,130,2025-09-13,短视频,曝光
24385,1954,2025-08-12,图文,曝光
24386,1470,2025-09-28,图文,曝光
24387,549,2025-08-06,短视频,点击
24388,771,2025-07-31,短视频,曝光
24389,1355,2025-07-13,直播,曝光
24390,605,2025-07-22,短视频,曝光
24391,678,2025-07-23,直播,曝光
24392,1046,2025-07-11,图文,曝光
24393,1398,2025-09-28,图文,点击
24394,1815,2025-08-11,短视频,曝光
24395,1701,2025-09-30,直播,点击
24396,514,2025-07-31,短视频,加购
24397,384,2025-09-21,短视频,曝光
24398,1999,2025-08-15,短视频,曝光
24399,1876,2025-07-23,图文,曝光
24400,1178,2025-08-17,短视频,曝光
24401,1395,2025-07-20,直播,点击
24402,505,2025-09-18,直播,曝光
24403,1235,2025-07-29,短视频,曝光
24404,1383,2025-09-20,直播,曝光
24405,597,2025-09-07,直播,点击
24406,1471,2025-08-10,短视频,曝光
24407,754,2025-08-12,短视频,分享
24408,1064,2025-09-08,短视频,曝光
24409,91,2025-07-03,短视频,曝光
24410,262,2025-08-21,短视频,曝光
24411,1260,2025-09-03,图文,点击
24412,1631,2025-09-05,短视频,点击
24413,1135,2025-09-21,图文,曝光
24414,1621,2025-09-03,短视频,曝光
24415,1605,2025-08-10,短视频,曝光
24416,1531,2025-09-15,短视频,加购
24417,1653,2025-07-16,短视频,曝光
24418,1512,2025-07-16,直播,曝光
24419,1659,2025-07-01,短视频,曝光
24420,763,2025-09-12,短视频,分享
24421,788,2025-07-29,短视频,加购
24422,986,2025-07-21,短视频,曝光
24423,1078,2025-07-18,直播,曝光
24424,1323,2025-09-02,短视频,点击
24425,1092,2025-08-13,图文,曝光
24426,332,2025-09-27,短视频,加购
24427,790,2025-09-02,图文,分享
24428,1209,2025-08-23,图文,曝光
24429,60,2025-07-17,直播,曝光
24430,221,2025-09-20,直播,曝光
24431,1871,2025-07-29,短视频,曝光
24432,1696,2025-09-13,直播,曝光
24433,1163,2025-07-01,短视频,曝光
24434,240,2025-09-03,短视频,点击
24435,510,2025-09-10,短视频,曝光
24436,1545,2025-07-07,短视频,曝光
24437,1461,2025-09-03,短视频,曝光
24438,444,2025-07-03,图文,曝光
24439,132,2025-08-19,直播,点击
24440,1857,2025-09-22,直播,曝光
24441,1445,2025-08-06,直播,曝光
24442,1316,2025-09-03,短视频,点击
24443,1748,2025-07-18,直播,曝光
24444,863,2025-08-20,直播,点击
24445,217,2025-08-12,直播,曝光
24446,88,2025-07-01,直播,曝光
24447,1957,2025-09-16,短视频,曝光
24448,1215,2025-07-12,短视频,曝光
24449,1483,2025-07-06,直播,曝光
24450,757,2025-09-02,短视频,加购
24451,220,2025-09-15,短视频,曝光
24452,1597,2025-07-22,直播,曝光
24453,1592,2025-09-01,短视频,曝光
24454,1586,2025-08-02,直播,分享
24455,1036,2025-09-09,短视频,曝光
24456,1375,2025-09-15,短视频,曝光
24457,629,2025-08-22,直播,曝光
24458,536,2025-07-30,图文,点击
24459,67,2025-08-03,短视频,曝光
24460,346,2025-08-17,短视频,分享
24461,870,2025-07-18,短视频,曝光
24462,995,2025-07-07,短视频,曝光
24463,897,2025-09-01,直播,曝光
24464,905,2025-08-15,图文,点击
24465,435,2025-08-16,直播,曝光
24466,1346,2025-09-04,短视频,曝光
24467,890,2025-08-13,短视频,点击
24468,1066,2025-07-22,短视频,加购
24469,1178,2025-07-01,直播,分享
24470,990,2025-08-23,短视频,曝光
24471,1102,2025-08-24,图文,曝光
24472,962,2025-08-24,直播,曝光
24473,758,2025-07-09,短视频,曝光
24474,1009,2025-09-14,短视频,曝光
24475,1363,2025-09-21,短视频,曝光
24476,1745,2025-08-03,短视频,曝光
24477,193,2025-07-04,图文,曝光
24478,342,2025-09-21,直播,曝光
24479,245,2025-08-29,短视频,曝光
24480,38,2025-08-13,短视频,曝光
24481,1654,2025-07-17,直播,点击
24482,444,2025-07-03,图文,点击
24483,582,2025-07-21,短视频,曝光
24484,621,2025-07-08,直播,曝光
24485,1726,2025-07-16,图文,分享
24486,1225,2025-09-22,直播,加购
24487,211,2025-09-01,直播,曝光
24488,1686,2025-07-08,图文,点击
24489,1972,2025-09-11,短视频,曝光
24490,1427,2025-09-12,短视频,曝光
24491,966,2025-07-17,短视频,点击
24492,1997,2025-09-29,短视频,点击
24493,86,2025-07-12,图文,曝光
24494,2,2025-09-15,直播,曝光
24495,1560,2025-07-29,直播,点击
24496,381,2025-08-07,短视频,点击
24497,117,2025-08-10,直播,点击
24498,175,2025-07-22,直播,分享
24499,900,2025-09-17,短视频,曝光
24500,1328,2025-07-15,短视频,曝光
24501,889,2025-08-26,图文,分享
24502,854,2025-08-03,图文,曝光
24503,293,2025-09-28,直播,点击
24504,623,2025-08-15,短视频,曝光
24505,1890,2025-09-20,图文,曝光
24506,626,2025-08-13,图文,分享
24507,688,2025-09-03,直播,点击
24508,1786,2025-08-26,直播,点击
24509,128,2025-08-03,短视频,曝光
24510,152,2025-09-11,直播,曝光
24511,1792,2025-07-31,图文,分享
24512,627,2025-07-16,直播,曝光
24513,477,2025-08-31,图文,加购
24514,1000,2025-07-31,短视频,曝光
24515,77,2025-09-04,短视频,分享
24516,824,2025-09-07,图文,曝光
24517,24,2025-09-05,图文,曝光
24518,1376,2025-09-21,短视频,曝光
24519,1704,2025-09-10,图文,曝光
24520,1215,2025-09-16,短视频,点击
24521,364,2025-09-26,短视频,曝光
24522,1601,2025-09-28,短视频,曝光
24523,1325,2025-07-04,图文,曝光
24524,1689,2025-09-12,图文,曝光
24525,1825,2025-09-18,短视频,加购
24526,800,2025-09-28,图文,曝光
24527,1948,2025-07-20,短视频,点击
24528,1733,2025-09-25,图文,曝光
24529,1173,2025-09-30,图文,加购
24530,1265,2025-08-30,图文,曝光
24531,901,2025-08-05,短视频,曝光
24532,1721,2025-09-03,短视频,曝光
24533,107,2025-07-12,直播,曝光
24534,931,2025-07-29,短视频,点击
24535,201,2025-08-20,短视频,加购
24536,52,2025-09-21,直播,曝光
24537,1882,2025-08-11,短视频,点击
24538,1316,2025-09-03,直播,曝光
24539,920,2025-08-21,短视频,曝光
24540,1933,2025-09-21,短视频,曝光
24541,184,2025-09-19,直播,曝光
24542,1861,2025-07-20,直播,曝光
24543,970,2025-08-13,短视频,曝光
24544,305,2025-08-03,短视频,曝光
24545,590,2025-08-30,直播,曝光
24546,980,2025-07-08,直播,曝光
24547,1615,2025-07-23,短视频,曝光
24548,1746,2025-09-24,直播,加购
24549,257,2025-09-12,短视频,曝光
24550,834,2025-09-13,短视频,点击
24551,818,2025-08-29,直播,点击
24552,1037,2025-09-09,图文,曝光
24553,1114,2025-08-14,短视频,曝光
24554,1996,2025-08-10,直播,曝光
24555,535,2025-08-09,短视频,曝光
24556,966,2025-07-01,直播,点击
24557,551,2025-07-30,图文,曝光
24558,381,2025-09-28,图文,曝光
24559,797,2025-09-10,短视频,点击
24560,78,2025-08-05,短视频,分享
24561,1562,2025-07-14,短视频,曝光
24562,923,2025-07-23,短视频,加购
24563,887,2025-08-26,短视频,曝光
24564,1030,2025-09-17,短视频,曝光
24565,1040,2025-08-01,直播,曝光
24566,1840,2025-07-19,直播,点击
24567,1172,2025-08-07,短视频,曝光
24568,1584,2025-07-16,直播,曝光
24569,1643,2025-08-11,短视频,点击
24570,126,2025-08-13,直播,分享
24571,1607,2025-07-29,短视频,曝光
24572,1634,2025-08-12,短视频,曝光
24573,1273,2025-08-24,短视频,曝光
24574,140,2025-09-20,短视频,加购
24575,16,2025-09-09,短视频,曝光
24576,29,2025-09-30,短视频,曝光
24577,1401,2025-08-22,图文,曝光
24578,1094,2025-07-24,短视频,加购
24579,735,2025-07-07,短视频,点击
24580,1060,2025-07-19,直播,曝光
24581,903,2025-08-03,短视频,曝光
24582,633,2025-08-13,直播,曝光
24583,1525,2025-08-22,直播,曝光
24584,922,2025-08-10,图文,曝光
24585,1093,2025-07-31,直播,曝光
24586,1841,2025-09-14,直播,分享
24587,1820,2025-08-25,图文,曝光
24588,1353,2025-07-09,短视频,曝光
24589,1808,2025-08-18,短视频,曝光
24590,685,2025-07-15,图文,点击
24591,741,2025-09-11,直播,分享
24592,1868,2025-07-19,短视频,加购
24593,1778,2025-08-18,图文,加购
24594,326,2025-07-08,短视频,曝光
24595,13,2025-09-25,直播,曝光
24596,351,2025-07-06,短视频,点击
24597,1517,2025-08-28,直播,曝光
24598,467,2025-08-17,短视频,曝光
24599,1976,2025-07-06,短视频,曝光
24600,465,2025-09-20,短视频,分享
24601,340,2025-08-07,短视频,加购
24602,142,2025-09-14,直播,曝光
24603,1900,2025-08-12,图文,曝光
24604,620,2025-07-18,直播,曝光
24605,1646,2025-07-27,图文,曝光
24606,1098,2025-07-14,短视频,曝光
24607,320,2025-08-07,短视频,曝光
24608,446,2025-08-26,短视频,加购
24609,169,2025-08-20,短视频,加购
24610,214,2025-07-31,短视频,曝光
24611,1611,2025-08-02,短视频,曝光
24612,1301,2025-08-16,图文,曝光
24613,320,2025-07-27,短视频,曝光
24614,840,2025-09-04,短视频,加购
24615,457,2025-07-30,图文,曝光
24616,1307,2025-09-21,直播,曝光
24617,261,2025-07-23,短视频,分享
24618,497,2025-07-18,短视频,曝光
24619,1343,2025-09-25,短视频,曝光
24620,1513,2025-07-07,图文,曝光
24621,1935,2025-07-02,图文,曝光
24622,1946,2025-07-21,短视频,加购
24623,1424,2025-07-16,图文,点击
24624,523,2025-08-20,短视频,分享
24625,1654,2025-09-18,直播,曝光
24626,1279,2025-07-09,图文,曝光
24627,1925,2025-08-17,短视频,曝光
24628,1531,2025-07-31,直播,曝光
24629,1612,2025-09-10,图文,加购
24630,1087,2025-07-29,直播,曝光
24631,1616,2025-07-28,直播,分享
24632,583,2025-07-11,短视频,曝光
24633,172,2025-07-01,短视频,点击
24634,429,2025-09-29,短视频,曝光
24635,1135,2025-08-09,短视频,曝光
24636,1294,2025-09-17,短视频,曝光
24637,993,2025-09-28,图文,曝光
24638,960,2025-08-24,短视频,曝光
24639,398,2025-08-20,图文,曝光
24640,1675,2025-09-20,图文,曝光
24641,464,2025-09-07,短视频,加购
24642,179,2025-07-27,短视频,曝光
24643,304,2025-09-30,直播,点击
24644,66,2025-09-16,图文,点击
24645,1994,2025-07-02,短视频,曝光
24646,742,2025-09-01,短视频,加购
24647,1588,2025-07-04,直播,曝光
24648,949,2025-07-22,短视频,曝光
24649,1835,2025-08-28,短视频,点击
24650,1280,2025-09-01,短视频,曝光
24651,487,2025-07-21,图文,点击
24652,229,2025-08-17,短视频,曝光
24653,343,2025-07-10,直播,曝光
24654,1175,2025-08-15,直播,曝光
24655,58,2025-07-24,图文,曝光
24656,1627,2025-09-24,短视频,加购
24657,574,2025-09-12,短视频,点击
24658,1820,2025-08-05,图文,曝光
24659,241,2025-08-08,直播,曝光
24660,1800,2025-09-23,图文,曝光
24661,1750,2025-09-18,短视频,曝光
24662,1037,2025-09-15,短视频,曝光
24663,956,2025-08-20,图文,曝光
24664,1799,2025-08-08,短视频,曝光
24665,1631,2025-08-26,短视频,点击
24666,1076,2025-09-10,短视频,加购
24667,665,2025-07-10,图文,加购
24668,147,2025-07-11,短视频,曝光
24669,1860,2025-08-10,短视频,分享
24670,1948,2025-08-16,短视频,分享
24671,1744,2025-07-17,图文,曝光
24672,6,2025-07-06,直播,曝光
24673,859,2025-08-16,短视频,曝光
24674,572,2025-07-19,图文,点击
24675,868,2025-07-14,短视频,曝光
24676,93,2025-08-02,短视频,曝光
24677,1083,2025-09-22,短视频,曝光
24678,1088,2025-07-09,直播,曝光
24679,496,2025-08-12,图文,点击
24680,1135,2025-09-21,直播,加购
24681,1090,2025-07-01,直播,加购
24682,1276,2025-09-19,直播,点击
24683,469,2025-09-11,短视频,曝光
24684,281,2025-07-01,图文,曝光
24685,649,2025-08-08,直播,曝光
24686,35,2025-07-10,直播,曝光
24687,1393,2025-08-05,直播,曝光
24688,532,2025-09-25,短视频,加购
24689,637,2025-09-15,直播,曝光
24690,103,2025-07-01,短视频,曝光
24691,1049,2025-09-14,直播,曝光
24692,71,2025-09-26,图文,曝光
24693,950,2025-08-29,短视频,曝光
24694,528,2025-08-22,短视频,曝光
24695,1259,2025-08-31,直播,点击
24696,1998,2025-08-21,直播,曝光
24697,1128,2025-07-23,短视频,曝光
24698,1607,2025-07-04,短视频,点击
24699,396,2025-07-05,短视频,曝光
24700,724,2025-08-03,直播,加购
24701,1633,2025-09-07,图文,曝光
24702,753,2025-09-15,直播,曝光
24703,1848,2025-07-21,图文,曝光
24704,1860,2025-07-30,短视频,曝光
24705,1493,2025-07-02,直播,曝光
24706,1324,2025-09-22,短视频,曝光
24707,686,2025-07-15,短视频,点击
24708,1674,2025-08-17,短视频,点击
24709,1977,2025-07-06,短视频,点击
24710,1729,2025-09-16,短视频,曝光
24711,693,2025-09-20,直播,曝光
24712,339,2025-09-11,短视频,曝光
24713,1829,2025-07-17,图文,加购
24714,33,2025-08-12,直播,曝光
24715,1594,2025-09-26,短视频,点击
24716,537,2025-09-15,短视频,点击
24717,1539,2025-07-15,图文,曝光
24718,1189,2025-09-18,直播,曝光
24719,232,2025-08-14,图文,点击
24720,1818,2025-09-27,短视频,曝光
24721,1872,2025-08-08,图文,曝光
24722,618,2025-07-07,直播,曝光
24723,318,2025-08-15,短视频,曝光
24724,1701,2025-09-13,短视频,曝光
24725,876,2025-09-15,直播,曝光
24726,1325,2025-08-31,直播,点击
24727,1650,2025-09-19,短视频,点击
24728,1310,2025-09-03,图文,曝光
24729,950,2025-08-23,图文,加购
24730,1433,2025-09-24,直播,分享
24731,165,2025-07-25,直播,曝光
24732,1024,2025-07-04,图文,点击
24733,1211,2025-09-25,短视频,点击
24734,1348,2025-09-08,直播,曝光
24735,441,2025-09-10,短视频,点击
24736,1587,2025-08-04,短视频,曝光
24737,659,2025-08-17,图文,曝光
24738,1179,2025-08-25,短视频,曝光
24739,1412,2025-08-29,直播,曝光
24740,79,2025-07-22,短视频,曝光
24741,1909,2025-08-05,直播,曝光
24742,1022,2025-07-27,直播,曝光
24743,17,2025-08-11,短视频,曝光
24744,1194,2025-08-26,短视频,曝光
24745,519,2025-07-24,短视频,曝光
24746,1751,2025-08-03,直播,点击
24747,331,2025-08-03,直播,曝光
24748,11,2025-07-28,短视频,曝光
24749,1452,2025-09-13,直播,曝光
24750,98,2025-07-04,直播,曝光
24751,399,2025-08-24,直播,曝光
24752,736,2025-07-15,直播,曝光
24753,1744,2025-08-15,短视频,曝光
24754,1606,2025-08-25,直播,曝光
24755,1203,2025-08-13,直播,分享
24756,969,2025-08-07,短视频,点击
24757,1344,2025-08-25,短视频,点击
24758,611,2025-07-03,短视频,加购
24759,1771,2025-09-22,直播,曝光
24760,1387,2025-08-02,直播,曝光
24761,1170,2025-07-05,短视频,曝光
24762,1009,2025-08-03,短视频,分享
24763,1262,2025-08-02,短视频,点击
24764,1148,2025-07-22,直播,曝光
24765,1368,2025-08-26,直播,分享
24766,857,2025-07-16,短视频,曝光
24767,597,2025-08-01,直播,点击
24768,1451,2025-07-01,直播,曝光
24769,612,2025-07-22,短视频,点击
24770,32,2025-08-27,短视频,加购
24771,146,2025-07-26,短视频,曝光
24772,4,2025-09-09,直播,曝光
24773,1046,2025-08-16,图文,曝光
24774,1366,2025-07-22,短视频,曝光
24775,576,2025-07-25,图文,曝光
24776,54,2025-07-30,短视频,点击
24777,1285,2025-08-19,图文,曝光
24778,675,2025-09-21,图文,曝光
24779,1595,2025-07-23,直播,曝光
24780,733,2025-09-27,短视频,曝光
24781,1300,2025-08-30,短视频,曝光
24782,1228,2025-08-22,短视频,曝光
24783,568,2025-07-30,短视频,曝光
24784,1545,2025-08-06,直播,加购
24785,1633,2025-09-09,直播,曝光
24786,1644,2025-09-29,直播,曝光
24787,637,2025-08-16,短视频,曝光
24788,561,2025-07-06,短视频,曝光
24789,579,2025-08-22,图文,曝光
24790,325,2025-07-28,直播,曝光
24791,1759,2025-09-09,图文,曝光
24792,1962,2025-08-18,直播,曝光
24793,1653,2025-07-13,短视频,分享
24794,88,2025-07-23,直播,点击
24795,1889,2025-09-22,图文,点击
24796,1628,2025-09-23,直播,曝光
24797,136,2025-08-04,短视频,曝光
24798,41,2025-08-18,直播,曝光
24799,501,2025-08-01,直播,点击
24800,971,2025-09-20,图文,曝光
24801,705,2025-09-17,直播,曝光
24802,1283,2025-07-31,图文,分享
24803,1388,2025-07-23,短视频,加购
24804,956,2025-07-16,直播,加购
24805,758,2025-09-09,直播,曝光
24806,1130,2025-09-23,短视频,曝光
24807,209,2025-08-18,图文,曝光
24808,51,2025-08-14,短视频,点击
24809,1588,2025-08-03,直播,分享
24810,309,2025-09-11,短视频,曝光
24811,1966,2025-07-05,短视频,曝光
24812,1107,2025-07-30,短视频,曝光
24813,1055,2025-08-25,短视频,曝光
24814,1656,2025-07-11,短视频,曝光
24815,415,2025-08-02,直播,点击
24816,1097,2025-08-28,短视频,曝光
24817,933,2025-08-01,直播,分享
24818,999,2025-07-25,图文,点击
24819,1848,2025-09-05,短视频,曝光
24820,1977,2025-09-23,短视频,曝光
24821,812,2025-07-20,短视频,曝光
24822,780,2025-07-28,直播,点击
24823,538,2025-07-20,直播,曝光
24824,771,2025-07-27,短视频,曝光
24825,865,2025-09-23,直播,曝光
24826,149,2025-09-08,短视频,点击
24827,464,2025-09-13,直播,曝光
24828,1567,2025-08-04,图文,点击
24829,1433,2025-07-11,图文,曝光
24830,136,2025-07-14,短视频,加购
24831,1785,2025-09-24,短视频,曝光
24832,273,2025-07-23,直播,曝光
24833,325,2025-07-10,短视频,曝光
24834,114,2025-08-31,直播,曝光
24835,312,2025-07-30,直播,曝光
24836,385,2025-07-12,短视频,曝光
24837,1784,2025-08-01,短视频,曝光
24838,878,2025-09-03,图文,分享
24839,390,2025-08-01,短视频,点击
24840,84,2025-09-26,直播,点击
24841,494,2025-08-10,短视频,曝光
24842,823,2025-07-13,短视频,点击
24843,881,2025-09-21,短视频,曝光
24844,963,2025-07-26,短视频,曝光
24845,401,2025-08-02,短视频,曝光
24846,222,2025-08-01,图文,曝光
24847,969,2025-08-14,图文,分享
24848,111,2025-08-23,短视频,点击
24849,1783,2025-08-21,直播,曝光
24850,629,2025-08-29,短视频,加购
24851,1307,2025-07-26,短视频,曝光
24852,1302,2025-09-27,短视频,曝光
24853,77,2025-08-13,短视频,曝光
24854,1215,2025-09-29,短视频,曝光
24855,1262,2025-07-07,短视频,曝光
24856,254,2025-07-30,短视频,曝光
24857,1162,2025-09-14,短视频,曝光
24858,184,2025-07-20,直播,曝光
24859,926,2025-08-28,图文,曝光
24860,374,2025-07-23,短视频,曝光
24861,654,2025-09-14,短视频,曝光
24862,1749,2025-08-26,短视频,曝光
24863,1797,2025-08-15,图文,加购
24864,1864,2025-07-25,图文,曝光
24865,1920,2025-09-23,短视频,点击
24866,1044,2025-09-14,短视频,点击
24867,1724,2025-08-12,直播,点击
24868,1805,2025-08-12,短视频,曝光
24869,553,2025-09-09,短视频,点击
24870,263,2025-07-02,短视频,曝光
24871,793,2025-09-10,直播,曝光
24872,1315,2025-09-11,直播,曝光
24873,238,2025-09-07,短视频,曝光
24874,1298,2025-08-08,短视频,曝光
24875,652,2025-08-12,直播,曝光
24876,899,2025-09-30,图文,曝光
24877,764,2025-09-03,图文,曝光
24878,1476,2025-09-09,短视频,曝光
24879,660,2025-08-12,短视频,曝光
24880,950,2025-08-21,图文,点击
24881,1264,2025-08-04,直播,加购
24882,1713,2025-07-12,短视频,加购
24883,916,2025-09-13,直播,分享
24884,272,2025-08-17,短视频,曝光
24885,1120,2025-08-18,直播,点击
24886,35,2025-08-26,图文,加购
24887,1328,2025-09-01,短视频,分享
24888,757,2025-09-17,短视频,曝光
24889,1293,2025-09-06,短视频,曝光
24890,258,2025-09-13,短视频,曝光
24891,997,2025-09-04,短视频,曝光
24892,359,2025-09-25,直播,曝光
24893,1107,2025-07-12,短视频,点击
24894,96,2025-09-04,图文,点击
24895,1045,2025-07-11,图文,点击
24896,862,2025-08-14,短视频,曝光
24897,253,2025-07-05,短视频,曝光
24898,1475,2025-08-07,直播,曝光
24899,1674,2025-08-04,图文,曝光
24900,1114,2025-08-13,短视频,曝光
24901,1041,2025-09-16,图文,曝光
24902,714,2025-07-28,图文,曝光
24903,552,2025-07-11,图文,曝光
24904,24,2025-07-13,直播,曝光
24905,959,2025-09-12,图文,分享
24906,1019,2025-07-24,短视频,曝光
24907,63,2025-08-04,图文,曝光
24908,656,2025-09-02,直播,曝光
24909,1123,2025-09-20,短视频,曝光
24910,478,2025-07-08,图文,曝光
24911,1186,2025-09-09,直播,加购
24912,904,2025-08-05,直播,曝光
24913,1860,2025-08-17,短视频,曝光
24914,341,2025-07-17,直播,曝光
24915,74,2025-07-12,短视频,曝光
24916,644,2025-09-02,直播,曝光
24917,1601,2025-08-27,直播,曝光
24918,1853,2025-07-31,直播,曝光
24919,1260,2025-08-03,图文,曝光
24920,1222,2025-08-18,短视频,曝光
24921,1449,2025-08-10,直播,点击
24922,1980,2025-09-15,直播,曝光
24923,1885,2025-07-21,直播,曝光
24924,1256,2025-08-18,短视频,加购
24925,704,2025-08-30,短视频,曝光
24926,194,2025-07-28,短视频,分享
24927,333,2025-07-19,短视频,点击
24928,1332,2025-08-24,短视频,点击
24929,142,2025-08-06,直播,曝光
24930,1732,2025-09-28,短视频,分享
24931,956,2025-07-20,短视频,曝光
24932,1826,2025-08-22,短视频,曝光
24933,1723,2025-08-08,直播,曝光
24934,1110,2025-08-01,短视频,曝光
24935,856,2025-08-22,短视频,点击
24936,241,2025-09-09,短视频,曝光
24937,1928,2025-07-28,短视频,曝光
24938,1287,2025-08-26,图文,曝光
24939,833,2025-09-15,短视频,曝光
24940,286,2025-09-27,短视频,曝光
24941,1711,2025-08-27,短视频,点击
24942,113,2025-07-15,图文,曝光
24943,1337,2025-09-16,图文,曝光
24944,424,2025-09-29,直播,曝光
24945,1265,2025-09-26,直播,加购
24946,195,2025-09-03,图文,点击
24947,1608,2025-07-11,短视频,曝光
24948,891,2025-08-26,直播,曝光
24949,868,2025-07-17,短视频,曝光
24950,1888,2025-09-08,短视频,曝光
24951,370,2025-07-05,直播,曝光
24952,1321,2025-07-14,短视频,曝光
24953,1139,2025-09-02,短视频,曝光
24954,1389,2025-07-24,短视频,曝光
24955,1311,2025-07-09,图文,曝光
24956,1608,2025-07-11,直播,曝光
24957,706,2025-07-29,直播,曝光
24958,479,2025-08-15,直播,加购
24959,1357,2025-09-04,短视频,曝光
24960,1145,2025-08-17,直播,点击
24961,1826,2025-08-08,直播,点击
24962,1426,2025-09-22,短视频,曝光
24963,474,2025-09-10,短视频,曝光
24964,609,2025-08-10,短视频,加购
24965,1384,2025-09-30,直播,曝光
24966,776,2025-09-05,直播,曝光
24967,1850,2025-08-03,直播,曝光
24968,1403,2025-08-07,图文,点击
24969,743,2025-07-07,短视频,曝光
24970,1617,2025-09-12,短视频,点击
24971,1389,2025-08-25,短视频,曝光
24972,724,2025-07-11,短视频,点击
24973,849,2025-07-14,短视频,曝光
24974,1252,2025-07-10,短视频,点击
24975,494,2025-07-15,短视频,点击
24976,1329,2025-07-30,短视频,曝光
24977,665,2025-09-08,短视频,曝光
24978,1858,2025-09-30,直播,曝光
24979,1148,2025-08-08,短视频,加购
24980,1575,2025-08-19,短视频,加购
24981,1101,2025-08-19,直播,曝光
24982,390,2025-08-29,短视频,曝光
24983,1344,2025-09-02,直播,曝光
24984,1252,2025-07-10,短视频,曝光
24985,297,2025-08-22,短视频,曝光
24986,1916,2025-08-05,短视频,曝光
24987,175,2025-09-13,短视频,曝光
24988,757,2025-09-24,直播,曝光
24989,249,2025-08-02,短视频,曝光
24990,1531,2025-08-22,直播,曝光
24991,860,2025-07-24,图文,点击
24992,1079,2025-07-06,图文,点击
24993,1800,2025-07-14,图文,点击
24994,876,2025-09-17,短视频,曝光
24995,989,2025-07-30,直播,分享
24996,1141,2025-07-10,短视频,曝光
24997,1853,2025-07-22,直播,点击
24998,851,2025-08-26,短视频,点击
24999,499,2025-08-09,图文,曝光
25000,637,2025-07-14,短视频,点击
25001,1096,2025-08-13,图文,曝光
25002,1523,2025-09-19,短视频,点击
25003,1717,2025-08-12,短视频,曝光
25004,1066,2025-09-28,直播,曝光
25005,957,2025-08-03,直播,加购
25006,1870,2025-07-24,短视频,曝光
25007,1344,2025-08-24,短视频,曝光
25008,18,2025-09-16,图文,曝光
25009,1308,2025-09-13,短视频,曝光
25010,1539,2025-09-22,直播,曝光
25011,1545,2025-07-05,短视频,加购
25012,315,2025-09-08,短视频,曝光
25013,1019,2025-07-04,直播,曝光
25014,1523,2025-09-10,短视频,曝光
25015,1870,2025-07-25,直播,曝光
25016,1741,2025-09-03,短视频,曝光
25017,1579,2025-08-05,短视频,点击
25018,1569,2025-07-07,短视频,分享
25019,705,2025-09-02,短视频,曝光
25020,1188,2025-08-02,图文,曝光
25021,70,2025-07-15,短视频,曝光
25022,246,2025-07-29,直播,点击
25023,507,2025-07-18,图文,曝光
25024,1921,2025-07-20,短视频,加购
25025,497,2025-08-10,直播,曝光
25026,653,2025-08-12,直播,点击
25027,1614,2025-07-31,短视频,曝光
25028,57,2025-07-24,直播,点击
25029,348,2025-09-14,图文,曝光
25030,4,2025-08-18,短视频,点击
25031,1199,2025-07-22,短视频,曝光
25032,1478,2025-08-14,图文,分享
25033,1861,2025-09-30,短视频,点击
25034,1667,2025-07-01,短视频,加购
25035,1453,2025-09-23,短视频,曝光
25036,1607,2025-07-13,直播,曝光
25037,1840,2025-07-24,图文,曝光
25038,1119,2025-08-24,直播,曝光
25039,254,2025-07-21,直播,曝光
25040,1264,2025-09-29,短视频,分享
25041,623,2025-09-06,直播,曝光
25042,1814,2025-08-22,短视频,曝光
25043,1063,2025-08-06,图文,分享
25044,1328,2025-09-24,短视频,曝光
25045,1032,2025-08-02,直播,点击
25046,703,2025-09-30,短视频,曝光
25047,1826,2025-09-29,直播,曝光
25048,1901,2025-09-01,直播,加购
25049,1793,2025-09-03,短视频,曝光
25050,1932,2025-08-24,短视频,曝光
25051,35,2025-09-26,短视频,曝光
25052,1256,2025-08-23,短视频,曝光
25053,842,2025-09-26,短视频,曝光
25054,1133,2025-07-19,图文,曝光
25055,907,2025-08-09,短视频,点击
25056,1874,2025-07-16,短视频,曝光
25057,1639,2025-07-01,短视频,曝光
25058,1557,2025-07-28,短视频,点击
25059,1316,2025-09-25,图文,加购
25060,238,2025-07-31,直播,曝光
25061,360,2025-09-14,短视频,曝光
25062,1917,2025-07-26,直播,曝光
25063,89,2025-09-01,短视频,加购
25064,1449,2025-07-18,短视频,曝光
25065,1169,2025-08-14,短视频,曝光
25066,1479,2025-09-08,短视频,曝光
25067,1979,2025-09-20,直播,曝光
25068,802,2025-08-04,短视频,点击
25069,1183,2025-08-23,短视频,曝光
25070,17,2025-08-23,短视频,曝光
25071,701,2025-08-11,直播,曝光
25072,544,2025-08-06,短视频,曝光
25073,1647,2025-09-24,短视频,点击
25074,663,2025-08-10,短视频,分享
25075,610,2025-09-06,短视频,曝光
25076,912,2025-08-09,直播,曝光
25077,1162,2025-08-19,短视频,点击
25078,1403,2025-08-22,图文,曝光
25079,1945,2025-07-18,直播,曝光
25080,902,2025-07-22,直播,曝光
25081,1220,2025-09-01,短视频,曝光
25082,745,2025-09-29,短视频,曝光
25083,1177,2025-09-01,直播,曝光
25084,497,2025-08-25,短视频,曝光
25085,480,2025-09-30,短视频,加购
25086,1537,2025-09-02,直播,曝光
25087,1338,2025-09-20,直播,曝光
25088,1576,2025-08-01,直播,曝光
25089,1449,2025-09-13,短视频,分享
25090,727,2025-09-18,图文,加购
25091,1565,2025-09-14,直播,曝光
25092,436,2025-08-03,短视频,曝光
25093,12,2025-09-07,短视频,曝光
25094,441,2025-09-15,短视频,分享
25095,1374,2025-08-24,短视频,曝光
25096,1326,2025-07-21,短视频,点击
25097,1473,2025-07-18,直播,点击
25098,1546,2025-09-15,短视频,点击
25099,439,2025-07-17,图文,曝光
25100,1570,2025-09-26,短视频,分享
25101,943,2025-08-24,直播,加购
25102,1742,2025-07-19,直播,曝光
25103,44,2025-07-20,图文,曝光
25104,1509,2025-07-04,图文,曝光
25105,1379,2025-08-24,图文,曝光
25106,972,2025-09-14,短视频,点击
25107,1741,2025-09-06,短视频,曝光
25108,535,2025-08-23,图文,曝光
25109,738,2025-08-24,图文,曝光
25110,748,2025-07-23,图文,加购
25111,961,2025-09-14,直播,曝光
25112,568,2025-08-19,图文,曝光
25113,1360,2025-09-15,短视频,曝光
25114,199,2025-09-29,短视频,曝光
25115,67,2025-09-19,图文,曝光
25116,288,2025-09-25,短视频,点击
25117,891,2025-09-08,图文,曝光
25118,26,2025-07-29,短视频,曝光
25119,1268,2025-07-27,直播,曝光
25120,394,2025-09-02,短视频,曝光
25121,1511,2025-07-23,直播,曝光
25122,1671,2025-08-16,图文,曝光
25123,1702,2025-09-02,直播,点击
25124,1075,2025-07-27,图文,点击
25125,1063,2025-07-10,短视频,曝光
25126,779,2025-07-14,短视频,曝光
25127,267,2025-09-03,图文,曝光
25128,475,2025-07-12,图文,分享
25129,499,2025-09-11,短视频,曝光
25130,1180,2025-07-03,图文,加购
25131,37,2025-09-09,直播,曝光
25132,1947,2025-08-28,短视频,曝光
25133,236,2025-07-25,短视频,曝光
25134,696,2025-07-25,图文,曝光
25135,667,2025-08-18,图文,曝光
25136,1696,2025-08-23,短视频,点击
25137,1254,2025-09-16,短视频,曝光
25138,1879,2025-09-08,短视频,点击
25139,1822,2025-08-17,图文,点击
25140,1574,2025-07-01,图文,曝光
25141,295,2025-09-23,短视频,曝光
25142,1183,2025-08-10,图文,点击
25143,1197,2025-09-17,短视频,点击
25144,605,2025-07-26,直播,曝光
25145,76,2025-08-03,直播,曝光
25146,67,2025-08-26,短视频,分享
25147,770,2025-09-06,短视频,分享
25148,1474,2025-07-14,短视频,曝光
25149,337,2025-09-12,图文,曝光
25150,1912,2025-08-22,短视频,曝光
25151,573,2025-09-13,短视频,曝光
25152,1379,2025-08-23,短视频,点击
25153,99,2025-08-20,图文,曝光
25154,73,2025-08-28,短视频,曝光
25155,1012,2025-08-16,图文,曝光
25156,279,2025-07-10,直播,曝光
25157,1272,2025-08-01,直播,曝光
25158,786,2025-09-29,短视频,点击
25159,462,2025-07-24,短视频,点击
25160,1979,2025-08-10,图文,曝光
25161,794,2025-07-21,直播,加购
25162,170,2025-08-12,短视频,点击
25163,282,2025-09-10,直播,曝光
25164,636,2025-09-05,短视频,曝光
25165,998,2025-07-10,短视频,曝光
25166,1104,2025-09-24,短视频,曝光
25167,893,2025-08-28,直播,曝光
25168,224,2025-09-01,直播,曝光
25169,518,2025-09-09,图文,分享
25170,236,2025-08-31,短视频,曝光
25171,1033,2025-09-19,图文,加购
25172,138,2025-09-02,短视频,曝光
25173,1550,2025-09-29,短视频,曝光
25174,1006,2025-09-01,直播,曝光
25175,572,2025-09-15,短视频,点击
25176,574,2025-08-19,短视频,点击
25177,79,2025-07-31,短视频,点击
25178,80,2025-08-17,图文,加购
25179,1316,2025-07-15,直播,曝光
25180,1004,2025-08-13,图文,曝光
25181,253,2025-09-05,直播,曝光
25182,1461,2025-09-09,直播,点击
25183,1938,2025-08-06,短视频,曝光
25184,1338,2025-08-13,短视频,点击
25185,1770,2025-08-22,短视频,分享
25186,1369,2025-07-13,短视频,曝光
25187,1849,2025-08-27,短视频,曝光
25188,1102,2025-08-14,短视频,曝光
25189,1628,2025-09-07,图文,曝光
25190,1563,2025-08-28,短视频,曝光
25191,666,2025-07-17,短视频,加购
25192,125,2025-08-21,直播,点击
25193,845,2025-08-01,短视频,分享
25194,382,2025-08-26,直播,分享
25195,1742,2025-08-27,图文,点击
25196,1407,2025-08-05,短视频,曝光
25197,1786,2025-08-26,短视频,曝光
25198,672,2025-07-17,图文,曝光
25199,1089,2025-08-04,图文,加购
25200,478,2025-09-05,短视频,曝光
25201,955,2025-08-17,短视频,曝光
25202,55,2025-07-04,短视频,曝光
25203,703,2025-08-11,图文,点击
25204,1737,2025-07-24,短视频,点击
25205,1231,2025-09-21,图文,点击
25206,1676,2025-09-24,短视频,曝光
25207,1534,2025-07-07,短视频,曝光
25208,121,2025-08-03,短视频,分享
25209,960,2025-08-23,直播,点击
25210,609,2025-07-31,图文,曝光
25211,237,2025-09-05,短视频,曝光
25212,430,2025-07-12,短视频,加购
25213,20,2025-09-17,直播,曝光
25214,414,2025-07-24,短视频,曝光
25215,1347,2025-07-23,短视频,加购
25216,517,2025-08-01,短视频,点击
25217,1452,2025-09-24,短视频,点击
25218,595,2025-07-26,直播,曝光
25219,109,2025-07-24,短视频,点击
25220,1414,2025-07-23,短视频,点击
25221,332,2025-07-14,短视频,曝光
25222,1940,2025-09-24,短视频,曝光
25223,860,2025-08-30,直播,曝光
25224,91,2025-08-21,短视频,加购
25225,476,2025-07-13,短视频,曝光
25226,646,2025-07-05,短视频,加购
25227,996,2025-07-29,直播,点击
25228,1335,2025-09-24,短视频,曝光
25229,636,2025-08-18,短视频,曝光
25230,612,2025-09-13,直播,曝光
25231,1856,2025-07-28,图文,点击
25232,383,2025-07-10,短视频,曝光
25233,1466,2025-07-21,短视频,曝光
25234,336,2025-07-22,直播,曝光
25235,525,2025-08-25,图文,点击
25236,1196,2025-07-18,直播,曝光
25237,196,2025-09-29,短视频,加购
25238,303,2025-09-02,图文,分享
25239,1706,2025-08-07,直播,分享
25240,194,2025-08-25,图文,曝光
25241,287,2025-09-04,短视频,曝光
25242,1500,2025-09-09,直播,曝光
25243,942,2025-07-02,短视频,点击
25244,688,2025-08-16,短视频,曝光
25245,1646,2025-08-06,图文,曝光
25246,1790,2025-07-28,直播,曝光
25247,236,2025-08-29,直播,曝光
25248,993,2025-07-23,直播,加购
25249,1850,2025-07-24,短视频,曝光
25250,264,2025-08-31,图文,曝光
25251,823,2025-07-06,直播,曝光
25252,386,2025-08-04,直播,曝光
25253,297,2025-09-08,短视频,曝光
25254,1763,2025-08-06,短视频,曝光
25255,1300,2025-07-27,短视频,曝光
25256,252,2025-07-20,直播,点击
25257,679,2025-08-15,短视频,曝光
25258,632,2025-09-11,短视频,曝光
25259,1847,2025-07-09,直播,曝光
25260,607,2025-08-26,短视频,曝光
25261,224,2025-09-11,短视频,曝光
25262,1976,2025-07-21,直播,曝光
25263,127,2025-09-02,短视频,曝光
25264,1949,2025-08-08,图文,曝光
25265,646,2025-07-02,直播,点击
25266,1385,2025-09-03,图文,曝光
25267,1087,2025-09-05,短视频,加购
25268,472,2025-09-02,直播,曝光
25269,1091,2025-07-08,直播,曝光
25270,359,2025-08-11,短视频,加购
25271,1011,2025-07-17,短视频,曝光
25272,121,2025-08-30,短视频,点击
25273,468,2025-08-11,图文,曝光
25274,123,2025-08-27,图文,曝光
25275,1252,2025-09-19,图文,曝光
25276,1882,2025-07-08,图文,点击
25277,86,2025-07-23,短视频,曝光
25278,1208,2025-08-23,直播,曝光
25279,1008,2025-09-24,短视频,曝光
25280,397,2025-07-05,短视频,曝光
25281,1386,2025-09-15,短视频,点击
25282,1563,2025-09-12,直播,曝光
25283,1857,2025-07-18,图文,曝光
25284,153,2025-09-15,短视频,分享
25285,359,2025-08-23,图文,点击
25286,1045,2025-07-05,短视频,点击
25287,1541,2025-07-05,直播,曝光
25288,392,2025-07-31,短视频,曝光
25289,711,2025-08-19,直播,曝光
25290,898,2025-09-10,短视频,曝光
25291,1320,2025-07-10,图文,曝光
25292,459,2025-08-31,短视频,曝光
25293,592,2025-08-31,短视频,曝光
25294,274,2025-08-05,图文,点击
25295,423,2025-07-25,短视频,曝光
25296,1854,2025-07-25,短视频,曝光
25297,1500,2025-08-11,短视频,分享
25298,1840,2025-07-28,短视频,曝光
25299,1880,2025-08-22,直播,曝光
25300,987,2025-07-12,直播,点击
25301,340,2025-09-03,短视频,点击
25302,1573,2025-09-30,短视频,加购
25303,1974,2025-07-21,短视频,点击
25304,404,2025-09-01,短视频,曝光
25305,1533,2025-09-05,短视频,曝光
25306,794,2025-08-20,短视频,点击
25307,1856,2025-07-28,直播,曝光
25308,452,2025-09-29,短视频,曝光
25309,1314,2025-08-27,短视频,曝光
25310,168,2025-08-04,短视频,分享
25311,1859,2025-07-25,直播,加购
25312,848,2025-09-19,图文,曝光
25313,984,2025-09-05,短视频,曝光
25314,1490,2025-09-20,直播,曝光
25315,461,2025-09-07,图文,分享
25316,1490,2025-07-12,图文,曝光
25317,232,2025-09-10,短视频,曝光
25318,887,2025-09-30,直播,加购
25319,669,2025-07-03,直播,曝光
25320,893,2025-09-07,短视频,曝光
25321,1152,2025-09-11,图文,曝光
25322,1206,2025-08-01,短视频,曝光
25323,416,2025-09-18,图文,曝光
25324,1867,2025-08-07,短视频,点击
25325,1321,2025-08-09,短视频,曝光
25326,301,2025-07-07,直播,曝光
25327,312,2025-08-04,图文,分享
25328,810,2025-09-11,直播,点击
25329,1944,2025-08-20,图文,曝光
25330,1812,2025-07-29,直播,曝光
25331,481,2025-09-05,直播,加购
25332,1098,2025-08-01,短视频,点击
25333,658,2025-08-05,短视频,曝光
25334,1586,2025-08-17,直播,点击
25335,1483,2025-07-09,短视频,点击
25336,926,2025-08-16,图文,曝光
25337,700,2025-09-05,短视频,曝光
25338,1843,2025-07-20,短视频,点击
25339,836,2025-08-21,短视频,曝光
25340,1781,2025-07-02,短视频,曝光
25341,60,2025-09-14,短视频,曝光
25342,892,2025-09-04,图文,曝光
25343,1090,2025-09-05,短视频,曝光
25344,11,2025-08-10,短视频,曝光
25345,126,2025-08-24,直播,曝光
25346,1133,2025-09-05,图文,曝光
25347,1497,2025-08-03,图文,曝光
25348,408,2025-08-05,短视频,曝光
25349,1799,2025-07-30,短视频,点击
25350,482,2025-08-04,短视频,曝光
25351,103,2025-09-01,图文,曝光
25352,860,2025-09-22,图文,曝光
25353,221,2025-07-21,直播,点击
25354,900,2025-07-25,直播,曝光
25355,72,2025-07-05,短视频,曝光
25356,1722,2025-08-05,图文,曝光
25357,1284,2025-09-12,短视频,曝光
25358,63,2025-08-02,图文,曝光
25359,1841,2025-07-01,短视频,曝光
25360,591,2025-07-18,短视频,曝光
25361,1011,2025-07-20,直播,点击
25362,1265,2025-07-19,短视频,曝光
25363,808,2025-09-14,图文,曝光
25364,1244,2025-09-26,短视频,曝光
25365,320,2025-08-11,短视频,曝光
25366,636,2025-07-09,直播,曝光
25367,1355,2025-09-27,直播,曝光
25368,356,2025-09-04,短视频,曝光
25369,633,2025-09-14,直播,曝光
25370,555,2025-07-11,短视频,曝光
25371,252,2025-07-14,图文,曝光
25372,1785,2025-07-15,直播,点击
25373,1967,2025-09-30,图文,曝光
25374,526,2025-09-06,直播,加购
25375,1707,2025-09-15,直播,曝光
25376,984,2025-08-27,直播,加购
25377,476,2025-08-02,直播,曝光
25378,1885,2025-08-02,短视频,点击
25379,259,2025-07-09,短视频,曝光
25380,237,2025-07-23,短视频,曝光
25381,821,2025-08-29,图文,曝光
25382,1742,2025-08-08,图文,曝光
25383,599,2025-08-20,短视频,曝光
25384,1487,2025-09-19,短视频,曝光
25385,1749,2025-07-12,短视频,曝光
25386,971,2025-09-05,图文,曝光
25387,252,2025-09-28,短视频,点击
25388,1898,2025-09-21,图文,曝光
25389,1612,2025-07-19,短视频,点击
25390,149,2025-07-27,直播,曝光
25391,1162,2025-08-26,图文,点击
25392,1710,2025-08-12,直播,曝光
25393,1135,2025-08-29,短视频,曝光
25394,396,2025-08-31,图文,曝光
25395,1871,2025-07-15,图文,曝光
25396,709,2025-09-19,短视频,点击
25397,2,2025-07-11,直播,点击
25398,245,2025-08-26,直播,曝光
25399,919,2025-09-24,直播,点击
25400,991,2025-07-05,短视频,曝光
25401,1246,2025-08-09,图文,点击
25402,339,2025-08-11,短视频,曝光
25403,200,2025-08-08,短视频,加购
25404,511,2025-09-18,直播,点击
25405,113,2025-07-07,短视频,曝光
25406,120,2025-09-11,短视频,曝光
25407,1278,2025-07-02,图文,曝光
25408,611,2025-09-26,短视频,曝光
25409,316,2025-09-29,直播,曝光
25410,328,2025-09-07,图文,曝光
25411,1600,2025-09-16,图文,点击
25412,1371,2025-07-15,直播,曝光
25413,91,2025-07-14,直播,曝光
25414,1277,2025-07-19,短视频,曝光
25415,1230,2025-08-01,短视频,曝光
25416,1331,2025-08-01,短视频,曝光
25417,1578,2025-07-16,短视频,曝光
25418,1353,2025-07-11,短视频,曝光
25419,1424,2025-09-14,图文,点击
25420,207,2025-09-02,图文,曝光
25421,1840,2025-09-14,直播,曝光
25422,428,2025-08-02,直播,曝光
25423,1516,2025-09-17,直播,分享
25424,1475,2025-07-19,短视频,分享
25425,968,2025-09-09,图文,曝光
25426,965,2025-07-22,短视频,曝光
25427,1798,2025-08-17,直播,曝光
25428,1261,2025-09-25,短视频,点击
25429,518,2025-07-09,直播,曝光
25430,114,2025-09-09,直播,曝光
25431,270,2025-08-21,短视频,点击
25432,773,2025-07-30,直播,曝光
25433,1334,2025-09-28,直播,曝光
25434,877,2025-09-10,短视频,曝光
25435,1525,2025-09-15,直播,曝光
25436,1385,2025-09-23,短视频,加购
25437,1420,2025-09-17,短视频,曝光
25438,1825,2025-09-09,直播,曝光
25439,161,2025-07-16,短视频,点击
25440,1150,2025-08-05,短视频,曝光
25441,684,2025-08-06,短视频,曝光
25442,1523,2025-07-17,直播,加购
25443,1616,2025-07-28,短视频,曝光
25444,1287,2025-09-11,图文,分享
25445,1477,2025-08-23,图文,曝光
25446,1820,2025-07-06,直播,曝光
25447,1113,2025-09-01,直播,曝光
25448,1622,2025-07-27,短视频,曝光
25449,210,2025-07-06,短视频,曝光
25450,495,2025-07-08,直播,曝光
25451,1816,2025-07-08,短视频,曝光
25452,445,2025-07-23,图文,点击
25453,19,2025-08-29,直播,曝光
25454,1824,2025-07-29,短视频,曝光
25455,717,2025-09-20,短视频,曝光
25456,1195,2025-08-03,图文,曝光
25457,1542,2025-07-06,短视频,点击
25458,900,2025-07-14,短视频,曝光
25459,41,2025-07-22,短视频,曝光
25460,1401,2025-08-26,图文,曝光
25461,1307,2025-08-19,短视频,点击
25462,564,2025-09-27,直播,点击
25463,1319,2025-07-13,图文,曝光
25464,1618,2025-07-11,短视频,分享
25465,1965,2025-08-19,直播,曝光
25466,1056,2025-09-04,直播,曝光
25467,134,2025-08-07,短视频,曝光
25468,1742,2025-07-17,短视频,曝光
25469,869,2025-08-09,短视频,曝光
25470,1288,2025-08-29,短视频,曝光
25471,1776,2025-08-13,图文,点击
25472,521,2025-07-16,短视频,曝光
25473,8,2025-07-06,短视频,曝光
25474,1931,2025-09-20,图文,曝光
25475,323,2025-07-31,图文,曝光
25476,805,2025-07-03,直播,曝光
25477,1581,2025-08-08,短视频,曝光
25478,1532,2025-07-21,图文,加购
25479,331,2025-07-20,短视频,曝光
25480,512,2025-08-30,直播,点击
25481,1378,2025-08-31,短视频,曝光
25482,835,2025-09-01,图文,曝光
25483,1008,2025-09-20,直播,曝光
25484,1477,2025-08-12,图文,曝光
25485,1721,2025-09-06,图文,点击
25486,1393,2025-07-23,直播,曝光
25487,346,2025-08-29,短视频,曝光
25488,1878,2025-08-27,直播,曝光
25489,1126,2025-08-03,图文,点击
25490,1596,2025-09-30,短视频,曝光
25491,1226,2025-09-24,短视频,曝光
25492,649,2025-08-28,直播,曝光
25493,1302,2025-07-18,直播,曝光
25494,1727,2025-07-17,短视频,分享
25495,1651,2025-08-29,短视频,分享
25496,1843,2025-09-23,直播,曝光
25497,109,2025-07-16,短视频,点击
25498,1909,2025-09-04,图文,曝光
25499,655,2025-08-22,直播,曝光
25500,1801,2025-08-25,直播,曝光
25501,1055,2025-07-14,短视频,曝光
25502,1391,2025-07-17,直播,加购
25503,1565,2025-08-10,图文,分享
25504,1592,2025-07-28,短视频,分享
25505,640,2025-08-28,直播,加购
25506,1296,2025-08-13,短视频,曝光
25507,1130,2025-08-28,短视频,曝光
25508,640,2025-08-24,图文,曝光
25509,76,2025-09-27,短视频,曝光
25510,1633,2025-08-02,短视频,分享
25511,846,2025-08-04,直播,加购
25512,456,2025-08-29,短视频,点击
25513,674,2025-08-21,直播,加购
25514,863,2025-07-16,短视频,加购
25515,1992,2025-07-24,图文,点击
25516,688,2025-09-14,图文,分享
25517,267,2025-07-09,直播,分享
25518,345,2025-07-16,直播,曝光
25519,1838,2025-09-05,直播,曝光
25520,1598,2025-09-26,直播,曝光
25521,8,2025-09-17,短视频,分享
25522,944,2025-09-05,短视频,曝光
25523,539,2025-07-26,图文,曝光
25524,1054,2025-09-09,直播,曝光
25525,1201,2025-08-04,短视频,曝光
25526,1005,2025-07-31,短视频,加购
25527,975,2025-07-26,直播,曝光
25528,1379,2025-07-29,直播,加购
25529,1424,2025-08-28,图文,曝光
25530,352,2025-09-13,短视频,曝光
25531,1374,2025-08-30,直播,曝光
25532,1002,2025-09-15,短视频,曝光
25533,818,2025-07-25,短视频,曝光
25534,521,2025-08-23,图文,点击
25535,1107,2025-09-01,短视频,曝光
25536,1944,2025-08-05,短视频,曝光
25537,933,2025-09-11,短视频,曝光
25538,121,2025-08-21,直播,点击
25539,487,2025-07-25,短视频,分享
25540,1857,2025-09-03,短视频,曝光
25541,1605,2025-07-05,直播,曝光
25542,120,2025-09-11,直播,点击
25543,1611,2025-07-18,图文,曝光
25544,219,2025-08-11,短视频,曝光
25545,601,2025-09-08,图文,加购
25546,1813,2025-09-12,直播,曝光
25547,1297,2025-08-02,短视频,曝光
25548,1296,2025-08-29,直播,曝光
25549,430,2025-07-08,短视频,曝光
25550,649,2025-09-16,图文,点击
25551,187,2025-07-23,短视频,加购
25552,1177,2025-09-12,短视频,曝光
25553,973,2025-08-16,直播,曝光
25554,333,2025-08-07,短视频,曝光
25555,584,2025-08-01,直播,曝光
25556,130,2025-09-09,短视频,点击
25557,128,2025-07-28,短视频,曝光
25558,99,2025-08-25,直播,曝光
25559,646,2025-07-02,直播,曝光
25560,541,2025-08-31,图文,曝光
25561,377,2025-07-12,直播,曝光
25562,359,2025-07-21,直播,分享
25563,1899,2025-09-05,图文,曝光
25564,807,2025-09-10,短视频,加购
25565,1038,2025-07-10,图文,曝光
25566,1754,2025-07-11,短视频,曝光
25567,1996,2025-07-12,图文,曝光
25568,758,2025-07-18,直播,曝光
25569,1537,2025-07-24,图文,点击
25570,798,2025-08-02,短视频,曝光
25571,537,2025-08-17,图文,曝光
25572,242,2025-09-09,图文,曝光
25573,697,2025-07-08,短视频,曝光
25574,1978,2025-08-08,直播,曝光
25575,339,2025-07-04,短视频,曝光
25576,291,2025-08-26,直播,点击
25577,512,2025-09-22,图文,曝光
25578,677,2025-09-23,直播,曝光
25579,764,2025-07-07,直播,曝光
25580,1892,2025-09-04,图文,点击
25581,1861,2025-09-12,直播,加购
25582,910,2025-09-15,短视频,曝光
25583,1775,2025-07-05,直播,曝光
25584,677,2025-07-13,图文,曝光
25585,789,2025-08-04,直播,曝光
25586,1431,2025-07-06,短视频,曝光
25587,1736,2025-08-01,图文,点击
25588,67,2025-07-23,图文,点击
25589,1177,2025-09-17,短视频,分享
25590,643,2025-09-21,短视频,加购
25591,783,2025-07-27,短视频,曝光
25592,1161,2025-09-06,图文,分享
25593,1027,2025-07-03,直播,曝光
25594,1983,2025-08-05,短视频,曝光
25595,884,2025-09-22,短视频,曝光
25596,1936,2025-09-22,直播,曝光
25597,1359,2025-08-05,图文,曝光
25598,1253,2025-08-30,短视频,曝光
25599,1070,2025-07-05,图文,曝光
25600,681,2025-09-12,直播,点击
25601,1174,2025-07-23,直播,曝光
25602,1101,2025-07-09,短视频,点击
25603,213,2025-08-19,短视频,加购
25604,1868,2025-09-15,直播,曝光
25605,1775,2025-08-27,短视频,点击
25606,1335,2025-08-15,直播,加购
25607,1339,2025-07-25,直播,点击
25608,299,2025-07-08,直播,曝光
25609,1194,2025-07-03,直播,点击
25610,1944,2025-07-04,短视频,曝光
25611,247,2025-08-01,直播,曝光
25612,1805,2025-08-22,直播,曝光
25613,703,2025-07-01,短视频,曝光
25614,434,2025-08-24,直播,曝光
25615,1804,2025-09-06,短视频,曝光
25616,1314,2025-07-17,短视频,曝光
25617,1604,2025-08-10,短视频,曝光
25618,1757,2025-07-29,直播,加购
25619,22,2025-09-10,直播,分享
25620,442,2025-08-06,直播,曝光
25621,473,2025-09-11,短视频,点击
25622,1848,2025-07-01,短视频,点击
25623,1053,2025-09-22,短视频,曝光
25624,361,2025-09-28,短视频,曝光
25625,1397,2025-09-01,图文,曝光
25626,715,2025-09-15,短视频,曝光
25627,1155,2025-09-04,短视频,曝光
25628,1887,2025-07-24,短视频,点击
25629,540,2025-07-14,直播,点击
25630,1894,2025-09-16,短视频,曝光
25631,1486,2025-07-01,短视频,曝光
25632,47,2025-08-26,直播,点击
25633,790,2025-07-03,直播,点击
25634,1733,2025-07-17,短视频,分享
25635,1714,2025-07-31,图文,曝光
25636,1388,2025-09-11,直播,点击
25637,1382,2025-07-09,短视频,曝光
25638,1744,2025-07-09,短视频,曝光
25639,285,2025-07-22,直播,曝光
25640,924,2025-08-08,短视频,加购
25641,703,2025-07-28,图文,点击
25642,1964,2025-09-08,直播,曝光
25643,1534,2025-08-14,短视频,点击
25644,1497,2025-09-21,短视频,加购
25645,191,2025-09-20,短视频,点击
25646,1519,2025-07-27,短视频,曝光
25647,1673,2025-09-07,直播,曝光
25648,854,2025-08-25,短视频,曝光
25649,1727,2025-08-28,图文,点击
25650,785,2025-09-16,短视频,加购
25651,1307,2025-07-18,短视频,曝光
25652,412,2025-09-18,直播,曝光
25653,1023,2025-08-22,直播,点击
25654,117,2025-07-01,短视频,曝光
25655,239,2025-08-06,图文,曝光
25656,1803,2025-07-09,图文,曝光
25657,1403,2025-07-31,短视频,曝光
25658,1182,2025-07-18,短视频,曝光
25659,810,2025-08-30,短视频,加购
25660,1117,2025-07-02,短视频,曝光
25661,1413,2025-07-08,直播,加购
25662,677,2025-09-21,直播,曝光
25663,648,2025-08-07,图文,点击
25664,1480,2025-07-07,短视频,曝光
25665,1081,2025-09-11,直播,曝光
25666,814,2025-09-23,直播,曝光
25667,895,2025-07-30,短视频,分享
25668,1619,2025-07-29,图文,曝光
25669,1036,2025-08-22,直播,曝光
25670,160,2025-07-07,直播,曝光
25671,1658,2025-09-30,短视频,加购
25672,495,2025-08-04,图文,曝光
25673,148,2025-07-24,直播,曝光
25674,567,2025-09-05,短视频,曝光
25675,239,2025-08-06,短视频,曝光
25676,47,2025-07-13,短视频,加购
25677,1399,2025-08-13,图文,曝光
25678,1327,2025-09-26,图文,曝光
25679,617,2025-08-15,直播,曝光
25680,1404,2025-07-17,直播,点击
25681,76,2025-07-21,直播,曝光
25682,827,2025-09-21,短视频,曝光
25683,1152,2025-09-09,短视频,点击
25684,1591,2025-07-02,短视频,加购
25685,547,2025-07-20,短视频,加购
25686,1908,2025-09-06,图文,曝光
25687,746,2025-07-28,短视频,曝光
25688,1474,2025-08-14,短视频,曝光
25689,360,2025-09-19,图文,曝光
25690,1347,2025-09-09,短视频,点击
25691,1123,2025-08-31,短视频,点击
25692,900,2025-08-30,直播,点击
25693,508,2025-07-23,短视频,点击
25694,1107,2025-07-18,短视频,点击
25695,822,2025-09-14,短视频,点击
25696,577,2025-07-05,图文,曝光
25697,1052,2025-08-29,短视频,点击
25698,489,2025-08-07,短视频,曝光
25699,1309,2025-07-03,直播,曝光
25700,53,2025-08-23,短视频,点击
25701,489,2025-07-13,直播,曝光
25702,962,2025-09-17,短视频,点击
25703,256,2025-07-23,图文,曝光
25704,451,2025-07-22,直播,加购
25705,850,2025-09-01,直播,曝光
25706,935,2025-07-28,直播,曝光
25707,683,2025-08-03,短视频,曝光
25708,1625,2025-08-01,短视频,曝光
25709,1023,2025-08-16,短视频,曝光
25710,735,2025-09-05,直播,加购
25711,1028,2025-09-10,短视频,曝光
25712,644,2025-07-12,短视频,点击
25713,102,2025-08-13,直播,曝光
25714,894,2025-08-17,短视频,点击
25715,725,2025-09-26,图文,曝光
25716,991,2025-08-24,直播,曝光
25717,1030,2025-09-15,短视频,曝光
25718,546,2025-08-17,短视频,曝光
25719,910,2025-08-17,短视频,曝光
25720,1200,2025-08-20,短视频,加购
25721,484,2025-07-09,直播,曝光
25722,58,2025-08-09,图文,曝光
25723,371,2025-09-26,短视频,点击
25724,973,2025-09-29,短视频,曝光
25725,1382,2025-07-16,短视频,加购
25726,1299,2025-08-11,短视频,点击
25727,1549,2025-09-14,短视频,曝光
25728,933,2025-09-15,短视频,点击
25729,1756,2025-08-29,直播,曝光
25730,1957,2025-08-20,短视频,曝光
25731,35,2025-09-19,短视频,曝光
25732,311,2025-08-26,短视频,曝光
25733,799,2025-09-11,图文,加购
25734,907,2025-09-13,直播,点击
25735,412,2025-07-25,短视频,曝光
25736,584,2025-09-29,短视频,曝光
25737,90,2025-08-04,短视频,点击
25738,1807,2025-07-14,直播,曝光
25739,1574,2025-07-22,图文,曝光
25740,360,2025-08-23,短视频,曝光
25741,802,2025-09-23,图文,加购
25742,1043,2025-07-17,图文,曝光
25743,893,2025-09-01,直播,分享
25744,849,2025-07-05,直播,分享
25745,1105,2025-08-16,图文,曝光
25746,1835,2025-09-21,直播,点击
25747,1051,2025-08-29,直播,曝光
25748,1116,2025-09-30,直播,加购
25749,520,2025-09-26,直播,曝光
25750,932,2025-09-02,短视频,曝光
25751,1351,2025-07-02,图文,点击
25752,1174,2025-08-07,图文,曝光
25753,973,2025-07-11,短视频,曝光
25754,1423,2025-09-08,短视频,曝光
25755,437,2025-07-16,直播,曝光
25756,64,2025-09-29,图文,点击
25757,624,2025-08-27,直播,曝光
25758,494,2025-09-23,直播,分享
25759,1827,2025-09-13,直播,曝光
25760,472,2025-09-18,短视频,曝光
25761,1823,2025-07-05,短视频,加购
25762,832,2025-08-17,图文,曝光
25763,1430,2025-09-21,短视频,曝光
25764,1153,2025-07-20,短视频,点击
25765,11,2025-08-03,图文,曝光
25766,1832,2025-07-13,短视频,分享
25767,951,2025-08-17,短视频,点击
25768,1132,2025-07-07,短视频,点击
25769,528,2025-07-09,短视频,曝光
25770,363,2025-08-01,直播,曝光
25771,78,2025-09-11,图文,曝光
25772,1052,2025-07-04,短视频,曝光
25773,626,2025-09-16,图文,点击
25774,858,2025-09-01,短视频,曝光
25775,1964,2025-09-26,图文,曝光
25776,1292,2025-09-14,图文,曝光
25777,1475,2025-09-07,短视频,曝光
25778,1274,2025-09-12,短视频,点击
25779,350,2025-09-04,短视频,加购
25780,1321,2025-07-08,图文,曝光
25781,1775,2025-08-29,短视频,点击
25782,1995,2025-07-19,直播,曝光
25783,95,2025-07-16,短视频,曝光
25784,56,2025-09-28,直播,曝光
25785,1958,2025-09-22,直播,曝光
25786,1525,2025-09-30,短视频,曝光
25787,33,2025-07-01,图文,曝光
25788,1710,2025-09-28,短视频,曝光
25789,1882,2025-07-01,图文,曝光
25790,491,2025-09-23,直播,加购
25791,428,2025-07-13,图文,曝光
25792,1515,2025-07-14,图文,曝光
25793,606,2025-07-04,直播,加购
25794,210,2025-09-11,短视频,曝光
25795,1391,2025-09-12,短视频,点击
25796,1086,2025-07-20,图文,曝光
25797,554,2025-09-12,短视频,曝光
25798,645,2025-07-24,短视频,曝光
25799,939,2025-09-18,图文,加购
25800,456,2025-08-15,图文,曝光
25801,105,2025-08-22,图文,点击
25802,1295,2025-09-12,直播,曝光
25803,586,2025-08-13,图文,曝光
25804,806,2025-08-10,短视频,曝光
25805,620,2025-08-23,直播,曝光
25806,333,2025-07-21,图文,曝光
25807,1088,2025-08-11,图文,点击
25808,1214,2025-09-22,图文,点击
25809,1002,2025-08-29,直播,曝光
25810,1014,2025-07-27,短视频,加购
25811,1430,2025-09-23,短视频,分享
25812,85,2025-09-10,短视频,曝光
25813,1548,2025-09-28,短视频,分享
25814,1642,2025-09-09,短视频,曝光
25815,304,2025-07-02,直播,点击
25816,1974,2025-07-09,短视频,曝光
25817,914,2025-07-01,短视频,曝光
25818,685,2025-08-10,短视频,点击
25819,594,2025-08-12,直播,曝光
25820,1975,2025-07-13,图文,曝光
25821,1099,2025-07-09,短视频,点击
25822,1992,2025-09-05,短视频,曝光
25823,1434,2025-09-04,直播,曝光
25824,929,2025-09-07,直播,曝光
25825,58,2025-08-26,短视频,曝光
25826,1842,2025-07-28,直播,曝光
25827,456,2025-08-22,短视频,曝光
25828,1565,2025-09-01,短视频,曝光
25829,256,2025-09-07,图文,曝光
25830,1669,2025-08-08,短视频,曝光
25831,55,2025-07-18,直播,点击
25832,246,2025-08-21,直播,曝光
25833,595,2025-09-19,直播,曝光
25834,1561,2025-09-02,短视频,点击
25835,1995,2025-09-03,短视频,点击
25836,474,2025-09-16,短视频,曝光
25837,1153,2025-08-31,图文,点击
25838,1495,2025-08-15,短视频,曝光
25839,1782,2025-08-31,直播,曝光
25840,472,2025-09-03,图文,曝光
25841,223,2025-08-10,短视频,曝光
25842,1568,2025-07-26,短视频,曝光
25843,68,2025-08-05,短视频,曝光
25844,1788,2025-08-12,短视频,曝光
25845,805,2025-08-31,短视频,曝光
25846,1004,2025-07-09,短视频,曝光
25847,993,2025-08-31,短视频,曝光
25848,867,2025-08-14,短视频,曝光
25849,25,2025-07-10,图文,曝光
25850,292,2025-08-04,短视频,曝光
25851,707,2025-09-08,直播,曝光
25852,472,2025-09-23,短视频,曝光
25853,1633,2025-09-12,短视频,曝光
25854,1985,2025-07-25,短视频,曝光
25855,412,2025-08-22,短视频,分享
25856,1462,2025-09-30,图文,曝光
25857,1013,2025-08-15,图文,点击
25858,1539,2025-07-20,短视频,加购
25859,1527,2025-08-17,短视频,曝光
25860,1629,2025-08-25,直播,曝光
25861,1925,2025-07-21,直播,曝光
25862,1168,2025-07-31,短视频,曝光
25863,1849,2025-09-28,直播,曝光
25864,883,2025-09-21,直播,曝光
25865,97,2025-09-19,直播,点击
25866,697,2025-08-14,短视频,加购
25867,1386,2025-09-16,短视频,点击
25868,55,2025-07-25,短视频,曝光
25869,1655,2025-07-29,短视频,曝光
25870,1620,2025-07-16,短视频,分享
25871,465,2025-09-02,短视频,曝光
25872,1730,2025-09-07,直播,曝光
25873,1552,2025-08-28,短视频,曝光
25874,686,2025-09-21,短视频,点击
25875,1850,2025-07-19,短视频,加购
25876,1031,2025-09-09,直播,曝光
25877,894,2025-09-29,直播,曝光
25878,1157,2025-08-17,短视频,曝光
25879,1972,2025-08-16,图文,点击
25880,1315,2025-09-23,短视频,曝光
25881,1028,2025-07-13,图文,加购
25882,1300,2025-08-17,短视频,分享
25883,1473,2025-08-17,短视频,分享
25884,394,2025-07-21,直播,曝光
25885,1062,2025-07-10,直播,点击
25886,1374,2025-07-22,短视频,曝光
25887,385,2025-09-10,短视频,加购
25888,1506,2025-08-28,直播,曝光
25889,22,2025-09-12,短视频,曝光
25890,35,2025-09-13,短视频,分享
25891,784,2025-09-14,短视频,曝光
25892,1236,2025-09-03,短视频,点击
25893,238,2025-07-07,图文,曝光
25894,834,2025-07-12,短视频,曝光
25895,372,2025-07-13,直播,曝光
25896,1771,2025-08-12,直播,曝光
25897,1467,2025-07-10,短视频,曝光
25898,1888,2025-07-06,短视频,曝光
25899,744,2025-08-29,短视频,点击
25900,1168,2025-09-23,直播,曝光
25901,718,2025-07-27,直播,点击
25902,800,2025-07-10,直播,曝光
25903,1095,2025-07-15,直播,曝光
25904,1877,2025-09-22,短视频,点击
25905,1743,2025-09-29,短视频,点击
25906,540,2025-08-02,直播,曝光
25907,617,2025-08-14,图文,曝光
25908,986,2025-08-23,直播,曝光
25909,1520,2025-08-15,短视频,点击
25910,707,2025-09-03,直播,曝光
25911,134,2025-08-23,直播,曝光
25912,308,2025-09-15,直播,曝光
25913,799,2025-08-15,直播,曝光
25914,1789,2025-09-04,短视频,曝光
25915,1389,2025-07-24,直播,曝光
25916,501,2025-08-16,短视频,曝光
25917,1186,2025-09-01,直播,曝光
25918,1591,2025-07-25,短视频,曝光
25919,560,2025-08-23,短视频,点击
25920,1507,2025-07-19,短视频,曝光
25921,1289,2025-09-16,直播,加购
25922,1334,2025-09-01,短视频,曝光
25923,267,2025-08-07,短视频,曝光
25924,218,2025-08-06,直播,曝光
25925,912,2025-09-10,直播,点击
25926,802,2025-09-05,直播,曝光
25927,616,2025-09-28,直播,曝光
25928,1854,2025-09-10,直播,点击
25929,494,2025-08-05,短视频,曝光
25930,732,2025-07-24,短视频,曝光
25931,97,2025-09-03,直播,加购
25932,41,2025-07-03,直播,曝光
25933,654,2025-07-04,短视频,曝光
25934,1452,2025-08-15,直播,点击
25935,1193,2025-09-22,短视频,加购
25936,1376,2025-07-30,图文,曝光
25937,1503,2025-09-04,短视频,曝光
25938,1161,2025-07-10,短视频,曝光
25939,896,2025-08-27,短视频,曝光
25940,726,2025-08-09,直播,曝光
25941,80,2025-07-10,直播,曝光
25942,646,2025-08-05,直播,曝光
25943,998,2025-09-29,图文,曝光
25944,460,2025-07-21,短视频,曝光
25945,286,2025-09-22,直播,曝光
25946,1184,2025-07-31,短视频,曝光
25947,965,2025-07-28,直播,曝光
25948,1993,2025-07-05,短视频,曝光
25949,1640,2025-07-07,图文,曝光
25950,1567,2025-09-27,图文,点击
25951,997,2025-08-07,图文,曝光
25952,1310,2025-09-05,直播,曝光
25953,1770,2025-07-03,直播,点击
25954,1140,2025-07-17,短视频,分享
25955,508,2025-08-19,短视频,曝光
25956,1411,2025-08-22,短视频,曝光
25957,240,2025-09-06,图文,曝光
25958,1004,2025-08-30,直播,曝光
25959,1710,2025-08-10,短视频,曝光
25960,1695,2025-08-18,直播,曝光
25961,1549,2025-09-17,直播,曝光
25962,1164,2025-08-25,图文,曝光
25963,696,2025-09-21,直播,曝光
25964,495,2025-09-18,图文,点击
25965,999,2025-09-28,直播,曝光
25966,1127,2025-09-20,直播,曝光
25967,640,2025-08-17,短视频,点击
25968,491,2025-07-03,短视频,点击
25969,1538,2025-08-20,直播,曝光
25970,1072,2025-08-17,图文,曝光
25971,969,2025-09-24,短视频,曝光
25972,1610,2025-08-12,短视频,曝光
25973,1940,2025-09-09,图文,曝光
25974,1456,2025-07-04,短视频,曝光
25975,1561,2025-07-18,直播,曝光
25976,541,2025-09-22,图文,曝光
25977,1721,2025-07-09,直播,曝光
25978,1459,2025-09-30,短视频,点击
25979,1124,2025-08-23,图文,曝光
25980,248,2025-09-04,短视频,曝光
25981,1043,2025-09-17,图文,曝光
25982,1291,2025-07-26,短视频,曝光
25983,399,2025-08-07,短视频,点击
25984,630,2025-07-07,短视频,曝光
25985,1566,2025-08-24,直播,曝光
25986,1235,2025-07-26,直播,曝光
25987,476,2025-08-31,直播,点击
25988,1725,2025-08-25,短视频,曝光
25989,1690,2025-08-01,图文,曝光
25990,268,2025-07-27,短视频,曝光
25991,132,2025-08-05,短视频,曝光
25992,1393,2025-09-07,短视频,曝光
25993,147,2025-07-01,短视频,曝光
25994,1367,2025-09-29,图文,加购
25995,1079,2025-08-11,短视频,曝光
25996,1514,2025-07-20,短视频,曝光
25997,64,2025-07-20,短视频,曝光
25998,1939,2025-09-30,图文,曝光
25999,185,2025-08-21,直播,曝光
26000,966,2025-08-15,短视频,曝光
26001,1625,2025-08-16,短视频,曝光
26002,273,2025-08-08,直播,加购
26003,1500,2025-07-22,图文,曝光
26004,1392,2025-07-19,短视频,加购
26005,1755,2025-07-12,短视频,点击
26006,1091,2025-07-07,短视频,曝光
26007,619,2025-08-30,短视频,曝光
26008,1624,2025-09-07,直播,加购
26009,307,2025-08-08,短视频,曝光
26010,1586,2025-08-31,短视频,曝光
26011,332,2025-08-04,短视频,点击
26012,1467,2025-09-09,短视频,曝光
26013,83,2025-09-14,短视频,曝光
26014,795,2025-07-20,直播,曝光
26015,1767,2025-08-28,直播,曝光
26016,952,2025-09-07,图文,点击
26017,56,2025-08-26,短视频,曝光
26018,1833,2025-08-27,短视频,加购
26019,1198,2025-07-18,短视频,分享
26020,872,2025-08-06,短视频,曝光
26021,1773,2025-07-05,直播,曝光
26022,1174,2025-07-16,短视频,曝光
26023,1198,2025-08-24,直播,曝光
26024,1368,2025-08-31,直播,曝光
26025,350,2025-08-05,短视频,曝光
26026,232,2025-09-22,直播,曝光
26027,1216,2025-08-13,短视频,曝光
26028,1539,2025-09-12,短视频,曝光
26029,1922,2025-08-07,直播,曝光
26030,30,2025-09-29,直播,曝光
26031,155,2025-09-20,直播,曝光
26032,1965,2025-07-14,短视频,曝光
26033,348,2025-09-25,直播,曝光
26034,1137,2025-08-29,短视频,曝光
26035,945,2025-09-10,图文,点击
26036,337,2025-08-02,短视频,分享
26037,1538,2025-07-08,直播,点击
26038,1569,2025-08-01,直播,曝光
26039,563,2025-07-19,图文,曝光
26040,1690,2025-07-31,短视频,曝光
26041,1211,2025-08-10,直播,点击
26042,410,2025-08-30,短视频,曝光
26043,535,2025-07-21,图文,曝光
26044,83,2025-09-11,短视频,曝光
26045,1129,2025-07-14,短视频,曝光
26046,1049,2025-08-20,直播,曝光
26047,361,2025-09-17,短视频,点击
26048,1282,2025-09-03,图文,曝光
26049,608,2025-08-12,图文,曝光
26050,337,2025-08-02,短视频,加购
26051,369,2025-08-28,图文,曝光
26052,1124,2025-08-15,直播,曝光
26053,1852,2025-09-19,直播,曝光
26054,1053,2025-07-15,短视频,曝光
26055,1242,2025-09-09,直播,曝光
26056,1728,2025-07-05,短视频,曝光
26057,1303,2025-09-25,短视频,点击
26058,1632,2025-08-11,直播,分享
26059,1075,2025-07-01,图文,加购
26060,264,2025-09-28,短视频,曝光
26061,1319,2025-07-19,直播,曝光
26062,1415,2025-09-23,短视频,曝光
26063,895,2025-09-06,短视频,曝光
26064,1006,2025-09-21,短视频,点击
26065,186,2025-08-27,短视频,点击
26066,933,2025-08-03,图文,曝光
26067,1845,2025-08-13,直播,点击
26068,325,2025-09-07,直播,曝光
26069,1282,2025-08-12,直播,点击
26070,1496,2025-09-25,短视频,曝光
26071,1430,2025-08-20,短视频,曝光
26072,1737,2025-07-06,图文,点击
26073,400,2025-07-07,直播,曝光
26074,412,2025-08-11,短视频,曝光
26075,671,2025-07-03,短视频,曝光
26076,59,2025-08-04,短视频,曝光
26077,12,2025-07-25,图文,曝光
26078,1219,2025-09-16,直播,曝光
26079,597,2025-09-19,短视频,曝光
26080,1963,2025-08-23,图文,加购
26081,1711,2025-09-12,短视频,加购
26082,1358,2025-09-30,直播,曝光
26083,1641,2025-09-25,直播,曝光
26084,506,2025-07-06,图文,曝光
26085,1401,2025-08-10,图文,点击
26086,1746,2025-07-29,短视频,曝光
26087,317,2025-07-24,短视频,曝光
26088,1077,2025-08-20,图文,曝光
26089,1981,2025-07-06,图文,曝光
26090,1020,2025-07-21,短视频,曝光
26091,1634,2025-07-19,直播,加购
26092,115,2025-09-28,短视频,曝光
26093,692,2025-09-23,直播,加购
26094,122,2025-09-02,图文,曝光
26095,1434,2025-08-10,直播,曝光
26096,1159,2025-08-25,图文,曝光
26097,394,2025-08-30,短视频,分享
26098,1614,2025-07-13,短视频,曝光
26099,1084,2025-07-19,短视频,点击
26100,1507,2025-09-11,短视频,曝光
26101,1427,2025-09-23,短视频,曝光
26102,1882,2025-09-28,短视频,曝光
26103,460,2025-07-24,直播,点击
26104,1006,2025-09-12,短视频,曝光
26105,325,2025-09-01,直播,曝光
26106,1242,2025-08-22,短视频,曝光
26107,727,2025-07-15,短视频,加购
26108,1255,2025-09-01,直播,曝光
26109,150,2025-07-10,直播,加购
26110,761,2025-08-19,图文,点击
26111,925,2025-08-01,短视频,曝光
26112,6,2025-07-04,直播,曝光
26113,268,2025-08-04,图文,曝光
26114,1678,2025-09-19,直播,曝光
26115,977,2025-09-09,短视频,曝光
26116,135,2025-07-22,短视频,曝光
26117,281,2025-09-07,短视频,曝光
26118,1919,2025-07-29,短视频,加购
26119,342,2025-08-08,短视频,曝光
26120,1688,2025-09-23,直播,点击
26121,493,2025-08-17,短视频,曝光
26122,208,2025-09-07,短视频,曝光
26123,1677,2025-09-29,直播,曝光
26124,245,2025-08-20,短视频,曝光
26125,1633,2025-08-14,短视频,曝光
26126,1475,2025-07-24,短视频,点击
26127,1980,2025-08-25,直播,分享
26128,1088,2025-09-14,短视频,曝光
26129,1858,2025-09-26,直播,曝光
26130,1298,2025-08-19,直播,曝光
26131,37,2025-07-24,短视频,点击
26132,580,2025-08-20,短视频,点击
26133,29,2025-09-30,图文,曝光
26134,1768,2025-07-18,短视频,曝光
26135,814,2025-08-26,直播,分享
26136,1086,2025-08-10,图文,曝光
26137,1609,2025-09-07,图文,曝光
26138,1131,2025-08-02,短视频,点击
26139,1845,2025-08-13,图文,曝光
26140,1982,2025-07-28,短视频,曝光
26141,404,2025-09-27,图文,分享
26142,1544,2025-08-13,直播,点击
26143,379,2025-09-22,直播,曝光
26144,1378,2025-09-16,直播,加购
26145,1076,2025-08-16,直播,点击
26146,1734,2025-07-30,短视频,曝光
26147,359,2025-08-21,短视频,点击
26148,1982,2025-07-23,短视频,曝光
26149,1015,2025-08-15,短视频,曝光
26150,1626,2025-09-20,短视频,曝光
26151,1625,2025-08-31,短视频,点击
26152,1613,2025-09-10,短视频,曝光
26153,487,2025-08-20,直播,曝光
26154,383,2025-08-22,短视频,曝光
26155,184,2025-08-25,直播,曝光
26156,1747,2025-09-01,直播,曝光
26157,1214,2025-07-26,直播,分享
26158,1763,2025-07-08,直播,点击
26159,673,2025-07-21,短视频,曝光
26160,1195,2025-09-06,直播,加购
26161,114,2025-09-27,短视频,曝光
26162,1302,2025-09-20,直播,曝光
26163,1805,2025-09-26,直播,曝光
26164,1248,2025-08-13,图文,曝光
26165,1702,2025-07-28,图文,加购
26166,1090,2025-09-16,直播,曝光
26167,874,2025-08-07,直播,曝光
26168,367,2025-08-22,短视频,曝光
26169,486,2025-09-24,直播,曝光
26170,1316,2025-07-04,短视频,曝光
26171,797,2025-09-11,直播,曝光
26172,759,2025-07-02,直播,曝光
26173,1118,2025-08-25,短视频,曝光
26174,1074,2025-07-12,短视频,曝光
26175,1606,2025-09-09,短视频,曝光
26176,1803,2025-09-27,直播,曝光
26177,254,2025-08-19,图文,点击
26178,219,2025-09-27,短视频,曝光
26179,1650,2025-09-02,图文,曝光
26180,1911,2025-07-04,短视频,曝光
26181,1077,2025-08-03,短视频,曝光
26182,1137,2025-08-03,图文,加购
26183,1448,2025-09-26,图文,曝光
26184,1900,2025-09-26,短视频,加购
26185,715,2025-09-10,短视频,点击
26186,402,2025-08-20,短视频,曝光
26187,1635,2025-07-06,短视频,曝光
26188,109,2025-09-11,短视频,点击
26189,207,2025-08-07,直播,加购
26190,1243,2025-07-19,短视频,点击
26191,633,2025-09-16,短视频,曝光
26192,1054,2025-07-10,短视频,曝光
26193,998,2025-08-27,图文,曝光
26194,1470,2025-07-31,直播,曝光
26195,342,2025-09-14,短视频,点击
26196,1203,2025-09-02,短视频,分享
26197,1499,2025-07-17,图文,曝光
26198,1029,2025-09-24,短视频,曝光
26199,616,2025-07-07,直播,曝光
26200,1806,2025-09-10,直播,曝光
26201,261,2025-08-17,直播,曝光
26202,647,2025-08-07,直播,曝光
26203,1100,2025-08-14,短视频,分享
26204,544,2025-08-04,短视频,曝光
26205,1304,2025-09-11,短视频,曝光
26206,1608,2025-09-19,直播,曝光
26207,1060,2025-09-17,短视频,曝光
26208,704,2025-08-17,短视频,点击
26209,1208,2025-09-25,直播,曝光
26210,1127,2025-08-12,图文,点击
26211,1625,2025-08-12,短视频,曝光
26212,1229,2025-07-27,短视频,加购
26213,13,2025-09-13,短视频,曝光
26214,589,2025-09-02,短视频,曝光
26215,729,2025-08-23,短视频,曝光
26216,712,2025-07-14,短视频,曝光
26217,1720,2025-08-03,短视频,曝光
26218,82,2025-08-05,短视频,点击
26219,1488,2025-08-22,短视频,点击
26220,560,2025-09-08,图文,分享
26221,1102,2025-07-16,直播,曝光
26222,653,2025-09-01,图文,曝光
26223,140,2025-08-22,直播,曝光
26224,34,2025-07-13,短视频,曝光
26225,783,2025-07-20,图文,加购
26226,1647,2025-08-02,直播,分享
26227,695,2025-08-21,短视频,点击
26228,1771,2025-08-06,短视频,曝光
26229,1833,2025-09-06,图文,加购
26230,355,2025-07-22,直播,曝光
26231,1669,2025-08-09,短视频,曝光
26232,1211,2025-07-19,直播,曝光
26233,1116,2025-07-22,直播,曝光
26234,884,2025-08-16,短视频,分享
26235,1907,2025-07-19,短视频,曝光
26236,256,2025-07-31,直播,曝光
26237,12,2025-08-30,短视频,曝光
26238,50,2025-08-25,短视频,点击
26239,1770,2025-09-05,直播,曝光
26240,1328,2025-08-28,直播,曝光
26241,1022,2025-09-25,短视频,曝光
26242,160,2025-09-26,短视频,曝光
26243,267,2025-08-07,短视频,加购
26244,1783,2025-08-24,短视频,分享
26245,1747,2025-07-09,短视频,曝光
26246,1580,2025-09-14,短视频,曝光
26247,1753,2025-08-23,直播,曝光
26248,1449,2025-09-22,直播,分享
26249,1510,2025-07-12,短视频,曝光
26250,1686,2025-08-09,图文,分享
26251,906,2025-08-17,短视频,曝光
26252,214,2025-07-17,直播,曝光
26253,238,2025-07-28,直播,曝光
26254,1254,2025-07-26,图文,曝光
26255,387,2025-08-30,图文,曝光
26256,413,2025-09-01,短视频,曝光
26257,1766,2025-08-29,直播,曝光
26258,1040,2025-07-30,短视频,加购
26259,946,2025-07-12,短视频,曝光
26260,718,2025-07-13,短视频,曝光
26261,536,2025-09-12,短视频,点击
26262,245,2025-07-13,短视频,曝光
26263,1876,2025-09-16,短视频,加购
26264,1470,2025-07-31,短视频,点击
26265,1721,2025-08-26,短视频,加购
26266,604,2025-07-14,直播,点击
26267,212,2025-09-14,图文,加购
26268,246,2025-09-23,直播,点击
26269,1953,2025-09-26,短视频,曝光
26270,1759,2025-07-01,短视频,曝光
26271,1859,2025-09-23,短视频,曝光
26272,270,2025-07-22,直播,点击
26273,836,2025-08-23,图文,曝光
26274,411,2025-09-24,图文,加购
26275,1168,2025-08-29,图文,加购
26276,48,2025-09-13,图文,曝光
26277,791,2025-07-22,短视频,曝光
26278,1038,2025-09-24,短视频,曝光
26279,545,2025-08-28,图文,曝光
26280,1651,2025-09-19,图文,曝光
26281,148,2025-07-01,短视频,曝光
26282,1703,2025-08-08,直播,分享
26283,21,2025-09-14,短视频,曝光
26284,1488,2025-07-09,短视频,曝光
26285,1328,2025-07-21,短视频,曝光
26286,943,2025-09-15,图文,曝光
26287,97,2025-09-26,直播,点击
26288,1779,2025-08-04,图文,曝光
26289,1822,2025-07-15,短视频,曝光
26290,1535,2025-07-11,短视频,曝光
26291,1904,2025-09-14,短视频,点击
26292,1779,2025-09-10,短视频,曝光
26293,1653,2025-08-31,直播,点击
26294,479,2025-07-03,图文,加购
26295,1662,2025-08-02,短视频,曝光
26296,1203,2025-07-21,直播,曝光
26297,157,2025-08-21,图文,曝光
26298,44,2025-08-30,短视频,分享
26299,511,2025-09-19,直播,点击
26300,1043,2025-07-23,图文,分享
26301,1936,2025-08-22,直播,曝光
26302,1754,2025-07-07,短视频,曝光
26303,1941,2025-07-17,直播,分享
26304,1477,2025-09-01,直播,曝光
26305,255,2025-08-21,图文,点击
26306,1553,2025-07-28,直播,加购
26307,770,2025-08-14,图文,曝光
26308,635,2025-09-23,图文,曝光
26309,1061,2025-07-30,短视频,加购
26310,797,2025-07-06,图文,曝光
26311,1262,2025-07-10,直播,曝光
26312,1973,2025-08-02,图文,曝光
26313,641,2025-08-19,短视频,点击
26314,535,2025-09-21,图文,点击
26315,1941,2025-08-20,图文,曝光
26316,173,2025-07-08,图文,曝光
26317,1685,2025-07-18,直播,曝光
26318,779,2025-09-19,短视频,点击
26319,1927,2025-07-13,短视频,分享
26320,1535,2025-09-15,直播,曝光
26321,286,2025-09-11,直播,曝光
26322,1048,2025-07-13,直播,曝光
26323,530,2025-08-21,短视频,加购
26324,88,2025-08-21,短视频,曝光
26325,1230,2025-07-10,直播,曝光
26326,1330,2025-07-11,直播,曝光
26327,1632,2025-07-18,直播,曝光
26328,1472,2025-09-24,短视频,加购
26329,1218,2025-07-06,短视频,点击
26330,1206,2025-09-29,短视频,点击
26331,1228,2025-08-25,短视频,曝光
26332,343,2025-08-01,短视频,分享
26333,1278,2025-07-29,直播,曝光
26334,383,2025-09-27,短视频,曝光
26335,1156,2025-08-09,图文,点击
26336,815,2025-07-26,直播,点击
26337,1693,2025-09-23,图文,点击
26338,717,2025-08-25,短视频,曝光
26339,15,2025-09-07,短视频,曝光
26340,204,2025-07-23,短视频,点击
26341,410,2025-09-29,短视频,曝光
26342,1719,2025-07-02,图文,曝光
26343,1516,2025-09-26,图文,加购
26344,1850,2025-08-02,图文,曝光
26345,1467,2025-07-01,直播,曝光
26346,288,2025-08-10,短视频,曝光
26347,94,2025-08-07,直播,曝光
26348,1125,2025-07-18,短视频,曝光
26349,1069,2025-09-17,短视频,加购
26350,860,2025-08-17,短视频,点击
26351,1181,2025-07-03,短视频,曝光
26352,819,2025-09-24,短视频,点击
26353,471,2025-08-13,短视频,曝光
26354,1161,2025-09-13,短视频,曝光
26355,792,2025-07-10,直播,曝光
26356,910,2025-08-07,图文,点击
26357,1654,2025-09-03,短视频,点击
26358,904,2025-08-08,短视频,曝光
26359,1880,2025-07-02,直播,曝光
26360,288,2025-09-18,直播,曝光
26361,1302,2025-08-26,短视频,曝光
26362,1422,2025-08-22,直播,曝光
26363,193,2025-07-17,直播,曝光
26364,1160,2025-08-08,短视频,曝光
26365,1436,2025-09-19,直播,曝光
26366,113,2025-07-26,短视频,曝光
26367,1644,2025-07-16,短视频,加购
26368,751,2025-09-25,短视频,点击
26369,1288,2025-08-03,短视频,曝光
26370,436,2025-08-14,短视频,曝光
26371,282,2025-07-02,图文,曝光
26372,780,2025-07-31,短视频,曝光
26373,304,2025-09-24,短视频,曝光
26374,238,2025-09-21,直播,曝光
26375,1144,2025-09-30,短视频,曝光
26376,1222,2025-09-01,直播,曝光
26377,1851,2025-09-07,图文,曝光
26378,1164,2025-09-20,短视频,曝光
26379,1096,2025-07-08,短视频,分享
26380,1186,2025-07-28,图文,曝光
26381,1985,2025-07-09,直播,曝光
26382,733,2025-09-28,图文,加购
26383,1373,2025-08-24,图文,曝光
26384,1445,2025-09-19,图文,曝光
26385,348,2025-08-25,图文,点击
26386,1686,2025-08-28,短视频,点击
26387,842,2025-09-01,图文,曝光
26388,833,2025-09-28,短视频,曝光
26389,448,2025-09-19,图文,曝光
26390,867,2025-08-10,直播,点击
26391,1162,2025-08-27,直播,曝光
26392,1797,2025-08-16,短视频,加购
26393,631,2025-07-17,短视频,曝光
26394,1211,2025-08-24,短视频,点击
26395,1745,2025-08-04,短视频,曝光
26396,1020,2025-09-10,图文,曝光
26397,399,2025-09-19,短视频,加购
26398,1475,2025-09-03,图文,曝光
26399,1141,2025-07-17,直播,曝光
26400,621,2025-09-23,短视频,分享
26401,1724,2025-07-31,短视频,曝光
26402,66,2025-08-13,短视频,曝光
26403,1941,2025-08-28,短视频,曝光
26404,1404,2025-08-22,直播,曝光
26405,1368,2025-09-09,短视频,曝光
26406,1293,2025-08-08,短视频,曝光
26407,1976,2025-08-30,图文,点击
26408,858,2025-09-11,短视频,曝光
26409,1973,2025-08-17,直播,点击
26410,92,2025-09-05,直播,点击
26411,1859,2025-09-17,短视频,曝光
26412,1881,2025-09-26,短视频,曝光
26413,542,2025-08-18,短视频,曝光
26414,1462,2025-09-28,短视频,曝光
26415,777,2025-08-12,图文,曝光
26416,772,2025-08-21,直播,曝光
26417,1050,2025-07-14,短视频,分享
26418,403,2025-07-04,短视频,曝光
26419,463,2025-08-11,图文,曝光
26420,1111,2025-08-23,图文,加购
26421,1985,2025-08-14,短视频,曝光
26422,43,2025-08-29,直播,点击
26423,922,2025-07-27,短视频,曝光
26424,915,2025-07-07,短视频,曝光
26425,1497,2025-09-04,直播,曝光
26426,1977,2025-07-17,短视频,曝光
26427,1120,2025-07-30,短视频,点击
26428,1479,2025-09-18,直播,曝光
26429,274,2025-07-02,短视频,曝光
26430,1970,2025-08-09,短视频,点击
26431,1903,2025-08-28,图文,点击
26432,793,2025-09-23,直播,曝光
26433,1437,2025-08-01,短视频,加购
26434,175,2025-07-30,短视频,分享
26435,1167,2025-07-19,短视频,曝光
26436,1931,2025-09-29,图文,曝光
26437,311,2025-07-21,图文,曝光
26438,1731,2025-09-01,直播,分享
26439,1955,2025-09-18,短视频,曝光
26440,1126,2025-09-07,直播,曝光
26441,1570,2025-08-17,图文,曝光
26442,460,2025-08-25,直播,曝光
26443,892,2025-08-01,短视频,曝光
26444,1478,2025-08-20,直播,点击
26445,860,2025-09-08,短视频,加购
26446,39,2025-09-05,图文,曝光
26447,1641,2025-07-15,图文,曝光
26448,1829,2025-07-19,短视频,加购
26449,1178,2025-09-05,短视频,曝光
26450,1395,2025-08-14,图文,点击
26451,308,2025-08-10,图文,曝光
26452,352,2025-09-26,短视频,曝光
26453,1837,2025-07-15,短视频,曝光
26454,330,2025-09-21,直播,曝光
26455,1876,2025-08-19,短视频,加购
26456,116,2025-09-24,直播,曝光
26457,948,2025-08-15,短视频,曝光
26458,1541,2025-09-12,直播,点击
26459,190,2025-07-22,图文,曝光
26460,256,2025-09-11,直播,曝光
26461,1478,2025-07-20,图文,曝光
26462,1041,2025-09-24,直播,曝光
26463,1608,2025-08-23,直播,曝光
26464,717,2025-09-09,图文,点击
26465,1484,2025-09-23,图文,加购
26466,1099,2025-07-09,图文,曝光
26467,131,2025-07-31,图文,曝光
26468,1390,2025-08-22,短视频,曝光
26469,1840,2025-07-02,短视频,曝光
26470,420,2025-07-04,短视频,曝光
26471,1593,2025-08-30,图文,点击
26472,401,2025-07-17,图文,曝光
26473,1850,2025-08-15,图文,曝光
26474,676,2025-09-01,直播,曝光
26475,1294,2025-09-10,短视频,曝光
26476,1871,2025-09-23,短视频,曝光
26477,1114,2025-07-03,直播,曝光
26478,889,2025-07-02,直播,曝光
26479,980,2025-07-05,短视频,加购
26480,514,2025-09-08,短视频,曝光
26481,90,2025-07-08,短视频,分享
26482,1040,2025-08-12,短视频,曝光
26483,1579,2025-07-02,图文,曝光
26484,361,2025-09-14,短视频,曝光
26485,1845,2025-09-14,直播,点击
26486,1531,2025-08-28,直播,曝光
26487,1319,2025-09-28,短视频,点击
26488,639,2025-08-24,短视频,点击
26489,1436,2025-09-02,短视频,曝光
26490,1966,2025-08-09,短视频,曝光
26491,574,2025-09-29,直播,曝光
26492,1260,2025-08-02,短视频,曝光
26493,843,2025-07-23,图文,曝光
26494,1224,2025-08-16,短视频,曝光
26495,506,2025-07-17,短视频,分享
26496,582,2025-08-31,直播,加购
26497,1754,2025-08-23,直播,曝光
26498,357,2025-08-04,短视频,曝光
26499,1678,2025-07-02,短视频,曝光
26500,156,2025-08-14,直播,点击
26501,1798,2025-08-19,图文,加购
26502,1712,2025-08-24,短视频,曝光
26503,1861,2025-07-05,直播,加购
26504,1960,2025-07-01,图文,曝光
26505,1906,2025-09-10,直播,曝光
26506,431,2025-07-20,短视频,曝光
26507,1762,2025-09-21,短视频,点击
26508,1987,2025-07-17,图文,曝光
26509,1092,2025-08-03,短视频,曝光
26510,1232,2025-09-19,短视频,曝光
26511,1766,2025-07-12,短视频,点击
26512,1574,2025-09-21,短视频,分享
26513,1595,2025-07-02,直播,曝光
26514,1977,2025-07-17,直播,点击
26515,1679,2025-07-28,短视频,曝光
26516,1951,2025-09-03,短视频,点击
26517,1847,2025-08-23,短视频,分享
26518,1137,2025-08-08,短视频,曝光
26519,1172,2025-08-21,短视频,曝光
26520,1055,2025-08-20,短视频,曝光
26521,638,2025-09-12,短视频,曝光
26522,1352,2025-08-07,直播,点击
26523,1207,2025-09-24,直播,加购
26524,440,2025-08-13,图文,点击
26525,1718,2025-09-16,短视频,点击
26526,778,2025-09-02,直播,曝光
26527,929,2025-08-07,图文,点击
26528,1656,2025-07-27,图文,曝光
26529,1221,2025-08-16,短视频,曝光
26530,220,2025-07-02,直播,点击
26531,629,2025-08-01,短视频,曝光
26532,919,2025-08-16,短视频,曝光
26533,1464,2025-08-03,直播,加购
26534,632,2025-07-10,图文,曝光
26535,940,2025-08-24,短视频,曝光
26536,1166,2025-09-27,直播,点击
26537,1078,2025-08-09,直播,曝光
26538,379,2025-08-01,短视频,曝光
26539,1006,2025-09-03,短视频,分享
26540,1857,2025-07-02,直播,分享
26541,1317,2025-09-21,图文,曝光
26542,1584,2025-08-14,短视频,曝光
26543,1456,2025-09-08,短视频,曝光
26544,163,2025-07-30,短视频,点击
26545,920,2025-07-19,短视频,曝光
26546,652,2025-09-02,短视频,曝光
26547,1003,2025-07-27,图文,点击
26548,87,2025-09-03,直播,分享
26549,457,2025-09-03,图文,曝光
26550,247,2025-09-03,短视频,曝光
26551,107,2025-09-11,图文,点击
26552,848,2025-08-06,短视频,加购
26553,1564,2025-09-29,图文,曝光
26554,659,2025-09-17,短视频,曝光
26555,1558,2025-08-12,短视频,曝光
26556,1042,2025-07-05,图文,点击
26557,1342,2025-07-04,图文,点击
26558,582,2025-08-13,直播,曝光
26559,842,2025-07-03,图文,曝光
26560,665,2025-09-26,短视频,曝光
26561,843,2025-08-08,图文,曝光
26562,1917,2025-08-08,短视频,曝光
26563,227,2025-08-18,图文,曝光
26564,1750,2025-09-29,短视频,曝光
26565,1844,2025-08-24,直播,曝光
26566,27,2025-09-04,直播,点击
26567,811,2025-08-21,短视频,曝光
26568,1205,2025-08-07,短视频,曝光
26569,600,2025-07-09,直播,点击
26570,285,2025-09-01,短视频,加购
26571,782,2025-08-15,直播,曝光
26572,1579,2025-09-26,图文,点击
26573,960,2025-07-13,短视频,曝光
26574,1672,2025-09-17,直播,分享
26575,740,2025-08-31,图文,曝光
26576,1321,2025-07-18,直播,加购
26577,1552,2025-08-17,图文,曝光
26578,1347,2025-09-14,短视频,曝光
26579,893,2025-09-03,直播,分享
26580,1703,2025-07-21,短视频,点击
26581,336,2025-09-02,短视频,点击
26582,204,2025-07-10,短视频,点击
26583,72,2025-07-13,图文,曝光
26584,1416,2025-08-07,直播,曝光
26585,706,2025-07-06,图文,点击
26586,240,2025-08-24,直播,曝光
26587,384,2025-07-17,直播,曝光
26588,85,2025-07-29,图文,曝光
26589,824,2025-08-24,短视频,加购
26590,1278,2025-09-16,直播,曝光
26591,513,2025-07-13,图文,曝光
26592,545,2025-07-30,直播,点击
26593,1943,2025-08-09,直播,点击
26594,92,2025-07-12,短视频,曝光
26595,1682,2025-07-19,图文,曝光
26596,127,2025-08-15,短视频,曝光
26597,1575,2025-08-05,短视频,点击
26598,1960,2025-08-28,短视频,点击
26599,609,2025-09-19,短视频,点击
26600,447,2025-07-26,短视频,曝光
26601,474,2025-07-16,直播,曝光
26602,816,2025-09-21,短视频,曝光
26603,535,2025-08-02,图文,点击
26604,534,2025-07-06,短视频,分享
26605,336,2025-09-23,短视频,加购
26606,1871,2025-08-24,短视频,曝光
26607,590,2025-09-28,短视频,曝光
26608,148,2025-09-16,短视频,分享
26609,629,2025-08-27,图文,曝光
26610,1087,2025-09-13,图文,曝光
26611,231,2025-07-13,短视频,曝光
26612,956,2025-08-29,短视频,点击
26613,1977,2025-07-15,直播,曝光
26614,1385,2025-07-04,直播,曝光
26615,690,2025-09-14,图文,曝光
26616,1797,2025-07-08,图文,曝光
26617,661,2025-07-02,短视频,曝光
26618,1,2025-08-14,图文,点击
26619,478,2025-08-04,直播,加购
26620,34,2025-09-25,图文,曝光
26621,989,2025-09-02,直播,曝光
26622,755,2025-07-08,短视频,点击
26623,137,2025-07-14,直播,曝光
26624,804,2025-09-17,短视频,曝光
26625,384,2025-09-12,直播,曝光
26626,1781,2025-09-13,短视频,曝光
26627,1206,2025-07-25,短视频,点击
26628,558,2025-09-26,短视频,加购
26629,1506,2025-08-14,短视频,曝光
26630,1697,2025-07-14,图文,曝光
26631,1540,2025-09-19,直播,曝光
26632,179,2025-07-10,短视频,曝光
26633,1004,2025-07-12,直播,曝光
26634,155,2025-08-04,直播,曝光
26635,1251,2025-09-14,短视频,曝光
26636,1491,2025-08-17,短视频,曝光
26637,52,2025-07-15,短视频,曝光
26638,1526,2025-09-17,短视频,曝光
26639,488,2025-08-17,短视频,分享
26640,189,2025-09-23,图文,曝光
26641,563,2025-08-25,短视频,点击
26642,1987,2025-07-30,短视频,分享
26643,580,2025-07-12,短视频,点击
26644,161,2025-09-14,短视频,曝光
26645,153,2025-07-10,短视频,曝光
26646,1769,2025-09-16,图文,曝光
26647,1308,2025-09-08,直播,点击
26648,388,2025-08-07,短视频,曝光
26649,1260,2025-08-22,图文,曝光
26650,44,2025-08-12,短视频,曝光
26651,1365,2025-07-04,直播,曝光
26652,1710,2025-09-20,短视频,点击
26653,1563,2025-09-08,短视频,曝光
26654,369,2025-09-19,直播,点击
26655,705,2025-08-23,直播,曝光
26656,1059,2025-09-27,图文,曝光
26657,154,2025-07-06,直播,点击
26658,1654,2025-08-26,图文,曝光
26659,1215,2025-09-22,图文,点击
26660,310,2025-08-14,短视频,点击
26661,1502,2025-08-13,直播,点击
26662,1483,2025-09-15,直播,分享
26663,322,2025-08-03,短视频,加购
26664,1064,2025-07-08,短视频,点击
26665,630,2025-07-26,图文,曝光
26666,512,2025-09-19,直播,分享
26667,1612,2025-07-29,短视频,加购
26668,84,2025-07-20,直播,曝光
26669,852,2025-08-10,短视频,点击
26670,526,2025-08-13,短视频,点击
26671,660,2025-09-26,直播,点击
26672,850,2025-09-02,图文,点击
26673,1160,2025-09-10,短视频,曝光
26674,736,2025-07-03,短视频,曝光
26675,1090,2025-09-17,直播,点击
26676,1434,2025-08-05,直播,点击
26677,357,2025-07-09,直播,曝光
26678,820,2025-07-27,短视频,曝光
26679,1074,2025-08-29,短视频,加购
26680,761,2025-07-07,直播,曝光
26681,1111,2025-09-08,直播,曝光
26682,1625,2025-07-16,短视频,曝光
26683,1223,2025-09-16,直播,曝光
26684,928,2025-07-15,短视频,曝光
26685,1327,2025-09-20,直播,分享
26686,1971,2025-09-08,图文,点击
26687,35,2025-07-19,短视频,曝光
26688,1149,2025-08-07,短视频,曝光
26689,11,2025-07-08,短视频,曝光
26690,1875,2025-07-05,直播,曝光
26691,1471,2025-08-02,短视频,曝光
26692,1765,2025-07-21,短视频,曝光
26693,1144,2025-09-10,短视频,点击
26694,829,2025-09-05,图文,曝光
26695,10,2025-07-28,短视频,曝光
26696,1226,2025-07-21,直播,点击
26697,1817,2025-09-20,直播,曝光
26698,282,2025-08-10,短视频,曝光
26699,489,2025-08-29,直播,点击
26700,1055,2025-08-30,短视频,分享
26701,1068,2025-09-02,图文,曝光
26702,848,2025-09-27,短视频,曝光
26703,296,2025-09-03,短视频,曝光
26704,968,2025-07-06,直播,曝光
26705,1008,2025-08-06,短视频,曝光
26706,369,2025-07-21,短视频,曝光
26707,1217,2025-07-23,短视频,曝光
26708,1733,2025-07-21,图文,曝光
26709,175,2025-09-17,图文,曝光
26710,160,2025-09-20,短视频,曝光
26711,1135,2025-07-19,图文,加购
26712,1563,2025-08-20,直播,曝光
26713,205,2025-08-11,短视频,点击
26714,1889,2025-09-08,短视频,曝光
26715,954,2025-09-18,直播,加购
26716,213,2025-08-12,短视频,曝光
26717,895,2025-08-08,直播,曝光
26718,868,2025-08-13,短视频,加购
26719,781,2025-08-15,图文,曝光
26720,1170,2025-09-28,图文,点击
26721,494,2025-07-12,短视频,曝光
26722,1983,2025-07-16,直播,曝光
26723,572,2025-08-06,短视频,曝光
26724,1731,2025-08-06,图文,加购
26725,1638,2025-08-14,图文,加购
26726,829,2025-09-29,直播,点击
26727,386,2025-08-23,短视频,曝光
26728,1936,2025-07-24,直播,曝光
26729,1146,2025-07-25,直播,曝光
26730,663,2025-07-11,图文,加购
26731,302,2025-07-02,图文,点击
26732,680,2025-07-28,直播,曝光
26733,1305,2025-09-03,短视频,加购
26734,1013,2025-09-15,短视频,曝光
26735,134,2025-09-03,图文,曝光
26736,1560,2025-09-30,短视频,曝光
26737,643,2025-07-23,直播,曝光
26738,385,2025-08-27,图文,曝光
26739,1400,2025-09-10,短视频,曝光
26740,1485,2025-09-30,短视频,曝光
26741,1644,2025-07-27,图文,点击
26742,6,2025-07-17,图文,曝光
26743,775,2025-09-28,短视频,点击
26744,525,2025-08-27,图文,曝光
26745,1162,2025-09-11,直播,曝光
26746,1949,2025-08-24,短视频,曝光
26747,240,2025-07-14,短视频,曝光
26748,1313,2025-07-13,图文,曝光
26749,889,2025-07-30,直播,曝光
26750,926,2025-08-26,短视频,曝光
26751,1884,2025-09-27,直播,曝光
26752,1464,2025-08-19,短视频,曝光
26753,190,2025-08-18,短视频,曝光
26754,871,2025-09-08,直播,点击
26755,1485,2025-09-02,直播,曝光
26756,214,2025-09-15,直播,曝光
26757,1012,2025-07-28,直播,点击
26758,996,2025-07-21,短视频,曝光
26759,147,2025-09-01,短视频,曝光
26760,1911,2025-07-11,直播,点击
26761,741,2025-09-10,直播,曝光
26762,546,2025-09-24,直播,曝光
26763,179,2025-08-30,直播,曝光
26764,106,2025-09-07,短视频,曝光
26765,393,2025-08-19,短视频,曝光
26766,1483,2025-08-03,直播,曝光
26767,536,2025-07-21,短视频,曝光
26768,909,2025-08-19,短视频,曝光
26769,1324,2025-09-22,直播,加购
26770,670,2025-09-14,直播,分享
26771,815,2025-08-04,短视频,点击
26772,976,2025-07-15,图文,点击
26773,1809,2025-09-30,直播,曝光
26774,1860,2025-07-01,直播,曝光
26775,580,2025-07-17,直播,曝光
26776,501,2025-08-20,短视频,曝光
26777,809,2025-09-16,直播,曝光
26778,402,2025-07-09,短视频,曝光
26779,1137,2025-07-23,直播,曝光
26780,1068,2025-09-27,直播,点击
26781,932,2025-07-07,直播,曝光
26782,927,2025-07-19,直播,加购
26783,1719,2025-07-04,直播,曝光
26784,300,2025-09-06,图文,点击
26785,1534,2025-07-31,图文,曝光
26786,1162,2025-09-04,短视频,曝光
26787,1586,2025-07-02,直播,点击
26788,1149,2025-07-16,直播,曝光
26789,1543,2025-07-11,短视频,曝光
26790,1211,2025-07-03,短视频,分享
26791,1424,2025-07-01,短视频,曝光
26792,828,2025-07-22,短视频,曝光
26793,1788,2025-09-18,直播,曝光
26794,581,2025-08-19,短视频,曝光
26795,1435,2025-09-08,图文,点击
26796,657,2025-07-12,图文,加购
26797,1583,2025-09-21,直播,曝光
26798,1669,2025-09-25,图文,曝光
26799,370,2025-08-24,短视频,曝光
26800,1251,2025-09-11,短视频,点击
26801,1057,2025-08-07,短视频,曝光
26802,797,2025-07-21,短视频,曝光
26803,559,2025-09-19,直播,点击
26804,1227,2025-07-11,直播,曝光
26805,1648,2025-08-05,图文,曝光
26806,700,2025-07-07,短视频,点击
26807,669,2025-07-29,图文,曝光
26808,1726,2025-09-14,直播,点击
26809,1512,2025-09-07,短视频,曝光
26810,1456,2025-09-20,直播,曝光
26811,1185,2025-09-14,图文,加购
26812,202,2025-08-18,短视频,曝光
26813,301,2025-09-27,短视频,分享
26814,113,2025-08-21,短视频,点击
26815,629,2025-08-29,直播,曝光
26816,67,2025-08-08,短视频,点击
26817,943,2025-07-28,直播,点击
26818,56,2025-09-12,短视频,曝光
26819,1992,2025-09-23,短视频,曝光
26820,994,2025-09-19,直播,曝光
26821,26,2025-09-06,短视频,曝光
26822,362,2025-07-29,短视频,点击
26823,376,2025-09-14,短视频,曝光
26824,1350,2025-09-21,短视频,分享
26825,1540,2025-08-12,短视频,曝光
26826,966,2025-07-23,直播,曝光
26827,1454,2025-08-30,短视频,曝光
26828,187,2025-07-21,短视频,点击
26829,628,2025-09-28,直播,曝光
26830,12,2025-09-17,短视频,曝光
26831,815,2025-08-30,短视频,点击
26832,74,2025-08-17,图文,点击
26833,1582,2025-07-17,直播,曝光
26834,1067,2025-07-05,短视频,点击
26835,1507,2025-07-02,短视频,曝光
26836,1174,2025-07-10,短视频,点击
26837,75,2025-08-08,图文,曝光
26838,707,2025-07-27,图文,曝光
26839,25,2025-08-02,短视频,曝光
26840,158,2025-07-17,直播,曝光
26841,1881,2025-09-05,短视频,点击
26842,1870,2025-09-30,直播,曝光
26843,240,2025-07-01,图文,加购
26844,812,2025-09-04,短视频,曝光
26845,578,2025-09-21,短视频,曝光
26846,859,2025-08-10,直播,曝光
26847,1220,2025-08-22,短视频,分享
26848,763,2025-09-13,直播,点击
26849,1625,2025-08-28,短视频,点击
26850,119,2025-07-28,短视频,曝光
26851,1168,2025-07-29,短视频,加购
26852,1421,2025-07-03,短视频,曝光
26853,1111,2025-09-12,短视频,分享
26854,1330,2025-08-03,短视频,曝光
26855,1239,2025-09-19,图文,加购
26856,329,2025-08-02,短视频,曝光
26857,1579,2025-08-17,直播,曝光
26858,538,2025-07-13,图文,曝光
26859,357,2025-07-07,图文,点击
26860,1094,2025-08-28,直播,曝光
26861,1271,2025-09-05,短视频,曝光
26862,754,2025-08-05,直播,曝光
26863,122,2025-08-28,直播,加购
26864,1996,2025-07-28,图文,点击
26865,1627,2025-09-02,直播,曝光
26866,993,2025-08-25,图文,点击
26867,699,2025-09-17,短视频,曝光
26868,1765,2025-09-05,图文,曝光
26869,710,2025-09-19,直播,曝光
26870,410,2025-09-30,图文,曝光
26871,505,2025-08-03,直播,曝光
26872,1113,2025-09-20,直播,曝光
26873,1494,2025-08-11,短视频,曝光
26874,644,2025-07-02,短视频,点击
26875,387,2025-09-27,短视频,曝光
26876,1870,2025-07-14,短视频,曝光
26877,194,2025-07-11,直播,曝光
26878,1103,2025-08-20,短视频,曝光
26879,356,2025-09-02,图文,曝光
26880,1308,2025-08-12,直播,加购
26881,751,2025-08-26,直播,点击
26882,153,2025-09-19,图文,分享
26883,335,2025-08-22,直播,分享
26884,976,2025-09-13,短视频,曝光
26885,290,2025-08-25,短视频,加购
26886,1159,2025-08-18,直播,曝光
26887,1602,2025-08-16,图文,曝光
26888,581,2025-09-26,短视频,分享
26889,1875,2025-08-02,短视频,分享
26890,1472,2025-08-03,直播,曝光
26891,171,2025-09-11,直播,曝光
26892,934,2025-08-29,图文,曝光
26893,1108,2025-07-14,图文,曝光
26894,1123,2025-09-03,直播,曝光
26895,922,2025-07-03,图文,曝光
26896,722,2025-08-16,图文,曝光
26897,1138,2025-07-30,短视频,曝光
26898,1354,2025-07-20,直播,点击
26899,1696,2025-08-27,短视频,曝光
26900,207,2025-07-15,直播,曝光
26901,278,2025-08-03,短视频,点击
26902,1013,2025-07-15,图文,点击
26903,849,2025-07-12,短视频,点击
26904,1792,2025-08-05,短视频,曝光
26905,1148,2025-08-27,直播,曝光
26906,471,2025-08-31,短视频,曝光
26907,1701,2025-09-23,图文,曝光
26908,1737,2025-07-29,图文,曝光
26909,82,2025-08-02,短视频,曝光
26910,1771,2025-09-18,短视频,曝光
26911,728,2025-07-17,直播,曝光
26912,461,2025-08-24,直播,加购
26913,231,2025-09-07,短视频,点击
26914,162,2025-08-11,短视频,点击
26915,120,2025-09-17,短视频,曝光
26916,1529,2025-07-30,短视频,加购
26917,1809,2025-07-10,短视频,分享
26918,1918,2025-07-11,图文,曝光
26919,1021,2025-08-18,图文,曝光
26920,512,2025-08-20,图文,曝光
26921,1778,2025-08-18,短视频,曝光
26922,1827,2025-08-04,直播,曝光
26923,803,2025-08-13,直播,曝光
26924,417,2025-09-27,直播,曝光
26925,1679,2025-08-13,短视频,曝光
26926,719,2025-09-07,短视频,曝光
26927,1074,2025-09-17,短视频,曝光
26928,1772,2025-07-13,短视频,曝光
26929,333,2025-07-23,直播,曝光
26930,609,2025-08-21,短视频,曝光
26931,424,2025-09-07,短视频,曝光
26932,1512,2025-09-19,直播,曝光
26933,235,2025-09-05,直播,分享
26934,294,2025-09-25,短视频,加购
26935,662,2025-09-30,图文,曝光
26936,758,2025-09-24,直播,曝光
26937,1491,2025-08-26,直播,曝光
26938,1882,2025-09-14,短视频,加购
26939,1190,2025-09-26,直播,曝光
26940,453,2025-07-26,直播,点击
26941,1323,2025-08-21,图文,曝光
26942,1404,2025-08-28,直播,曝光
26943,169,2025-08-03,图文,曝光
26944,1840,2025-09-04,直播,点击
26945,1023,2025-09-04,短视频,曝光
26946,1570,2025-09-15,直播,曝光
26947,103,2025-07-21,图文,曝光
26948,1896,2025-09-20,短视频,曝光
26949,1945,2025-09-27,短视频,点击
26950,1888,2025-08-18,短视频,曝光
26951,1059,2025-08-10,直播,曝光
26952,228,2025-07-30,短视频,曝光
26953,903,2025-09-07,图文,分享
26954,1204,2025-08-18,直播,点击
26955,897,2025-08-28,直播,点击
26956,854,2025-09-23,短视频,曝光
26957,700,2025-09-04,直播,点击
26958,1366,2025-08-18,短视频,曝光
26959,1146,2025-07-15,直播,曝光
26960,1486,2025-07-13,短视频,曝光
26961,161,2025-09-05,直播,点击
26962,491,2025-08-10,短视频,点击
26963,1758,2025-07-02,短视频,曝光
26964,1600,2025-09-09,直播,曝光
26965,1348,2025-09-06,图文,点击
26966,819,2025-09-28,图文,点击
26967,856,2025-07-24,直播,点击
26968,1314,2025-08-08,短视频,曝光
26969,1543,2025-08-26,短视频,加购
26970,856,2025-09-12,图文,加购
26971,1796,2025-07-20,直播,曝光
26972,693,2025-07-26,直播,曝光
26973,641,2025-08-29,短视频,加购
26974,1388,2025-08-03,图文,点击
26975,1582,2025-09-27,短视频,曝光
26976,1084,2025-07-28,直播,曝光
26977,1904,2025-07-03,短视频,曝光
26978,1706,2025-09-01,短视频,曝光
26979,415,2025-09-08,短视频,曝光
26980,1573,2025-09-23,短视频,点击
26981,1622,2025-07-25,短视频,曝光
26982,1737,2025-09-14,短视频,曝光
26983,1051,2025-09-28,短视频,曝光
26984,1532,2025-08-24,短视频,曝光
26985,1448,2025-07-24,短视频,点击
26986,1834,2025-08-19,短视频,点击
26987,594,2025-08-31,短视频,曝光
26988,314,2025-09-17,短视频,曝光
26989,1533,2025-08-14,直播,曝光
26990,1281,2025-09-25,短视频,分享
26991,1953,2025-07-29,短视频,曝光
26992,165,2025-09-10,图文,曝光
26993,70,2025-09-05,短视频,曝光
26994,1000,2025-08-30,短视频,曝光
26995,1215,2025-08-30,直播,曝光
26996,1723,2025-09-12,短视频,分享
26997,1337,2025-07-10,短视频,曝光
26998,1452,2025-08-14,短视频,曝光
26999,776,2025-09-26,短视频,曝光
27000,1166,2025-08-09,直播,曝光
27001,281,2025-07-12,短视频,曝光
27002,1388,2025-09-27,短视频,分享
27003,281,2025-09-08,直播,曝光
27004,347,2025-08-20,图文,曝光
27005,332,2025-09-26,直播,点击
27006,1862,2025-08-22,图文,点击
27007,348,2025-09-17,短视频,点击
27008,425,2025-07-11,短视频,分享
27009,1992,2025-08-10,短视频,加购
27010,334,2025-08-17,直播,曝光
27011,1088,2025-08-18,短视频,曝光
27012,281,2025-08-04,直播,曝光
27013,896,2025-07-03,直播,曝光
27014,1873,2025-07-26,直播,曝光
27015,658,2025-09-13,图文,点击
27016,922,2025-09-27,短视频,曝光
27017,1753,2025-07-08,短视频,曝光
27018,1067,2025-09-24,直播,曝光
27019,1898,2025-09-28,短视频,曝光
27020,759,2025-09-28,图文,曝光
27021,464,2025-07-24,短视频,曝光
27022,55,2025-08-02,短视频,点击
27023,791,2025-07-18,直播,曝光
27024,134,2025-08-29,直播,曝光
27025,1152,2025-07-15,短视频,曝光
27026,32,2025-07-29,直播,曝光
27027,206,2025-08-21,直播,曝光
27028,1078,2025-08-10,图文,加购
27029,1216,2025-08-06,直播,曝光
27030,387,2025-07-25,短视频,曝光
27031,1486,2025-07-22,直播,点击
27032,805,2025-08-23,短视频,曝光
27033,375,2025-07-17,直播,曝光
27034,921,2025-07-27,图文,曝光
27035,1846,2025-07-07,直播,点击
27036,1066,2025-07-27,直播,分享
27037,1710,2025-07-27,短视频,曝光
27038,1786,2025-08-08,短视频,曝光
27039,453,2025-07-26,图文,点击
27040,87,2025-07-03,短视频,曝光
27041,1342,2025-08-03,直播,曝光
27042,989,2025-09-21,图文,曝光
27043,720,2025-08-23,短视频,曝光
27044,264,2025-07-21,图文,加购
27045,296,2025-09-25,短视频,曝光
27046,1854,2025-08-28,直播,曝光
27047,287,2025-09-01,短视频,曝光
27048,1835,2025-07-07,图文,点击
27049,531,2025-07-25,短视频,分享
27050,280,2025-08-05,短视频,点击
27051,1040,2025-09-02,直播,曝光
27052,235,2025-07-05,图文,曝光
27053,546,2025-07-21,短视频,曝光
27054,220,2025-09-30,图文,点击
27055,40,2025-07-27,图文,曝光
27056,197,2025-09-18,短视频,曝光
27057,1937,2025-07-16,短视频,加购
27058,317,2025-09-17,短视频,曝光
27059,443,2025-08-05,直播,点击
27060,312,2025-07-19,图文,曝光
27061,151,2025-08-30,图文,曝光
27062,328,2025-08-22,短视频,曝光
27063,206,2025-07-13,短视频,曝光
27064,298,2025-09-18,直播,曝光
27065,914,2025-09-08,短视频,点击
27066,756,2025-08-04,直播,点击
27067,360,2025-09-22,短视频,曝光
27068,508,2025-07-04,直播,点击
27069,932,2025-09-28,短视频,曝光
27070,835,2025-08-08,短视频,曝光
27071,242,2025-09-12,短视频,曝光
27072,1788,2025-09-21,图文,曝光
27073,779,2025-09-16,图文,分享
27074,704,2025-07-11,图文,加购
27075,1148,2025-08-07,直播,曝光
27076,573,2025-07-09,短视频,曝光
27077,1245,2025-07-23,短视频,曝光
27078,1829,2025-08-25,直播,点击
27079,1689,2025-09-02,短视频,曝光
27080,644,2025-07-21,直播,分享
27081,190,2025-07-06,短视频,曝光
27082,245,2025-08-05,短视频,曝光
27083,422,2025-08-23,直播,曝光
27084,1238,2025-08-06,图文,加购
27085,987,2025-09-26,短视频,点击
27086,564,2025-09-03,短视频,曝光
27087,392,2025-08-28,直播,曝光
27088,1040,2025-07-03,直播,曝光
27089,1923,2025-09-24,直播,曝光
27090,1536,2025-08-30,图文,曝光
27091,513,2025-09-29,短视频,曝光
27092,1132,2025-08-15,短视频,加购
27093,1017,2025-09-01,短视频,曝光
27094,1618,2025-08-17,短视频,曝光
27095,689,2025-09-18,短视频,曝光
27096,690,2025-09-04,直播,点击
27097,897,2025-08-06,短视频,曝光
27098,338,2025-08-28,短视频,曝光
27099,1740,2025-07-11,直播,分享
27100,790,2025-09-01,图文,加购
27101,1722,2025-08-12,图文,曝光
27102,824,2025-07-28,短视频,曝光
27103,1352,2025-09-17,直播,曝光
27104,1432,2025-09-17,短视频,曝光
27105,1583,2025-07-06,直播,曝光
27106,1374,2025-08-26,直播,点击
27107,1380,2025-07-05,短视频,曝光
27108,619,2025-08-12,直播,点击
27109,126,2025-09-26,图文,曝光
27110,1859,2025-08-16,短视频,曝光
27111,1690,2025-07-13,直播,曝光
27112,552,2025-07-23,短视频,曝光
27113,42,2025-07-03,直播,曝光
27114,1993,2025-09-11,短视频,曝光
27115,165,2025-09-21,直播,曝光
27116,66,2025-07-26,图文,点击
27117,1977,2025-07-26,短视频,分享
27118,1348,2025-08-23,直播,曝光
27119,1205,2025-09-11,短视频,曝光
27120,1241,2025-09-24,图文,曝光
27121,1483,2025-09-27,直播,曝光
27122,1170,2025-08-20,短视频,曝光
27123,1494,2025-08-29,直播,曝光
27124,1559,2025-07-04,直播,曝光
27125,423,2025-07-07,短视频,曝光
27126,1182,2025-09-28,图文,曝光
27127,664,2025-07-23,图文,曝光
27128,1220,2025-08-21,短视频,曝光
27129,341,2025-07-27,直播,点击
27130,1755,2025-07-17,短视频,曝光
27131,532,2025-09-13,短视频,曝光
27132,374,2025-08-15,图文,分享
27133,244,2025-07-11,短视频,点击
27134,1063,2025-08-03,短视频,点击
27135,713,2025-08-09,直播,曝光
27136,1425,2025-08-08,短视频,曝光
27137,836,2025-09-09,图文,点击
27138,616,2025-08-14,图文,点击
27139,629,2025-08-26,短视频,曝光
27140,439,2025-09-15,图文,曝光
27141,1396,2025-09-24,直播,点击
27142,258,2025-07-23,短视频,曝光
27143,1823,2025-08-27,直播,点击
27144,526,2025-08-30,图文,曝光
27145,20,2025-09-01,短视频,加购
27146,1333,2025-09-05,短视频,点击
27147,1423,2025-07-10,短视频,曝光
27148,1230,2025-09-29,短视频,曝光
27149,723,2025-09-06,直播,加购
27150,344,2025-07-29,短视频,曝光
27151,1747,2025-08-06,直播,曝光
27152,983,2025-07-19,图文,曝光
27153,952,2025-08-26,短视频,点击
27154,428,2025-09-25,短视频,分享
27155,1564,2025-08-07,短视频,曝光
27156,1872,2025-09-26,直播,曝光
27157,1291,2025-09-06,直播,点击
27158,1449,2025-09-10,直播,加购
27159,1419,2025-07-06,图文,分享
27160,347,2025-08-05,短视频,曝光
27161,928,2025-08-15,直播,曝光
27162,580,2025-09-28,图文,曝光
27163,806,2025-09-12,直播,曝光
27164,1707,2025-08-23,直播,加购
27165,1663,2025-09-17,直播,分享
27166,1115,2025-07-21,短视频,点击
27167,234,2025-07-15,短视频,点击
27168,712,2025-09-14,短视频,曝光
27169,1447,2025-09-11,直播,加购
27170,1197,2025-08-14,短视频,曝光
27171,1118,2025-07-30,图文,曝光
27172,779,2025-07-06,短视频,曝光
27173,1939,2025-07-14,直播,点击
27174,1823,2025-09-10,短视频,加购
27175,1289,2025-08-26,短视频,曝光
27176,1748,2025-09-14,图文,曝光
27177,358,2025-07-05,短视频,点击
27178,321,2025-09-17,直播,曝光
27179,1428,2025-08-20,直播,曝光
27180,1355,2025-07-15,短视频,曝光
27181,489,2025-09-27,短视频,曝光
27182,1676,2025-07-31,直播,分享
27183,1495,2025-08-02,短视频,曝光
27184,423,2025-09-11,图文,曝光
27185,1221,2025-08-13,图文,分享
27186,1744,2025-09-09,直播,曝光
27187,1539,2025-08-22,图文,曝光
27188,840,2025-09-20,直播,分享
27189,1638,2025-07-24,短视频,曝光
27190,616,2025-08-20,短视频,曝光
27191,1950,2025-07-18,图文,点击
27192,1969,2025-07-29,直播,曝光
27193,604,2025-09-30,直播,分享
27194,1377,2025-08-07,短视频,点击
27195,1926,2025-09-03,直播,曝光
27196,582,2025-07-28,直播,曝光
27197,1432,2025-07-04,直播,曝光
27198,1060,2025-08-29,直播,曝光
27199,888,2025-07-20,短视频,曝光
27200,1287,2025-08-15,短视频,曝光
27201,954,2025-09-09,短视频,曝光
27202,1424,2025-08-22,短视频,点击
27203,1920,2025-07-06,图文,曝光
27204,419,2025-08-31,短视频,点击
27205,353,2025-08-07,短视频,点击
27206,1234,2025-07-23,图文,点击
27207,1923,2025-09-02,直播,曝光
27208,1695,2025-09-21,短视频,曝光
27209,810,2025-07-21,短视频,曝光
27210,1608,2025-07-05,短视频,曝光
27211,1824,2025-09-16,短视频,曝光
27212,589,2025-07-23,图文,曝光
27213,210,2025-07-28,直播,曝光
27214,1941,2025-07-12,短视频,曝光
27215,318,2025-07-08,短视频,曝光
27216,26,2025-08-07,直播,曝光
27217,639,2025-08-25,短视频,曝光
27218,1559,2025-09-25,直播,曝光
27219,1494,2025-08-13,图文,分享
27220,635,2025-09-15,直播,曝光
27221,1372,2025-09-24,直播,曝光
27222,1883,2025-08-15,图文,点击
27223,14,2025-08-20,短视频,点击
27224,1723,2025-08-07,直播,曝光
27225,1202,2025-09-09,图文,曝光
27226,1763,2025-07-04,图文,曝光
27227,99,2025-09-25,短视频,曝光
27228,504,2025-08-15,短视频,分享
27229,766,2025-07-12,短视频,曝光
27230,1593,2025-07-24,图文,分享
27231,1355,2025-08-20,直播,点击
27232,666,2025-07-01,直播,加购
27233,484,2025-09-10,短视频,曝光
27234,895,2025-09-16,短视频,曝光
27235,332,2025-08-23,短视频,点击
27236,1809,2025-09-05,短视频,曝光
27237,1662,2025-07-09,图文,点击
27238,1441,2025-09-25,直播,曝光
27239,959,2025-08-07,直播,点击
27240,1282,2025-08-13,直播,曝光
27241,508,2025-07-26,直播,曝光
27242,258,2025-08-15,图文,加购
27243,466,2025-07-03,图文,分享
27244,1077,2025-08-21,短视频,曝光
27245,1919,2025-07-26,短视频,曝光
27246,248,2025-09-20,短视频,曝光
27247,610,2025-07-18,图文,曝光
27248,151,2025-07-19,直播,曝光
27249,883,2025-08-28,图文,曝光
27250,1894,2025-07-07,短视频,点击
27251,103,2025-08-30,直播,曝光
27252,1185,2025-08-31,短视频,点击
27253,310,2025-08-18,短视频,曝光
27254,13,2025-08-16,图文,曝光
27255,1077,2025-09-10,直播,曝光
27256,939,2025-08-24,直播,曝光
27257,1801,2025-09-12,短视频,点击
27258,574,2025-09-20,短视频,曝光
27259,1269,2025-07-26,短视频,曝光
27260,308,2025-09-22,短视频,曝光
27261,1158,2025-08-22,短视频,曝光
27262,1639,2025-08-04,短视频,曝光
27263,772,2025-09-15,直播,曝光
27264,308,2025-09-02,直播,曝光
27265,1011,2025-09-04,短视频,点击
27266,333,2025-08-15,短视频,加购
27267,1293,2025-07-05,图文,曝光
27268,466,2025-08-21,短视频,曝光
27269,1322,2025-09-09,短视频,曝光
27270,1425,2025-09-13,短视频,曝光
27271,1999,2025-07-07,短视频,曝光
27272,382,2025-07-26,短视频,曝光
27273,1863,2025-09-05,短视频,曝光
27274,643,2025-07-09,短视频,分享
27275,310,2025-09-19,短视频,曝光
27276,1805,2025-09-01,直播,曝光
27277,1142,2025-09-11,直播,曝光
27278,1131,2025-07-29,短视频,曝光
27279,604,2025-08-25,短视频,点击
27280,347,2025-07-28,短视频,曝光
27281,123,2025-07-12,短视频,分享
27282,1720,2025-07-12,图文,曝光
27283,42,2025-07-16,短视频,加购
27284,1025,2025-09-26,直播,曝光
27285,534,2025-07-09,短视频,曝光
27286,1669,2025-09-15,短视频,曝光
27287,1406,2025-08-18,短视频,加购
27288,158,2025-09-06,短视频,点击
27289,257,2025-08-31,短视频,曝光
27290,324,2025-08-19,直播,曝光
27291,1427,2025-09-23,短视频,曝光
27292,184,2025-07-03,短视频,分享
27293,470,2025-08-17,短视频,曝光
27294,963,2025-09-28,直播,加购
27295,371,2025-08-25,短视频,曝光
27296,775,2025-07-19,直播,曝光
27297,609,2025-07-23,直播,点击
27298,833,2025-09-04,短视频,曝光
27299,56,2025-08-27,直播,曝光
27300,734,2025-08-20,短视频,曝光
27301,1074,2025-07-04,短视频,曝光
27302,849,2025-07-26,短视频,曝光
27303,1883,2025-08-10,图文,曝光
27304,763,2025-08-12,短视频,曝光
27305,609,2025-08-24,图文,点击
27306,320,2025-08-23,直播,曝光
27307,1229,2025-08-12,图文,曝光
27308,1139,2025-09-03,图文,曝光
27309,105,2025-08-30,短视频,曝光
27310,1739,2025-09-07,短视频,曝光
27311,1957,2025-07-29,短视频,曝光
27312,1989,2025-07-04,短视频,曝光
27313,1557,2025-09-30,图文,曝光
27314,235,2025-09-19,短视频,曝光
27315,1793,2025-07-24,短视频,曝光
27316,823,2025-09-05,直播,曝光
27317,1728,2025-07-30,直播,曝光
27318,483,2025-09-10,短视频,加购
27319,1374,2025-07-16,短视频,曝光
27320,1134,2025-08-01,图文,曝光
27321,918,2025-08-20,短视频,加购
27322,721,2025-09-02,图文,曝光
27323,107,2025-07-27,直播,曝光
27324,1756,2025-08-26,直播,点击
27325,1447,2025-08-07,图文,曝光
27326,1871,2025-08-01,直播,曝光
27327,1034,2025-09-15,短视频,点击
27328,651,2025-07-16,图文,加购
27329,1232,2025-09-06,直播,曝光
27330,713,2025-08-23,短视频,曝光
27331,1879,2025-09-01,短视频,加购
27332,1070,2025-09-09,短视频,曝光
27333,1356,2025-09-13,直播,分享
27334,1272,2025-08-01,短视频,曝光
27335,778,2025-08-07,直播,曝光
27336,1505,2025-09-18,短视频,曝光
27337,983,2025-08-18,短视频,曝光
27338,201,2025-09-18,直播,曝光
27339,818,2025-09-29,图文,曝光
27340,103,2025-09-09,短视频,加购
27341,1471,2025-09-15,直播,曝光
27342,1357,2025-07-12,短视频,分享
27343,1793,2025-09-07,短视频,曝光
27344,958,2025-08-17,短视频,曝光
27345,1984,2025-08-18,短视频,曝光
27346,1346,2025-09-29,短视频,曝光
27347,773,2025-07-24,直播,点击
27348,604,2025-07-24,图文,点击
27349,1896,2025-07-18,短视频,点击
27350,345,2025-07-04,短视频,加购
27351,34,2025-07-16,短视频,曝光
27352,223,2025-08-17,短视频,加购
27353,1379,2025-08-03,短视频,曝光
27354,1573,2025-07-25,图文,曝光
27355,1019,2025-09-30,短视频,曝光
27356,807,2025-09-07,短视频,曝光
27357,367,2025-07-18,图文,曝光
27358,166,2025-09-25,直播,曝光
27359,1491,2025-08-28,直播,分享
27360,494,2025-08-09,直播,点击
27361,1970,2025-08-03,图文,曝光
27362,1724,2025-09-12,短视频,曝光
27363,1541,2025-08-09,短视频,曝光
27364,964,2025-09-04,短视频,曝光
27365,717,2025-08-13,图文,曝光
27366,1707,2025-08-31,图文,分享
27367,96,2025-09-08,直播,曝光
27368,1891,2025-07-03,直播,点击
27369,1647,2025-07-12,直播,曝光
27370,134,2025-09-05,短视频,曝光
27371,439,2025-07-27,直播,曝光
27372,1887,2025-09-10,直播,分享
27373,1326,2025-08-04,直播,曝光
27374,743,2025-07-07,短视频,曝光
27375,1667,2025-08-10,短视频,分享
27376,1397,2025-09-22,短视频,曝光
27377,1849,2025-09-29,直播,曝光
27378,807,2025-08-12,短视频,曝光
27379,1177,2025-08-30,图文,点击
27380,1230,2025-09-09,图文,曝光
27381,86,2025-08-07,直播,曝光
27382,1340,2025-09-03,短视频,分享
27383,1435,2025-09-19,直播,分享
27384,266,2025-09-12,短视频,曝光
27385,1624,2025-08-21,短视频,曝光
27386,863,2025-07-03,短视频,曝光
27387,854,2025-09-04,短视频,曝光
27388,414,2025-08-29,图文,曝光
27389,1705,2025-08-13,直播,曝光
27390,239,2025-07-30,图文,曝光
27391,1958,2025-08-12,短视频,点击
27392,1184,2025-08-04,短视频,点击
27393,473,2025-07-14,短视频,曝光
27394,1361,2025-07-13,直播,曝光
27395,1433,2025-07-31,图文,点击
27396,516,2025-08-22,图文,曝光
27397,1754,2025-07-02,短视频,点击
27398,15,2025-09-05,短视频,曝光
27399,255,2025-07-03,短视频,曝光
27400,1942,2025-07-23,短视频,曝光
27401,1521,2025-09-23,直播,点击
27402,950,2025-07-15,直播,点击
27403,632,2025-07-23,直播,曝光
27404,1304,2025-09-26,图文,曝光
27405,1381,2025-07-07,图文,加购
27406,151,2025-07-23,短视频,曝光
27407,867,2025-08-21,短视频,曝光
27408,1241,2025-07-31,图文,曝光
27409,1177,2025-08-24,短视频,曝光
27410,1526,2025-09-20,短视频,点击
27411,1824,2025-08-12,短视频,曝光
27412,95,2025-08-08,短视频,曝光
27413,1065,2025-07-29,短视频,曝光
27414,1048,2025-07-31,短视频,曝光
27415,416,2025-08-23,直播,曝光
27416,285,2025-07-07,短视频,点击
27417,1808,2025-07-14,图文,曝光
27418,294,2025-09-11,直播,曝光
27419,885,2025-08-10,短视频,曝光
27420,1230,2025-09-06,直播,点击
27421,955,2025-09-17,图文,曝光
27422,1239,2025-07-26,短视频,曝光
27423,58,2025-08-04,短视频,分享
27424,1108,2025-08-26,图文,曝光
27425,1618,2025-09-02,短视频,曝光
27426,1021,2025-07-06,图文,点击
27427,1985,2025-08-21,短视频,曝光
27428,940,2025-07-22,短视频,曝光
27429,616,2025-08-11,直播,曝光
27430,963,2025-09-13,短视频,点击
27431,601,2025-07-15,直播,分享
27432,669,2025-09-26,直播,曝光
27433,906,2025-08-01,图文,曝光
27434,515,2025-09-09,短视频,点击
27435,70,2025-07-17,短视频,曝光
27436,532,2025-09-05,短视频,曝光
27437,62,2025-09-16,直播,曝光
27438,1817,2025-08-31,短视频,曝光
27439,1737,2025-09-24,短视频,曝光
27440,534,2025-07-07,短视频,曝光
27441,1793,2025-09-23,短视频,曝光
27442,750,2025-08-21,短视频,曝光
27443,746,2025-07-23,短视频,加购
27444,1009,2025-09-01,短视频,曝光
27445,1825,2025-08-14,直播,曝光
27446,1486,2025-09-09,直播,点击
27447,1271,2025-09-06,短视频,点击
27448,1555,2025-09-04,短视频,分享
27449,1752,2025-09-16,直播,曝光
27450,1444,2025-07-31,图文,点击
27451,937,2025-07-22,短视频,曝光
27452,607,2025-08-23,图文,曝光
27453,933,2025-07-22,短视频,曝光
27454,327,2025-09-13,直播,曝光
27455,1213,2025-09-22,短视频,曝光
27456,1635,2025-08-15,直播,曝光
27457,57,2025-09-11,直播,曝光
27458,1749,2025-08-07,直播,曝光
27459,1278,2025-09-19,图文,曝光
27460,1826,2025-07-09,图文,曝光
27461,1417,2025-09-29,短视频,加购
27462,1717,2025-08-20,短视频,曝光
27463,1503,2025-09-27,短视频,曝光
27464,723,2025-09-04,短视频,点击
27465,1080,2025-09-06,直播,曝光
27466,308,2025-08-02,短视频,曝光
27467,1676,2025-08-31,直播,分享
27468,1341,2025-09-08,直播,曝光
27469,1169,2025-09-06,短视频,曝光
27470,1299,2025-09-30,短视频,点击
27471,1400,2025-07-06,短视频,点击
27472,496,2025-07-20,短视频,曝光
27473,1226,2025-08-09,短视频,曝光
27474,1241,2025-08-27,短视频,曝光
27475,1380,2025-08-24,短视频,点击
27476,1997,2025-07-31,短视频,点击
27477,674,2025-07-13,短视频,分享
27478,338,2025-07-23,直播,加购
27479,1985,2025-09-10,直播,点击
27480,758,2025-08-21,短视频,点击
27481,570,2025-07-02,短视频,曝光
27482,783,2025-08-05,短视频,分享
27483,1579,2025-08-06,直播,曝光
27484,428,2025-08-27,短视频,曝光
27485,41,2025-09-13,短视频,点击
27486,1577,2025-08-30,直播,曝光
27487,1028,2025-09-30,短视频,曝光
27488,1415,2025-08-07,短视频,点击
27489,531,2025-09-14,直播,曝光
27490,434,2025-07-02,图文,曝光
27491,925,2025-07-29,短视频,曝光
27492,1716,2025-09-22,短视频,曝光
27493,1473,2025-07-06,短视频,曝光
27494,852,2025-09-27,短视频,曝光
27495,329,2025-08-17,直播,点击
27496,1102,2025-07-26,短视频,曝光
27497,111,2025-07-03,短视频,曝光
27498,1370,2025-09-18,短视频,曝光
27499,866,2025-07-16,短视频,曝光
27500,1749,2025-09-22,图文,曝光
27501,1936,2025-09-30,图文,曝光
27502,454,2025-07-21,短视频,曝光
27503,234,2025-09-03,直播,曝光
27504,1185,2025-08-14,短视频,点击
27505,98,2025-08-22,直播,曝光
27506,1344,2025-07-08,图文,曝光
27507,1758,2025-08-10,短视频,加购
27508,1773,2025-08-10,直播,曝光
27509,1535,2025-08-21,短视频,曝光
27510,1545,2025-07-29,短视频,分享
27511,503,2025-08-10,短视频,曝光
27512,1829,2025-07-16,短视频,曝光
27513,1510,2025-07-31,短视频,加购
27514,151,2025-08-21,直播,分享
27515,1185,2025-08-27,短视频,曝光
27516,851,2025-07-12,直播,点击
27517,312,2025-08-26,直播,曝光
27518,613,2025-08-02,短视频,曝光
27519,1871,2025-07-23,直播,曝光
27520,995,2025-09-18,短视频,分享
27521,308,2025-09-10,直播,分享
27522,1622,2025-09-01,短视频,点击
27523,483,2025-08-08,图文,曝光
27524,986,2025-09-13,短视频,曝光
27525,260,2025-08-08,短视频,曝光
27526,71,2025-07-22,短视频,曝光
27527,1961,2025-08-14,直播,曝光
27528,1342,2025-08-21,短视频,曝光
27529,1204,2025-08-27,直播,曝光
27530,21,2025-07-27,短视频,曝光
27531,1220,2025-08-20,短视频,曝光
27532,196,2025-08-11,直播,曝光
27533,306,2025-07-23,直播,点击
27534,1456,2025-08-26,直播,点击
27535,1027,2025-07-29,直播,加购
27536,1663,2025-08-05,直播,曝光
27537,715,2025-09-27,短视频,曝光
27538,637,2025-08-18,短视频,曝光
27539,1652,2025-08-20,直播,曝光
27540,1139,2025-08-24,图文,点击
27541,1829,2025-07-13,图文,加购
27542,1095,2025-07-12,直播,加购
27543,372,2025-08-09,短视频,曝光
27544,112,2025-07-02,短视频,曝光
27545,436,2025-07-28,图文,点击
27546,1090,2025-07-09,直播,曝光
27547,1311,2025-08-27,短视频,曝光
27548,22,2025-09-20,直播,分享
27549,537,2025-07-03,短视频,曝光
27550,1640,2025-09-29,图文,点击
27551,792,2025-08-14,短视频,曝光
27552,1497,2025-07-14,图文,曝光
27553,747,2025-07-29,直播,曝光
27554,568,2025-08-02,直播,分享
27555,1384,2025-08-02,图文,曝光
27556,525,2025-07-31,短视频,曝光
27557,1321,2025-09-27,短视频,点击
27558,381,2025-08-24,直播,曝光
27559,1505,2025-07-17,图文,曝光
27560,1906,2025-07-29,短视频,曝光
27561,1814,2025-08-02,短视频,曝光
27562,1692,2025-09-26,短视频,点击
27563,20,2025-09-19,图文,曝光
27564,1676,2025-07-17,图文,曝光
27565,1246,2025-09-03,图文,曝光
27566,933,2025-08-14,直播,分享
27567,1612,2025-07-21,短视频,加购
27568,1624,2025-07-21,短视频,曝光
27569,1869,2025-08-30,直播,曝光
27570,1184,2025-08-06,图文,点击
27571,1404,2025-07-02,短视频,曝光
27572,599,2025-07-19,短视频,曝光
27573,1347,2025-07-01,直播,曝光
27574,861,2025-07-09,短视频,曝光
27575,1289,2025-07-17,直播,曝光
27576,819,2025-09-21,短视频,曝光
27577,354,2025-08-01,直播,曝光
27578,704,2025-08-23,直播,分享
27579,671,2025-09-23,短视频,曝光
27580,485,2025-08-31,短视频,曝光
27581,210,2025-09-26,直播,分享
27582,797,2025-08-07,图文,曝光
27583,1009,2025-07-04,短视频,曝光
27584,1199,2025-07-15,短视频,曝光
27585,1231,2025-09-25,图文,曝光
27586,393,2025-09-28,短视频,曝光
27587,291,2025-08-26,短视频,曝光
27588,284,2025-08-01,短视频,点击
27589,1365,2025-07-15,直播,曝光
27590,1381,2025-09-07,短视频,曝光
27591,1029,2025-08-04,短视频,曝光
27592,1053,2025-09-22,短视频,曝光
27593,1278,2025-09-02,直播,曝光
27594,705,2025-08-21,短视频,曝光
27595,1492,2025-09-16,短视频,分享
27596,1816,2025-08-07,直播,点击
27597,476,2025-08-28,短视频,曝光
27598,923,2025-07-24,图文,点击
27599,633,2025-09-29,图文,点击
27600,664,2025-07-05,直播,曝光
27601,779,2025-07-23,短视频,加购
27602,433,2025-07-07,短视频,曝光
27603,698,2025-09-26,图文,曝光
27604,647,2025-08-31,短视频,曝光
27605,1628,2025-07-24,短视频,点击
27606,548,2025-09-23,图文,曝光
27607,194,2025-09-06,直播,曝光
27608,1734,2025-09-08,短视频,曝光
27609,1806,2025-08-18,图文,曝光
27610,1784,2025-07-29,直播,曝光
27611,367,2025-09-24,短视频,曝光
27612,826,2025-07-11,短视频,曝光
27613,582,2025-07-22,直播,曝光
27614,522,2025-07-19,直播,点击
27615,1835,2025-09-09,短视频,点击
27616,261,2025-09-17,直播,加购
27617,1210,2025-09-16,短视频,曝光
27618,1433,2025-07-24,短视频,曝光
27619,137,2025-08-19,图文,曝光
27620,1759,2025-08-19,短视频,曝光
27621,452,2025-09-27,短视频,曝光
27622,823,2025-09-30,短视频,曝光
27623,1083,2025-07-30,直播,曝光
27624,1750,2025-09-30,短视频,曝光
27625,1976,2025-09-20,短视频,曝光
27626,496,2025-07-20,短视频,曝光
27627,817,2025-09-06,图文,曝光
27628,1218,2025-09-27,短视频,曝光
27629,823,2025-07-24,直播,分享
27630,163,2025-07-29,短视频,加购
27631,1561,2025-09-20,直播,曝光
27632,1127,2025-09-15,短视频,曝光
27633,258,2025-09-13,直播,曝光
27634,1278,2025-07-22,直播,曝光
27635,1813,2025-07-24,图文,曝光
27636,1289,2025-07-04,直播,曝光
27637,955,2025-09-05,图文,点击
27638,1558,2025-09-12,图文,曝光
27639,544,2025-09-13,短视频,点击
27640,190,2025-08-11,短视频,曝光
27641,981,2025-07-08,短视频,点击
27642,558,2025-09-29,短视频,分享
27643,981,2025-09-18,直播,曝光
27644,1387,2025-08-02,短视频,点击
27645,1694,2025-09-05,图文,点击
27646,1185,2025-08-03,直播,曝光
27647,1218,2025-09-17,短视频,点击
27648,1899,2025-08-22,图文,曝光
27649,1817,2025-09-30,直播,点击
27650,1569,2025-09-12,短视频,曝光
27651,1819,2025-08-29,图文,曝光
27652,942,2025-07-02,短视频,曝光
27653,1535,2025-08-10,短视频,曝光
27654,1068,2025-08-28,图文,曝光
27655,1231,2025-08-16,直播,曝光
27656,1320,2025-07-23,短视频,分享
27657,157,2025-08-25,短视频,曝光
27658,21,2025-07-21,图文,分享
27659,1906,2025-09-26,短视频,点击
27660,729,2025-07-09,直播,曝光
27661,102,2025-07-25,短视频,曝光
27662,244,2025-07-01,图文,曝光
27663,79,2025-07-20,短视频,曝光
27664,479,2025-07-28,直播,点击
27665,1459,2025-09-25,图文,点击
27666,1660,2025-08-29,直播,曝光
27667,126,2025-07-14,短视频,点击
27668,1097,2025-08-09,短视频,曝光
27669,1323,2025-07-15,图文,曝光
27670,1721,2025-07-11,直播,曝光
27671,1811,2025-08-24,图文,曝光
27672,1778,2025-08-15,短视频,分享
27673,1435,2025-07-17,图文,曝光
27674,1612,2025-09-14,短视频,加购
27675,1490,2025-09-28,短视频,曝光
27676,1525,2025-09-15,直播,曝光
27677,1805,2025-09-20,图文,点击
27678,333,2025-08-23,直播,加购
27679,173,2025-07-22,短视频,曝光
27680,539,2025-08-20,短视频,曝光
27681,1903,2025-07-18,图文,曝光
27682,1409,2025-08-03,短视频,曝光
27683,941,2025-08-06,直播,曝光
27684,603,2025-08-14,直播,分享
27685,399,2025-09-14,直播,曝光
27686,751,2025-09-10,短视频,曝光
27687,1903,2025-09-01,直播,点击
27688,1873,2025-08-09,图文,曝光
27689,1946,2025-07-04,直播,曝光
27690,1412,2025-09-16,直播,曝光
27691,1173,2025-07-19,短视频,曝光
27692,214,2025-08-26,直播,点击
27693,1186,2025-07-14,直播,曝光
27694,1443,2025-08-07,短视频,曝光
27695,841,2025-07-16,直播,曝光
27696,1588,2025-09-23,图文,点击
27697,1180,2025-08-07,短视频,曝光
27698,1827,2025-09-20,直播,加购
27699,215,2025-08-10,直播,曝光
27700,1371,2025-08-06,直播,曝光
27701,689,2025-08-04,直播,加购
27702,192,2025-09-07,直播,曝光
27703,610,2025-09-10,直播,曝光
27704,1531,2025-09-24,图文,曝光
27705,371,2025-07-06,图文,曝光
27706,1313,2025-08-24,短视频,分享
27707,404,2025-07-23,直播,曝光
27708,913,2025-09-25,短视频,加购
27709,291,2025-07-24,图文,曝光
27710,1522,2025-07-08,图文,曝光
27711,1745,2025-08-03,直播,曝光
27712,1051,2025-09-25,短视频,曝光
27713,784,2025-08-24,直播,曝光
27714,1865,2025-09-01,图文,曝光
27715,1893,2025-08-24,短视频,曝光
27716,1864,2025-07-15,直播,曝光
27717,1567,2025-09-22,短视频,加购
27718,451,2025-07-12,直播,点击
27719,321,2025-07-29,短视频,曝光
27720,882,2025-09-06,直播,曝光
27721,1136,2025-09-24,短视频,曝光
27722,398,2025-07-23,图文,曝光
27723,292,2025-09-27,直播,点击
27724,662,2025-07-04,短视频,分享
27725,702,2025-08-16,直播,曝光
27726,447,2025-07-19,直播,曝光
27727,924,2025-09-19,短视频,曝光
27728,1024,2025-07-10,短视频,加购
27729,194,2025-08-23,短视频,加购
27730,2,2025-07-16,短视频,曝光
27731,73,2025-07-10,短视频,曝光
27732,1583,2025-08-18,直播,曝光
27733,1613,2025-07-26,图文,点击
27734,318,2025-08-19,直播,曝光
27735,1885,2025-07-28,短视频,点击
27736,549,2025-08-11,图文,曝光
27737,1791,2025-07-20,短视频,曝光
27738,350,2025-09-07,直播,分享
27739,1635,2025-09-22,短视频,加购
27740,708,2025-07-02,短视频,曝光
27741,1564,2025-08-08,图文,点击
27742,155,2025-09-20,直播,曝光
27743,1146,2025-09-25,直播,加购
27744,1718,2025-09-30,短视频,曝光
27745,255,2025-07-07,直播,加购
27746,830,2025-09-25,图文,曝光
27747,1784,2025-07-08,图文,点击
27748,1849,2025-07-25,短视频,曝光
27749,1001,2025-08-13,短视频,曝光
27750,94,2025-09-19,短视频,点击
27751,1887,2025-08-10,短视频,曝光
27752,346,2025-09-07,短视频,加购
27753,821,2025-08-22,短视频,加购
27754,1672,2025-08-14,直播,曝光
27755,221,2025-07-11,直播,点击
27756,928,2025-09-29,短视频,曝光
27757,1246,2025-07-09,图文,点击
27758,119,2025-07-21,直播,加购
27759,969,2025-09-17,短视频,曝光
27760,94,2025-08-23,短视频,曝光
27761,1293,2025-07-30,直播,曝光
27762,1790,2025-07-20,直播,曝光
27763,407,2025-07-14,短视频,曝光
27764,524,2025-07-24,短视频,点击
27765,259,2025-09-12,短视频,点击
27766,822,2025-09-15,直播,曝光
27767,8,2025-09-01,图文,分享
27768,1795,2025-08-28,短视频,曝光
27769,192,2025-07-27,图文,曝光
27770,1336,2025-09-04,直播,曝光
27771,642,2025-09-26,图文,点击
27772,1541,2025-08-02,直播,曝光
27773,103,2025-08-21,图文,曝光
27774,944,2025-09-23,图文,曝光
27775,186,2025-07-14,短视频,曝光
27776,1391,2025-08-11,直播,曝光
27777,385,2025-09-04,短视频,曝光
27778,1169,2025-07-31,图文,曝光
27779,814,2025-07-08,短视频,曝光
27780,341,2025-07-18,图文,点击
27781,386,2025-09-20,图文,曝光
27782,1146,2025-07-25,短视频,曝光
27783,431,2025-09-19,直播,点击
27784,1852,2025-09-11,短视频,分享
27785,1527,2025-08-27,短视频,曝光
27786,691,2025-07-31,直播,曝光
27787,784,2025-08-08,短视频,分享
27788,988,2025-07-30,短视频,曝光
27789,1605,2025-08-04,图文,点击
27790,833,2025-08-05,直播,加购
27791,822,2025-08-06,直播,曝光
27792,1378,2025-07-31,图文,曝光
27793,514,2025-08-06,直播,曝光
27794,1255,2025-08-18,直播,点击
27795,770,2025-08-18,短视频,曝光
27796,955,2025-09-28,短视频,曝光
27797,1549,2025-07-16,短视频,曝光
27798,95,2025-09-26,直播,曝光
27799,1304,2025-09-16,直播,曝光
27800,530,2025-09-24,短视频,曝光
27801,19,2025-09-12,直播,加购
27802,630,2025-08-25,短视频,点击
27803,1558,2025-08-09,直播,曝光
27804,1465,2025-09-29,短视频,曝光
27805,514,2025-09-15,图文,曝光
27806,793,2025-08-03,短视频,曝光
27807,1740,2025-07-27,短视频,曝光
27808,757,2025-07-19,短视频,曝光
27809,510,2025-09-02,短视频,点击
27810,892,2025-09-22,直播,曝光
27811,1567,2025-09-20,短视频,点击
27812,864,2025-09-14,直播,曝光
27813,1030,2025-09-16,短视频,点击
27814,1436,2025-08-05,图文,曝光
27815,1722,2025-09-12,短视频,曝光
27816,1341,2025-07-23,直播,加购
27817,813,2025-08-21,直播,曝光
27818,1526,2025-08-04,图文,曝光
27819,1560,2025-07-24,直播,曝光
27820,415,2025-08-09,短视频,曝光
27821,1392,2025-09-08,直播,曝光
27822,1483,2025-09-15,短视频,曝光
27823,604,2025-08-24,直播,点击
27824,593,2025-08-05,短视频,点击
27825,1349,2025-08-28,短视频,曝光
27826,1,2025-08-14,直播,分享
27827,581,2025-08-01,图文,曝光
27828,1280,2025-07-17,短视频,曝光
27829,909,2025-08-11,短视频,点击
27830,24,2025-09-06,短视频,曝光
27831,255,2025-08-22,图文,曝光
27832,196,2025-08-27,短视频,曝光
27833,1062,2025-09-08,直播,点击
27834,83,2025-07-14,短视频,曝光
27835,1526,2025-09-15,直播,加购
27836,1213,2025-07-27,图文,曝光
27837,1009,2025-07-26,短视频,曝光
27838,416,2025-07-29,直播,曝光
27839,372,2025-09-10,直播,曝光
27840,1619,2025-08-26,短视频,曝光
27841,1232,2025-07-05,图文,曝光
27842,713,2025-07-02,直播,曝光
27843,419,2025-09-01,短视频,曝光
27844,671,2025-08-23,短视频,曝光
27845,603,2025-08-01,图文,点击
27846,1030,2025-07-24,短视频,曝光
27847,529,2025-09-07,图文,曝光
27848,1551,2025-09-22,短视频,曝光
27849,116,2025-09-19,图文,曝光
27850,1393,2025-09-14,短视频,曝光
27851,13,2025-07-03,图文,分享
27852,414,2025-08-21,图文,曝光
27853,1876,2025-07-26,短视频,曝光
27854,1528,2025-07-28,图文,点击
27855,1966,2025-09-19,直播,分享
27856,1014,2025-07-25,直播,加购
27857,276,2025-08-31,短视频,点击
27858,1975,2025-07-06,图文,加购
27859,1521,2025-09-06,图文,曝光
27860,1034,2025-08-05,短视频,曝光
27861,1537,2025-07-11,图文,曝光
27862,573,2025-07-14,短视频,曝光
27863,1579,2025-08-03,短视频,曝光
27864,1523,2025-08-27,短视频,曝光
27865,278,2025-09-15,图文,点击
27866,59,2025-09-18,直播,曝光
27867,1693,2025-09-14,图文,曝光
27868,1450,2025-07-08,短视频,加购
27869,587,2025-09-12,直播,曝光
27870,1087,2025-09-21,直播,曝光
27871,60,2025-08-26,短视频,点击
27872,352,2025-08-07,短视频,曝光
27873,178,2025-09-15,短视频,点击
27874,49,2025-07-03,短视频,点击
27875,276,2025-07-01,直播,曝光
27876,94,2025-07-08,短视频,点击
27877,1888,2025-09-03,短视频,曝光
27878,164,2025-07-01,直播,点击
27879,263,2025-07-09,短视频,曝光
27880,976,2025-08-24,直播,曝光
27881,1204,2025-08-23,短视频,曝光
27882,1416,2025-07-25,短视频,曝光
27883,195,2025-09-16,直播,加购
27884,268,2025-08-13,图文,曝光
27885,33,2025-08-26,直播,曝光
27886,318,2025-09-06,直播,曝光
27887,383,2025-09-02,短视频,曝光
27888,1629,2025-08-08,图文,点击
27889,1182,2025-08-22,图文,点击
27890,456,2025-07-19,图文,曝光
27891,237,2025-08-31,直播,加购
27892,1656,2025-09-16,直播,曝光
27893,1427,2025-09-01,图文,点击
27894,191,2025-07-19,图文,点击
27895,1119,2025-09-28,图文,曝光
27896,1674,2025-09-05,短视频,加购
27897,541,2025-09-26,直播,点击
27898,1466,2025-09-02,短视频,曝光
27899,775,2025-08-30,图文,曝光
27900,296,2025-09-12,短视频,曝光
27901,566,2025-09-17,直播,加购
27902,676,2025-08-10,图文,曝光
27903,80,2025-08-28,直播,曝光
27904,667,2025-09-24,短视频,加购
27905,1933,2025-09-10,图文,曝光
27906,268,2025-07-12,短视频,曝光
27907,23,2025-09-22,图文,点击
27908,755,2025-08-19,短视频,分享
27909,1924,2025-07-17,短视频,曝光
27910,1356,2025-09-04,短视频,点击
27911,1027,2025-09-28,图文,曝光
27912,1462,2025-09-18,直播,曝光
27913,20,2025-07-15,短视频,曝光
27914,406,2025-08-29,图文,点击
27915,1685,2025-07-16,图文,加购
27916,1444,2025-08-30,图文,曝光
27917,923,2025-08-13,短视频,点击
27918,534,2025-09-27,直播,曝光
27919,456,2025-07-03,图文,曝光
27920,86,2025-08-07,图文,点击
27921,1765,2025-09-10,图文,曝光
27922,390,2025-08-19,图文,曝光
27923,1629,2025-08-14,图文,曝光
27924,685,2025-09-01,短视频,曝光
27925,1819,2025-07-28,图文,点击
27926,72,2025-07-25,直播,点击
27927,1034,2025-08-02,短视频,曝光
27928,191,2025-08-05,短视频,加购
27929,4,2025-07-23,短视频,点击
27930,713,2025-09-02,直播,曝光
27931,1275,2025-08-02,短视频,点击
27932,1850,2025-08-06,短视频,曝光
27933,303,2025-07-17,直播,曝光
27934,1272,2025-09-22,直播,曝光
27935,1604,2025-07-13,短视频,曝光
27936,1869,2025-08-22,直播,曝光
27937,558,2025-09-25,直播,曝光
27938,75,2025-09-02,短视频,曝光
27939,1914,2025-09-29,直播,曝光
27940,1737,2025-07-15,短视频,曝光
27941,507,2025-08-15,图文,曝光
27942,272,2025-09-28,短视频,加购
27943,1068,2025-07-07,短视频,曝光
27944,474,2025-09-30,图文,曝光
27945,1128,2025-07-10,短视频,曝光
27946,201,2025-08-31,短视频,曝光
27947,1855,2025-09-13,图文,点击
27948,823,2025-07-20,短视频,曝光
27949,282,2025-09-15,图文,曝光
27950,405,2025-08-19,短视频,加购
27951,1330,2025-08-28,短视频,分享
27952,1479,2025-07-10,短视频,曝光
27953,213,2025-07-06,短视频,曝光
27954,1510,2025-07-06,短视频,点击
27955,1871,2025-08-01,图文,曝光
27956,581,2025-07-28,图文,曝光
27957,1234,2025-08-27,短视频,曝光
27958,1600,2025-07-21,短视频,曝光
27959,1884,2025-08-10,短视频,曝光
27960,328,2025-09-27,直播,曝光
27961,1778,2025-09-27,图文,分享
27962,81,2025-09-07,短视频,加购
27963,1109,2025-08-22,短视频,点击
27964,331,2025-09-04,图文,曝光
27965,227,2025-09-05,短视频,加购
27966,492,2025-09-09,直播,曝光
27967,314,2025-08-04,短视频,曝光
27968,101,2025-08-03,短视频,加购
27969,601,2025-08-22,短视频,曝光
27970,220,2025-09-30,直播,曝光
27971,767,2025-09-02,直播,曝光
27972,606,2025-08-23,短视频,点击
27973,1041,2025-09-28,图文,曝光
27974,1705,2025-07-20,图文,点击
27975,281,2025-09-10,短视频,曝光
27976,1711,2025-08-31,短视频,曝光
27977,1079,2025-07-25,短视频,曝光
27978,1988,2025-08-20,短视频,曝光
27979,816,2025-08-18,短视频,曝光
27980,197,2025-08-26,直播,曝光
27981,421,2025-09-26,短视频,分享
27982,4,2025-07-25,短视频,曝光
27983,1733,2025-08-07,直播,曝光
27984,1132,2025-08-23,图文,曝光
27985,1765,2025-07-09,短视频,曝光
27986,1207,2025-07-07,图文,分享
27987,1868,2025-08-08,直播,点击
27988,473,2025-09-14,短视频,曝光
27989,664,2025-08-03,直播,曝光
27990,1595,2025-08-25,直播,曝光
27991,1644,2025-09-09,直播,曝光
27992,1912,2025-08-30,直播,分享
27993,1774,2025-08-24,短视频,曝光
27994,664,2025-08-23,短视频,曝光
27995,1351,2025-08-18,短视频,曝光
27996,1892,2025-09-29,短视频,加购
27997,531,2025-08-06,短视频,分享
27998,209,2025-07-08,短视频,曝光
27999,1007,2025-09-19,图文,曝光
28000,952,2025-08-13,短视频,点击
28001,1389,2025-09-29,短视频,点击
28002,395,2025-08-31,图文,曝光
28003,898,2025-08-23,直播,加购
28004,1169,2025-08-25,图文,分享
28005,1166,2025-08-03,短视频,曝光
28006,143,2025-09-05,直播,曝光
28007,204,2025-07-29,短视频,加购
28008,1009,2025-09-29,短视频,曝光
28009,742,2025-08-24,直播,曝光
28010,347,2025-08-14,直播,曝光
28011,1611,2025-07-24,短视频,曝光
28012,835,2025-09-12,短视频,曝光
28013,1159,2025-08-12,图文,曝光
28014,1377,2025-08-15,短视频,分享
28015,1450,2025-07-15,直播,曝光
28016,668,2025-09-07,短视频,曝光
28017,49,2025-07-07,短视频,加购
28018,1081,2025-08-15,短视频,曝光
28019,480,2025-09-10,短视频,加购
28020,1943,2025-08-11,图文,点击
28021,1790,2025-07-15,短视频,曝光
28022,1751,2025-09-27,短视频,曝光
28023,1566,2025-07-04,短视频,曝光
28024,1994,2025-09-02,图文,曝光
28025,1912,2025-07-01,直播,分享
28026,355,2025-09-01,图文,曝光
28027,1230,2025-09-28,短视频,点击
28028,989,2025-08-17,直播,曝光
28029,64,2025-07-01,直播,点击
28030,1569,2025-07-07,直播,点击
28031,220,2025-07-22,短视频,曝光
28032,1859,2025-08-02,短视频,曝光
28033,1392,2025-09-20,短视频,曝光
28034,482,2025-07-05,直播,曝光
28035,73,2025-08-17,短视频,曝光
28036,1976,2025-09-07,短视频,曝光
28037,1617,2025-08-31,图文,曝光
28038,883,2025-09-12,短视频,分享
28039,1609,2025-09-02,短视频,曝光
28040,1545,2025-07-03,直播,曝光
28041,1224,2025-09-20,直播,曝光
28042,1037,2025-08-15,短视频,分享
28043,88,2025-08-15,短视频,点击
28044,596,2025-09-21,短视频,曝光
28045,621,2025-09-09,短视频,曝光
28046,218,2025-07-10,短视频,曝光
28047,1419,2025-07-28,直播,点击
28048,324,2025-08-02,短视频,曝光
28049,518,2025-09-26,短视频,曝光
28050,1295,2025-07-11,短视频,点击
28051,1040,2025-08-13,图文,曝光
28052,1108,2025-08-15,直播,点击
28053,1709,2025-07-17,直播,点击
28054,866,2025-08-19,直播,曝光
28055,1237,2025-07-22,短视频,点击
28056,1253,2025-08-06,直播,曝光
28057,251,2025-09-11,短视频,曝光
28058,1015,2025-09-16,短视频,曝光
28059,1098,2025-07-04,短视频,曝光
28060,283,2025-08-07,短视频,曝光
28061,256,2025-07-02,短视频,点击
28062,524,2025-07-11,短视频,曝光
28063,852,2025-07-03,短视频,曝光
28064,864,2025-09-12,短视频,加购
28065,457,2025-08-18,图文,点击
28066,796,2025-07-20,短视频,曝光
28067,583,2025-08-13,直播,点击
28068,1806,2025-09-05,短视频,曝光
28069,1312,2025-07-26,短视频,曝光
28070,1884,2025-08-09,短视频,曝光
28071,1299,2025-07-14,短视频,分享
28072,1069,2025-07-21,直播,曝光
28073,981,2025-07-21,短视频,分享
28074,532,2025-07-10,图文,分享
28075,357,2025-09-13,短视频,曝光
28076,1598,2025-09-15,直播,曝光
28077,780,2025-08-18,短视频,点击
28078,364,2025-07-21,短视频,曝光
28079,835,2025-07-05,短视频,曝光
28080,985,2025-09-29,短视频,曝光
28081,1342,2025-08-10,图文,曝光
28082,1989,2025-08-18,直播,曝光
28083,1950,2025-08-16,图文,曝光
28084,1750,2025-09-05,直播,曝光
28085,1655,2025-08-10,图文,曝光
28086,1860,2025-08-22,图文,曝光
28087,1432,2025-09-09,短视频,加购
28088,196,2025-09-30,短视频,分享
28089,479,2025-09-03,图文,曝光
28090,925,2025-07-23,短视频,分享
28091,1570,2025-07-18,短视频,曝光
28092,1539,2025-08-06,短视频,曝光
28093,1756,2025-09-14,图文,曝光
28094,313,2025-09-20,短视频,曝光
28095,1195,2025-08-12,直播,曝光
28096,1538,2025-07-18,短视频,曝光
28097,788,2025-08-30,直播,点击
28098,684,2025-08-27,直播,加购
28099,1322,2025-07-13,短视频,加购
28100,1775,2025-09-21,短视频,点击
28101,910,2025-09-26,短视频,点击
28102,836,2025-09-30,直播,加购
28103,153,2025-08-19,短视频,曝光
28104,501,2025-09-12,直播,曝光
28105,160,2025-07-03,短视频,曝光
28106,1834,2025-07-07,短视频,点击
28107,1688,2025-07-01,直播,加购
28108,1426,2025-08-22,短视频,曝光
28109,430,2025-08-10,图文,曝光
28110,926,2025-09-02,图文,点击
28111,24,2025-07-20,直播,曝光
28112,1923,2025-07-29,短视频,点击
28113,107,2025-08-01,直播,曝光
28114,1205,2025-09-01,短视频,曝光
28115,993,2025-07-31,图文,曝光
28116,1175,2025-09-22,直播,点击
28117,166,2025-07-23,短视频,曝光
28118,723,2025-08-29,直播,曝光
28119,1657,2025-07-23,直播,点击
28120,1670,2025-08-15,短视频,曝光
28121,808,2025-08-24,直播,点击
28122,1171,2025-09-08,短视频,曝光
28123,1601,2025-09-25,短视频,曝光
28124,1244,2025-07-28,图文,加购
28125,836,2025-09-10,直播,点击
28126,1873,2025-08-31,短视频,曝光
28127,1989,2025-09-09,图文,点击
28128,540,2025-08-16,直播,点击
28129,98,2025-07-22,短视频,曝光
28130,1582,2025-08-26,直播,曝光
28131,215,2025-08-05,短视频,曝光
28132,1622,2025-08-15,直播,点击
28133,1560,2025-07-16,短视频,曝光
28134,127,2025-08-08,直播,分享
28135,1097,2025-08-26,短视频,点击
28136,1445,2025-07-05,短视频,曝光
28137,162,2025-08-02,图文,曝光
28138,1661,2025-08-27,图文,曝光
28139,218,2025-08-13,图文,曝光
28140,1073,2025-09-28,直播,曝光
28141,41,2025-09-23,直播,点击
28142,223,2025-08-02,短视频,曝光
28143,1468,2025-09-28,短视频,曝光
28144,158,2025-08-27,短视频,曝光
28145,1798,2025-07-31,短视频,分享
28146,48,2025-09-05,短视频,点击
28147,1255,2025-07-11,短视频,曝光
28148,733,2025-08-25,短视频,曝光
28149,1212,2025-09-23,直播,点击
28150,1243,2025-09-21,图文,点击
28151,1288,2025-07-11,图文,点击
28152,1141,2025-09-24,直播,点击
28153,1911,2025-08-05,图文,曝光
28154,1020,2025-09-19,短视频,加购
28155,1705,2025-08-19,直播,曝光
28156,835,2025-08-08,图文,曝光
28157,1222,2025-08-12,图文,曝光
28158,1362,2025-07-13,图文,曝光
28159,775,2025-09-03,图文,曝光
28160,1767,2025-08-06,短视频,曝光
28161,542,2025-07-28,直播,曝光
28162,1653,2025-08-18,短视频,曝光
28163,380,2025-07-30,图文,曝光
28164,1431,2025-07-04,短视频,曝光
28165,1665,2025-09-10,直播,分享
28166,585,2025-09-16,图文,曝光
28167,512,2025-09-18,短视频,分享
28168,1881,2025-09-20,短视频,曝光
28169,1268,2025-07-06,直播,点击
28170,1723,2025-08-28,直播,分享
28171,1897,2025-07-19,短视频,曝光
28172,1896,2025-08-23,短视频,曝光
28173,1640,2025-09-27,短视频,曝光
28174,1239,2025-08-05,直播,曝光
28175,1896,2025-08-16,图文,加购
28176,666,2025-09-28,短视频,曝光
28177,1091,2025-08-28,直播,分享
28178,905,2025-08-10,直播,点击
28179,681,2025-09-27,短视频,点击
28180,655,2025-07-19,图文,点击
28181,1945,2025-08-11,短视频,曝光
28182,702,2025-09-27,图文,曝光
28183,212,2025-09-03,短视频,分享
28184,852,2025-09-15,短视频,点击
28185,749,2025-07-25,短视频,曝光
28186,1871,2025-07-31,短视频,点击
28187,1560,2025-08-11,直播,曝光
28188,995,2025-08-21,直播,曝光
28189,1658,2025-08-24,短视频,曝光
28190,809,2025-08-23,短视频,加购
28191,447,2025-07-20,短视频,曝光
28192,1279,2025-09-19,图文,曝光
28193,1244,2025-09-14,图文,曝光
28194,573,2025-08-20,短视频,点击
28195,343,2025-07-12,短视频,曝光
28196,18,2025-08-08,直播,曝光
28197,769,2025-08-02,短视频,曝光
28198,1460,2025-08-24,直播,点击
28199,1609,2025-08-04,短视频,曝光
28200,665,2025-09-28,图文,曝光
28201,1326,2025-08-26,短视频,加购
28202,475,2025-07-05,短视频,点击
28203,376,2025-07-24,直播,曝光
28204,1071,2025-08-29,短视频,曝光
28205,623,2025-07-16,图文,曝光
28206,323,2025-07-08,短视频,加购
28207,481,2025-08-17,直播,曝光
28208,556,2025-07-25,图文,曝光
28209,629,2025-07-02,图文,点击
28210,1025,2025-09-03,图文,曝光
28211,1744,2025-09-05,图文,曝光
28212,1949,2025-09-04,直播,曝光
28213,1150,2025-07-09,短视频,曝光
28214,488,2025-09-15,短视频,曝光
28215,390,2025-07-09,直播,曝光
28216,935,2025-08-19,直播,曝光
28217,1350,2025-09-27,直播,曝光
28218,1057,2025-09-12,短视频,点击
28219,265,2025-09-25,短视频,曝光
28220,1426,2025-08-16,直播,点击
28221,623,2025-08-09,短视频,曝光
28222,1045,2025-07-19,直播,曝光
28223,1719,2025-09-30,短视频,曝光
28224,1467,2025-08-10,直播,曝光
28225,1054,2025-08-25,短视频,点击
28226,1729,2025-07-16,短视频,曝光
28227,403,2025-07-29,短视频,曝光
28228,566,2025-08-20,短视频,曝光
28229,538,2025-09-15,短视频,曝光
28230,1672,2025-08-17,短视频,点击
28231,1678,2025-07-18,短视频,曝光
28232,526,2025-07-25,短视频,点击
28233,384,2025-08-24,短视频,曝光
28234,1619,2025-08-14,短视频,点击
28235,901,2025-07-20,短视频,曝光
28236,1274,2025-08-25,短视频,曝光
28237,396,2025-08-31,直播,加购
28238,1138,2025-08-09,短视频,点击
28239,1370,2025-09-21,短视频,曝光
28240,928,2025-07-21,图文,曝光
28241,1641,2025-08-04,直播,曝光
28242,1091,2025-09-26,直播,曝光
28243,1077,2025-07-07,短视频,曝光
28244,470,2025-09-12,直播,点击
28245,1336,2025-07-16,直播,曝光
28246,997,2025-07-20,图文,点击
28247,1298,2025-07-16,直播,点击
28248,1218,2025-08-13,短视频,点击
28249,737,2025-07-20,短视频,曝光
28250,764,2025-08-04,短视频,曝光
28251,624,2025-07-18,直播,曝光
28252,764,2025-09-30,短视频,点击
28253,1691,2025-08-28,图文,点击
28254,695,2025-09-05,直播,加购
28255,244,2025-07-06,短视频,分享
28256,1636,2025-08-29,图文,曝光
28257,436,2025-09-09,直播,分享
28258,769,2025-07-14,短视频,点击
28259,405,2025-09-25,图文,曝光
28260,1161,2025-07-18,直播,曝光
28261,533,2025-09-23,短视频,曝光
28262,1945,2025-09-24,短视频,曝光
28263,855,2025-07-25,图文,曝光
28264,61,2025-08-11,短视频,曝光
28265,1106,2025-07-14,短视频,曝光
28266,440,2025-07-02,图文,曝光
28267,702,2025-08-12,直播,曝光
28268,1851,2025-08-15,直播,曝光
28269,360,2025-07-16,短视频,曝光
28270,1434,2025-08-26,直播,曝光
28271,1379,2025-09-22,直播,曝光
28272,753,2025-07-27,短视频,曝光
28273,887,2025-09-09,图文,曝光
28274,180,2025-08-09,短视频,曝光
28275,956,2025-08-10,短视频,曝光
28276,1028,2025-07-26,短视频,点击
28277,1197,2025-09-30,直播,曝光
28278,1568,2025-08-10,短视频,点击
28279,1859,2025-09-23,图文,加购
28280,846,2025-09-29,直播,点击
28281,1766,2025-07-18,图文,点击
28282,1688,2025-08-12,短视频,曝光
28283,614,2025-07-07,短视频,加购
28284,581,2025-09-13,直播,加购
28285,1073,2025-08-02,图文,曝光
28286,991,2025-07-12,短视频,曝光
28287,745,2025-07-21,直播,曝光
28288,181,2025-09-11,图文,曝光
28289,1589,2025-07-09,短视频,曝光
28290,1052,2025-08-16,短视频,曝光
28291,353,2025-09-26,短视频,曝光
28292,1723,2025-08-03,直播,曝光
28293,1851,2025-07-18,短视频,点击
28294,305,2025-08-23,短视频,曝光
28295,1052,2025-08-28,直播,曝光
28296,1220,2025-08-02,短视频,曝光
28297,473,2025-09-05,直播,曝光
28298,629,2025-09-13,短视频,曝光
28299,772,2025-08-29,直播,曝光
28300,707,2025-09-11,短视频,曝光
28301,1352,2025-08-02,直播,分享
28302,18,2025-07-22,图文,曝光
28303,1301,2025-09-20,直播,曝光
28304,1066,2025-08-09,短视频,分享
28305,1518,2025-07-10,直播,点击
28306,1971,2025-07-13,图文,曝光
28307,864,2025-09-29,直播,曝光
28308,294,2025-07-01,短视频,曝光
28309,873,2025-09-18,短视频,曝光
28310,469,2025-07-28,短视频,曝光
28311,1018,2025-09-30,短视频,曝光
28312,453,2025-08-21,短视频,曝光
28313,22,2025-09-08,直播,加购
28314,1125,2025-09-08,图文,曝光
28315,644,2025-08-11,短视频,曝光
28316,380,2025-09-26,直播,曝光
28317,5,2025-09-05,短视频,曝光
28318,1904,2025-08-08,短视频,点击
28319,1678,2025-08-02,短视频,曝光
28320,1393,2025-07-01,图文,曝光
28321,743,2025-07-22,短视频,曝光
28322,1251,2025-08-29,直播,点击
28323,1075,2025-09-02,图文,曝光
28324,8,2025-07-20,直播,曝光
28325,1826,2025-08-12,短视频,点击
28326,942,2025-08-22,短视频,点击
28327,930,2025-07-19,短视频,曝光
28328,1619,2025-08-11,短视频,点击
28329,1425,2025-09-12,短视频,加购
28330,1014,2025-07-26,直播,曝光
28331,1703,2025-09-09,直播,曝光
28332,1477,2025-07-28,短视频,曝光
28333,1152,2025-07-09,短视频,曝光
28334,1365,2025-08-01,短视频,曝光
28335,328,2025-08-08,短视频,曝光
28336,1859,2025-07-17,直播,曝光
28337,1765,2025-09-05,短视频,曝光
28338,734,2025-09-03,直播,曝光
28339,80,2025-08-20,短视频,点击
28340,1651,2025-08-06,短视频,曝光
28341,1010,2025-07-06,图文,曝光
28342,521,2025-09-05,直播,曝光
28343,1994,2025-07-31,短视频,曝光
28344,1116,2025-08-23,短视频,曝光
28345,410,2025-07-30,图文,曝光
28346,1236,2025-07-21,短视频,曝光
28347,1523,2025-08-24,直播,曝光
28348,886,2025-07-30,直播,曝光
28349,1371,2025-08-09,图文,曝光
28350,205,2025-09-24,短视频,点击
28351,552,2025-07-24,直播,曝光
28352,869,2025-08-08,短视频,曝光
28353,229,2025-07-31,图文,曝光
28354,394,2025-07-11,短视频,曝光
28355,1079,2025-08-08,短视频,曝光
28356,975,2025-08-29,短视频,点击
28357,723,2025-07-31,短视频,曝光
28358,42,2025-08-01,短视频,曝光
28359,796,2025-08-31,直播,曝光
28360,967,2025-08-12,直播,曝光
28361,1973,2025-08-23,短视频,曝光
28362,755,2025-07-19,短视频,曝光
28363,1030,2025-08-12,短视频,曝光
28364,28,2025-07-02,短视频,点击
28365,360,2025-08-22,直播,曝光
28366,1246,2025-08-23,直播,曝光
28367,969,2025-07-16,直播,加购
28368,627,2025-08-09,短视频,曝光
28369,791,2025-09-02,直播,曝光
28370,1165,2025-08-07,直播,点击
28371,861,2025-09-27,短视频,加购
28372,1772,2025-09-23,短视频,加购
28373,438,2025-07-14,短视频,点击
28374,1729,2025-07-25,直播,曝光
28375,1847,2025-07-30,短视频,曝光
28376,1008,2025-08-23,直播,曝光
28377,347,2025-08-25,直播,曝光
28378,943,2025-09-15,直播,曝光
28379,1811,2025-08-03,短视频,曝光
28380,1067,2025-08-11,短视频,曝光
28381,1256,2025-08-15,短视频,曝光
28382,781,2025-09-08,短视频,曝光
28383,1164,2025-08-11,短视频,加购
28384,591,2025-08-21,直播,分享
28385,528,2025-07-09,直播,点击
28386,316,2025-08-02,图文,点击
28387,1398,2025-08-11,直播,曝光
28388,1831,2025-09-22,短视频,点击
28389,717,2025-07-11,直播,曝光
28390,124,2025-08-04,短视频,曝光
28391,807,2025-08-28,图文,曝光
28392,691,2025-08-12,短视频,点击
28393,1243,2025-07-28,直播,曝光
28394,333,2025-08-29,图文,曝光
28395,1568,2025-07-03,短视频,曝光
28396,122,2025-08-24,短视频,点击
28397,769,2025-09-19,直播,曝光
28398,346,2025-08-17,短视频,点击
28399,1746,2025-09-11,图文,曝光
28400,912,2025-09-02,短视频,曝光
28401,1822,2025-08-27,短视频,曝光
28402,1118,2025-09-02,图文,曝光
28403,1516,2025-09-28,短视频,曝光
28404,1789,2025-08-18,图文,加购
28405,1649,2025-07-26,直播,分享
28406,1368,2025-08-16,直播,曝光
28407,1588,2025-08-14,短视频,曝光
28408,1604,2025-07-16,图文,曝光
28409,1340,2025-09-26,短视频,曝光
28410,1107,2025-09-04,直播,曝光
28411,1020,2025-08-03,直播,曝光
28412,403,2025-09-30,短视频,曝光
28413,1152,2025-07-30,图文,分享
28414,1700,2025-07-27,短视频,曝光
28415,1704,2025-07-19,直播,点击
28416,950,2025-07-19,短视频,曝光
28417,972,2025-08-25,直播,点击
28418,1543,2025-09-25,短视频,曝光
28419,1961,2025-08-20,直播,曝光
28420,13,2025-08-07,直播,加购
28421,1402,2025-09-14,短视频,曝光
28422,892,2025-09-02,图文,曝光
28423,462,2025-07-14,图文,曝光
28424,678,2025-08-13,图文,分享
28425,1988,2025-08-28,图文,曝光
28426,595,2025-08-21,短视频,曝光
28427,1007,2025-07-02,图文,点击
28428,1350,2025-07-31,直播,分享
28429,529,2025-09-30,短视频,曝光
28430,1650,2025-09-09,直播,曝光
28431,145,2025-09-07,直播,曝光
28432,1728,2025-08-16,短视频,曝光
28433,1392,2025-08-21,短视频,曝光
28434,1602,2025-08-14,直播,加购
28435,185,2025-07-23,短视频,曝光
28436,1624,2025-08-21,短视频,点击
28437,562,2025-09-16,直播,点击
28438,1671,2025-09-25,直播,曝光
28439,702,2025-08-02,短视频,曝光
28440,1388,2025-09-14,直播,点击
28441,1987,2025-07-30,短视频,曝光
28442,1520,2025-07-06,直播,曝光
28443,163,2025-07-28,短视频,曝光
28444,443,2025-08-03,短视频,曝光
28445,257,2025-09-30,短视频,点击
28446,1915,2025-07-15,图文,曝光
28447,647,2025-08-10,短视频,曝光
28448,1007,2025-09-22,直播,曝光
28449,1155,2025-07-21,图文,曝光
28450,526,2025-07-23,短视频,加购
28451,739,2025-08-26,短视频,曝光
28452,910,2025-09-09,图文,曝光
28453,29,2025-07-25,短视频,曝光
28454,1647,2025-08-26,短视频,曝光
28455,1811,2025-08-28,短视频,曝光
28456,1385,2025-09-09,直播,曝光
28457,873,2025-08-23,短视频,加购
28458,306,2025-08-31,直播,曝光
28459,656,2025-08-03,短视频,曝光
28460,878,2025-07-27,直播,分享
28461,398,2025-08-08,图文,曝光
28462,1511,2025-08-15,图文,点击
28463,903,2025-08-20,直播,曝光
28464,1388,2025-07-16,短视频,曝光
28465,1031,2025-09-14,图文,曝光
28466,380,2025-07-22,短视频,曝光
28467,1305,2025-07-24,图文,点击
28468,1486,2025-07-12,短视频,曝光
28469,851,2025-07-25,短视频,曝光
28470,1350,2025-09-19,直播,曝光
28471,1967,2025-09-19,直播,点击
28472,489,2025-07-27,图文,分享
28473,1780,2025-07-23,短视频,曝光
28474,616,2025-07-13,短视频,点击
28475,87,2025-07-31,短视频,点击
28476,839,2025-07-23,直播,曝光
28477,1640,2025-07-08,直播,曝光
28478,1348,2025-07-25,短视频,点击
28479,665,2025-07-22,直播,曝光
28480,1903,2025-07-12,短视频,分享
28481,1969,2025-07-31,直播,曝光
28482,1990,2025-09-03,短视频,曝光
28483,1107,2025-09-30,短视频,点击
28484,1379,2025-08-31,图文,点击
28485,1061,2025-09-07,图文,曝光
28486,825,2025-08-24,直播,点击
28487,1051,2025-08-27,短视频,曝光
28488,137,2025-09-18,直播,曝光
28489,326,2025-09-21,直播,曝光
28490,1186,2025-07-05,短视频,曝光
28491,838,2025-08-16,短视频,曝光
28492,964,2025-08-25,短视频,点击
28493,1831,2025-09-29,直播,分享
28494,1342,2025-08-24,直播,曝光
28495,145,2025-07-24,直播,曝光
28496,1929,2025-09-04,直播,曝光
28497,1727,2025-09-28,直播,加购
28498,334,2025-07-30,短视频,加购
28499,1703,2025-07-29,短视频,曝光
28500,742,2025-08-09,短视频,点击
28501,745,2025-08-26,直播,点击
28502,1153,2025-08-01,短视频,曝光
28503,1812,2025-09-02,短视频,曝光
28504,702,2025-08-05,直播,曝光
28505,1152,2025-08-15,直播,曝光
28506,353,2025-08-28,短视频,曝光
28507,171,2025-07-22,图文,点击
28508,1198,2025-07-24,短视频,曝光
28509,471,2025-07-26,短视频,点击
28510,79,2025-09-18,短视频,点击
28511,17,2025-08-25,直播,点击
28512,755,2025-09-30,短视频,曝光
28513,498,2025-07-27,短视频,点击
28514,1946,2025-08-09,短视频,曝光
28515,957,2025-08-08,直播,曝光
28516,957,2025-09-30,短视频,曝光
28517,312,2025-08-30,短视频,分享
28518,204,2025-08-14,短视频,加购
28519,599,2025-08-21,短视频,曝光
28520,1669,2025-07-02,图文,曝光
28521,1242,2025-08-02,直播,曝光
28522,359,2025-09-22,短视频,分享
28523,74,2025-07-26,图文,分享
28524,502,2025-07-31,直播,曝光
28525,547,2025-08-07,短视频,曝光
28526,1925,2025-07-06,短视频,曝光
28527,342,2025-08-15,直播,点击
28528,1551,2025-07-17,图文,曝光
28529,773,2025-09-03,直播,分享
28530,644,2025-09-05,直播,曝光
28531,419,2025-08-09,短视频,曝光
28532,1295,2025-07-22,短视频,加购
28533,1382,2025-09-08,短视频,加购
28534,976,2025-09-06,短视频,点击
28535,1896,2025-07-30,图文,曝光
28536,1785,2025-09-15,图文,分享
28537,1578,2025-08-19,短视频,曝光
28538,1121,2025-09-22,短视频,曝光
28539,1042,2025-09-01,图文,曝光
28540,1322,2025-09-22,短视频,点击
28541,1166,2025-07-27,短视频,点击
28542,299,2025-07-17,短视频,曝光
28543,1309,2025-09-10,直播,曝光
28544,500,2025-08-21,图文,加购
28545,1480,2025-09-09,图文,曝光
28546,54,2025-09-20,短视频,加购
28547,99,2025-08-03,图文,分享
28548,1177,2025-07-23,短视频,曝光
28549,1571,2025-07-17,直播,点击
28550,1126,2025-09-30,图文,曝光
28551,340,2025-08-21,短视频,曝光
28552,616,2025-09-06,短视频,曝光
28553,888,2025-09-26,直播,曝光
28554,465,2025-09-24,图文,曝光
28555,1926,2025-09-30,直播,曝光
28556,907,2025-07-29,图文,曝光
28557,1784,2025-09-01,直播,点击
28558,208,2025-07-19,短视频,曝光
28559,932,2025-08-12,图文,曝光
28560,1706,2025-09-26,图文,点击
28561,561,2025-07-26,直播,曝光
28562,1664,2025-07-26,短视频,曝光
28563,1514,2025-08-22,短视频,曝光
28564,1193,2025-09-22,短视频,曝光
28565,89,2025-08-28,短视频,曝光
28566,1804,2025-07-16,短视频,加购
28567,955,2025-09-27,直播,曝光
28568,1227,2025-08-02,短视频,点击
28569,1378,2025-08-11,短视频,分享
28570,982,2025-08-27,图文,曝光
28571,319,2025-09-02,直播,加购
28572,1200,2025-09-22,短视频,点击
28573,1200,2025-07-21,短视频,曝光
28574,171,2025-08-12,短视频,点击
28575,399,2025-07-30,直播,曝光
28576,435,2025-08-25,图文,曝光
28577,725,2025-07-26,直播,分享
28578,1117,2025-07-31,短视频,曝光
28579,1226,2025-08-31,直播,点击
28580,225,2025-07-18,短视频,曝光
28581,1718,2025-08-10,图文,曝光
28582,1620,2025-09-07,直播,曝光
28583,185,2025-08-13,直播,点击
28584,341,2025-09-06,图文,曝光
28585,1681,2025-08-11,直播,曝光
28586,837,2025-09-18,直播,曝光
28587,887,2025-09-17,短视频,曝光
28588,970,2025-07-14,图文,点击
28589,1983,2025-09-20,短视频,曝光
28590,316,2025-07-06,短视频,点击
28591,1883,2025-09-23,短视频,点击
28592,485,2025-08-27,图文,曝光
28593,1798,2025-07-14,短视频,曝光
28594,969,2025-08-14,直播,曝光
28595,1518,2025-09-27,直播,曝光
28596,214,2025-08-27,图文,加购
28597,731,2025-08-18,图文,曝光
28598,375,2025-07-22,短视频,曝光
28599,1148,2025-08-03,短视频,曝光
28600,47,2025-09-14,图文,点击
28601,762,2025-09-17,短视频,曝光
28602,1013,2025-08-10,直播,曝光
28603,956,2025-08-21,直播,点击
28604,1645,2025-09-01,短视频,点击
28605,1214,2025-09-28,短视频,曝光
28606,1622,2025-07-18,短视频,加购
28607,1001,2025-07-07,短视频,曝光
28608,710,2025-07-05,短视频,曝光
28609,585,2025-08-19,短视频,分享
28610,1375,2025-08-02,图文,曝光
28611,1844,2025-07-10,直播,点击
28612,1980,2025-08-09,短视频,曝光
28613,465,2025-08-26,短视频,曝光
28614,847,2025-08-09,直播,曝光
28615,1243,2025-09-02,直播,点击
28616,1828,2025-07-23,直播,曝光
28617,620,2025-09-29,直播,曝光
28618,1558,2025-08-13,直播,曝光
28619,1682,2025-08-15,直播,加购
28620,354,2025-08-16,短视频,曝光
28621,628,2025-09-25,直播,加购
28622,889,2025-07-27,短视频,曝光
28623,1699,2025-08-15,短视频,曝光
28624,1862,2025-07-31,直播,曝光
28625,333,2025-08-24,图文,点击
28626,336,2025-08-21,短视频,点击
28627,769,2025-09-24,直播,曝光
28628,116,2025-07-05,直播,曝光
28629,1031,2025-09-07,图文,曝光
28630,535,2025-07-04,直播,点击
28631,774,2025-08-22,直播,加购
28632,10,2025-08-09,短视频,曝光
28633,463,2025-07-09,短视频,曝光
28634,255,2025-07-06,图文,曝光
28635,448,2025-09-11,短视频,点击
28636,853,2025-09-07,直播,曝光
28637,470,2025-08-24,短视频,曝光
28638,1529,2025-08-23,短视频,曝光
28639,904,2025-07-09,短视频,曝光
28640,428,2025-07-03,短视频,分享
28641,1249,2025-09-13,直播,加购
28642,1700,2025-07-31,短视频,曝光
28643,997,2025-09-11,直播,分享
28644,1976,2025-07-09,图文,曝光
28645,713,2025-08-31,直播,点击
28646,929,2025-09-22,短视频,加购
28647,849,2025-08-04,短视频,曝光
28648,1985,2025-07-29,短视频,点击
28649,1443,2025-09-07,直播,点击
28650,1156,2025-08-05,图文,加购
28651,731,2025-07-31,直播,曝光
28652,121,2025-09-11,短视频,曝光
28653,1805,2025-09-01,直播,曝光
28654,222,2025-07-20,直播,曝光
28655,1454,2025-08-11,图文,分享
28656,1026,2025-07-20,短视频,曝光
28657,1400,2025-08-15,短视频,曝光
28658,1844,2025-09-13,图文,曝光
28659,391,2025-08-29,短视频,加购
28660,197,2025-08-19,短视频,分享
28661,741,2025-07-29,图文,曝光
28662,1144,2025-07-24,图文,分享
28663,134,2025-08-27,短视频,曝光
28664,1623,2025-07-15,短视频,点击
28665,1212,2025-09-20,图文,加购
28666,1967,2025-09-11,短视频,曝光
28667,573,2025-09-09,短视频,曝光
28668,1817,2025-07-19,短视频,曝光
28669,768,2025-08-01,短视频,曝光
28670,213,2025-08-15,短视频,点击
28671,1679,2025-09-14,短视频,分享
28672,154,2025-07-18,短视频,曝光
28673,1425,2025-09-15,直播,曝光
28674,411,2025-08-04,短视频,曝光
28675,1341,2025-09-20,短视频,曝光
28676,560,2025-07-08,直播,曝光
28677,162,2025-09-07,短视频,曝光
28678,1732,2025-07-01,短视频,点击
28679,705,2025-07-31,短视频,曝光
28680,1291,2025-08-23,直播,点击
28681,80,2025-09-08,短视频,曝光
28682,1885,2025-08-22,直播,曝光
28683,1242,2025-08-02,直播,曝光
28684,838,2025-07-18,短视频,曝光
28685,1801,2025-08-02,图文,分享
28686,821,2025-07-19,图文,曝光
28687,659,2025-07-04,短视频,曝光
28688,560,2025-09-10,图文,曝光
28689,1306,2025-09-29,短视频,曝光
28690,876,2025-08-11,直播,曝光
28691,1139,2025-08-01,直播,点击
28692,1582,2025-08-25,直播,曝光
28693,1311,2025-07-01,图文,曝光
28694,1394,2025-07-26,图文,曝光
28695,1220,2025-08-11,短视频,曝光
28696,1580,2025-08-23,短视频,分享
28697,1445,2025-07-28,短视频,点击
28698,1662,2025-08-08,短视频,曝光
28699,1265,2025-07-22,直播,曝光
28700,9,2025-07-26,图文,点击
28701,1818,2025-07-31,图文,曝光
28702,475,2025-08-20,短视频,曝光
28703,1440,2025-09-22,短视频,曝光
28704,1309,2025-07-07,直播,曝光
28705,1322,2025-07-19,直播,曝光
28706,893,2025-07-12,短视频,曝光
28707,904,2025-07-16,直播,点击
28708,235,2025-08-10,图文,分享
28709,491,2025-09-26,短视频,曝光
28710,130,2025-07-29,直播,曝光
28711,1816,2025-09-04,短视频,点击
28712,1887,2025-09-13,短视频,点击
28713,215,2025-07-18,短视频,曝光
28714,1697,2025-07-19,图文,曝光
28715,1361,2025-09-03,直播,曝光
28716,639,2025-07-13,图文,曝光
28717,316,2025-09-14,图文,点击
28718,1279,2025-07-07,短视频,点击
28719,56,2025-08-23,直播,曝光
28720,294,2025-09-14,直播,加购
28721,211,2025-09-25,短视频,曝光
28722,270,2025-09-18,短视频,曝光
28723,14,2025-08-29,图文,曝光
28724,668,2025-09-21,直播,曝光
28725,1603,2025-08-17,图文,加购
28726,563,2025-09-20,直播,曝光
28727,496,2025-09-30,短视频,曝光
28728,1959,2025-09-19,短视频,曝光
28729,964,2025-09-01,短视频,曝光
28730,49,2025-09-28,短视频,曝光
28731,1177,2025-09-30,短视频,曝光
28732,1095,2025-08-06,短视频,曝光
28733,850,2025-07-28,图文,曝光
28734,1709,2025-08-30,直播,曝光
28735,1364,2025-08-14,短视频,曝光
28736,52,2025-07-04,直播,曝光
28737,747,2025-07-29,图文,曝光
28738,1108,2025-09-18,短视频,曝光
28739,1325,2025-09-21,直播,曝光
28740,760,2025-07-14,短视频,曝光
28741,890,2025-09-02,短视频,曝光
28742,432,2025-09-01,直播,曝光
28743,1201,2025-09-11,图文,曝光
28744,471,2025-07-31,短视频,点击
28745,978,2025-09-09,图文,曝光
28746,1629,2025-08-24,短视频,曝光
28747,1833,2025-07-16,短视频,点击
28748,929,2025-09-11,短视频,点击
28749,415,2025-09-28,短视频,曝光
28750,92,2025-08-16,短视频,曝光
28751,1690,2025-07-11,图文,曝光
28752,818,2025-09-26,短视频,曝光
28753,377,2025-07-15,短视频,曝光
28754,1634,2025-07-29,短视频,曝光
28755,964,2025-07-27,直播,曝光
28756,1379,2025-08-21,短视频,曝光
28757,128,2025-07-23,图文,曝光
28758,1910,2025-09-17,短视频,曝光
28759,630,2025-07-30,直播,曝光
28760,1547,2025-08-20,短视频,曝光
28761,594,2025-07-15,短视频,曝光
28762,342,2025-08-19,图文,点击
28763,822,2025-07-22,直播,曝光
28764,134,2025-08-05,直播,曝光
28765,1016,2025-08-16,短视频,曝光
28766,926,2025-09-10,短视频,加购
28767,155,2025-09-14,短视频,曝光
28768,890,2025-08-03,短视频,曝光
28769,1141,2025-08-01,短视频,加购
28770,1096,2025-07-23,短视频,点击
28771,144,2025-09-21,短视频,曝光
28772,1344,2025-07-12,图文,点击
28773,663,2025-07-09,直播,曝光
28774,509,2025-08-09,直播,分享
28775,1707,2025-08-06,短视频,点击
28776,1977,2025-07-27,短视频,曝光
28777,227,2025-08-10,短视频,点击
28778,990,2025-09-30,直播,曝光
28779,530,2025-07-25,图文,点击
28780,1430,2025-08-26,图文,曝光
28781,1216,2025-09-06,直播,曝光
28782,817,2025-09-30,直播,曝光
28783,1495,2025-09-17,直播,曝光
28784,1369,2025-09-02,短视频,曝光
28785,1856,2025-09-15,直播,曝光
28786,1967,2025-09-16,直播,曝光
28787,828,2025-09-11,短视频,点击
28788,308,2025-07-11,图文,曝光
28789,1846,2025-07-31,直播,点击
28790,872,2025-09-02,直播,加购
28791,1778,2025-09-20,直播,曝光
28792,1395,2025-07-11,直播,点击
28793,1048,2025-09-30,直播,曝光
28794,1714,2025-07-14,短视频,曝光
28795,1509,2025-07-19,直播,加购
28796,1275,2025-07-08,短视频,曝光
28797,1037,2025-08-29,直播,曝光
28798,463,2025-08-27,直播,曝光
28799,423,2025-09-19,图文,分享
28800,1291,2025-08-29,短视频,曝光
28801,770,2025-07-08,短视频,曝光
28802,1246,2025-07-27,短视频,点击
28803,1434,2025-08-01,短视频,曝光
28804,88,2025-09-21,直播,曝光
28805,173,2025-09-05,短视频,点击
28806,1214,2025-09-23,直播,加购
28807,1953,2025-09-14,直播,加购
28808,1066,2025-09-13,直播,点击
28809,1350,2025-08-10,图文,曝光
28810,579,2025-08-27,短视频,曝光
28811,433,2025-09-09,直播,曝光
28812,478,2025-08-24,图文,点击
28813,1882,2025-08-08,直播,曝光
28814,1536,2025-08-06,短视频,曝光
28815,713,2025-09-22,短视频,曝光
28816,130,2025-08-11,短视频,曝光
28817,1719,2025-08-06,短视频,曝光
28818,570,2025-07-13,短视频,曝光
28819,477,2025-08-23,直播,点击
28820,1403,2025-09-26,短视频,曝光
28821,246,2025-09-10,短视频,点击
28822,419,2025-08-24,直播,曝光
28823,1001,2025-08-01,直播,点击
28824,236,2025-08-04,短视频,分享
28825,1828,2025-08-11,直播,曝光
28826,1966,2025-07-19,直播,曝光
28827,1663,2025-09-07,短视频,曝光
28828,1132,2025-08-07,直播,曝光
28829,1091,2025-09-13,短视频,曝光
28830,538,2025-07-16,短视频,曝光
28831,300,2025-07-05,短视频,加购
28832,308,2025-09-12,直播,曝光
28833,300,2025-07-07,直播,点击
28834,15,2025-09-05,短视频,曝光
28835,1486,2025-07-29,短视频,曝光
28836,1500,2025-09-07,图文,点击
28837,1458,2025-09-09,图文,点击
28838,715,2025-09-01,短视频,曝光
28839,205,2025-08-07,直播,曝光
28840,390,2025-09-21,直播,曝光
28841,1641,2025-08-13,直播,点击
28842,1808,2025-07-17,直播,曝光
28843,115,2025-08-27,短视频,曝光
28844,1393,2025-08-18,图文,加购
28845,1794,2025-07-02,直播,点击
28846,1621,2025-08-26,直播,曝光
28847,497,2025-07-09,图文,曝光
28848,1312,2025-09-29,短视频,点击
28849,1638,2025-07-10,短视频,点击
28850,1834,2025-08-03,短视频,曝光
28851,1362,2025-08-05,直播,曝光
28852,689,2025-07-26,短视频,加购
28853,1338,2025-08-09,图文,曝光
28854,313,2025-07-06,短视频,曝光
28855,178,2025-09-26,短视频,曝光
28856,14,2025-09-28,直播,点击
28857,1099,2025-07-11,图文,曝光
28858,68,2025-07-24,图文,点击
28859,272,2025-08-12,短视频,点击
28860,1708,2025-07-11,图文,点击
28861,819,2025-07-28,短视频,点击
28862,1230,2025-09-21,直播,曝光
28863,882,2025-08-23,短视频,曝光
28864,92,2025-09-24,短视频,点击
28865,1188,2025-07-24,短视频,曝光
28866,214,2025-08-19,短视频,加购
28867,1344,2025-09-29,直播,点击
28868,1394,2025-07-25,短视频,曝光
28869,1429,2025-09-08,直播,点击
28870,770,2025-08-15,短视频,曝光
28871,958,2025-07-30,短视频,分享
28872,1549,2025-07-11,图文,曝光
28873,880,2025-09-26,图文,曝光
28874,1874,2025-07-13,直播,曝光
28875,1301,2025-07-12,直播,曝光
28876,1512,2025-08-14,短视频,曝光
28877,1332,2025-07-10,直播,曝光
28878,364,2025-09-16,图文,加购
28879,929,2025-09-07,直播,曝光
28880,1300,2025-07-14,短视频,曝光
28881,1035,2025-09-22,短视频,曝光
28882,1191,2025-08-29,直播,曝光
28883,1814,2025-09-02,短视频,分享
28884,1696,2025-07-31,短视频,曝光
28885,430,2025-09-16,图文,加购
28886,401,2025-07-06,直播,点击
28887,292,2025-09-29,直播,曝光
28888,1438,2025-07-24,短视频,加购
28889,991,2025-07-15,短视频,曝光
28890,1200,2025-07-07,图文,加购
28891,1735,2025-07-08,短视频,曝光
28892,956,2025-07-18,图文,加购
28893,1260,2025-08-18,短视频,加购
28894,583,2025-07-29,直播,曝光
28895,1660,2025-08-19,短视频,曝光
28896,53,2025-07-16,短视频,分享
28897,1155,2025-09-14,图文,曝光
28898,1612,2025-08-07,短视频,曝光
28899,1432,2025-08-22,短视频,曝光
28900,215,2025-07-01,短视频,曝光
28901,1707,2025-07-31,短视频,曝光
28902,755,2025-07-03,图文,点击
28903,1040,2025-08-01,短视频,分享
28904,993,2025-09-09,直播,曝光
28905,690,2025-08-12,直播,曝光
28906,660,2025-09-10,短视频,曝光
28907,1829,2025-07-08,短视频,点击
28908,1325,2025-08-05,图文,曝光
28909,1986,2025-07-01,直播,曝光
28910,657,2025-09-29,直播,曝光
28911,595,2025-09-27,图文,加购
28912,1033,2025-07-26,短视频,点击
28913,1221,2025-09-07,直播,加购
28914,191,2025-09-07,短视频,点击
28915,724,2025-08-04,图文,曝光
28916,869,2025-08-10,短视频,曝光
28917,171,2025-09-30,短视频,加购
28918,1167,2025-08-01,短视频,曝光
28919,242,2025-08-09,直播,曝光
28920,1724,2025-07-27,图文,加购
28921,1037,2025-08-07,短视频,曝光
28922,364,2025-07-22,图文,曝光
28923,1046,2025-07-03,短视频,曝光
28924,678,2025-08-30,直播,曝光
28925,880,2025-07-27,短视频,点击
28926,519,2025-07-03,短视频,加购
28927,849,2025-07-10,短视频,曝光
28928,306,2025-09-22,短视频,曝光
28929,583,2025-08-11,图文,分享
28930,772,2025-07-24,直播,曝光
28931,1560,2025-07-30,图文,点击
28932,1817,2025-08-14,短视频,加购
28933,1751,2025-07-29,短视频,曝光
28934,746,2025-08-05,短视频,曝光
28935,740,2025-08-08,图文,点击
28936,545,2025-09-26,短视频,曝光
28937,1024,2025-07-31,直播,曝光
28938,1917,2025-07-16,短视频,曝光
28939,493,2025-08-13,直播,点击
28940,1431,2025-08-03,直播,分享
28941,507,2025-08-28,短视频,曝光
28942,740,2025-08-30,图文,曝光
28943,1047,2025-08-12,短视频,曝光
28944,1499,2025-07-26,短视频,点击
28945,1682,2025-09-04,直播,点击
28946,1278,2025-08-20,图文,分享
28947,1212,2025-07-30,短视频,曝光
28948,1710,2025-07-03,短视频,曝光
28949,1250,2025-07-03,短视频,曝光
28950,223,2025-09-21,短视频,曝光
28951,105,2025-08-28,短视频,分享
28952,1080,2025-09-16,图文,曝光
28953,20,2025-08-08,图文,分享
28954,1405,2025-07-12,直播,曝光
28955,1556,2025-09-29,图文,曝光
28956,1996,2025-09-06,直播,曝光
28957,46,2025-08-31,短视频,曝光
28958,1204,2025-07-06,短视频,曝光
28959,1870,2025-07-06,直播,点击
28960,282,2025-09-23,直播,曝光
28961,1552,2025-09-17,短视频,曝光
28962,1944,2025-07-12,直播,曝光
28963,140,2025-08-21,直播,曝光
28964,918,2025-08-03,短视频,曝光
28965,145,2025-08-28,短视频,点击
28966,977,2025-09-17,短视频,曝光
28967,1709,2025-08-28,短视频,点击
28968,507,2025-07-20,短视频,曝光
28969,1586,2025-08-06,短视频,曝光
28970,1628,2025-09-24,短视频,曝光
28971,26,2025-07-06,短视频,曝光
28972,1059,2025-08-31,短视频,曝光
28973,502,2025-08-15,短视频,点击
28974,1948,2025-08-13,直播,曝光
28975,1393,2025-07-03,直播,曝光
28976,1039,2025-07-12,短视频,曝光
28977,1301,2025-08-11,短视频,加购
28978,362,2025-08-30,短视频,点击
28979,1009,2025-07-16,短视频,点击
28980,1541,2025-08-24,短视频,曝光
28981,1890,2025-09-21,短视频,加购
28982,296,2025-08-08,短视频,曝光
28983,1811,2025-09-04,直播,曝光
28984,567,2025-08-07,短视频,加购
28985,1730,2025-07-08,短视频,曝光
28986,1879,2025-08-24,直播,分享
28987,1590,2025-07-08,短视频,加购
28988,1953,2025-08-07,短视频,曝光
28989,1111,2025-07-28,图文,点击
28990,1554,2025-09-01,短视频,点击
28991,1816,2025-07-04,图文,曝光
28992,414,2025-08-10,短视频,曝光
28993,1426,2025-07-10,短视频,点击
28994,1484,2025-09-29,短视频,曝光
28995,985,2025-09-02,直播,点击
28996,1189,2025-08-20,图文,点击
28997,1311,2025-09-20,直播,加购
28998,894,2025-07-13,直播,点击
28999,1192,2025-08-29,直播,曝光
29000,893,2025-09-28,短视频,曝光
29001,941,2025-08-13,直播,分享
29002,907,2025-09-29,短视频,分享
29003,927,2025-09-17,图文,曝光
29004,645,2025-09-30,图文,曝光
29005,214,2025-07-14,短视频,曝光
29006,1077,2025-07-29,短视频,曝光
29007,847,2025-09-10,短视频,曝光
29008,74,2025-08-01,图文,点击
29009,1058,2025-09-05,短视频,曝光
29010,1697,2025-07-01,短视频,加购
29011,513,2025-08-27,直播,分享
29012,1795,2025-09-20,短视频,分享
29013,1082,2025-07-25,直播,点击
29014,782,2025-09-04,短视频,曝光
29015,1743,2025-07-10,图文,曝光
29016,1898,2025-07-26,图文,曝光
29017,1849,2025-07-17,直播,分享
29018,1553,2025-07-18,短视频,曝光
29019,1253,2025-08-14,短视频,点击
29020,1696,2025-09-20,短视频,曝光
29021,1717,2025-07-10,直播,分享
29022,1783,2025-08-02,直播,分享
29023,1661,2025-07-05,短视频,曝光
29024,681,2025-08-21,图文,曝光
29025,1935,2025-08-28,短视频,曝光
29026,1626,2025-07-15,图文,点击
29027,1733,2025-07-22,短视频,点击
29028,291,2025-07-17,短视频,曝光
29029,26,2025-07-07,直播,点击
29030,1955,2025-08-05,图文,点击
29031,1234,2025-07-28,图文,曝光
29032,1191,2025-07-24,直播,加购
29033,1404,2025-09-17,图文,曝光
29034,1389,2025-07-21,短视频,曝光
29035,83,2025-07-24,图文,曝光
29036,613,2025-08-07,短视频,曝光
29037,1082,2025-09-18,短视频,曝光
29038,64,2025-07-20,图文,曝光
29039,1772,2025-08-24,短视频,曝光
29040,327,2025-09-25,短视频,曝光
29041,860,2025-09-15,短视频,曝光
29042,285,2025-08-23,直播,曝光
29043,126,2025-09-06,短视频,曝光
29044,885,2025-07-05,直播,曝光
29045,1555,2025-09-03,直播,曝光
29046,586,2025-07-21,直播,曝光
29047,918,2025-07-27,图文,曝光
29048,1889,2025-08-11,直播,加购
29049,752,2025-09-13,短视频,加购
29050,1684,2025-08-09,短视频,曝光
29051,1975,2025-07-20,直播,曝光
29052,1080,2025-09-02,短视频,曝光
29053,1224,2025-08-24,短视频,曝光
29054,1705,2025-09-10,短视频,点击
29055,1360,2025-08-16,短视频,加购
29056,1171,2025-08-22,短视频,点击
29057,1768,2025-07-08,直播,曝光
29058,1841,2025-08-02,直播,曝光
29059,610,2025-07-04,短视频,曝光
29060,1491,2025-07-18,短视频,曝光
29061,521,2025-09-14,短视频,曝光
29062,1471,2025-07-04,图文,点击
29063,173,2025-07-27,图文,曝光
29064,550,2025-07-06,图文,曝光
29065,1586,2025-08-10,直播,点击
29066,1589,2025-08-07,直播,加购
29067,939,2025-09-07,直播,曝光
29068,1545,2025-07-01,短视频,曝光
29069,973,2025-07-13,图文,点击
29070,162,2025-08-01,短视频,曝光
29071,1625,2025-07-06,直播,曝光
29072,116,2025-07-01,直播,曝光
29073,1603,2025-08-23,直播,曝光
29074,1763,2025-09-18,短视频,点击
29075,5,2025-07-07,直播,点击
29076,1958,2025-07-20,直播,曝光
29077,1235,2025-09-20,短视频,点击
29078,1210,2025-08-31,图文,曝光
29079,649,2025-07-27,短视频,曝光
29080,342,2025-09-21,图文,曝光
29081,46,2025-08-21,图文,点击
29082,843,2025-09-20,图文,曝光
29083,1583,2025-08-12,短视频,曝光
29084,43,2025-09-14,短视频,点击
29085,447,2025-08-03,短视频,曝光
29086,1644,2025-08-28,短视频,曝光
29087,877,2025-07-22,图文,曝光
29088,207,2025-07-21,短视频,曝光
29089,1965,2025-07-10,短视频,曝光
29090,671,2025-08-09,直播,曝光
29091,354,2025-07-17,短视频,曝光
29092,1126,2025-08-07,直播,曝光
29093,171,2025-08-12,图文,曝光
29094,1397,2025-08-24,短视频,曝光
29095,1291,2025-07-10,短视频,点击
29096,1815,2025-08-05,短视频,点击
29097,588,2025-09-22,短视频,曝光
29098,844,2025-07-09,直播,曝光
29099,1339,2025-09-24,图文,曝光
29100,383,2025-07-04,直播,点击
29101,724,2025-09-27,短视频,曝光
29102,218,2025-08-07,直播,曝光
29103,1402,2025-09-02,短视频,点击
29104,1318,2025-09-19,短视频,曝光
29105,188,2025-09-09,图文,曝光
29106,258,2025-09-03,图文,曝光
29107,802,2025-07-07,直播,曝光
29108,1317,2025-07-29,直播,点击
29109,1580,2025-09-18,直播,曝光
29110,913,2025-09-25,直播,曝光
29111,1608,2025-07-27,直播,曝光
29112,834,2025-08-30,短视频,曝光
29113,1186,2025-08-11,短视频,加购
29114,522,2025-09-16,短视频,曝光
29115,1283,2025-09-19,直播,曝光
29116,1804,2025-09-14,短视频,点击
29117,573,2025-09-09,短视频,曝光
29118,1433,2025-08-27,直播,曝光
29119,909,2025-09-30,直播,曝光
29120,1050,2025-09-25,直播,点击
29121,1157,2025-08-06,直播,曝光
29122,848,2025-08-11,短视频,曝光
29123,1333,2025-08-05,图文,曝光
29124,721,2025-09-11,直播,曝光
29125,328,2025-09-20,短视频,曝光
29126,799,2025-07-19,短视频,曝光
29127,883,2025-08-15,直播,曝光
29128,1708,2025-09-25,短视频,曝光
29129,1283,2025-07-21,短视频,曝光
29130,843,2025-09-06,直播,曝光
29131,1706,2025-09-14,短视频,点击
29132,9,2025-07-25,直播,曝光
29133,1375,2025-07-21,短视频,点击
29134,1847,2025-08-24,短视频,曝光
29135,1390,2025-09-14,短视频,曝光
29136,1186,2025-07-03,图文,分享
29137,1063,2025-09-28,短视频,曝光
29138,332,2025-08-18,短视频,曝光
29139,308,2025-07-11,图文,加购
29140,254,2025-09-09,图文,曝光
29141,1870,2025-08-17,短视频,曝光
29142,754,2025-08-03,图文,曝光
29143,1931,2025-07-31,短视频,曝光
29144,1225,2025-09-07,直播,曝光
29145,1507,2025-08-08,短视频,曝光
29146,1879,2025-09-06,短视频,加购
29147,1026,2025-09-14,直播,曝光
29148,109,2025-09-24,短视频,点击
29149,1647,2025-09-22,短视频,曝光
29150,706,2025-09-27,短视频,曝光
29151,308,2025-08-31,直播,曝光
29152,515,2025-07-20,短视频,曝光
29153,1984,2025-07-03,短视频,曝光
29154,843,2025-07-30,短视频,点击
29155,1154,2025-08-15,短视频,点击
29156,1585,2025-07-21,短视频,曝光
29157,1159,2025-09-10,直播,曝光
29158,318,2025-08-05,短视频,曝光
29159,170,2025-09-24,短视频,曝光
29160,1870,2025-07-04,短视频,曝光
29161,402,2025-07-12,图文,曝光
29162,513,2025-08-14,短视频,分享
29163,82,2025-07-27,短视频,点击
29164,1506,2025-09-20,直播,点击
29165,1014,2025-08-16,图文,曝光
29166,1279,2025-09-05,短视频,曝光
29167,370,2025-09-03,直播,曝光
29168,1096,2025-08-21,短视频,曝光
29169,1103,2025-08-30,直播,曝光
29170,1688,2025-07-23,短视频,曝光
29171,1427,2025-08-07,短视频,曝光
29172,1215,2025-07-23,短视频,曝光
29173,1341,2025-09-20,短视频,曝光
29174,1565,2025-07-08,短视频,曝光
29175,445,2025-09-18,短视频,曝光
29176,1179,2025-07-08,图文,点击
29177,1885,2025-08-10,直播,曝光
29178,1441,2025-09-09,直播,分享
29179,1673,2025-08-12,图文,曝光
29180,95,2025-09-25,短视频,曝光
29181,1678,2025-09-18,短视频,曝光
29182,1291,2025-09-16,短视频,点击
29183,363,2025-09-04,直播,分享
29184,1778,2025-09-25,图文,曝光
29185,1756,2025-08-01,短视频,曝光
29186,1301,2025-07-08,短视频,曝光
29187,1924,2025-08-18,图文,曝光
29188,1637,2025-08-02,短视频,点击
29189,841,2025-07-07,短视频,曝光
29190,1982,2025-07-22,短视频,点击
29191,951,2025-07-06,直播,点击
29192,313,2025-07-09,图文,加购
29193,233,2025-09-12,直播,曝光
29194,1379,2025-07-22,图文,曝光
29195,283,2025-08-19,短视频,分享
29196,1795,2025-08-28,短视频,曝光
29197,1859,2025-07-28,直播,曝光
29198,58,2025-08-14,图文,曝光
29199,337,2025-08-12,图文,曝光
29200,348,2025-09-22,短视频,曝光
29201,1412,2025-09-27,图文,点击
29202,500,2025-07-13,直播,曝光
29203,1342,2025-09-04,短视频,曝光
29204,1761,2025-09-01,短视频,曝光
29205,1320,2025-09-26,图文,曝光
29206,1955,2025-08-24,图文,曝光
29207,974,2025-08-10,直播,点击
29208,1828,2025-09-07,直播,点击
29209,1552,2025-09-02,直播,点击
29210,949,2025-08-13,直播,曝光
29211,570,2025-09-04,短视频,点击
29212,1336,2025-07-04,短视频,曝光
29213,1553,2025-09-25,直播,加购
29214,208,2025-08-06,短视频,加购
29215,632,2025-07-28,直播,点击
29216,1959,2025-07-20,图文,点击
29217,271,2025-07-12,短视频,曝光
29218,1889,2025-07-29,直播,点击
29219,264,2025-07-02,图文,曝光
29220,1193,2025-07-21,直播,点击
29221,627,2025-09-03,短视频,加购
29222,287,2025-08-28,直播,曝光
29223,446,2025-08-15,直播,曝光
29224,1895,2025-09-23,短视频,曝光
29225,550,2025-09-09,直播,曝光
29226,1792,2025-07-14,直播,曝光
29227,1272,2025-08-21,图文,曝光
29228,1982,2025-08-05,直播,曝光
29229,926,2025-08-13,直播,加购
29230,1016,2025-07-27,直播,曝光
29231,162,2025-09-29,短视频,曝光
29232,697,2025-07-11,直播,曝光
29233,1189,2025-07-10,短视频,曝光
29234,755,2025-08-06,短视频,曝光
29235,345,2025-09-18,短视频,曝光
29236,995,2025-09-12,短视频,点击
29237,1955,2025-08-02,图文,曝光
29238,1825,2025-07-26,短视频,加购
29239,735,2025-07-30,图文,曝光
29240,258,2025-07-24,图文,曝光
29241,28,2025-08-24,图文,点击
29242,1298,2025-09-24,短视频,曝光
29243,1377,2025-08-25,短视频,曝光
29244,1831,2025-08-29,短视频,曝光
29245,1160,2025-08-01,图文,曝光
29246,548,2025-07-27,短视频,曝光
29247,51,2025-07-10,短视频,曝光
29248,1051,2025-07-03,直播,曝光
29249,576,2025-08-10,短视频,加购
29250,1589,2025-09-30,短视频,曝光
29251,1289,2025-09-09,短视频,分享
29252,1030,2025-09-28,图文,曝光
29253,1485,2025-07-27,短视频,曝光
29254,1055,2025-08-31,短视频,点击
29255,1297,2025-08-25,图文,曝光
29256,1534,2025-07-12,图文,曝光
29257,141,2025-07-03,直播,分享
29258,330,2025-09-05,直播,点击
29259,960,2025-07-24,短视频,点击
29260,1430,2025-08-11,短视频,曝光
29261,836,2025-09-12,直播,点击
29262,1828,2025-07-05,短视频,曝光
29263,1957,2025-07-16,直播,加购
29264,204,2025-07-13,直播,曝光
29265,1328,2025-08-25,图文,加购
29266,121,2025-07-04,短视频,曝光
29267,1567,2025-09-01,短视频,曝光
29268,175,2025-07-11,短视频,点击
29269,204,2025-08-20,图文,点击
29270,1471,2025-08-21,直播,曝光
29271,793,2025-09-10,直播,曝光
29272,783,2025-09-06,直播,曝光
29273,862,2025-08-10,短视频,点击
29274,929,2025-09-29,直播,曝光
29275,1343,2025-07-23,直播,曝光
29276,1457,2025-09-29,图文,曝光
29277,1908,2025-09-29,短视频,曝光
29278,1047,2025-09-13,直播,曝光
29279,1690,2025-08-19,短视频,分享
29280,1201,2025-07-05,短视频,曝光
29281,137,2025-08-11,直播,曝光
29282,1702,2025-08-11,短视频,曝光
29283,879,2025-08-06,短视频,曝光
29284,903,2025-07-05,短视频,曝光
29285,1675,2025-09-23,图文,曝光
29286,1750,2025-08-28,直播,曝光
29287,1992,2025-07-05,短视频,曝光
29288,1047,2025-07-15,短视频,曝光
29289,888,2025-09-13,短视频,曝光
29290,804,2025-08-30,短视频,分享
29291,675,2025-07-16,短视频,点击
29292,523,2025-07-24,短视频,曝光
29293,637,2025-07-12,图文,曝光
29294,1461,2025-08-29,直播,分享
29295,596,2025-07-07,短视频,曝光
29296,1244,2025-09-06,短视频,加购
29297,488,2025-08-05,图文,曝光
29298,1617,2025-07-27,短视频,曝光
29299,842,2025-08-05,直播,加购
29300,1094,2025-09-30,直播,点击
29301,1945,2025-08-09,图文,曝光
29302,1734,2025-07-22,图文,曝光
29303,667,2025-09-28,直播,曝光
29304,575,2025-07-09,直播,曝光
29305,1096,2025-07-26,短视频,曝光
29306,1462,2025-08-23,短视频,点击
29307,1936,2025-08-22,直播,点击
29308,787,2025-08-07,短视频,曝光
29309,1160,2025-08-01,短视频,曝光
29310,228,2025-09-15,直播,曝光
29311,1462,2025-07-06,直播,曝光
29312,1057,2025-08-17,直播,分享
29313,1297,2025-09-01,直播,曝光
29314,463,2025-07-24,图文,曝光
29315,859,2025-09-11,图文,曝光
29316,124,2025-08-18,短视频,曝光
29317,712,2025-08-09,直播,分享
29318,727,2025-09-18,短视频,加购
29319,913,2025-07-10,短视频,曝光
29320,1956,2025-07-22,直播,点击
29321,1234,2025-09-13,短视频,点击
29322,1789,2025-07-12,短视频,分享
29323,402,2025-07-03,直播,曝光
29324,1960,2025-09-19,图文,曝光
29325,1209,2025-07-01,短视频,曝光
29326,58,2025-09-18,直播,点击
29327,1727,2025-09-12,直播,曝光
29328,306,2025-09-17,短视频,点击
29329,1611,2025-07-05,直播,点击
29330,471,2025-07-26,图文,曝光
29331,1355,2025-07-18,直播,曝光
29332,1474,2025-09-12,直播,曝光
29333,239,2025-07-25,短视频,点击
29334,1957,2025-07-24,图文,点击
29335,1774,2025-08-23,短视频,曝光
29336,813,2025-08-27,直播,曝光
29337,498,2025-08-15,图文,曝光
29338,1168,2025-07-12,直播,曝光
29339,1584,2025-08-08,短视频,曝光
29340,177,2025-08-08,直播,点击
29341,306,2025-08-17,图文,曝光
29342,1259,2025-09-22,短视频,加购
29343,575,2025-08-03,短视频,曝光
29344,1801,2025-07-02,短视频,曝光
29345,1084,2025-07-10,直播,分享
29346,1319,2025-07-15,短视频,曝光
29347,700,2025-09-18,短视频,点击
29348,1307,2025-08-28,图文,曝光
29349,515,2025-07-28,直播,点击
29350,975,2025-09-12,直播,曝光
29351,46,2025-09-28,短视频,曝光
29352,900,2025-08-10,短视频,点击
29353,1532,2025-09-11,短视频,曝光
29354,740,2025-09-09,短视频,曝光
29355,117,2025-07-25,短视频,曝光
29356,1641,2025-09-28,短视频,点击
29357,580,2025-09-25,短视频,分享
29358,1290,2025-09-02,短视频,加购
29359,1436,2025-09-28,图文,加购
29360,600,2025-08-10,图文,加购
29361,589,2025-09-03,短视频,曝光
29362,1036,2025-08-27,图文,曝光
29363,931,2025-08-25,图文,点击
29364,232,2025-07-29,短视频,加购
29365,165,2025-08-02,直播,加购
29366,92,2025-07-09,图文,曝光
29367,632,2025-08-15,直播,点击
29368,273,2025-07-14,短视频,加购
29369,1515,2025-08-16,直播,曝光
29370,1736,2025-08-10,短视频,分享
29371,1593,2025-07-13,短视频,曝光
29372,515,2025-07-27,直播,曝光
29373,668,2025-09-20,短视频,分享
29374,1927,2025-07-05,短视频,曝光
29375,267,2025-07-20,短视频,曝光
29376,677,2025-08-04,图文,曝光
29377,889,2025-09-06,短视频,曝光
29378,820,2025-09-17,图文,点击
29379,1882,2025-09-10,图文,点击
29380,1625,2025-07-08,直播,点击
29381,1966,2025-08-04,短视频,曝光
29382,448,2025-09-21,直播,曝光
29383,136,2025-09-06,直播,分享
29384,1819,2025-07-15,直播,曝光
29385,277,2025-08-07,直播,点击
29386,1307,2025-08-12,短视频,曝光
29387,1782,2025-07-20,图文,曝光
29388,125,2025-09-20,直播,曝光
29389,1242,2025-09-07,直播,曝光
29390,1914,2025-07-08,直播,分享
29391,1921,2025-07-21,短视频,加购
29392,575,2025-08-23,直播,曝光
29393,516,2025-09-05,短视频,曝光
29394,464,2025-09-08,短视频,曝光
29395,1195,2025-09-25,短视频,曝光
29396,1797,2025-08-23,图文,曝光
29397,1825,2025-07-18,图文,曝光
29398,651,2025-07-04,图文,曝光
29399,1033,2025-07-07,直播,点击
29400,1446,2025-08-20,直播,曝光
29401,1352,2025-08-28,短视频,曝光
29402,69,2025-07-14,短视频,曝光
29403,1773,2025-08-06,直播,曝光
29404,1843,2025-08-07,图文,曝光
29405,1274,2025-08-01,直播,曝光
29406,819,2025-07-21,图文,点击
29407,1584,2025-07-29,短视频,曝光
29408,358,2025-09-08,短视频,曝光
29409,444,2025-09-01,图文,曝光
29410,1963,2025-09-13,直播,曝光
29411,700,2025-09-21,短视频,曝光
29412,1484,2025-07-20,短视频,曝光
29413,803,2025-08-04,短视频,曝光
29414,1587,2025-08-28,短视频,点击
29415,1608,2025-08-21,图文,曝光
29416,1002,2025-09-13,短视频,点击
29417,761,2025-09-24,短视频,点击
29418,1377,2025-08-10,直播,曝光
29419,409,2025-08-28,图文,曝光
29420,582,2025-09-23,短视频,加购
29421,99,2025-08-19,短视频,曝光
29422,1037,2025-07-21,短视频,曝光
29423,1286,2025-09-12,短视频,曝光
29424,762,2025-07-12,短视频,点击
29425,1499,2025-09-02,短视频,加购
29426,851,2025-07-15,短视频,加购
29427,418,2025-07-25,图文,曝光
29428,9,2025-09-22,直播,加购
29429,1704,2025-07-21,图文,加购
29430,1622,2025-08-27,直播,曝光
29431,900,2025-08-15,图文,点击
29432,436,2025-07-11,短视频,曝光
29433,1183,2025-08-25,图文,曝光
29434,948,2025-08-05,图文,曝光
29435,705,2025-09-27,直播,加购
29436,1318,2025-07-29,图文,曝光
29437,458,2025-08-25,图文,曝光
29438,69,2025-09-19,直播,曝光
29439,331,2025-08-13,短视频,曝光
29440,685,2025-08-02,直播,曝光
29441,1656,2025-08-05,短视频,点击
29442,528,2025-07-08,图文,曝光
29443,1923,2025-09-08,图文,曝光
29444,266,2025-07-02,短视频,曝光
29445,1998,2025-09-11,直播,曝光
29446,1627,2025-08-22,图文,曝光
29447,137,2025-07-01,短视频,曝光
29448,1084,2025-07-14,直播,分享
29449,1362,2025-07-09,短视频,加购
29450,913,2025-09-30,直播,曝光
29451,1963,2025-07-08,图文,曝光
29452,265,2025-09-22,短视频,加购
29453,1079,2025-07-03,短视频,曝光
29454,1029,2025-08-17,直播,曝光
29455,1220,2025-08-22,短视频,曝光
29456,535,2025-09-03,图文,点击
29457,974,2025-08-11,图文,加购
29458,254,2025-07-19,直播,曝光
29459,247,2025-07-25,直播,分享
29460,1054,2025-07-02,图文,曝光
29461,1470,2025-09-15,短视频,曝光
29462,1364,2025-07-03,短视频,曝光
29463,1914,2025-08-26,直播,曝光
29464,114,2025-08-22,直播,曝光
29465,868,2025-07-28,短视频,曝光
29466,113,2025-07-16,短视频,曝光
29467,721,2025-08-24,短视频,曝光
29468,1478,2025-09-04,短视频,曝光
29469,1190,2025-08-13,短视频,曝光
29470,414,2025-09-03,图文,曝光
29471,140,2025-08-26,直播,曝光
29472,308,2025-09-27,直播,点击
29473,845,2025-07-26,短视频,曝光
29474,1925,2025-09-10,图文,曝光
29475,781,2025-08-05,短视频,点击
29476,360,2025-08-21,直播,曝光
29477,532,2025-08-14,短视频,点击
29478,1370,2025-08-01,直播,点击
29479,556,2025-09-01,短视频,曝光
29480,1630,2025-09-27,短视频,曝光
29481,77,2025-08-10,图文,加购
29482,658,2025-07-18,短视频,点击
29483,507,2025-08-11,短视频,曝光
29484,927,2025-07-19,短视频,曝光
29485,793,2025-08-17,短视频,曝光
29486,1109,2025-08-28,短视频,曝光
29487,658,2025-08-13,图文,曝光
29488,402,2025-09-29,短视频,点击
29489,1289,2025-07-23,直播,曝光
29490,593,2025-07-08,图文,加购
29491,1753,2025-09-03,短视频,曝光
29492,1927,2025-09-30,短视频,加购
29493,463,2025-07-05,短视频,分享
29494,548,2025-08-06,短视频,曝光
29495,1906,2025-08-21,短视频,曝光
29496,1625,2025-08-28,直播,曝光
29497,896,2025-09-19,短视频,点击
29498,1071,2025-09-01,短视频,曝光
29499,485,2025-09-22,短视频,曝光
29500,1292,2025-08-21,短视频,曝光
29501,1876,2025-07-20,短视频,曝光
29502,915,2025-09-23,短视频,曝光
29503,869,2025-08-05,短视频,曝光
29504,1177,2025-07-30,直播,曝光
29505,1643,2025-09-01,短视频,曝光
29506,1081,2025-09-06,短视频,曝光
29507,885,2025-09-03,短视频,曝光
29508,964,2025-08-19,图文,曝光
29509,27,2025-09-03,直播,曝光
29510,1606,2025-09-09,短视频,分享
29511,714,2025-07-20,图文,曝光
29512,1761,2025-09-18,图文,曝光
29513,742,2025-08-20,直播,点击
29514,512,2025-08-05,直播,曝光
29515,1770,2025-08-03,直播,曝光
29516,272,2025-07-01,图文,点击
29517,1556,2025-08-13,短视频,加购
29518,1623,2025-09-11,直播,曝光
29519,444,2025-09-25,图文,曝光
29520,424,2025-07-13,图文,分享
29521,666,2025-09-04,短视频,曝光
29522,1733,2025-07-26,直播,曝光
29523,689,2025-07-10,短视频,点击
29524,206,2025-08-22,图文,点击
29525,811,2025-07-04,直播,曝光
29526,183,2025-07-18,直播,曝光
29527,1066,2025-07-24,直播,点击
29528,364,2025-09-17,直播,曝光
29529,558,2025-07-15,短视频,曝光
29530,24,2025-07-27,短视频,点击
29531,42,2025-09-28,直播,曝光
29532,1496,2025-07-31,图文,点击
29533,1847,2025-07-26,短视频,点击
29534,795,2025-09-05,短视频,点击
29535,37,2025-07-05,短视频,曝光
29536,1891,2025-07-11,直播,曝光
29537,819,2025-08-04,短视频,曝光
29538,731,2025-08-30,图文,点击
29539,1586,2025-07-02,短视频,点击
29540,1406,2025-07-03,短视频,曝光
29541,1476,2025-07-04,图文,曝光
29542,1367,2025-09-02,短视频,加购
29543,38,2025-09-05,短视频,加购
29544,650,2025-08-06,直播,曝光
29545,1354,2025-07-12,短视频,曝光
29546,1786,2025-09-09,短视频,曝光
29547,1266,2025-09-04,短视频,曝光
29548,796,2025-07-05,短视频,曝光
29549,1786,2025-09-06,短视频,曝光
29550,1103,2025-09-22,图文,曝光
29551,264,2025-08-31,短视频,曝光
29552,797,2025-08-01,图文,点击
29553,1693,2025-07-21,直播,分享
29554,871,2025-08-05,图文,曝光
29555,1103,2025-08-01,直播,加购
29556,110,2025-07-16,图文,点击
29557,1317,2025-09-26,图文,曝光
29558,621,2025-07-12,短视频,曝光
29559,187,2025-07-27,图文,点击
29560,1897,2025-07-06,图文,曝光
29561,819,2025-08-23,图文,点击
29562,1663,2025-07-10,直播,点击
29563,1403,2025-09-08,图文,点击
29564,1761,2025-08-21,直播,曝光
29565,866,2025-08-16,短视频,点击
29566,1426,2025-09-06,短视频,曝光
29567,1875,2025-09-23,直播,曝光
29568,1307,2025-07-10,短视频,曝光
29569,1325,2025-09-01,短视频,点击
29570,1798,2025-07-12,短视频,曝光
29571,709,2025-07-10,短视频,曝光
29572,1076,2025-07-09,直播,曝光
29573,1461,2025-07-25,短视频,曝光
29574,1832,2025-08-14,直播,曝光
29575,1595,2025-07-19,短视频,点击
29576,831,2025-07-21,短视频,分享
29577,1575,2025-09-26,图文,加购
29578,1196,2025-07-14,图文,曝光
29579,912,2025-07-09,直播,曝光
29580,944,2025-08-08,短视频,曝光
29581,1519,2025-09-01,短视频,曝光
29582,39,2025-08-24,短视频,曝光
29583,1900,2025-08-29,直播,曝光
29584,398,2025-07-17,直播,点击
29585,1390,2025-08-07,图文,曝光
29586,1856,2025-09-10,直播,曝光
29587,418,2025-08-01,图文,曝光
29588,1197,2025-08-24,直播,曝光
29589,1074,2025-07-13,短视频,加购
29590,94,2025-09-08,短视频,曝光
29591,1293,2025-09-28,短视频,曝光
29592,1935,2025-07-31,短视频,曝光
29593,1786,2025-07-08,短视频,曝光
29594,1857,2025-08-06,直播,曝光
29595,977,2025-09-17,短视频,曝光
29596,1424,2025-09-29,直播,曝光
29597,475,2025-08-19,图文,点击
29598,567,2025-08-25,短视频,曝光
29599,1863,2025-08-30,直播,分享
29600,590,2025-07-14,直播,点击
29601,1446,2025-07-19,图文,曝光
29602,1731,2025-09-04,图文,曝光
29603,1259,2025-08-10,图文,曝光
29604,122,2025-09-07,短视频,曝光
29605,1902,2025-08-06,图文,曝光
29606,475,2025-09-27,图文,曝光
29607,1983,2025-09-09,直播,分享
29608,333,2025-08-20,直播,曝光
29609,692,2025-09-14,短视频,加购
29610,1433,2025-08-24,图文,点击
29611,107,2025-07-22,短视频,点击
29612,764,2025-07-29,直播,点击
29613,1803,2025-07-17,直播,曝光
29614,1832,2025-08-21,图文,曝光
29615,1085,2025-08-29,直播,曝光
29616,1606,2025-07-04,直播,点击
29617,1588,2025-08-10,短视频,点击
29618,1970,2025-09-14,图文,分享
29619,866,2025-09-09,短视频,曝光
29620,598,2025-09-02,图文,曝光
29621,1755,2025-07-28,短视频,曝光
29622,950,2025-09-01,短视频,曝光
29623,1199,2025-07-23,短视频,曝光
29624,1320,2025-09-01,直播,曝光
29625,1603,2025-09-14,直播,加购
29626,1950,2025-07-21,短视频,曝光
29627,738,2025-09-06,短视频,曝光
29628,690,2025-07-05,直播,曝光
29629,1760,2025-08-29,短视频,曝光
29630,654,2025-08-18,图文,点击
29631,1300,2025-09-26,图文,曝光
29632,1254,2025-08-19,短视频,曝光
29633,878,2025-07-03,直播,分享
29634,1331,2025-09-17,短视频,曝光
29635,1441,2025-07-25,短视频,曝光
29636,378,2025-09-01,短视频,曝光
29637,374,2025-09-10,直播,曝光
29638,909,2025-07-31,短视频,曝光
29639,1723,2025-07-04,短视频,点击
29640,755,2025-08-17,直播,点击
29641,937,2025-08-07,短视频,点击
29642,843,2025-08-18,短视频,点击
29643,1581,2025-09-22,图文,曝光
29644,281,2025-09-03,图文,曝光
29645,1208,2025-07-21,直播,曝光
29646,1297,2025-09-08,短视频,曝光
29647,411,2025-07-27,直播,加购
29648,376,2025-08-26,短视频,加购
29649,1413,2025-07-24,短视频,分享
29650,51,2025-09-17,直播,曝光
29651,430,2025-08-14,直播,分享
29652,992,2025-07-30,直播,曝光
29653,7,2025-09-29,直播,曝光
29654,78,2025-09-14,图文,曝光
29655,1261,2025-07-18,短视频,曝光
29656,1333,2025-07-04,短视频,曝光
29657,1910,2025-09-17,短视频,曝光
29658,1189,2025-09-15,短视频,点击
29659,229,2025-07-24,短视频,曝光
29660,1134,2025-07-29,短视频,点击
29661,50,2025-08-31,短视频,点击
29662,191,2025-09-02,直播,曝光
29663,434,2025-08-12,短视频,曝光
29664,248,2025-09-04,图文,曝光
29665,1948,2025-07-28,图文,点击
29666,1331,2025-08-04,图文,曝光
29667,1171,2025-08-14,直播,曝光
29668,65,2025-07-22,直播,曝光
29669,280,2025-09-13,直播,曝光
29670,232,2025-09-08,短视频,曝光
29671,1246,2025-08-17,短视频,曝光
29672,1528,2025-07-29,短视频,曝光
29673,1222,2025-08-16,图文,点击
29674,334,2025-07-30,短视频,分享
29675,524,2025-07-22,图文,曝光
29676,992,2025-08-29,直播,曝光
29677,883,2025-07-19,图文,曝光
29678,198,2025-09-02,直播,点击
29679,860,2025-09-01,短视频,曝光
29680,471,2025-07-01,短视频,曝光
29681,391,2025-07-17,短视频,曝光
29682,1759,2025-08-16,短视频,曝光
29683,248,2025-07-03,直播,点击
29684,1507,2025-09-14,短视频,分享
29685,105,2025-08-22,短视频,点击
29686,378,2025-08-07,短视频,曝光
29687,1771,2025-08-08,短视频,点击
29688,430,2025-08-02,短视频,曝光
29689,119,2025-08-30,图文,曝光
29690,948,2025-08-27,短视频,分享
29691,490,2025-07-05,短视频,曝光
29692,1265,2025-07-18,短视频,曝光
29693,1111,2025-09-15,直播,曝光
29694,1165,2025-09-24,直播,分享
29695,81,2025-09-16,短视频,曝光
29696,570,2025-07-22,短视频,点击
29697,79,2025-09-17,直播,曝光
29698,1894,2025-09-02,短视频,曝光
29699,188,2025-07-20,直播,曝光
29700,1671,2025-09-01,短视频,曝光
29701,1747,2025-09-09,短视频,曝光
29702,1304,2025-09-04,图文,曝光
29703,1618,2025-09-26,直播,点击
29704,1816,2025-09-16,短视频,曝光
29705,1798,2025-09-04,短视频,曝光
29706,589,2025-08-18,直播,曝光
29707,1531,2025-08-26,短视频,曝光
29708,600,2025-09-22,短视频,曝光
29709,259,2025-08-06,直播,曝光
29710,619,2025-08-26,直播,分享
29711,1888,2025-08-02,短视频,点击
29712,321,2025-09-27,直播,点击
29713,1166,2025-09-21,直播,曝光
29714,280,2025-07-09,直播,曝光
29715,945,2025-07-15,直播,曝光
29716,1819,2025-09-16,短视频,曝光
29717,1902,2025-08-26,短视频,点击
29718,1716,2025-08-27,图文,点击
29719,1671,2025-07-16,图文,点击
29720,1098,2025-09-20,图文,点击
29721,71,2025-09-09,图文,分享
29722,1322,2025-08-02,图文,曝光
29723,897,2025-09-20,短视频,曝光
29724,478,2025-08-30,短视频,点击
29725,1409,2025-09-18,图文,曝光
29726,46,2025-08-17,直播,曝光
29727,307,2025-08-06,短视频,曝光
29728,884,2025-09-08,短视频,曝光
29729,366,2025-07-07,直播,曝光
29730,1340,2025-08-30,直播,曝光
29731,1599,2025-09-25,短视频,加购
29732,1360,2025-09-21,直播,点击
29733,256,2025-07-28,直播,分享
29734,1209,2025-08-09,短视频,点击
29735,1877,2025-07-21,直播,曝光
29736,1851,2025-08-23,短视频,曝光
29737,327,2025-08-31,短视频,曝光
29738,419,2025-09-17,短视频,曝光
29739,352,2025-09-16,直播,分享
29740,528,2025-08-21,直播,加购
29741,1815,2025-07-27,短视频,曝光
29742,160,2025-08-09,图文,曝光
29743,1118,2025-08-04,短视频,点击
29744,1873,2025-08-12,短视频,曝光
29745,1651,2025-07-26,短视频,点击
29746,910,2025-09-10,直播,曝光
29747,1071,2025-08-31,图文,曝光
29748,804,2025-09-25,图文,点击
29749,1335,2025-07-06,直播,曝光
29750,1972,2025-07-19,直播,加购
29751,1166,2025-07-01,短视频,曝光
29752,856,2025-07-23,短视频,点击
29753,1805,2025-07-11,短视频,曝光
29754,670,2025-07-18,短视频,曝光
29755,128,2025-08-22,直播,加购
29756,418,2025-07-18,直播,加购
29757,1308,2025-08-23,短视频,曝光
29758,880,2025-07-06,直播,曝光
29759,1787,2025-09-01,图文,分享
29760,1372,2025-09-12,直播,曝光
29761,1149,2025-09-14,短视频,曝光
29762,1829,2025-08-01,直播,曝光
29763,1489,2025-07-30,短视频,曝光
29764,383,2025-08-09,直播,点击
29765,1419,2025-09-20,短视频,曝光
29766,1385,2025-09-18,短视频,曝光
29767,1874,2025-08-17,直播,曝光
29768,14,2025-09-23,短视频,点击
29769,325,2025-07-26,直播,分享
29770,1602,2025-08-20,图文,加购
29771,1925,2025-07-18,直播,曝光
29772,561,2025-07-09,直播,曝光
29773,1919,2025-09-02,短视频,点击
29774,79,2025-08-11,短视频,曝光
29775,1405,2025-08-22,图文,曝光
29776,789,2025-09-23,直播,点击
29777,1281,2025-08-15,短视频,曝光
29778,1786,2025-09-21,短视频,曝光
29779,1141,2025-08-23,图文,曝光
29780,466,2025-07-30,图文,点击
29781,1907,2025-07-08,短视频,加购
29782,575,2025-09-28,短视频,曝光
29783,1004,2025-09-12,短视频,曝光
29784,336,2025-07-30,短视频,曝光
29785,1751,2025-09-04,直播,分享
29786,1964,2025-09-13,短视频,点击
29787,766,2025-07-03,短视频,点击
29788,866,2025-09-25,短视频,曝光
29789,930,2025-07-13,直播,点击
29790,1896,2025-07-12,直播,曝光
29791,1223,2025-08-11,直播,加购
29792,184,2025-07-27,短视频,曝光
29793,1509,2025-08-05,短视频,曝光
29794,898,2025-08-21,图文,曝光
29795,135,2025-08-08,短视频,曝光
29796,949,2025-08-03,短视频,曝光
29797,129,2025-08-19,图文,曝光
29798,512,2025-09-29,短视频,曝光
29799,1476,2025-09-03,短视频,曝光
29800,995,2025-08-07,图文,曝光
29801,873,2025-09-02,短视频,曝光
29802,702,2025-09-16,短视频,曝光
29803,1760,2025-07-05,图文,曝光
29804,494,2025-07-19,短视频,曝光
29805,1887,2025-09-30,直播,曝光
29806,731,2025-09-29,直播,曝光
29807,783,2025-09-03,直播,点击
29808,1271,2025-09-06,短视频,曝光
29809,1531,2025-09-22,直播,曝光
29810,937,2025-07-02,直播,点击
29811,1274,2025-08-18,图文,点击
29812,819,2025-07-16,短视频,曝光
29813,1553,2025-09-26,短视频,曝光
29814,1708,2025-07-10,短视频,点击
29815,1731,2025-07-12,直播,曝光
29816,1290,2025-08-24,直播,分享
29817,558,2025-07-31,直播,加购
29818,1274,2025-09-15,短视频,曝光
29819,1249,2025-07-28,短视频,曝光
29820,445,2025-09-11,短视频,曝光
29821,1709,2025-08-06,短视频,分享
29822,1501,2025-08-23,直播,曝光
29823,885,2025-09-28,图文,点击
29824,74,2025-08-26,短视频,曝光
29825,1443,2025-07-18,短视频,曝光
29826,428,2025-09-25,短视频,点击
29827,1500,2025-09-25,直播,曝光
29828,826,2025-08-11,直播,点击
29829,1430,2025-08-05,图文,曝光
29830,1779,2025-09-08,短视频,曝光
29831,181,2025-08-20,短视频,曝光
29832,57,2025-07-09,图文,曝光
29833,1350,2025-07-31,短视频,加购
29834,890,2025-07-08,短视频,曝光
29835,1397,2025-07-28,短视频,曝光
29836,240,2025-07-16,短视频,点击
29837,1738,2025-09-29,图文,曝光
29838,461,2025-09-27,短视频,点击
29839,267,2025-07-03,图文,曝光
29840,811,2025-09-08,短视频,曝光
29841,1637,2025-09-13,直播,曝光
29842,197,2025-09-22,短视频,曝光
29843,1001,2025-09-20,短视频,加购
29844,1659,2025-08-01,图文,曝光
29845,1034,2025-08-14,直播,点击
29846,166,2025-07-16,图文,分享
29847,403,2025-09-18,短视频,加购
29848,1171,2025-07-06,短视频,加购
29849,1300,2025-08-16,短视频,加购
29850,327,2025-08-10,图文,曝光
29851,781,2025-08-01,直播,曝光
29852,214,2025-09-28,直播,分享
29853,1149,2025-08-13,短视频,曝光
29854,926,2025-07-04,短视频,曝光
29855,1308,2025-09-16,直播,加购
29856,691,2025-09-24,短视频,曝光
29857,1974,2025-08-02,短视频,曝光
29858,91,2025-07-26,直播,曝光
29859,485,2025-09-03,直播,曝光
29860,130,2025-07-06,短视频,分享
29861,1712,2025-08-30,图文,曝光
29862,599,2025-07-16,图文,曝光
29863,61,2025-07-20,图文,曝光
29864,1566,2025-07-10,短视频,曝光
29865,1786,2025-08-28,直播,曝光
29866,1703,2025-09-01,直播,曝光
29867,419,2025-08-12,直播,点击
29868,133,2025-09-26,短视频,曝光
29869,584,2025-07-07,短视频,曝光
29870,344,2025-09-29,短视频,曝光
29871,1535,2025-09-13,图文,曝光
29872,679,2025-07-07,短视频,曝光
29873,896,2025-08-09,图文,曝光
29874,1301,2025-08-20,直播,曝光
29875,887,2025-08-26,短视频,曝光
29876,571,2025-08-09,短视频,曝光
29877,434,2025-07-28,直播,曝光
29878,444,2025-07-26,短视频,曝光
29879,259,2025-08-24,直播,加购
29880,1177,2025-08-19,短视频,曝光
29881,457,2025-08-05,短视频,曝光
29882,1363,2025-07-23,直播,曝光
29883,722,2025-08-16,直播,点击
29884,975,2025-07-23,图文,曝光
29885,1684,2025-08-09,图文,点击
29886,1337,2025-09-26,短视频,曝光
29887,583,2025-09-07,直播,点击
29888,9,2025-09-07,短视频,曝光
29889,1456,2025-07-05,直播,曝光
29890,656,2025-09-09,短视频,加购
29891,152,2025-08-27,短视频,曝光
29892,1219,2025-08-17,图文,曝光
29893,1614,2025-07-26,短视频,曝光
29894,1302,2025-08-09,短视频,曝光
29895,1652,2025-08-03,图文,点击
29896,389,2025-08-05,短视频,曝光
29897,1709,2025-09-13,直播,曝光
29898,665,2025-07-13,短视频,曝光
29899,1049,2025-08-28,短视频,曝光
29900,453,2025-09-28,短视频,曝光
29901,1231,2025-07-17,短视频,曝光
29902,1798,2025-09-01,短视频,加购
29903,1950,2025-07-10,直播,曝光
29904,593,2025-08-16,短视频,曝光
29905,808,2025-07-31,短视频,曝光
29906,1764,2025-08-27,短视频,曝光
29907,623,2025-09-08,直播,曝光
29908,1768,2025-09-30,图文,曝光
29909,1079,2025-07-09,图文,曝光
29910,1052,2025-07-24,短视频,曝光
29911,1873,2025-09-03,短视频,曝光
29912,1742,2025-09-19,短视频,曝光
29913,1837,2025-08-05,直播,加购
29914,154,2025-07-10,直播,曝光
29915,228,2025-07-09,直播,曝光
29916,253,2025-07-01,短视频,点击
29917,1071,2025-07-08,短视频,曝光
29918,814,2025-09-22,短视频,曝光
29919,440,2025-09-30,图文,加购
29920,1384,2025-07-08,短视频,曝光
29921,451,2025-09-30,直播,曝光
29922,1942,2025-09-02,图文,曝光
29923,715,2025-08-20,短视频,曝光
29924,934,2025-08-14,短视频,点击
29925,118,2025-07-24,短视频,曝光
29926,15,2025-08-07,直播,曝光
29927,321,2025-09-28,短视频,曝光
29928,364,2025-09-30,直播,曝光
29929,189,2025-08-30,直播,曝光
29930,877,2025-07-30,直播,曝光
29931,1405,2025-08-02,直播,曝光
29932,1380,2025-07-09,短视频,点击
29933,1601,2025-07-24,短视频,加购
29934,1174,2025-07-23,短视频,曝光
29935,280,2025-09-28,图文,分享
29936,1753,2025-09-27,短视频,加购
29937,1690,2025-08-26,短视频,曝光
29938,532,2025-09-25,直播,点击
29939,1726,2025-08-22,直播,曝光
29940,1080,2025-07-27,直播,曝光
29941,772,2025-08-18,短视频,曝光
29942,289,2025-08-20,短视频,曝光
29943,1869,2025-07-28,短视频,曝光
29944,1291,2025-08-24,短视频,曝光
29945,875,2025-09-20,短视频,曝光
29946,1525,2025-09-29,直播,曝光
29947,1549,2025-09-24,短视频,曝光
29948,1027,2025-08-27,短视频,曝光
29949,433,2025-08-27,短视频,曝光
29950,897,2025-09-17,直播,曝光
29951,1220,2025-07-29,短视频,曝光
29952,372,2025-07-14,直播,曝光
29953,243,2025-07-02,直播,曝光
29954,1869,2025-08-15,图文,点击
29955,1165,2025-07-14,短视频,曝光
29956,1213,2025-09-09,直播,曝光
29957,881,2025-07-20,图文,点击
29958,1631,2025-07-04,短视频,曝光
29959,740,2025-08-05,图文,曝光
29960,49,2025-08-09,短视频,曝光
29961,1535,2025-08-19,短视频,曝光
29962,503,2025-09-25,直播,曝光
29963,1522,2025-08-16,图文,曝光
29964,965,2025-09-10,图文,分享
29965,718,2025-09-07,短视频,曝光
29966,1073,2025-07-13,短视频,曝光
29967,878,2025-07-22,直播,点击
29968,810,2025-08-15,图文,分享
29969,544,2025-07-29,短视频,点击
29970,675,2025-08-12,直播,曝光
29971,665,2025-07-19,短视频,分享
29972,901,2025-07-12,短视频,曝光
29973,1944,2025-08-06,图文,点击
29974,732,2025-07-29,图文,曝光
29975,1246,2025-08-23,直播,曝光
29976,81,2025-07-17,短视频,曝光
29977,7,2025-08-28,短视频,分享
29978,1386,2025-09-29,直播,曝光
29979,1335,2025-08-10,短视频,曝光
29980,1543,2025-08-16,直播,点击
29981,1119,2025-07-08,直播,曝光
29982,623,2025-07-15,直播,曝光
29983,200,2025-07-03,短视频,点击
29984,1932,2025-08-13,短视频,曝光
29985,367,2025-08-15,直播,曝光
29986,1974,2025-07-09,短视频,加购
29987,547,2025-08-08,图文,曝光
29988,1138,2025-09-16,短视频,曝光
29989,187,2025-09-18,图文,曝光
29990,1589,2025-08-28,图文,点击
29991,805,2025-09-08,直播,分享
29992,1092,2025-08-17,图文,曝光
29993,261,2025-07-30,短视频,曝光
29994,523,2025-09-06,短视频,曝光
29995,810,2025-09-16,短视频,曝光
29996,141,2025-07-29,图文,曝光
29997,1478,2025-08-06,直播,曝光
29998,689,2025-08-07,图文,分享
29999,1471,2025-09-04,直播,加购
30000,371,2025-07-09,短视频,点击
