order_id,user_id,order_date,category,gmv,discount,is_first_order,net_gmv
1,678,2025-09-23,家居,130.18,20,0,110.18
2,437,2025-07-02,食品,30.48,0,1,30.48
3,1041,2025-09-17,数码,41.71,0,0,41.71
4,1326,2025-09-10,美妆,37.14,5,0,32.14
5,523,2025-09-12,家居,47.01,20,1,27.01
6,1534,2025-07-15,服饰,75.7,10,0,65.7
7,1278,2025-09-20,美妆,47.29,5,0,42.29
8,334,2025-08-25,家居,86.39,20,0,66.39
9,1878,2025-08-06,食品,108.41,5,0,103.41
10,88,2025-09-01,服饰,110.61,0,1,110.61
11,1308,2025-08-01,食品,32.62,20,1,12.62
12,880,2025-07-26,美妆,129.32,5,1,124.32
13,1308,2025-07-27,食品,135.14,20,0,115.14
14,1549,2025-08-22,美妆,141.74,5,0,136.74
15,1375,2025-08-25,美妆,55.32,10,1,45.32
16,1302,2025-07-23,家居,39.9,0,0,39.9
17,1682,2025-07-23,服饰,35.12,5,0,30.12
18,1404,2025-09-26,数码,32.92,0,1,32.92
19,1628,2025-08-17,服饰,60.73,10,1,50.73
20,806,2025-09-18,食品,96.19,0,1,96.19
21,406,2025-07-31,数码,123.79,0,0,123.79
22,470,2025-07-27,家居,46.2,5,0,41.2
23,1225,2025-07-26,美妆,59.07,5,0,54.07
24,1064,2025-08-18,服饰,56.98,10,0,46.98
25,155,2025-09-10,数码,42.55,10,0,32.55
26,409,2025-08-16,家居,90.44,10,0,80.44
27,1936,2025-07-28,食品,73.67,5,0,68.67
28,1453,2025-09-27,服饰,65.24,5,0,60.24
29,1510,2025-08-22,食品,73.48,0,0,73.48
30,394,2025-08-06,美妆,84.65,5,0,79.65
31,129,2025-07-01,食品,84.18,20,0,64.18
32,583,2025-08-21,服饰,38.05,5,0,33.05
33,1714,2025-08-27,美妆,98.79,30,1,68.79
34,1014,2025-09-24,家居,69.44,0,0,69.44
35,1570,2025-07-22,服饰,47.51,10,1,37.51
36,974,2025-07-15,家居,68.64,10,0,58.64
37,981,2025-09-30,食品,72.93,10,0,62.93
38,1202,2025-08-20,食品,109.4,10,0,99.4
39,1918,2025-07-03,家居,33.94,0,0,33.94
40,875,2025-07-10,美妆,125.05,10,0,115.05
41,1192,2025-08-13,家居,61.11,5,0,56.11
42,1839,2025-08-26,美妆,45.68,5,0,40.68
43,745,2025-07-23,美妆,44.92,0,1,44.92
44,1680,2025-08-03,食品,34.79,0,0,34.79
45,1071,2025-09-06,数码,23.16,30,0,1.0
46,1759,2025-09-28,美妆,87.58,0,1,87.58
47,936,2025-08-15,数码,179.38,5,0,174.38
48,1260,2025-08-08,服饰,24.79,0,0,24.79
49,647,2025-08-03,数码,35.78,10,0,25.78
50,1271,2025-07-13,数码,91.23,10,0,81.23
51,653,2025-07-05,食品,58.84,30,0,28.84
52,1219,2025-09-15,数码,95.48,10,1,85.48
53,1578,2025-07-04,数码,57.06,0,0,57.06
54,870,2025-09-14,家居,43.84,0,0,43.84
55,859,2025-07-23,美妆,53.29,0,1,53.29
56,645,2025-09-02,食品,16.28,10,0,6.28
57,1461,2025-09-26,食品,32.17,30,1,2.17
58,1185,2025-09-07,美妆,101.65,0,1,101.65
59,1033,2025-09-06,家居,116.23,5,0,111.23
60,52,2025-07-25,食品,130.76,10,0,120.76
61,221,2025-08-25,食品,76.9,10,0,66.9
62,15,2025-08-29,服饰,17.45,10,0,7.45
63,1701,2025-08-09,食品,42.55,5,0,37.55
64,1704,2025-07-04,数码,125.03,0,0,125.03
65,136,2025-09-22,食品,147.33,5,0,142.33
66,93,2025-07-19,数码,127.67,5,0,122.67
67,1563,2025-09-28,服饰,52.99,10,1,42.99
68,1050,2025-09-24,服饰,29.41,0,0,29.41
69,618,2025-07-02,美妆,59.01,5,0,54.01
70,1230,2025-09-07,美妆,60.83,30,0,30.83
71,473,2025-08-28,家居,142.75,5,0,137.75
72,397,2025-07-22,家居,68.39,0,0,68.39
73,735,2025-09-13,食品,60.9,30,0,30.9
74,1792,2025-07-11,食品,62.83,0,0,62.83
75,1535,2025-07-23,美妆,75.18,20,0,55.18
76,381,2025-09-26,食品,85.16,0,0,85.16
77,1124,2025-09-07,数码,40.51,20,0,20.51
78,1770,2025-07-11,数码,33.73,0,0,33.73
79,1904,2025-07-14,家居,128.23,5,1,123.23
80,1526,2025-07-24,食品,24.47,30,0,1.0
81,258,2025-07-07,美妆,148.53,10,0,138.53
82,482,2025-07-17,服饰,21.1,0,1,21.1
83,438,2025-08-22,数码,43.75,0,0,43.75
84,302,2025-07-01,家居,102.98,0,0,102.98
85,351,2025-07-27,食品,60.35,0,0,60.35
86,633,2025-07-29,家居,29.25,5,0,24.25
87,1112,2025-09-28,美妆,76.29,5,0,71.29
88,796,2025-09-28,服饰,62.61,30,0,32.61
89,842,2025-09-16,数码,53.58,20,1,33.58
90,492,2025-08-01,服饰,42.81,30,0,12.81
91,303,2025-08-18,服饰,59.2,5,0,54.2
92,1998,2025-08-16,数码,43.81,5,1,38.81
93,1198,2025-09-18,食品,230.21,10,0,220.21
94,460,2025-09-07,数码,52.88,5,1,47.88
95,1620,2025-09-22,数码,49.13,0,1,49.13
96,1662,2025-08-20,美妆,44.8,20,1,24.8
97,1934,2025-09-23,数码,160.34,10,0,150.34
98,319,2025-09-07,食品,24.5,0,0,24.5
99,1280,2025-09-06,食品,73.53,5,1,68.53
100,1961,2025-08-30,数码,52.9,0,0,52.9
101,1614,2025-07-31,美妆,27.58,10,0,17.58
102,452,2025-08-25,食品,38.46,5,0,33.46
103,1787,2025-08-02,食品,71.83,20,0,51.83
104,844,2025-08-29,服饰,37.51,5,1,32.51
105,978,2025-07-24,美妆,69.6,5,1,64.6
106,1118,2025-09-12,服饰,156.18,10,0,146.18
107,1543,2025-08-22,服饰,66.28,30,0,36.28
108,241,2025-09-04,食品,27.13,20,0,7.13
109,1079,2025-07-21,家居,37.87,5,0,32.87
110,1634,2025-09-11,家居,51.57,5,0,46.57
111,1098,2025-09-12,数码,49.71,10,0,39.71
112,550,2025-07-14,食品,65.6,20,0,45.6
113,113,2025-08-02,美妆,71.65,30,1,41.65
114,1099,2025-09-01,美妆,156.3,5,0,151.3
115,1407,2025-09-19,数码,60.22,10,0,50.22
116,1100,2025-09-06,家居,32.02,0,1,32.02
117,1959,2025-08-13,家居,113.82,0,0,113.82
118,1206,2025-07-28,美妆,120.86,0,0,120.86
119,1017,2025-09-22,食品,68.57,0,0,68.57
120,111,2025-09-19,食品,52.69,5,0,47.69
121,1118,2025-09-21,服饰,84.98,5,0,79.98
122,338,2025-07-29,服饰,53.73,10,1,43.73
123,1450,2025-08-10,服饰,19.48,10,0,9.48
124,323,2025-07-23,数码,82.26,0,0,82.26
125,1814,2025-09-26,美妆,98.57,10,0,88.57
126,605,2025-09-18,数码,133.3,0,0,133.3
127,868,2025-07-16,美妆,40.37,0,0,40.37
128,290,2025-07-23,数码,68.33,30,1,38.33
129,422,2025-08-20,服饰,69.15,0,0,69.15
130,1844,2025-08-08,美妆,63.24,0,1,63.24
131,568,2025-08-12,美妆,64.28,10,1,54.28
132,1026,2025-08-03,食品,61.59,5,1,56.59
133,1963,2025-09-01,食品,67.79,5,1,62.79
134,1248,2025-09-21,服饰,90.68,10,0,80.68
135,84,2025-09-23,数码,118.06,10,0,108.06
136,715,2025-08-11,家居,39.81,5,0,34.81
137,774,2025-09-15,服饰,54.88,20,0,34.88
138,553,2025-09-02,服饰,47.83,0,0,47.83
139,483,2025-07-19,家居,44.21,5,0,39.21
140,1007,2025-09-12,数码,24.81,0,0,24.81
141,755,2025-08-02,家居,61.15,0,1,61.15
142,589,2025-08-27,数码,78.54,30,0,48.54
143,826,2025-09-05,数码,55.41,10,0,45.41
144,688,2025-09-25,服饰,60.04,0,0,60.04
145,458,2025-09-26,食品,75.95,5,0,70.95
146,906,2025-09-12,美妆,131.12,0,0,131.12
147,1885,2025-08-16,家居,47.9,10,0,37.9
148,1012,2025-08-06,服饰,31.68,5,0,26.68
149,1196,2025-08-10,服饰,57.41,30,0,27.41
150,1969,2025-09-26,食品,170.03,0,0,170.03
151,1228,2025-07-19,家居,31.86,0,0,31.86
152,447,2025-08-18,家居,86.28,30,0,56.28
153,797,2025-09-01,食品,114.07,20,0,94.07
154,976,2025-07-03,食品,16.43,0,0,16.43
155,950,2025-08-28,美妆,75.61,5,1,70.61
156,300,2025-07-24,家居,84.09,20,0,64.09
157,212,2025-07-26,服饰,52.09,10,0,42.09
158,700,2025-08-27,服饰,42.29,10,1,32.29
159,1829,2025-07-01,食品,43.6,10,0,33.6
160,1435,2025-07-15,美妆,50.36,30,0,20.36
161,1684,2025-08-11,食品,51.1,5,1,46.1
162,349,2025-08-23,家居,46.07,0,1,46.07
163,829,2025-07-11,美妆,49.93,5,0,44.93
164,1163,2025-08-03,家居,116.16,10,0,106.16
165,869,2025-07-29,美妆,30.94,5,1,25.94
166,834,2025-08-19,美妆,23.06,0,0,23.06
167,720,2025-07-28,服饰,117.18,10,0,107.18
168,104,2025-07-01,数码,54.29,5,1,49.29
169,1715,2025-08-18,家居,48.74,30,1,18.74
170,1867,2025-09-17,家居,56.76,5,0,51.76
171,162,2025-08-23,服饰,67.7,10,0,57.7
172,828,2025-08-03,数码,45.23,10,0,35.23
173,1036,2025-08-14,服饰,79.7,0,1,79.7
174,1568,2025-07-13,数码,35.54,5,1,30.54
175,1974,2025-07-22,数码,51.11,0,1,51.11
176,833,2025-08-10,服饰,17.85,20,0,1.0
177,1498,2025-08-24,服饰,114.98,10,1,104.98
178,1875,2025-08-14,服饰,54.77,0,0,54.77
179,1661,2025-09-27,数码,87.23,5,0,82.23
180,581,2025-08-28,数码,78.42,30,1,48.42
181,1635,2025-07-03,服饰,81.65,0,0,81.65
182,825,2025-08-18,食品,60.08,30,0,30.08
183,36,2025-08-23,数码,74.7,0,0,74.7
184,1518,2025-07-05,美妆,35.56,0,1,35.56
185,1671,2025-08-05,数码,31.69,5,0,26.69
186,688,2025-09-19,美妆,57.08,0,0,57.08
187,902,2025-08-02,美妆,41.52,20,0,21.52
188,729,2025-08-11,美妆,132.16,10,1,122.16
189,235,2025-07-21,美妆,74.17,10,1,64.17
190,1990,2025-07-08,食品,40.69,10,0,30.69
191,46,2025-07-30,美妆,51.97,10,1,41.97
192,1112,2025-09-10,美妆,64.92,10,0,54.92
193,30,2025-09-29,数码,58.13,10,0,48.13
194,1379,2025-08-30,美妆,70.07,20,0,50.07
195,1802,2025-09-15,数码,62.66,10,0,52.66
196,1287,2025-08-29,服饰,28.08,5,0,23.08
197,1213,2025-08-30,服饰,18.49,5,0,13.49
198,1656,2025-08-09,家居,49.13,5,0,44.13
199,1949,2025-07-06,食品,82.13,0,1,82.13
200,1724,2025-08-07,数码,49.44,5,0,44.44
201,463,2025-09-18,数码,119.12,5,1,114.12
202,1127,2025-08-19,服饰,58.8,0,1,58.8
203,1638,2025-09-09,家居,127.29,20,0,107.29
204,590,2025-07-05,食品,113.7,20,1,93.7
205,1351,2025-07-19,家居,107.58,0,0,107.58
206,46,2025-07-28,食品,31.13,30,0,1.13
207,1755,2025-08-03,食品,60.91,30,0,30.91
208,1229,2025-09-29,数码,118.22,20,0,98.22
209,1487,2025-08-12,服饰,70.09,0,0,70.09
210,1651,2025-08-30,数码,81.85,5,1,76.85
211,438,2025-08-29,家居,28.13,5,1,23.13
212,902,2025-08-08,数码,173.35,10,0,163.35
213,1718,2025-09-27,服饰,39.05,10,0,29.05
214,330,2025-07-21,数码,20.15,10,1,10.15
215,1645,2025-07-04,服饰,49.74,20,1,29.74
216,577,2025-09-07,服饰,15.7,30,0,1.0
217,1152,2025-08-30,美妆,33.22,10,1,23.22
218,1020,2025-07-24,美妆,246.46,30,0,216.46
219,1373,2025-09-18,服饰,48.96,20,0,28.96
220,1674,2025-07-15,服饰,27.51,0,1,27.51
221,698,2025-07-24,数码,61.19,20,0,41.19
222,344,2025-07-15,食品,36.83,0,0,36.83
223,846,2025-07-18,服饰,97.08,0,0,97.08
224,1225,2025-09-06,食品,36.99,30,0,6.99
225,1501,2025-09-03,数码,70.03,5,0,65.03
226,1507,2025-08-29,数码,32.11,5,0,27.11
227,680,2025-09-18,美妆,252.01,30,0,222.01
228,1873,2025-07-07,服饰,79.6,5,0,74.6
229,167,2025-08-27,家居,55.7,0,0,55.7
230,234,2025-07-11,数码,51.36,0,0,51.36
231,50,2025-09-26,家居,44.5,5,1,39.5
232,1853,2025-08-28,美妆,39.71,0,0,39.71
233,361,2025-09-08,服饰,39.11,0,0,39.11
234,1203,2025-08-22,美妆,151.88,20,1,131.88
235,1626,2025-08-05,美妆,44.53,0,1,44.53
236,1534,2025-09-02,数码,18.71,10,1,8.71
237,1898,2025-09-15,数码,31.78,0,1,31.78
238,108,2025-07-17,服饰,100.51,5,0,95.51
239,815,2025-09-19,食品,52.52,10,1,42.52
240,1013,2025-09-05,美妆,56.05,5,0,51.05
241,1393,2025-07-08,数码,114.82,0,0,114.82
242,1246,2025-09-25,美妆,39.35,0,0,39.35
243,1120,2025-07-17,食品,85.44,0,1,85.44
244,614,2025-08-25,数码,41.79,0,0,41.79
245,213,2025-07-12,美妆,82.83,5,1,77.83
246,864,2025-07-19,服饰,48.66,0,0,48.66
247,520,2025-08-29,数码,52.83,0,1,52.83
248,1109,2025-09-01,家居,94.73,0,0,94.73
249,1595,2025-09-02,食品,91.05,20,0,71.05
250,1106,2025-08-01,家居,55.09,5,0,50.09
251,1167,2025-09-14,服饰,46.55,10,0,36.55
252,84,2025-07-05,家居,145.41,10,1,135.41
253,1290,2025-09-17,家居,83.44,5,0,78.44
254,879,2025-07-28,美妆,48.66,0,0,48.66
255,248,2025-08-27,服饰,42.13,5,0,37.13
256,428,2025-09-22,数码,106.03,5,0,101.03
257,1562,2025-07-24,家居,64.29,5,0,59.29
258,1834,2025-08-07,服饰,55.15,0,0,55.15
259,1016,2025-09-15,数码,64.28,30,0,34.28
260,1954,2025-09-18,家居,72.66,10,1,62.66
261,361,2025-07-22,服饰,58.49,0,0,58.49
262,600,2025-08-16,食品,116.98,30,0,86.98
263,1861,2025-07-31,服饰,120.62,0,0,120.62
264,351,2025-08-17,服饰,80.85,0,0,80.85
265,1319,2025-08-04,食品,128.52,0,0,128.52
266,440,2025-07-01,美妆,60.62,30,0,30.62
267,663,2025-09-24,服饰,88.21,0,1,88.21
268,956,2025-08-28,家居,104.84,20,0,84.84
269,720,2025-08-12,美妆,105.69,10,1,95.69
270,1750,2025-07-10,家居,99.86,5,1,94.86
271,1946,2025-07-07,服饰,85.38,5,0,80.38
272,1001,2025-08-14,食品,177.05,0,0,177.05
273,1051,2025-08-29,数码,44.84,10,1,34.84
274,111,2025-07-24,食品,55.4,5,0,50.4
275,469,2025-09-07,食品,53.63,5,1,48.63
276,80,2025-08-06,数码,49.28,0,0,49.28
277,1714,2025-07-02,服饰,20.21,20,0,1.0
278,455,2025-08-19,家居,128.53,10,1,118.53
279,682,2025-07-17,数码,34.32,5,1,29.32
280,1686,2025-07-02,数码,66.25,5,0,61.25
281,1427,2025-07-12,食品,27.6,0,0,27.6
282,1243,2025-07-27,美妆,84.89,0,0,84.89
283,77,2025-08-17,食品,39.17,0,0,39.17
284,1126,2025-09-30,数码,32.3,10,1,22.3
285,1122,2025-07-21,家居,67.15,0,0,67.15
286,638,2025-07-06,家居,41.04,0,0,41.04
287,1490,2025-07-18,服饰,44.0,0,0,44.0
288,1859,2025-07-30,服饰,66.32,0,1,66.32
289,519,2025-07-19,家居,93.69,10,0,83.69
290,663,2025-07-30,美妆,38.47,10,0,28.47
291,645,2025-09-28,食品,34.98,5,1,29.98
292,1670,2025-08-04,服饰,61.12,5,1,56.12
293,156,2025-08-28,服饰,81.17,10,0,71.17
294,1792,2025-09-01,食品,134.9,10,0,124.9
295,1551,2025-07-12,数码,33.47,20,1,13.47
296,967,2025-07-23,数码,50.66,20,0,30.66
297,1168,2025-08-08,家居,115.2,20,0,95.2
298,1789,2025-08-12,服饰,178.61,20,0,158.61
299,1540,2025-07-02,美妆,34.95,20,1,14.95
300,554,2025-08-29,食品,40.19,10,1,30.19
301,101,2025-07-28,食品,74.41,10,0,64.41
302,1317,2025-07-30,服饰,43.91,10,0,33.91
303,292,2025-08-25,食品,39.74,0,0,39.74
304,176,2025-09-26,家居,69.02,5,0,64.02
305,1965,2025-09-18,服饰,141.48,30,1,111.48
306,948,2025-09-29,家居,29.36,5,0,24.36
307,1302,2025-08-08,食品,137.56,0,0,137.56
308,435,2025-07-12,食品,43.99,5,0,38.99
309,204,2025-07-20,数码,72.98,0,0,72.98
310,126,2025-08-01,数码,144.74,5,0,139.74
311,709,2025-07-28,数码,72.16,5,0,67.16
312,8,2025-07-20,服饰,51.23,5,0,46.23
313,841,2025-07-14,美妆,89.57,5,0,84.57
314,650,2025-07-18,家居,54.86,0,0,54.86
315,1054,2025-08-30,服饰,80.38,5,0,75.38
316,1180,2025-08-15,数码,53.92,0,0,53.92
317,617,2025-07-04,食品,96.9,5,0,91.9
318,911,2025-08-21,服饰,28.03,10,0,18.03
319,157,2025-09-16,服饰,34.56,0,1,34.56
320,604,2025-08-09,家居,27.8,30,0,1.0
321,1957,2025-07-30,服饰,58.5,10,0,48.5
322,1983,2025-07-26,服饰,26.02,0,0,26.02
323,972,2025-08-04,服饰,41.24,5,0,36.24
324,1880,2025-07-26,数码,32.81,0,0,32.81
325,1003,2025-09-24,家居,136.16,0,0,136.16
326,252,2025-09-30,服饰,34.99,30,0,4.99
327,1736,2025-08-01,数码,29.74,10,0,19.74
328,831,2025-09-23,数码,69.17,20,0,49.17
329,1225,2025-09-17,美妆,152.59,10,0,142.59
330,1298,2025-07-07,服饰,56.61,30,0,26.61
331,617,2025-08-15,食品,59.07,20,0,39.07
332,1467,2025-08-30,服饰,122.72,0,0,122.72
333,1003,2025-08-08,服饰,97.81,0,0,97.81
334,733,2025-08-12,食品,76.25,5,1,71.25
335,596,2025-08-15,家居,43.8,0,1,43.8
336,1493,2025-09-02,家居,77.54,5,0,72.54
337,499,2025-07-28,数码,28.55,0,1,28.55
338,249,2025-08-24,美妆,42.82,20,0,22.82
339,1764,2025-07-23,美妆,132.6,0,0,132.6
340,664,2025-09-20,数码,123.48,20,1,103.48
341,1283,2025-07-08,服饰,76.75,5,1,71.75
342,1433,2025-07-07,食品,20.88,0,0,20.88
343,1677,2025-07-04,数码,31.05,20,0,11.05
344,1252,2025-08-02,家居,41.52,5,1,36.52
345,1416,2025-08-25,服饰,54.9,10,0,44.9
346,1675,2025-09-29,美妆,30.33,20,0,10.33
347,1887,2025-08-11,美妆,52.7,0,0,52.7
348,94,2025-07-17,食品,159.49,0,1,159.49
349,1487,2025-08-03,服饰,75.22,0,0,75.22
350,349,2025-07-12,家居,68.06,0,0,68.06
351,1783,2025-08-13,家居,34.48,30,0,4.48
352,97,2025-09-06,美妆,24.5,20,0,4.5
353,494,2025-07-04,食品,30.71,5,0,25.71
354,385,2025-09-10,食品,23.96,10,0,13.96
355,1207,2025-07-22,服饰,62.88,30,1,32.88
356,9,2025-08-31,家居,74.53,0,1,74.53
357,35,2025-09-14,数码,35.48,0,0,35.48
358,1009,2025-09-10,美妆,65.45,20,1,45.45
359,1944,2025-08-31,食品,135.36,10,0,125.36
360,1057,2025-09-02,美妆,177.1,0,0,177.1
361,892,2025-07-18,美妆,92.18,5,0,87.18
362,1316,2025-07-13,美妆,54.81,0,0,54.81
363,1104,2025-08-05,服饰,90.55,10,0,80.55
364,770,2025-08-25,家居,126.91,10,0,116.91
365,1178,2025-08-26,数码,20.01,0,0,20.01
366,7,2025-09-10,家居,136.34,20,0,116.34
367,489,2025-07-29,服饰,44.72,5,0,39.72
368,1348,2025-09-18,数码,44.96,10,0,34.96
369,684,2025-08-11,食品,49.64,10,1,39.64
370,109,2025-07-23,数码,71.96,5,0,66.96
371,249,2025-09-06,家居,32.75,0,1,32.75
372,1733,2025-07-12,美妆,51.59,0,0,51.59
373,660,2025-08-07,服饰,80.55,10,0,70.55
374,46,2025-09-10,服饰,68.05,10,0,58.05
375,1458,2025-09-09,食品,74.4,0,1,74.4
376,1061,2025-07-24,服饰,50.49,30,1,20.49
377,903,2025-07-16,服饰,88.37,20,1,68.37
378,1790,2025-07-03,服饰,107.88,0,0,107.88
379,628,2025-07-09,美妆,104.38,0,0,104.38
380,1145,2025-09-14,服饰,76.34,5,0,71.34
381,1490,2025-09-11,食品,101.13,0,1,101.13
382,1217,2025-08-16,数码,97.43,30,0,67.43
383,416,2025-08-22,美妆,262.98,10,0,252.98
384,1364,2025-07-31,服饰,117.91,0,0,117.91
385,1487,2025-07-18,食品,57.47,5,1,52.47
386,245,2025-07-02,服饰,36.55,0,1,36.55
387,331,2025-08-31,数码,52.27,5,0,47.27
388,1350,2025-07-04,美妆,50.28,0,0,50.28
389,238,2025-07-10,食品,79.94,20,0,59.94
390,1761,2025-09-11,美妆,41.05,10,0,31.05
391,220,2025-08-23,美妆,116.24,30,1,86.24
392,1949,2025-08-15,服饰,28.1,0,0,28.1
393,1344,2025-07-21,食品,24.58,5,1,19.58
394,887,2025-07-14,服饰,56.02,20,0,36.02
395,537,2025-08-12,数码,37.96,5,1,32.96
396,690,2025-08-02,美妆,30.2,5,0,25.2
397,1498,2025-08-19,食品,42.5,30,1,12.5
398,1507,2025-07-16,食品,39.69,20,0,19.69
399,418,2025-07-22,数码,60.68,20,1,40.68
400,1086,2025-07-11,数码,42.89,5,1,37.89
401,1986,2025-08-09,食品,44.86,10,0,34.86
402,515,2025-07-26,家居,60.18,5,1,55.18
403,1387,2025-07-21,美妆,105.41,5,0,100.41
404,345,2025-08-20,数码,135.49,0,0,135.49
405,1669,2025-08-15,美妆,65.45,20,0,45.45
406,341,2025-07-20,数码,68.31,5,0,63.31
407,596,2025-09-03,食品,54.56,10,1,44.56
408,919,2025-08-01,家居,78.62,20,1,58.62
409,742,2025-08-01,美妆,74.79,20,0,54.79
410,341,2025-08-13,食品,125.11,0,0,125.11
411,1282,2025-07-13,服饰,21.35,10,0,11.35
412,40,2025-08-08,数码,53.04,5,0,48.04
413,1968,2025-08-23,服饰,72.72,0,1,72.72
414,105,2025-07-12,食品,59.47,0,0,59.47
415,668,2025-08-21,服饰,36.0,10,0,26.0
416,1860,2025-07-04,美妆,29.53,20,0,9.53
417,311,2025-08-25,食品,94.02,30,0,64.02
418,146,2025-07-04,美妆,39.79,5,0,34.79
419,1488,2025-07-17,美妆,22.98,5,0,17.98
420,147,2025-08-02,服饰,96.65,0,0,96.65
421,1800,2025-08-26,数码,77.67,30,1,47.67
422,903,2025-09-05,数码,56.61,20,0,36.61
423,1739,2025-08-13,食品,36.49,30,1,6.49
424,491,2025-07-13,服饰,56.69,5,0,51.69
425,283,2025-08-05,服饰,117.75,0,0,117.75
426,1926,2025-09-11,数码,24.83,10,0,14.83
427,1525,2025-07-09,家居,25.53,5,0,20.53
428,1822,2025-09-04,家居,42.72,0,1,42.72
429,640,2025-08-05,食品,59.46,0,1,59.46
430,810,2025-07-01,食品,45.93,0,0,45.93
431,1155,2025-09-02,服饰,85.93,5,0,80.93
432,898,2025-07-03,服饰,109.82,30,0,79.82
433,486,2025-08-04,数码,70.34,10,0,60.34
434,751,2025-07-18,食品,82.12,20,0,62.12
435,1218,2025-08-23,食品,70.08,0,0,70.08
436,76,2025-07-06,美妆,60.66,10,0,50.66
437,672,2025-07-09,美妆,29.62,5,0,24.62
438,586,2025-08-18,家居,34.28,0,0,34.28
439,141,2025-09-30,家居,28.7,5,0,23.7
440,246,2025-07-04,数码,55.61,0,0,55.61
441,992,2025-08-12,美妆,68.56,20,1,48.56
442,205,2025-09-12,数码,27.19,20,0,7.19
443,690,2025-07-27,美妆,62.8,0,0,62.8
444,1122,2025-08-15,食品,37.29,10,0,27.29
445,1748,2025-09-16,服饰,33.51,5,0,28.51
446,198,2025-09-05,数码,42.78,0,0,42.78
447,870,2025-07-27,服饰,32.58,10,0,22.58
448,206,2025-09-08,数码,84.24,20,0,64.24
449,858,2025-09-01,数码,55.01,20,1,35.01
450,962,2025-08-16,服饰,94.48,0,1,94.48
451,1599,2025-08-10,食品,47.28,5,0,42.28
452,885,2025-09-24,美妆,48.27,0,0,48.27
453,1872,2025-09-19,食品,169.08,0,1,169.08
454,276,2025-09-30,服饰,24.71,0,0,24.71
455,107,2025-09-01,数码,122.3,0,1,122.3
456,9,2025-08-03,食品,149.9,0,0,149.9
457,714,2025-07-11,美妆,91.95,5,1,86.95
458,386,2025-07-12,家居,50.31,10,0,40.31
459,184,2025-09-26,数码,132.26,0,0,132.26
460,472,2025-08-03,数码,50.55,0,0,50.55
461,1950,2025-07-11,服饰,40.93,30,0,10.93
462,1601,2025-07-21,食品,48.74,20,0,28.74
463,38,2025-07-02,数码,44.1,0,0,44.1
464,1831,2025-08-18,家居,35.85,5,0,30.85
465,411,2025-08-24,数码,111.11,0,1,111.11
466,812,2025-08-04,服饰,39.43,30,1,9.43
467,656,2025-09-07,数码,59.36,5,1,54.36
468,811,2025-08-14,服饰,27.27,0,1,27.27
469,1522,2025-09-27,美妆,61.37,10,1,51.37
470,1425,2025-09-09,家居,31.95,10,1,21.95
471,1189,2025-07-07,家居,31.52,0,0,31.52
472,1254,2025-07-26,家居,56.82,0,0,56.82
473,1456,2025-09-08,美妆,107.91,5,1,102.91
474,369,2025-08-19,数码,76.88,0,0,76.88
475,792,2025-09-08,数码,79.84,0,0,79.84
476,216,2025-07-31,美妆,56.18,20,0,36.18
477,1409,2025-07-04,家居,50.17,20,0,30.17
478,876,2025-09-11,家居,93.24,10,0,83.24
479,1275,2025-09-11,服饰,44.27,10,1,34.27
480,1130,2025-08-28,数码,95.48,5,0,90.48
481,548,2025-08-07,食品,119.08,5,0,114.08
482,278,2025-07-01,数码,37.99,10,0,27.99
483,1946,2025-09-05,食品,41.18,0,0,41.18
484,587,2025-08-30,美妆,44.7,0,0,44.7
485,220,2025-08-31,服饰,26.93,0,0,26.93
486,612,2025-07-16,食品,46.61,10,0,36.61
487,1805,2025-09-06,家居,123.45,10,1,113.45
488,523,2025-09-05,家居,33.95,5,0,28.95
489,1974,2025-09-17,美妆,125.07,5,1,120.07
490,922,2025-08-22,家居,47.54,20,1,27.54
491,1724,2025-09-06,美妆,193.01,0,1,193.01
492,1307,2025-08-06,食品,41.47,5,1,36.47
493,88,2025-09-03,美妆,55.75,20,0,35.75
494,1019,2025-09-02,食品,36.58,10,0,26.58
495,834,2025-09-10,食品,41.34,5,0,36.34
496,403,2025-09-17,数码,125.96,0,0,125.96
497,1100,2025-07-01,食品,78.34,30,0,48.34
498,206,2025-09-10,食品,106.26,5,0,101.26
499,1397,2025-09-11,数码,29.27,20,1,9.27
500,1644,2025-08-20,食品,86.5,20,0,66.5
501,186,2025-08-17,食品,35.36,20,0,15.36
502,959,2025-09-05,服饰,28.92,0,0,28.92
503,1311,2025-08-11,家居,68.81,5,0,63.81
504,125,2025-08-08,服饰,68.42,0,0,68.42
505,779,2025-09-12,家居,62.14,0,1,62.14
506,517,2025-09-11,数码,89.54,0,0,89.54
507,79,2025-07-20,家居,97.56,5,1,92.56
508,1609,2025-09-15,服饰,135.42,5,0,130.42
509,890,2025-07-31,美妆,31.35,10,0,21.35
510,1504,2025-07-13,服饰,137.84,0,0,137.84
511,1175,2025-09-19,食品,169.91,0,0,169.91
512,1752,2025-07-22,家居,49.33,5,0,44.33
513,1995,2025-07-19,数码,24.1,10,0,14.1
514,1205,2025-07-25,数码,28.19,0,0,28.19
515,705,2025-08-15,家居,46.8,10,0,36.8
516,846,2025-07-16,服饰,182.69,0,0,182.69
517,1651,2025-07-15,数码,60.91,10,1,50.91
518,854,2025-08-06,美妆,42.97,20,0,22.97
519,1040,2025-07-21,数码,41.39,5,0,36.39
520,389,2025-07-18,数码,29.15,10,0,19.15
521,1981,2025-09-22,数码,97.61,30,0,67.61
522,1302,2025-08-24,食品,57.36,0,1,57.36
523,661,2025-07-02,数码,191.5,0,0,191.5
524,1171,2025-07-10,食品,85.24,30,0,55.24
525,803,2025-09-13,数码,95.25,20,0,75.25
526,310,2025-07-25,食品,52.82,10,0,42.82
527,1750,2025-07-15,美妆,33.11,0,0,33.11
528,1772,2025-08-31,美妆,37.32,0,0,37.32
529,1670,2025-09-16,美妆,28.41,20,1,8.41
530,737,2025-08-06,数码,99.56,10,0,89.56
531,513,2025-09-07,家居,48.83,0,0,48.83
532,100,2025-08-08,服饰,101.89,0,0,101.89
533,1464,2025-07-11,服饰,65.02,20,0,45.02
534,656,2025-09-12,食品,51.36,10,0,41.36
535,1785,2025-09-23,数码,31.71,30,1,1.71
536,1740,2025-09-29,服饰,71.23,5,1,66.23
537,257,2025-07-10,美妆,53.5,0,0,53.5
538,1834,2025-08-21,服饰,99.11,0,1,99.11
539,281,2025-08-27,服饰,40.71,5,1,35.71
540,981,2025-07-08,服饰,84.68,0,0,84.68
541,948,2025-09-26,数码,148.78,0,1,148.78
542,1913,2025-07-10,家居,70.1,0,0,70.1
543,1315,2025-07-25,食品,92.94,0,1,92.94
544,1751,2025-09-28,服饰,82.64,20,0,62.64
545,1192,2025-08-21,家居,171.39,0,0,171.39
546,1651,2025-09-01,美妆,74.02,5,1,69.02
547,1705,2025-08-15,服饰,88.67,10,0,78.67
548,1720,2025-09-08,服饰,59.15,0,1,59.15
549,824,2025-07-08,美妆,39.41,5,0,34.41
550,764,2025-09-01,数码,31.05,20,0,11.05
551,1970,2025-07-07,美妆,121.12,10,1,111.12
552,1513,2025-07-17,食品,34.65,5,0,29.65
553,1835,2025-08-16,美妆,90.94,20,0,70.94
554,1155,2025-08-11,家居,75.85,30,0,45.85
555,1859,2025-07-15,数码,99.96,20,1,79.96
556,1440,2025-09-12,数码,45.46,5,0,40.46
557,1486,2025-07-28,食品,39.06,10,0,29.06
558,356,2025-09-18,食品,74.3,5,0,69.3
559,1134,2025-07-02,家居,51.38,0,0,51.38
560,1463,2025-07-22,数码,30.66,5,1,25.66
561,1522,2025-07-28,家居,175.25,20,0,155.25
562,1916,2025-08-24,服饰,39.05,0,0,39.05
563,654,2025-08-06,家居,34.94,20,0,14.94
564,606,2025-07-15,家居,52.82,30,0,22.82
565,1939,2025-08-22,数码,120.19,0,0,120.19
566,1973,2025-09-27,家居,18.33,0,0,18.33
567,360,2025-07-13,食品,114.83,30,1,84.83
568,757,2025-07-24,美妆,36.55,0,1,36.55
569,1897,2025-08-14,数码,69.79,20,0,49.79
570,400,2025-09-05,数码,41.6,0,1,41.6
571,1567,2025-07-13,服饰,180.47,0,0,180.47
572,225,2025-07-22,美妆,64.62,0,0,64.62
573,357,2025-07-22,美妆,40.88,0,0,40.88
574,1570,2025-08-26,食品,51.13,30,0,21.13
575,1215,2025-07-08,服饰,63.39,0,0,63.39
576,1110,2025-08-30,数码,66.53,0,1,66.53
577,1714,2025-08-09,服饰,76.81,10,0,66.81
578,615,2025-07-31,家居,60.29,30,0,30.29
579,1007,2025-09-18,数码,28.29,5,0,23.29
580,1217,2025-09-14,美妆,50.04,20,1,30.04
581,1480,2025-09-12,美妆,84.24,0,0,84.24
582,665,2025-09-20,数码,41.74,20,1,21.74
583,1268,2025-07-22,服饰,87.36,10,1,77.36
584,897,2025-09-17,数码,61.4,20,0,41.4
585,1084,2025-07-17,食品,53.53,10,0,43.53
586,1726,2025-07-31,美妆,116.37,30,0,86.37
587,788,2025-08-21,家居,23.2,5,0,18.2
588,1337,2025-09-07,数码,41.62,10,0,31.62
589,1884,2025-08-23,服饰,118.85,10,1,108.85
590,1525,2025-08-21,数码,165.1,0,1,165.1
591,1978,2025-08-04,食品,212.15,30,0,182.15
592,1167,2025-08-24,数码,62.03,20,0,42.03
593,564,2025-08-13,食品,77.62,20,0,57.62
594,1983,2025-08-13,家居,94.59,5,0,89.59
595,1290,2025-08-23,家居,121.67,20,0,101.67
596,483,2025-08-25,服饰,71.68,0,1,71.68
597,635,2025-07-31,食品,100.42,30,0,70.42
598,525,2025-07-13,美妆,77.7,0,0,77.7
599,1668,2025-07-28,食品,80.42,10,0,70.42
600,186,2025-08-07,服饰,36.41,0,0,36.41
601,1480,2025-07-15,食品,50.35,10,1,40.35
602,1109,2025-07-17,服饰,45.26,5,1,40.26
603,147,2025-09-26,数码,31.38,20,0,11.38
604,1227,2025-07-26,食品,24.33,20,0,4.33
605,1507,2025-09-06,家居,47.8,5,1,42.8
606,1452,2025-07-12,家居,52.19,20,0,32.19
607,1058,2025-09-28,数码,63.93,10,0,53.93
608,671,2025-07-20,食品,81.91,5,1,76.91
609,328,2025-08-06,数码,66.92,0,0,66.92
610,25,2025-09-10,数码,52.39,0,0,52.39
611,720,2025-07-19,服饰,36.48,0,0,36.48
612,1265,2025-08-20,美妆,97.75,5,0,92.75
613,76,2025-09-11,家居,57.05,5,1,52.05
614,1998,2025-07-03,美妆,47.53,5,0,42.53
615,1172,2025-07-03,服饰,54.46,30,0,24.46
616,590,2025-09-11,家居,40.33,0,0,40.33
617,1925,2025-07-25,家居,45.07,20,1,25.07
618,368,2025-09-22,数码,44.29,20,0,24.29
619,1916,2025-09-24,数码,51.52,20,0,31.52
620,564,2025-09-19,美妆,86.55,5,0,81.55
621,760,2025-09-30,美妆,75.48,0,0,75.48
622,851,2025-09-14,家居,141.27,20,0,121.27
623,1990,2025-08-05,家居,117.5,10,0,107.5
624,502,2025-09-30,食品,176.98,20,0,156.98
625,1946,2025-08-01,美妆,82.07,0,0,82.07
626,694,2025-08-23,服饰,81.35,10,0,71.35
627,571,2025-07-01,服饰,46.15,5,0,41.15
628,1277,2025-09-27,食品,95.04,10,1,85.04
629,1388,2025-08-24,食品,42.06,20,0,22.06
630,691,2025-09-26,数码,26.88,0,0,26.88
631,269,2025-08-02,家居,139.7,0,0,139.7
632,793,2025-07-29,美妆,30.35,0,0,30.35
633,1081,2025-08-18,服饰,76.81,0,0,76.81
634,81,2025-09-18,家居,37.18,0,0,37.18
635,158,2025-08-20,数码,112.13,0,0,112.13
636,1836,2025-09-11,食品,120.86,5,0,115.86
637,72,2025-07-20,服饰,80.72,10,0,70.72
638,814,2025-09-10,食品,119.76,20,0,99.76
639,1528,2025-09-06,数码,60.58,0,0,60.58
640,657,2025-09-21,家居,206.19,0,1,206.19
641,990,2025-07-06,食品,90.96,20,0,70.96
642,173,2025-08-05,食品,36.77,5,0,31.77
643,1589,2025-07-09,美妆,62.7,0,0,62.7
644,1269,2025-08-06,食品,55.49,5,1,50.49
645,1704,2025-09-08,服饰,52.58,30,0,22.58
646,1728,2025-08-28,服饰,24.25,5,1,19.25
647,702,2025-09-08,数码,74.65,30,0,44.65
648,83,2025-09-06,美妆,28.16,0,0,28.16
649,693,2025-09-30,家居,15.04,0,0,15.04
650,291,2025-09-19,美妆,49.94,0,0,49.94
651,1067,2025-08-23,家居,39.82,20,0,19.82
652,293,2025-09-19,服饰,37.57,5,1,32.57
653,1844,2025-07-05,服饰,10.95,10,1,1.0
654,1205,2025-09-05,食品,37.79,30,0,7.79
655,507,2025-08-18,家居,54.84,5,0,49.84
656,1843,2025-09-27,服饰,42.57,0,0,42.57
657,1540,2025-08-16,食品,74.67,10,1,64.67
658,876,2025-07-17,美妆,129.8,0,0,129.8
659,294,2025-09-05,数码,80.16,10,0,70.16
660,688,2025-09-26,食品,106.11,20,0,86.11
661,1169,2025-07-02,数码,111.05,5,1,106.05
662,1532,2025-07-06,美妆,34.45,0,0,34.45
663,524,2025-08-30,美妆,76.82,10,0,66.82
664,1486,2025-08-21,数码,104.31,0,1,104.31
665,566,2025-08-20,美妆,47.48,0,1,47.48
666,494,2025-07-09,数码,39.06,5,0,34.06
667,895,2025-08-22,服饰,80.78,0,1,80.78
668,322,2025-08-22,美妆,26.71,0,0,26.71
669,810,2025-09-17,服饰,33.17,10,0,23.17
670,716,2025-08-05,服饰,41.82,5,0,36.82
671,561,2025-08-02,美妆,77.31,5,0,72.31
672,1552,2025-07-08,食品,68.06,30,0,38.06
673,664,2025-08-22,服饰,106.46,0,0,106.46
674,1391,2025-08-29,服饰,36.34,0,0,36.34
675,1441,2025-07-26,家居,35.29,20,1,15.29
676,1332,2025-09-06,食品,80.49,0,0,80.49
677,539,2025-09-25,数码,38.89,30,0,8.89
678,1659,2025-07-17,数码,43.3,10,0,33.3
679,474,2025-08-22,服饰,21.73,5,1,16.73
680,555,2025-09-02,数码,70.81,0,0,70.81
681,1750,2025-07-02,家居,140.85,5,1,135.85
682,680,2025-07-17,食品,34.26,20,1,14.26
683,1395,2025-08-06,家居,105.84,0,1,105.84
684,85,2025-07-13,家居,58.4,20,1,38.4
685,1229,2025-08-02,食品,22.85,20,0,2.85
686,1738,2025-07-14,服饰,36.89,10,1,26.89
687,1418,2025-09-21,数码,35.66,0,0,35.66
688,1165,2025-08-25,家居,50.7,10,0,40.7
689,1699,2025-07-31,食品,76.0,10,0,66.0
690,597,2025-09-10,家居,166.82,0,1,166.82
691,754,2025-07-02,食品,27.46,20,0,7.46
692,139,2025-08-24,食品,46.22,0,1,46.22
693,1397,2025-09-01,家居,36.86,30,1,6.86
694,1447,2025-09-13,服饰,30.04,0,0,30.04
695,1503,2025-07-21,食品,63.59,0,0,63.59
696,1498,2025-08-24,服饰,60.39,10,0,50.39
697,255,2025-09-09,数码,22.25,0,0,22.25
698,1333,2025-09-12,家居,60.95,0,0,60.95
699,1527,2025-07-17,家居,31.09,0,0,31.09
700,408,2025-09-28,美妆,60.73,20,0,40.73
701,953,2025-07-26,数码,121.29,0,0,121.29
702,1827,2025-08-05,家居,77.84,10,0,67.84
703,830,2025-07-18,家居,66.53,10,0,56.53
704,1507,2025-07-14,食品,45.11,5,0,40.11
705,1061,2025-07-24,服饰,62.6,5,1,57.6
706,1316,2025-07-13,食品,82.25,0,0,82.25
707,1254,2025-09-06,数码,77.89,30,0,47.89
708,1302,2025-08-24,数码,57.14,20,0,37.14
709,1559,2025-08-05,美妆,68.0,30,0,38.0
710,1809,2025-08-20,美妆,29.25,10,1,19.25
711,592,2025-08-25,数码,40.29,20,0,20.29
712,1857,2025-07-17,食品,89.05,30,0,59.05
713,1256,2025-07-28,食品,95.88,5,1,90.88
714,1192,2025-09-20,家居,63.53,30,1,33.53
715,656,2025-07-02,服饰,136.11,0,0,136.11
716,834,2025-09-27,美妆,79.79,0,0,79.79
717,1304,2025-09-27,家居,53.08,5,0,48.08
718,728,2025-07-24,家居,30.85,5,0,25.85
719,575,2025-07-30,美妆,133.13,5,1,128.13
720,1639,2025-07-20,家居,92.17,5,0,87.17
721,831,2025-08-21,美妆,162.24,5,0,157.24
722,1290,2025-07-20,服饰,198.69,20,0,178.69
723,63,2025-09-11,美妆,29.73,0,1,29.73
724,155,2025-08-05,食品,29.77,0,0,29.77
725,1697,2025-09-28,服饰,12.49,10,1,2.49
726,285,2025-09-17,服饰,99.99,10,0,89.99
727,1592,2025-08-06,数码,86.58,20,1,66.58
728,1801,2025-08-24,数码,63.67,0,1,63.67
729,963,2025-07-03,数码,30.74,0,1,30.74
730,1769,2025-07-07,家居,57.46,30,1,27.46
731,855,2025-08-16,美妆,66.79,0,1,66.79
732,1904,2025-08-13,家居,92.8,10,1,82.8
733,475,2025-08-06,美妆,70.12,0,0,70.12
734,856,2025-07-09,家居,86.93,5,0,81.93
735,778,2025-09-16,数码,56.36,20,0,36.36
736,1569,2025-08-07,美妆,115.56,5,0,110.56
737,88,2025-08-13,美妆,85.41,0,0,85.41
738,1657,2025-08-07,食品,31.41,20,0,11.41
739,47,2025-08-15,食品,129.55,0,1,129.55
740,632,2025-08-29,美妆,118.4,0,0,118.4
741,1193,2025-09-09,美妆,77.95,5,0,72.95
742,291,2025-08-20,家居,70.41,5,0,65.41
743,981,2025-07-16,数码,150.24,10,0,140.24
744,1995,2025-09-19,服饰,24.57,5,0,19.57
745,1647,2025-07-27,数码,119.42,5,0,114.42
746,61,2025-07-02,服饰,46.44,0,0,46.44
747,1184,2025-07-04,食品,110.21,20,1,90.21
748,1195,2025-09-10,服饰,64.47,0,0,64.47
749,137,2025-08-05,数码,30.46,30,0,1.0
750,1301,2025-07-03,服饰,45.92,5,0,40.92
751,1043,2025-09-13,美妆,105.84,5,0,100.84
752,1364,2025-07-28,服饰,53.75,10,0,43.75
753,596,2025-09-28,服饰,42.87,5,1,37.87
754,512,2025-09-19,服饰,42.71,10,0,32.71
755,1472,2025-07-05,食品,85.9,30,0,55.9
756,1444,2025-09-02,家居,158.04,20,0,138.04
757,324,2025-08-25,美妆,18.59,5,0,13.59
758,433,2025-07-16,数码,281.57,10,0,271.57
759,1173,2025-08-01,食品,67.5,5,0,62.5
760,1659,2025-08-15,美妆,83.02,20,1,63.02
761,404,2025-07-14,服饰,47.47,0,0,47.47
762,439,2025-09-05,数码,60.22,0,0,60.22
763,1616,2025-07-26,服饰,67.08,5,0,62.08
764,1394,2025-09-25,食品,33.89,0,0,33.89
765,1805,2025-09-12,服饰,38.74,10,0,28.74
766,1567,2025-08-28,数码,115.76,0,0,115.76
767,1907,2025-07-12,家居,25.69,0,1,25.69
768,378,2025-07-03,美妆,76.91,10,1,66.91
769,544,2025-07-14,美妆,49.22,5,0,44.22
770,476,2025-08-15,食品,35.57,30,0,5.57
771,111,2025-09-10,食品,178.5,0,0,178.5
772,1559,2025-07-15,美妆,35.7,0,1,35.7
773,1324,2025-09-04,美妆,32.41,0,0,32.41
774,172,2025-07-05,服饰,54.44,5,1,49.44
775,397,2025-07-25,美妆,39.54,0,0,39.54
776,382,2025-08-25,食品,60.55,20,0,40.55
777,806,2025-09-15,数码,65.72,0,0,65.72
778,912,2025-09-10,数码,68.65,30,0,38.65
779,578,2025-08-19,食品,56.37,5,0,51.37
780,1861,2025-07-04,数码,41.01,10,0,31.01
781,426,2025-07-27,食品,85.96,0,0,85.96
782,1124,2025-09-11,美妆,56.75,0,1,56.75
783,876,2025-07-08,美妆,45.94,5,0,40.94
784,776,2025-09-03,食品,136.18,5,1,131.18
785,1652,2025-09-03,美妆,56.45,10,1,46.45
786,1957,2025-09-08,数码,110.01,0,0,110.01
787,12,2025-07-20,服饰,118.48,0,0,118.48
788,928,2025-07-23,服饰,122.51,30,0,92.51
789,239,2025-07-19,食品,88.25,0,1,88.25
790,868,2025-08-06,服饰,60.32,0,1,60.32
791,1235,2025-08-18,服饰,58.25,5,1,53.25
792,824,2025-07-12,美妆,52.76,0,0,52.76
793,619,2025-08-22,服饰,18.32,5,1,13.32
794,625,2025-07-22,美妆,89.6,10,0,79.6
795,600,2025-08-21,食品,69.02,10,0,59.02
796,652,2025-07-28,美妆,95.02,10,0,85.02
797,748,2025-09-26,家居,56.58,0,0,56.58
798,1376,2025-07-30,服饰,86.98,0,0,86.98
799,193,2025-09-19,数码,28.29,20,0,8.29
800,82,2025-07-17,食品,31.72,0,1,31.72
801,1034,2025-07-08,数码,15.46,0,0,15.46
802,1364,2025-07-18,数码,56.04,5,1,51.04
803,518,2025-08-08,服饰,39.45,10,0,29.45
804,403,2025-09-21,数码,36.71,0,0,36.71
805,1250,2025-07-17,美妆,72.53,30,0,42.53
806,769,2025-09-11,数码,47.75,0,1,47.75
807,1473,2025-09-03,美妆,27.43,30,1,1.0
808,294,2025-08-01,美妆,244.6,0,0,244.6
809,243,2025-07-31,数码,59.12,10,0,49.12
810,1106,2025-09-26,家居,33.26,5,0,28.26
811,785,2025-09-04,家居,41.75,20,0,21.75
812,1459,2025-07-22,数码,54.86,5,0,49.86
813,1013,2025-09-22,食品,54.8,20,1,34.8
814,710,2025-08-07,食品,123.49,20,0,103.49
815,320,2025-07-08,家居,57.76,10,0,47.76
816,327,2025-09-13,美妆,167.4,0,0,167.4
817,1512,2025-09-18,家居,47.57,0,1,47.57
818,454,2025-08-10,数码,76.29,30,0,46.29
819,1005,2025-09-03,数码,105.86,30,0,75.86
820,1637,2025-07-22,食品,116.44,0,1,116.44
821,1796,2025-09-17,家居,124.15,0,0,124.15
822,536,2025-08-03,数码,51.96,0,0,51.96
823,220,2025-07-25,服饰,60.16,0,0,60.16
824,1550,2025-08-16,数码,15.43,0,1,15.43
825,1375,2025-07-25,数码,54.17,20,0,34.17
826,663,2025-08-27,家居,109.97,0,0,109.97
827,1188,2025-09-07,家居,98.82,20,0,78.82
828,378,2025-08-07,家居,57.54,30,0,27.54
829,1402,2025-09-11,服饰,153.63,0,0,153.63
830,1455,2025-08-09,数码,48.85,5,0,43.85
831,599,2025-09-28,家居,40.7,5,0,35.7
832,938,2025-07-25,家居,46.64,0,0,46.64
833,669,2025-09-03,食品,32.55,10,1,22.55
834,63,2025-08-19,家居,84.97,10,0,74.97
835,255,2025-09-25,家居,70.72,0,0,70.72
836,1920,2025-07-21,服饰,84.39,20,0,64.39
837,913,2025-07-19,家居,48.04,0,0,48.04
838,296,2025-09-18,数码,58.44,0,1,58.44
839,89,2025-09-21,食品,18.21,30,1,1.0
840,707,2025-09-07,服饰,74.21,0,0,74.21
841,1966,2025-08-13,家居,63.71,0,0,63.71
842,770,2025-08-07,美妆,32.94,0,0,32.94
843,1999,2025-08-31,食品,56.97,0,1,56.97
844,979,2025-09-07,美妆,52.36,5,0,47.36
845,1528,2025-07-26,家居,159.23,10,0,149.23
846,1571,2025-07-01,食品,33.66,5,0,28.66
847,57,2025-07-07,服饰,72.41,10,0,62.41
848,13,2025-08-01,服饰,33.12,0,0,33.12
849,1845,2025-09-01,家居,44.4,5,0,39.4
850,1865,2025-08-10,美妆,70.26,30,0,40.26
851,266,2025-08-26,数码,53.72,20,0,33.72
852,1292,2025-08-13,服饰,60.14,10,0,50.14
853,1848,2025-07-24,家居,72.46,0,0,72.46
854,1902,2025-09-07,数码,45.99,5,1,40.99
855,593,2025-09-05,美妆,98.13,20,0,78.13
856,1635,2025-09-27,家居,51.01,20,0,31.01
857,1293,2025-09-14,美妆,57.19,10,0,47.19
858,1856,2025-08-04,家居,73.61,5,1,68.61
859,294,2025-09-03,食品,68.36,0,1,68.36
860,1203,2025-08-02,食品,86.0,0,0,86.0
861,49,2025-09-19,服饰,71.83,0,0,71.83
862,715,2025-08-26,美妆,78.1,5,1,73.1
863,23,2025-09-15,服饰,50.45,0,1,50.45
864,886,2025-07-26,家居,33.52,5,0,28.52
865,1623,2025-07-02,服饰,27.52,10,0,17.52
866,1317,2025-07-14,服饰,24.07,10,0,14.07
867,634,2025-08-18,服饰,159.09,10,1,149.09
868,854,2025-09-27,家居,17.87,0,0,17.87
869,735,2025-08-27,家居,116.34,5,1,111.34
870,1464,2025-09-13,数码,38.42,30,0,8.42
871,533,2025-08-13,服饰,115.88,5,0,110.88
872,184,2025-09-27,食品,17.97,20,1,1.0
873,1014,2025-09-25,家居,53.02,5,1,48.02
874,1660,2025-07-21,服饰,134.25,10,1,124.25
875,955,2025-09-18,数码,89.32,5,0,84.32
876,409,2025-07-02,服饰,50.12,10,1,40.12
877,93,2025-08-24,家居,20.73,20,1,1.0
878,1888,2025-08-10,食品,29.16,5,1,24.16
879,1522,2025-07-28,家居,129.55,20,0,109.55
880,312,2025-09-24,食品,49.82,20,1,29.82
881,148,2025-08-30,数码,58.0,20,0,38.0
882,259,2025-07-13,家居,70.52,0,0,70.52
883,754,2025-07-13,美妆,29.47,0,0,29.47
884,1624,2025-07-11,数码,75.49,20,0,55.49
885,320,2025-07-28,食品,47.9,10,1,37.9
886,1638,2025-07-07,食品,70.92,30,0,40.92
887,4,2025-07-25,数码,43.91,0,0,43.91
888,1478,2025-09-09,美妆,25.4,20,1,5.4
889,565,2025-09-19,服饰,47.7,20,0,27.7
890,1922,2025-09-11,食品,85.84,20,0,65.84
891,952,2025-08-15,家居,74.94,10,0,64.94
892,542,2025-09-02,服饰,61.38,0,0,61.38
893,486,2025-09-25,美妆,98.89,10,0,88.89
894,1654,2025-07-05,数码,53.95,10,1,43.95
895,806,2025-09-22,食品,62.24,0,0,62.24
896,705,2025-09-05,数码,46.35,0,0,46.35
897,1472,2025-08-05,食品,102.12,20,0,82.12
898,1075,2025-08-11,家居,70.83,0,1,70.83
899,1328,2025-08-10,家居,44.42,5,0,39.42
900,892,2025-07-15,食品,26.6,10,1,16.6
901,129,2025-07-22,食品,110.8,30,0,80.8
902,12,2025-07-28,美妆,40.08,10,0,30.08
903,79,2025-07-01,食品,62.78,0,0,62.78
904,1149,2025-08-16,家居,220.07,0,0,220.07
905,1028,2025-08-13,食品,93.77,0,0,93.77
906,1496,2025-07-31,数码,146.37,0,0,146.37
907,1790,2025-07-17,食品,44.88,20,0,24.88
908,350,2025-09-28,数码,108.75,5,0,103.75
909,1915,2025-09-01,数码,61.23,0,0,61.23
910,1864,2025-08-13,食品,73.8,20,0,53.8
911,1232,2025-09-05,家居,183.36,0,0,183.36
912,1061,2025-08-04,家居,51.77,0,1,51.77
913,354,2025-07-20,服饰,60.98,5,1,55.98
914,357,2025-08-31,美妆,36.72,0,1,36.72
915,38,2025-09-09,家居,98.36,0,0,98.36
916,1292,2025-08-29,食品,44.33,30,1,14.33
917,867,2025-08-22,美妆,105.9,20,1,85.9
918,384,2025-07-01,数码,24.35,20,0,4.35
919,268,2025-08-28,数码,81.59,10,0,71.59
920,128,2025-08-26,服饰,42.35,0,0,42.35
921,1282,2025-08-07,服饰,90.18,20,1,70.18
922,1371,2025-07-23,家居,59.89,5,0,54.89
923,1264,2025-09-29,数码,44.95,0,0,44.95
924,222,2025-08-04,美妆,48.78,0,0,48.78
925,83,2025-07-26,家居,37.8,5,0,32.8
926,213,2025-09-03,服饰,95.66,0,0,95.66
927,1504,2025-08-14,家居,33.89,0,0,33.89
928,1480,2025-08-21,服饰,52.1,0,0,52.1
929,590,2025-08-29,数码,72.96,5,0,67.96
930,111,2025-08-03,家居,146.56,0,1,146.56
931,640,2025-07-15,数码,60.03,10,0,50.03
932,1620,2025-07-16,数码,52.81,0,0,52.81
933,287,2025-09-25,美妆,70.14,10,0,60.14
934,1593,2025-08-16,美妆,19.29,0,0,19.29
935,927,2025-08-08,美妆,31.21,5,1,26.21
936,283,2025-07-30,服饰,49.08,10,1,39.08
937,1868,2025-09-05,美妆,40.77,10,0,30.77
938,1037,2025-09-22,美妆,25.02,0,0,25.02
939,1344,2025-09-09,数码,96.72,5,0,91.72
940,194,2025-08-19,美妆,69.61,20,0,49.61
941,744,2025-08-13,服饰,65.18,0,0,65.18
942,1266,2025-09-18,数码,41.19,5,0,36.19
943,1291,2025-09-17,食品,63.03,5,0,58.03
944,126,2025-08-05,美妆,80.07,20,0,60.07
945,1209,2025-09-27,数码,52.16,5,1,47.16
946,1889,2025-09-15,美妆,77.05,30,0,47.05
947,1573,2025-09-16,数码,38.95,10,1,28.95
948,416,2025-07-06,服饰,63.66,10,1,53.66
949,1826,2025-07-12,食品,113.11,0,0,113.11
950,1366,2025-07-28,食品,118.82,10,1,108.82
951,114,2025-09-09,美妆,125.23,0,0,125.23
952,257,2025-07-08,数码,70.6,5,0,65.6
953,1843,2025-07-08,美妆,61.4,0,0,61.4
954,420,2025-07-03,数码,47.14,10,0,37.14
955,194,2025-07-18,美妆,22.33,20,0,2.33
956,902,2025-09-23,食品,28.8,30,0,1.0
957,1052,2025-09-05,数码,55.01,0,1,55.01
958,1147,2025-09-04,家居,56.85,20,1,36.85
959,1318,2025-07-27,美妆,131.2,20,0,111.2
960,1998,2025-08-27,食品,124.35,20,0,104.35
961,1519,2025-09-10,食品,41.36,10,0,31.36
962,52,2025-08-18,家居,94.64,0,1,94.64
963,178,2025-09-17,家居,46.41,20,0,26.41
964,1,2025-08-22,数码,87.83,10,1,77.83
965,791,2025-07-30,家居,94.0,10,0,84.0
966,701,2025-08-28,服饰,119.48,0,0,119.48
967,1868,2025-09-25,数码,46.02,0,0,46.02
968,733,2025-09-15,家居,105.41,0,0,105.41
969,62,2025-08-15,数码,21.54,5,0,16.54
970,1768,2025-08-24,食品,123.09,5,1,118.09
971,521,2025-09-28,家居,59.52,20,0,39.52
972,1826,2025-09-07,数码,60.22,0,0,60.22
973,1549,2025-08-16,家居,19.68,0,0,19.68
974,1762,2025-07-26,服饰,48.73,0,0,48.73
975,1640,2025-09-22,数码,127.17,0,0,127.17
976,287,2025-09-28,食品,47.72,5,1,42.72
977,1253,2025-07-07,家居,89.34,10,1,79.34
978,825,2025-07-03,家居,61.5,30,0,31.5
979,1258,2025-07-11,家居,108.25,0,0,108.25
980,1492,2025-08-05,美妆,67.04,0,0,67.04
981,1002,2025-07-15,食品,36.14,20,0,16.14
982,626,2025-09-20,服饰,62.24,0,0,62.24
983,1833,2025-09-23,家居,145.57,10,0,135.57
984,1327,2025-07-17,美妆,79.34,10,0,69.34
985,1772,2025-09-15,数码,56.6,20,1,36.6
986,475,2025-07-14,食品,208.65,0,1,208.65
987,1677,2025-09-11,家居,114.16,30,0,84.16
988,647,2025-08-03,家居,94.56,30,1,64.56
989,921,2025-07-04,数码,71.85,0,1,71.85
990,1721,2025-08-09,数码,90.17,5,0,85.17
991,710,2025-09-14,服饰,91.79,5,1,86.79
992,502,2025-09-24,家居,18.16,0,1,18.16
993,1832,2025-07-12,服饰,74.98,30,0,44.98
994,1929,2025-09-15,食品,55.23,0,1,55.23
995,623,2025-07-27,美妆,45.84,0,0,45.84
996,613,2025-08-12,美妆,54.19,0,0,54.19
997,456,2025-07-11,家居,25.64,10,1,15.64
998,48,2025-09-28,美妆,22.36,20,0,2.36
999,1106,2025-09-11,食品,119.77,10,0,109.77
1000,510,2025-08-29,美妆,77.8,10,0,67.8
1001,1699,2025-09-05,家居,16.0,0,1,16.0
1002,343,2025-09-19,数码,43.95,10,1,33.95
1003,1271,2025-07-14,食品,97.93,5,0,92.93
1004,1014,2025-07-23,服饰,51.73,5,0,46.73
1005,1224,2025-07-04,服饰,119.67,10,0,109.67
1006,226,2025-08-14,美妆,107.49,30,0,77.49
1007,934,2025-08-15,食品,28.61,10,0,18.61
1008,1253,2025-07-03,家居,55.77,10,1,45.77
1009,682,2025-08-30,服饰,47.16,5,0,42.16
1010,1750,2025-07-01,食品,28.1,0,0,28.1
1011,1060,2025-09-11,美妆,27.12,5,1,22.12
1012,726,2025-09-03,服饰,38.73,10,0,28.73
1013,62,2025-09-13,数码,42.41,10,0,32.41
1014,337,2025-07-11,数码,70.51,10,0,60.51
1015,954,2025-09-19,家居,107.16,0,0,107.16
1016,801,2025-08-20,食品,80.04,0,1,80.04
1017,1744,2025-09-18,美妆,91.17,0,0,91.17
1018,1572,2025-09-03,家居,52.11,10,1,42.11
1019,318,2025-08-30,美妆,84.07,30,0,54.07
1020,1183,2025-07-03,数码,55.61,5,0,50.61
1021,909,2025-09-02,家居,47.33,10,0,37.33
1022,203,2025-08-11,服饰,171.3,10,1,161.3
1023,1332,2025-09-17,家居,16.75,0,1,16.75
1024,1075,2025-09-01,美妆,21.54,0,0,21.54
1025,175,2025-07-07,食品,74.48,0,0,74.48
1026,937,2025-09-20,美妆,52.16,30,0,22.16
1027,1464,2025-07-06,服饰,27.38,0,0,27.38
1028,655,2025-07-28,数码,33.78,5,1,28.78
1029,714,2025-07-20,食品,36.29,5,0,31.29
1030,221,2025-09-28,食品,98.57,10,0,88.57
1031,409,2025-07-15,食品,117.55,0,0,117.55
1032,1963,2025-09-16,数码,148.67,30,0,118.67
1033,1242,2025-07-21,家居,25.18,0,1,25.18
1034,353,2025-08-29,食品,28.45,30,0,1.0
1035,966,2025-07-09,服饰,27.4,10,1,17.4
1036,386,2025-08-06,美妆,122.59,5,0,117.59
1037,886,2025-08-27,食品,75.9,10,1,65.9
1038,292,2025-09-04,服饰,63.06,10,0,53.06
1039,1238,2025-09-19,美妆,68.46,0,0,68.46
1040,1141,2025-09-14,美妆,58.49,10,0,48.49
1041,1267,2025-08-17,家居,32.57,10,0,22.57
1042,888,2025-07-28,食品,80.02,10,1,70.02
1043,572,2025-07-25,家居,54.47,10,1,44.47
1044,500,2025-09-30,食品,31.18,10,0,21.18
1045,431,2025-08-25,食品,82.75,5,0,77.75
1046,859,2025-09-22,家居,47.74,0,0,47.74
1047,903,2025-08-09,数码,68.38,0,0,68.38
1048,1348,2025-08-14,美妆,56.33,10,0,46.33
1049,105,2025-09-14,美妆,98.52,0,0,98.52
1050,564,2025-09-05,数码,68.11,0,0,68.11
1051,1706,2025-07-19,服饰,37.11,20,1,17.11
1052,1831,2025-08-18,服饰,72.03,0,0,72.03
1053,1862,2025-07-20,服饰,73.34,0,1,73.34
1054,613,2025-09-09,数码,79.94,20,1,59.94
1055,275,2025-07-03,食品,106.67,10,0,96.67
1056,397,2025-09-15,服饰,43.0,20,0,23.0
1057,264,2025-09-24,数码,87.13,5,0,82.13
1058,1910,2025-07-03,数码,23.37,10,0,13.37
1059,1767,2025-08-27,数码,56.49,30,0,26.49
1060,1622,2025-07-08,服饰,51.88,0,0,51.88
1061,1460,2025-08-03,家居,133.8,0,0,133.8
1062,687,2025-07-31,服饰,55.37,0,0,55.37
1063,952,2025-08-17,食品,84.3,20,1,64.3
1064,1683,2025-09-23,食品,22.9,0,0,22.9
1065,1629,2025-08-12,美妆,49.73,5,1,44.73
1066,1038,2025-08-06,美妆,37.88,5,0,32.88
1067,1676,2025-07-09,服饰,235.46,30,0,205.46
1068,694,2025-09-20,食品,41.82,0,0,41.82
1069,828,2025-07-29,数码,62.82,5,1,57.82
1070,1680,2025-08-12,美妆,64.69,30,0,34.69
1071,753,2025-07-09,食品,25.17,0,0,25.17
1072,1505,2025-07-27,家居,45.18,10,0,35.18
1073,907,2025-08-20,美妆,75.39,0,0,75.39
1074,596,2025-09-21,美妆,63.25,0,0,63.25
1075,438,2025-07-31,服饰,17.03,0,0,17.03
1076,1214,2025-08-21,食品,44.17,0,0,44.17
1077,960,2025-09-19,美妆,105.79,0,0,105.79
1078,739,2025-08-03,家居,83.39,20,0,63.39
1079,1487,2025-07-28,美妆,117.91,5,0,112.91
1080,3,2025-07-05,数码,35.09,5,0,30.09
1081,185,2025-09-22,服饰,122.06,10,0,112.06
1082,1924,2025-07-11,美妆,58.88,30,0,28.88
1083,1328,2025-07-20,服饰,144.85,0,0,144.85
1084,1100,2025-07-13,食品,60.45,0,0,60.45
1085,30,2025-09-04,服饰,19.57,0,0,19.57
1086,1197,2025-08-03,服饰,96.26,20,0,76.26
1087,870,2025-09-03,食品,47.28,20,0,27.28
1088,1200,2025-08-25,食品,49.06,5,1,44.06
1089,83,2025-07-02,美妆,27.13,0,0,27.13
1090,1102,2025-07-29,食品,147.26,5,0,142.26
1091,1156,2025-07-01,食品,45.3,10,0,35.3
1092,581,2025-07-07,数码,143.49,0,0,143.49
1093,110,2025-08-13,食品,47.6,0,1,47.6
1094,1944,2025-07-25,家居,36.22,0,1,36.22
1095,1419,2025-07-09,美妆,124.68,10,0,114.68
1096,1244,2025-08-07,服饰,57.95,30,0,27.95
1097,1535,2025-08-11,食品,58.27,0,0,58.27
1098,1342,2025-09-30,服饰,29.82,30,0,1.0
1099,269,2025-08-30,数码,46.91,5,0,41.91
1100,910,2025-08-06,美妆,76.38,10,0,66.38
1101,1778,2025-08-13,美妆,29.53,20,0,9.53
1102,576,2025-07-09,食品,44.86,10,0,34.86
1103,1945,2025-08-05,服饰,47.88,0,0,47.88
1104,129,2025-08-23,美妆,62.59,0,0,62.59
1105,662,2025-07-02,家居,136.15,20,1,116.15
1106,701,2025-09-23,数码,51.16,10,0,41.16
1107,1235,2025-08-17,食品,41.27,0,1,41.27
1108,353,2025-09-11,食品,273.28,10,0,263.28
1109,459,2025-07-26,食品,47.55,0,0,47.55
1110,1325,2025-09-15,家居,54.33,0,0,54.33
1111,570,2025-08-03,家居,49.56,20,0,29.56
1112,1759,2025-09-24,食品,51.82,5,1,46.82
1113,1741,2025-08-18,家居,62.98,0,1,62.98
1114,606,2025-08-28,服饰,100.13,5,0,95.13
1115,1120,2025-07-19,美妆,75.35,30,0,45.35
1116,666,2025-09-30,美妆,109.12,0,0,109.12
1117,690,2025-07-18,数码,107.15,0,1,107.15
1118,1341,2025-07-04,数码,67.67,5,0,62.67
1119,587,2025-08-10,食品,74.22,0,1,74.22
1120,299,2025-09-15,美妆,111.03,0,0,111.03
1121,519,2025-09-23,食品,32.75,0,0,32.75
1122,1859,2025-09-17,美妆,238.42,0,0,238.42
1123,519,2025-08-20,食品,45.52,10,1,35.52
1124,728,2025-09-23,美妆,49.75,0,0,49.75
1125,1258,2025-08-15,家居,30.98,5,0,25.98
1126,203,2025-08-13,数码,31.49,10,0,21.49
1127,537,2025-07-17,服饰,103.1,0,0,103.1
1128,350,2025-09-11,家居,210.31,0,0,210.31
1129,1849,2025-07-30,数码,44.17,30,1,14.17
1130,1866,2025-07-18,美妆,73.04,10,0,63.04
1131,1512,2025-08-03,食品,68.11,10,1,58.11
1132,495,2025-08-25,服饰,104.6,5,0,99.6
1133,1233,2025-07-25,服饰,204.44,30,1,174.44
1134,1325,2025-08-02,食品,139.29,0,1,139.29
1135,1739,2025-07-31,数码,52.92,0,0,52.92
1136,313,2025-08-24,美妆,80.71,20,1,60.71
1137,1473,2025-09-04,美妆,85.24,0,0,85.24
1138,389,2025-09-01,家居,59.68,10,0,49.68
1139,1138,2025-07-13,家居,33.02,0,0,33.02
1140,1759,2025-08-01,食品,38.89,0,0,38.89
1141,125,2025-08-29,服饰,113.46,10,0,103.46
1142,297,2025-07-20,数码,120.09,5,1,115.09
1143,1627,2025-07-07,数码,53.83,10,1,43.83
1144,38,2025-07-30,家居,69.66,0,0,69.66
1145,1371,2025-09-01,家居,116.57,0,1,116.57
1146,1003,2025-08-31,数码,23.63,10,1,13.63
1147,694,2025-07-12,服饰,47.21,0,1,47.21
1148,1726,2025-09-01,美妆,183.06,10,0,173.06
1149,1698,2025-07-18,数码,71.14,5,0,66.14
1150,652,2025-09-07,数码,32.43,0,0,32.43
1151,9,2025-08-22,食品,64.36,0,1,64.36
1152,257,2025-07-12,食品,105.83,20,0,85.83
1153,215,2025-08-02,数码,14.87,5,1,9.87
1154,1965,2025-09-14,食品,66.48,0,1,66.48
1155,1194,2025-08-09,服饰,49.16,30,0,19.16
1156,1354,2025-09-02,家居,24.46,0,1,24.46
1157,462,2025-09-07,美妆,63.12,20,0,43.12
1158,1702,2025-07-03,美妆,55.98,0,0,55.98
1159,1446,2025-09-24,服饰,59.55,5,0,54.55
1160,1505,2025-07-31,食品,49.82,5,1,44.82
1161,937,2025-09-11,家居,34.41,0,1,34.41
1162,1397,2025-08-12,服饰,27.11,10,1,17.11
1163,1089,2025-08-23,美妆,41.27,0,0,41.27
1164,770,2025-08-03,服饰,96.79,5,0,91.79
1165,1189,2025-09-17,服饰,68.59,20,1,48.59
1166,649,2025-07-11,数码,58.09,10,1,48.09
1167,1906,2025-09-21,美妆,34.06,5,1,29.06
1168,1434,2025-07-20,数码,49.12,0,1,49.12
1169,1478,2025-09-20,食品,90.51,0,1,90.51
1170,1434,2025-07-03,数码,79.65,30,0,49.65
1171,897,2025-07-02,服饰,46.41,10,1,36.41
1172,1902,2025-07-09,美妆,14.35,10,0,4.35
1173,416,2025-08-20,食品,41.63,5,1,36.63
1174,1138,2025-07-25,服饰,46.27,5,0,41.27
1175,139,2025-08-25,食品,36.64,0,1,36.64
1176,590,2025-09-14,食品,48.07,0,0,48.07
1177,1150,2025-07-03,食品,94.55,5,0,89.55
1178,980,2025-08-18,食品,59.12,0,0,59.12
1179,1883,2025-09-07,数码,103.99,0,0,103.99
1180,1228,2025-08-09,数码,26.32,5,1,21.32
1181,823,2025-09-24,服饰,51.02,5,0,46.02
1182,854,2025-08-30,数码,20.77,5,0,15.77
1183,1224,2025-07-04,家居,47.72,20,0,27.72
1184,1583,2025-08-19,家居,33.95,10,1,23.95
1185,554,2025-08-05,美妆,122.08,0,1,122.08
1186,1170,2025-07-13,数码,75.59,20,1,55.59
1187,1150,2025-09-26,家居,105.44,5,0,100.44
1188,19,2025-07-21,美妆,47.65,5,1,42.65
1189,1826,2025-07-08,家居,34.44,20,0,14.44
1190,1140,2025-07-21,数码,33.84,0,1,33.84
1191,485,2025-09-14,数码,69.82,10,0,59.82
1192,1268,2025-08-25,数码,163.3,0,0,163.3
1193,1356,2025-09-14,数码,75.7,0,0,75.7
1194,1831,2025-08-12,家居,49.1,5,1,44.1
1195,69,2025-07-11,家居,54.39,0,0,54.39
1196,828,2025-08-05,食品,59.31,0,1,59.31
1197,361,2025-07-19,食品,183.95,5,0,178.95
1198,1149,2025-08-21,数码,118.92,0,1,118.92
1199,1004,2025-07-25,家居,69.61,5,0,64.61
1200,950,2025-09-28,美妆,64.09,0,0,64.09
1201,1965,2025-08-04,美妆,71.14,5,1,66.14
1202,1064,2025-07-29,数码,79.19,5,0,74.19
1203,823,2025-09-29,家居,48.07,5,0,43.07
1204,135,2025-08-17,家居,37.93,10,0,27.93
1205,580,2025-07-16,服饰,106.45,30,0,76.45
1206,1795,2025-08-14,家居,61.07,0,0,61.07
1207,904,2025-07-24,数码,101.68,5,0,96.68
1208,1821,2025-09-04,服饰,149.21,20,0,129.21
1209,1066,2025-08-22,服饰,80.35,10,1,70.35
1210,1097,2025-09-06,美妆,73.49,30,0,43.49
1211,860,2025-09-25,家居,350.77,10,0,340.77
1212,1114,2025-09-06,数码,67.62,10,0,57.62
1213,134,2025-08-01,食品,33.12,0,0,33.12
1214,116,2025-07-19,数码,51.69,0,0,51.69
1215,952,2025-08-18,食品,141.66,10,0,131.66
1216,1196,2025-08-11,家居,29.61,5,0,24.61
1217,1102,2025-07-29,服饰,39.89,20,0,19.89
1218,859,2025-09-13,美妆,110.89,30,0,80.89
1219,589,2025-09-22,美妆,51.97,0,0,51.97
1220,1419,2025-08-05,家居,56.79,5,0,51.79
1221,1210,2025-09-01,食品,108.89,20,0,88.89
1222,95,2025-09-29,数码,40.68,20,1,20.68
1223,905,2025-07-02,家居,26.9,20,0,6.9
1224,1422,2025-08-03,服饰,28.11,10,0,18.11
1225,1569,2025-09-06,家居,83.09,30,0,53.09
1226,574,2025-08-15,服饰,69.58,5,0,64.58
1227,1850,2025-09-11,数码,41.23,0,1,41.23
1228,1304,2025-08-13,数码,31.9,0,0,31.9
1229,876,2025-07-06,家居,52.0,5,0,47.0
1230,1255,2025-08-09,服饰,111.51,20,0,91.51
1231,1744,2025-08-07,家居,38.1,5,0,33.1
1232,454,2025-09-16,数码,41.91,10,1,31.91
1233,301,2025-07-14,服饰,31.35,5,0,26.35
1234,881,2025-07-15,食品,49.3,10,1,39.3
1235,168,2025-07-14,家居,72.67,0,1,72.67
1236,1672,2025-08-22,食品,193.13,5,1,188.13
1237,1941,2025-09-30,美妆,68.02,0,0,68.02
1238,1212,2025-08-26,美妆,58.58,5,0,53.58
1239,1960,2025-09-14,食品,96.99,5,0,91.99
1240,138,2025-09-17,家居,88.49,10,1,78.49
1241,1266,2025-08-25,数码,43.92,5,0,38.92
1242,886,2025-08-26,数码,214.03,30,0,184.03
1243,555,2025-07-23,数码,59.54,30,0,29.54
1244,624,2025-09-27,数码,68.72,0,1,68.72
1245,1091,2025-09-11,食品,81.72,0,0,81.72
1246,1284,2025-09-19,数码,72.98,0,0,72.98
1247,329,2025-09-29,美妆,139.63,0,1,139.63
1248,1230,2025-08-02,食品,43.62,0,1,43.62
1249,1854,2025-07-14,美妆,92.84,20,1,72.84
1250,21,2025-09-18,家居,66.06,30,0,36.06
1251,1757,2025-08-13,数码,103.6,0,0,103.6
1252,1216,2025-09-27,食品,53.61,20,0,33.61
1253,685,2025-09-02,食品,49.76,20,0,29.76
1254,1470,2025-07-24,食品,90.26,5,0,85.26
1255,1236,2025-08-02,数码,73.47,20,0,53.47
1256,1538,2025-08-26,美妆,38.43,30,0,8.43
1257,163,2025-08-06,家居,126.48,30,0,96.48
1258,118,2025-07-26,美妆,90.28,10,1,80.28
1259,1285,2025-07-20,服饰,57.93,5,0,52.93
1260,608,2025-08-29,数码,46.64,0,1,46.64
1261,477,2025-07-04,数码,73.72,30,1,43.72
1262,843,2025-07-09,美妆,86.77,0,0,86.77
1263,1451,2025-07-04,数码,25.11,5,0,20.11
1264,360,2025-09-06,数码,74.19,0,1,74.19
1265,1947,2025-07-03,数码,86.39,5,1,81.39
1266,842,2025-08-08,家居,16.55,0,0,16.55
1267,302,2025-07-12,家居,67.22,20,0,47.22
1268,143,2025-08-24,食品,88.41,5,1,83.41
1269,1715,2025-07-04,美妆,83.05,5,0,78.05
1270,227,2025-07-03,服饰,93.82,5,0,88.82
1271,838,2025-08-07,食品,50.39,10,0,40.39
1272,1338,2025-09-02,数码,34.06,20,1,14.06
1273,1027,2025-07-11,数码,22.42,30,0,1.0
1274,526,2025-08-15,服饰,110.03,20,0,90.03
1275,216,2025-09-13,数码,88.83,5,1,83.83
1276,1423,2025-08-27,数码,114.74,20,0,94.74
1277,981,2025-09-08,数码,40.49,5,0,35.49
1278,97,2025-07-30,食品,93.89,10,0,83.89
1279,363,2025-09-25,服饰,26.4,10,0,16.4
1280,1126,2025-07-14,食品,37.4,5,1,32.4
1281,337,2025-08-25,数码,64.67,5,0,59.67
1282,783,2025-08-10,食品,86.9,10,0,76.9
1283,250,2025-07-03,食品,151.94,0,0,151.94
1284,1594,2025-09-25,食品,52.88,10,0,42.88
1285,1261,2025-09-03,食品,37.48,5,0,32.48
1286,1568,2025-07-21,美妆,36.44,10,0,26.44
1287,105,2025-07-05,数码,41.33,20,0,21.33
1288,752,2025-09-01,美妆,204.7,0,0,204.7
1289,536,2025-08-20,食品,91.49,0,0,91.49
1290,1246,2025-07-05,食品,111.26,10,0,101.26
1291,1643,2025-09-29,数码,52.91,0,0,52.91
1292,456,2025-09-05,家居,60.29,0,0,60.29
1293,1540,2025-08-12,数码,88.64,10,0,78.64
1294,1161,2025-07-22,服饰,45.69,0,1,45.69
1295,1649,2025-07-25,数码,51.41,10,0,41.41
1296,163,2025-08-11,美妆,41.63,0,1,41.63
1297,1982,2025-07-06,服饰,47.18,0,1,47.18
1298,870,2025-08-03,服饰,61.99,5,1,56.99
1299,561,2025-07-21,家居,38.4,30,1,8.4
1300,366,2025-07-11,食品,70.62,5,0,65.62
1301,1970,2025-07-12,美妆,70.56,0,0,70.56
1302,1767,2025-08-01,服饰,54.68,5,0,49.68
1303,263,2025-08-05,数码,38.28,10,0,28.28
1304,890,2025-08-02,数码,63.93,10,0,53.93
1305,1468,2025-09-02,美妆,45.71,0,0,45.71
1306,1182,2025-08-18,服饰,61.91,0,0,61.91
1307,379,2025-07-18,美妆,110.38,5,0,105.38
1308,721,2025-09-28,数码,30.29,10,0,20.29
1309,737,2025-09-06,服饰,199.42,20,0,179.42
1310,578,2025-08-13,美妆,57.98,10,1,47.98
1311,1922,2025-07-05,服饰,75.68,10,0,65.68
1312,406,2025-09-23,食品,39.88,5,0,34.88
1313,1414,2025-09-07,服饰,113.09,10,0,103.09
1314,1824,2025-08-12,服饰,56.31,10,0,46.31
1315,1590,2025-07-15,服饰,48.58,0,0,48.58
1316,1599,2025-07-10,数码,43.97,30,1,13.97
1317,318,2025-07-27,食品,52.06,0,0,52.06
1318,267,2025-07-22,家居,75.95,10,1,65.95
1319,1566,2025-07-20,美妆,66.36,10,0,56.36
1320,1494,2025-08-07,美妆,59.03,20,0,39.03
1321,1484,2025-07-05,美妆,40.8,0,0,40.8
1322,838,2025-07-30,家居,39.53,20,0,19.53
1323,1047,2025-09-19,食品,46.83,0,0,46.83
1324,31,2025-09-18,美妆,77.72,0,0,77.72
1325,583,2025-07-01,数码,86.86,20,0,66.86
1326,1057,2025-09-01,食品,93.54,0,0,93.54
1327,252,2025-09-30,服饰,60.29,10,1,50.29
1328,261,2025-08-23,数码,74.51,5,0,69.51
1329,91,2025-08-05,服饰,55.0,30,0,25.0
1330,420,2025-08-15,服饰,23.14,20,0,3.14
1331,1986,2025-07-20,数码,53.58,0,0,53.58
1332,1393,2025-08-06,食品,49.09,20,0,29.09
1333,1897,2025-09-25,美妆,34.07,0,0,34.07
1334,515,2025-08-26,服饰,44.17,10,0,34.17
1335,1198,2025-08-09,食品,64.99,20,1,44.99
1336,1784,2025-07-12,数码,32.35,10,0,22.35
1337,705,2025-09-22,美妆,40.82,10,0,30.82
1338,1315,2025-07-15,食品,141.37,20,0,121.37
1339,1386,2025-09-05,美妆,24.99,10,0,14.99
1340,1665,2025-07-28,家居,54.56,30,0,24.56
1341,1939,2025-07-26,数码,31.77,0,0,31.77
1342,1231,2025-07-16,美妆,39.91,5,0,34.91
1343,1166,2025-08-04,食品,54.12,20,0,34.12
1344,1738,2025-09-01,家居,35.05,0,0,35.05
1345,1370,2025-08-08,美妆,82.74,5,1,77.74
1346,724,2025-07-03,服饰,126.87,20,1,106.87
1347,1261,2025-07-25,美妆,95.86,5,0,90.86
1348,1099,2025-07-15,数码,106.01,0,1,106.01
1349,458,2025-08-06,家居,28.25,0,0,28.25
1350,1032,2025-09-22,美妆,52.79,0,0,52.79
1351,1248,2025-09-27,服饰,78.03,0,1,78.03
1352,1808,2025-09-30,服饰,97.43,0,1,97.43
1353,1161,2025-07-11,食品,158.28,20,1,138.28
1354,330,2025-08-14,服饰,108.63,0,1,108.63
1355,1976,2025-07-05,服饰,98.8,20,0,78.8
1356,1157,2025-08-15,数码,256.85,30,1,226.85
1357,575,2025-08-23,家居,63.62,0,0,63.62
1358,1509,2025-09-10,美妆,51.47,30,0,21.47
1359,770,2025-07-31,食品,66.52,0,0,66.52
1360,741,2025-07-04,食品,36.48,10,0,26.48
1361,1679,2025-08-11,数码,62.63,30,0,32.63
1362,1736,2025-08-09,家居,23.34,20,0,3.34
1363,1048,2025-08-27,家居,45.09,0,0,45.09
1364,747,2025-07-10,美妆,56.63,0,0,56.63
1365,1727,2025-08-26,家居,101.73,0,0,101.73
1366,347,2025-08-06,服饰,111.17,30,0,81.17
1367,1495,2025-09-06,家居,35.52,0,0,35.52
1368,1169,2025-09-29,服饰,189.01,5,1,184.01
1369,1709,2025-07-21,服饰,65.47,0,0,65.47
1370,842,2025-09-08,服饰,68.86,5,0,63.86
1371,1665,2025-07-12,服饰,24.79,5,1,19.79
1372,31,2025-09-29,食品,42.9,0,1,42.9
1373,1517,2025-08-14,数码,107.49,10,0,97.49
1374,140,2025-09-07,数码,66.25,5,0,61.25
1375,1285,2025-09-10,服饰,64.03,5,0,59.03
1376,391,2025-08-25,美妆,68.37,5,1,63.37
1377,1927,2025-08-05,服饰,27.28,5,1,22.28
1378,1539,2025-09-08,服饰,57.22,20,1,37.22
1379,210,2025-08-13,数码,130.92,5,1,125.92
1380,1785,2025-08-30,数码,109.69,5,0,104.69
1381,504,2025-08-26,美妆,56.33,0,0,56.33
1382,1092,2025-08-12,美妆,142.6,0,0,142.6
1383,171,2025-07-11,家居,30.19,20,0,10.19
1384,212,2025-07-27,食品,35.36,20,0,15.36
1385,483,2025-09-25,美妆,168.17,0,0,168.17
1386,1069,2025-08-17,家居,82.92,5,0,77.92
1387,1086,2025-08-28,服饰,51.48,5,1,46.48
1388,1712,2025-07-24,美妆,58.53,10,0,48.53
1389,331,2025-09-03,数码,38.72,0,1,38.72
1390,1499,2025-08-14,食品,70.25,30,1,40.25
1391,12,2025-07-21,服饰,67.26,0,0,67.26
1392,583,2025-07-14,家居,61.0,30,0,31.0
1393,351,2025-08-06,美妆,31.88,0,0,31.88
1394,248,2025-08-22,数码,69.8,0,1,69.8
1395,1170,2025-07-26,美妆,45.09,0,1,45.09
1396,1802,2025-07-23,数码,35.08,0,0,35.08
1397,1334,2025-07-25,家居,121.11,30,0,91.11
1398,1709,2025-07-28,数码,199.01,5,1,194.01
1399,1183,2025-09-06,家居,175.64,0,0,175.64
1400,108,2025-08-15,食品,86.28,30,0,56.28
1401,692,2025-08-13,服饰,52.14,0,0,52.14
1402,1648,2025-07-15,食品,58.05,0,0,58.05
1403,89,2025-08-20,食品,75.42,0,1,75.42
1404,195,2025-09-27,数码,47.89,5,0,42.89
1405,1668,2025-09-07,美妆,124.63,30,1,94.63
1406,127,2025-08-11,数码,19.69,0,0,19.69
1407,1919,2025-07-29,食品,51.28,10,0,41.28
1408,1518,2025-08-02,数码,93.75,0,0,93.75
1409,1331,2025-07-03,食品,37.91,0,0,37.91
1410,1073,2025-07-03,美妆,52.87,10,0,42.87
1411,179,2025-09-10,美妆,83.64,10,0,73.64
1412,830,2025-09-16,家居,139.08,10,1,129.08
1413,1616,2025-09-28,服饰,29.62,0,1,29.62
1414,1808,2025-08-27,美妆,28.43,0,0,28.43
1415,894,2025-09-24,食品,35.86,10,0,25.86
1416,1679,2025-08-08,服饰,25.9,10,1,15.9
1417,1554,2025-07-24,家居,26.94,5,0,21.94
1418,116,2025-07-23,美妆,35.34,0,0,35.34
1419,1241,2025-07-22,美妆,118.92,20,0,98.92
1420,1233,2025-09-07,美妆,50.82,0,0,50.82
1421,1086,2025-07-01,服饰,61.39,10,0,51.39
1422,1545,2025-09-25,数码,35.68,10,0,25.68
1423,1779,2025-09-10,食品,85.49,0,1,85.49
1424,1101,2025-08-05,美妆,169.3,5,0,164.3
1425,641,2025-09-03,家居,37.03,5,0,32.03
1426,1967,2025-07-13,数码,155.81,10,1,145.81
1427,1928,2025-08-09,食品,73.73,30,0,43.73
1428,1373,2025-07-11,食品,60.9,5,1,55.9
1429,1282,2025-07-11,数码,75.19,0,0,75.19
1430,209,2025-07-01,服饰,74.8,0,0,74.8
1431,804,2025-09-12,家居,167.57,10,0,157.57
1432,397,2025-09-07,美妆,80.33,0,0,80.33
1433,1030,2025-09-21,服饰,81.26,20,0,61.26
1434,1653,2025-09-29,食品,47.85,0,0,47.85
1435,450,2025-09-27,家居,95.73,0,0,95.73
1436,1994,2025-09-30,数码,35.65,0,0,35.65
1437,260,2025-07-02,美妆,64.07,20,0,44.07
1438,197,2025-09-11,美妆,294.66,10,0,284.66
1439,1949,2025-09-05,食品,15.22,5,1,10.22
1440,201,2025-07-15,美妆,68.6,0,1,68.6
1441,1471,2025-07-13,家居,70.06,30,1,40.06
1442,1527,2025-09-28,美妆,53.23,20,0,33.23
1443,661,2025-09-20,美妆,53.92,5,1,48.92
1444,129,2025-07-31,服饰,63.45,20,0,43.45
1445,617,2025-07-07,数码,52.53,30,0,22.53
1446,138,2025-07-31,服饰,68.18,0,1,68.18
1447,1345,2025-07-01,家居,46.15,0,0,46.15
1448,1778,2025-09-02,家居,183.52,5,0,178.52
1449,1995,2025-08-04,服饰,52.53,5,0,47.53
1450,1601,2025-07-05,服饰,82.54,20,1,62.54
1451,1550,2025-09-29,家居,41.76,5,0,36.76
1452,1764,2025-09-14,服饰,100.81,0,1,100.81
1453,1540,2025-09-22,食品,90.32,5,0,85.32
1454,1302,2025-09-30,家居,75.99,10,0,65.99
1455,1993,2025-07-02,服饰,34.29,0,0,34.29
1456,646,2025-09-10,数码,39.89,0,1,39.89
1457,826,2025-09-11,美妆,152.54,0,0,152.54
1458,1813,2025-09-10,食品,39.65,20,1,19.65
1459,623,2025-07-25,家居,85.84,0,0,85.84
1460,598,2025-08-05,数码,35.89,0,1,35.89
1461,305,2025-09-24,美妆,105.07,20,0,85.07
1462,552,2025-07-07,家居,41.37,0,0,41.37
1463,1188,2025-08-28,食品,35.53,10,0,25.53
1464,1773,2025-09-11,服饰,40.78,5,0,35.78
1465,273,2025-09-12,美妆,44.5,20,0,24.5
1466,1362,2025-08-24,美妆,75.38,0,0,75.38
1467,1533,2025-09-09,数码,62.69,0,1,62.69
1468,1792,2025-09-22,家居,33.04,0,0,33.04
1469,1501,2025-09-09,服饰,59.42,30,0,29.42
1470,312,2025-07-11,数码,32.17,20,0,12.17
1471,978,2025-07-23,家居,85.97,0,0,85.97
1472,1905,2025-07-29,家居,95.09,0,0,95.09
1473,1817,2025-08-01,数码,59.55,0,1,59.55
1474,1226,2025-08-03,美妆,70.06,0,0,70.06
1475,1927,2025-07-21,服饰,158.17,0,0,158.17
1476,1337,2025-09-01,家居,55.33,20,0,35.33
1477,130,2025-07-11,食品,35.9,0,0,35.9
1478,1829,2025-09-11,美妆,82.98,20,0,62.98
1479,337,2025-08-30,数码,32.36,0,1,32.36
1480,762,2025-09-27,数码,53.74,20,0,33.74
1481,477,2025-07-01,家居,43.4,5,0,38.4
1482,1440,2025-07-28,家居,41.02,0,0,41.02
1483,60,2025-09-21,家居,52.59,20,1,32.59
1484,1281,2025-08-15,服饰,98.98,0,0,98.98
1485,1729,2025-08-21,服饰,110.84,20,0,90.84
1486,1576,2025-07-03,美妆,100.43,20,0,80.43
1487,614,2025-09-09,数码,72.6,30,0,42.6
1488,1794,2025-07-24,食品,52.37,20,0,32.37
1489,725,2025-09-27,家居,16.5,0,0,16.5
1490,1361,2025-08-04,家居,73.86,5,0,68.86
1491,1014,2025-07-18,家居,17.23,10,0,7.23
1492,136,2025-08-24,服饰,20.95,0,1,20.95
1493,6,2025-08-13,数码,55.21,5,0,50.21
1494,367,2025-08-13,家居,69.79,0,0,69.79
1495,1870,2025-09-26,家居,47.08,10,0,37.08
1496,1908,2025-08-03,美妆,140.41,0,0,140.41
1497,821,2025-08-06,数码,77.8,0,0,77.8
1498,1938,2025-08-27,食品,52.61,30,0,22.61
1499,99,2025-07-16,服饰,129.34,20,0,109.34
1500,1935,2025-09-15,美妆,142.71,0,0,142.71
1501,462,2025-07-22,美妆,79.99,0,0,79.99
1502,74,2025-07-23,家居,39.39,10,0,29.39
1503,1516,2025-07-01,服饰,44.58,0,0,44.58
1504,765,2025-08-01,服饰,27.23,10,0,17.23
1505,585,2025-08-23,食品,58.95,20,0,38.95
1506,1520,2025-09-03,食品,33.87,0,0,33.87
1507,667,2025-09-21,食品,50.35,0,0,50.35
1508,1506,2025-09-10,服饰,69.64,0,1,69.64
1509,391,2025-07-30,食品,20.27,0,0,20.27
1510,172,2025-09-14,家居,30.11,10,0,20.11
1511,650,2025-07-18,服饰,45.66,0,1,45.66
1512,1219,2025-07-20,数码,58.62,30,0,28.62
1513,450,2025-08-02,服饰,45.99,10,0,35.99
1514,286,2025-08-19,美妆,52.0,0,1,52.0
1515,1499,2025-07-19,家居,40.92,5,0,35.92
1516,987,2025-09-21,美妆,27.19,5,0,22.19
1517,863,2025-07-25,食品,44.97,5,0,39.97
1518,480,2025-08-06,美妆,53.66,10,0,43.66
1519,36,2025-08-25,数码,50.87,0,0,50.87
1520,107,2025-08-09,食品,64.17,0,1,64.17
1521,1363,2025-08-07,食品,75.97,0,0,75.97
1522,161,2025-09-29,家居,87.79,0,0,87.79
1523,494,2025-08-10,食品,42.59,10,1,32.59
1524,1822,2025-07-11,食品,25.36,30,1,1.0
1525,688,2025-09-06,家居,121.43,10,0,111.43
1526,1490,2025-09-03,食品,74.59,30,0,44.59
1527,687,2025-07-21,家居,35.69,10,0,25.69
1528,1864,2025-09-17,数码,70.3,0,1,70.3
1529,1644,2025-08-06,家居,108.57,20,1,88.57
1530,940,2025-07-14,食品,156.19,0,1,156.19
1531,1369,2025-07-16,食品,69.26,0,0,69.26
1532,827,2025-09-04,服饰,108.07,30,0,78.07
1533,1889,2025-07-20,服饰,31.02,10,0,21.02
1534,717,2025-08-13,服饰,59.16,30,0,29.16
1535,1673,2025-09-06,数码,50.19,0,0,50.19
1536,1233,2025-09-17,美妆,72.85,20,0,52.85
1537,1288,2025-08-15,美妆,146.37,0,0,146.37
1538,704,2025-09-22,数码,69.23,0,0,69.23
1539,1666,2025-07-28,美妆,36.03,20,1,16.03
1540,1493,2025-09-19,服饰,30.12,5,0,25.12
1541,1631,2025-07-24,食品,149.18,10,1,139.18
1542,1603,2025-07-06,食品,80.04,20,0,60.04
1543,316,2025-09-05,服饰,77.2,20,0,57.2
1544,1752,2025-09-08,美妆,49.95,0,0,49.95
1545,1684,2025-09-24,美妆,69.92,0,0,69.92
1546,486,2025-09-23,数码,35.06,30,1,5.06
1547,1964,2025-07-10,美妆,74.66,10,0,64.66
1548,1055,2025-08-27,服饰,31.62,5,1,26.62
1549,644,2025-09-03,美妆,49.52,0,1,49.52
1550,447,2025-08-25,食品,42.37,0,0,42.37
1551,730,2025-07-02,数码,10.06,30,0,1.0
1552,76,2025-07-05,服饰,49.86,5,0,44.86
1553,1382,2025-08-31,家居,36.8,20,0,16.8
1554,1416,2025-09-17,美妆,53.75,0,0,53.75
1555,1336,2025-07-17,美妆,60.4,0,0,60.4
1556,1098,2025-07-05,服饰,159.55,10,1,149.55
1557,726,2025-08-07,美妆,71.35,20,0,51.35
1558,1448,2025-07-29,食品,72.51,0,1,72.51
1559,1743,2025-09-29,数码,79.25,0,0,79.25
1560,176,2025-09-24,数码,97.47,10,0,87.47
1561,766,2025-08-21,食品,77.47,0,1,77.47
1562,1992,2025-09-26,服饰,70.45,5,0,65.45
1563,1724,2025-07-22,美妆,89.23,10,0,79.23
1564,1989,2025-09-30,数码,15.88,0,1,15.88
1565,367,2025-08-11,数码,190.37,10,1,180.37
1566,930,2025-08-13,食品,144.65,0,0,144.65
1567,261,2025-07-05,食品,67.99,10,1,57.99
1568,1733,2025-07-17,食品,27.74,20,0,7.74
1569,1038,2025-07-18,家居,117.41,20,0,97.41
1570,488,2025-08-14,食品,41.2,10,0,31.2
1571,181,2025-07-18,食品,80.93,10,0,70.93
1572,1476,2025-07-10,美妆,29.8,0,0,29.8
1573,1624,2025-08-25,食品,205.31,5,0,200.31
1574,1759,2025-09-19,数码,27.3,0,0,27.3
1575,1943,2025-07-07,家居,62.67,10,1,52.67
1576,1630,2025-08-21,数码,18.78,0,1,18.78
1577,1573,2025-09-27,数码,58.99,5,1,53.99
1578,1624,2025-08-07,数码,47.76,5,0,42.76
1579,1998,2025-07-17,服饰,112.78,10,1,102.78
1580,927,2025-07-08,美妆,47.75,0,0,47.75
1581,1518,2025-09-25,美妆,112.87,5,0,107.87
1582,1640,2025-08-07,数码,34.35,10,0,24.35
1583,233,2025-07-10,数码,51.67,30,0,21.67
1584,1382,2025-09-18,服饰,52.25,10,0,42.25
1585,678,2025-09-12,服饰,79.25,0,0,79.25
1586,265,2025-09-03,食品,73.89,20,1,53.89
1587,341,2025-07-08,家居,89.77,0,0,89.77
1588,229,2025-07-08,服饰,69.88,0,0,69.88
1589,1796,2025-07-21,家居,86.81,0,0,86.81
1590,1544,2025-07-15,服饰,36.82,5,0,31.82
1591,205,2025-08-18,美妆,74.73,10,1,64.73
1592,1251,2025-08-06,数码,146.13,5,0,141.13
1593,1321,2025-09-09,数码,23.95,20,0,3.95
1594,1039,2025-07-10,家居,78.96,10,0,68.96
1595,1213,2025-09-05,服饰,87.55,0,0,87.55
1596,1815,2025-09-24,服饰,134.78,5,0,129.78
1597,1038,2025-07-13,食品,89.96,10,0,79.96
1598,1320,2025-08-30,食品,63.76,5,0,58.76
1599,1143,2025-08-16,美妆,76.44,5,0,71.44
1600,793,2025-07-09,数码,40.27,5,1,35.27
1601,1782,2025-07-27,美妆,48.75,5,0,43.75
1602,828,2025-09-11,家居,28.94,0,0,28.94
1603,1600,2025-09-18,服饰,136.71,20,0,116.71
1604,1211,2025-08-03,数码,77.29,0,0,77.29
1605,1370,2025-07-10,食品,36.46,0,0,36.46
1606,1521,2025-07-23,服饰,70.05,10,0,60.05
1607,1472,2025-09-16,数码,114.16,20,0,94.16
1608,1129,2025-08-22,服饰,104.17,10,0,94.17
1609,1231,2025-08-09,食品,36.23,5,0,31.23
1610,1018,2025-07-02,数码,10.77,30,0,1.0
1611,679,2025-09-11,服饰,75.0,5,1,70.0
1612,1454,2025-08-12,美妆,37.05,5,0,32.05
1613,1758,2025-08-20,美妆,84.97,10,1,74.97
1614,1411,2025-09-16,家居,101.76,5,0,96.76
1615,1545,2025-08-21,美妆,111.33,10,0,101.33
1616,1661,2025-09-24,家居,157.53,30,0,127.53
1617,735,2025-08-21,食品,119.1,0,0,119.1
1618,126,2025-08-01,家居,157.95,0,1,157.95
1619,676,2025-09-23,家居,128.83,5,0,123.83
1620,1510,2025-08-29,美妆,135.15,5,0,130.15
1621,1632,2025-09-08,食品,59.0,10,0,49.0
1622,1028,2025-07-21,数码,29.69,30,0,1.0
1623,1558,2025-08-31,服饰,236.33,10,1,226.33
1624,150,2025-08-21,数码,62.47,30,1,32.47
1625,1289,2025-07-10,食品,118.6,0,0,118.6
1626,1359,2025-07-24,服饰,44.58,0,1,44.58
1627,1016,2025-09-22,家居,102.53,0,0,102.53
1628,1434,2025-08-22,美妆,15.73,20,0,1.0
1629,983,2025-09-10,家居,48.15,0,0,48.15
1630,1048,2025-07-16,美妆,57.16,0,1,57.16
1631,1208,2025-07-21,食品,77.82,5,1,72.82
1632,1588,2025-09-25,美妆,108.81,0,0,108.81
1633,498,2025-08-08,家居,33.06,10,0,23.06
1634,601,2025-09-20,家居,86.75,20,0,66.75
1635,838,2025-09-13,数码,118.47,0,1,118.47
1636,404,2025-07-31,家居,219.26,5,0,214.26
1637,669,2025-09-26,数码,89.0,0,1,89.0
1638,702,2025-09-10,美妆,46.87,0,0,46.87
1639,629,2025-07-12,家居,29.98,0,0,29.98
1640,821,2025-07-09,食品,165.02,10,0,155.02
1641,1010,2025-07-12,美妆,90.52,10,0,80.52
1642,1392,2025-09-07,服饰,59.62,10,0,49.62
1643,606,2025-07-14,数码,24.76,20,1,4.76
1644,1692,2025-07-26,美妆,36.16,0,0,36.16
1645,959,2025-08-09,数码,85.39,10,0,75.39
1646,1442,2025-07-13,服饰,73.3,10,0,63.3
1647,230,2025-07-31,数码,20.69,0,0,20.69
1648,348,2025-09-01,数码,85.45,0,0,85.45
1649,908,2025-09-28,食品,25.47,0,0,25.47
1650,733,2025-08-13,数码,127.07,0,1,127.07
1651,993,2025-09-07,家居,67.67,0,0,67.67
1652,317,2025-08-18,家居,46.76,0,0,46.76
1653,948,2025-08-12,食品,104.02,30,0,74.02
1654,1374,2025-08-17,家居,73.29,20,0,53.29
1655,1457,2025-09-27,家居,125.05,10,1,115.05
1656,497,2025-07-06,服饰,63.07,10,0,53.07
1657,689,2025-08-17,美妆,65.13,30,1,35.13
1658,1051,2025-07-05,数码,51.58,5,0,46.58
1659,1036,2025-09-19,食品,69.73,5,0,64.73
1660,1584,2025-08-25,服饰,153.53,10,0,143.53
1661,781,2025-07-05,食品,45.76,30,0,15.76
1662,1342,2025-08-27,美妆,86.17,20,1,66.17
1663,1768,2025-08-10,数码,37.18,0,0,37.18
1664,597,2025-07-05,食品,19.36,10,0,9.36
1665,1646,2025-09-29,服饰,67.63,0,0,67.63
1666,666,2025-08-04,服饰,73.97,0,0,73.97
1667,669,2025-07-03,美妆,56.8,5,1,51.8
1668,1307,2025-08-26,服饰,26.5,10,0,16.5
1669,1244,2025-08-04,家居,71.33,0,1,71.33
1670,1099,2025-08-30,美妆,69.86,0,0,69.86
1671,463,2025-07-15,数码,37.01,10,1,27.01
1672,193,2025-09-15,服饰,28.66,0,1,28.66
1673,1818,2025-08-08,食品,52.52,20,1,32.52
1674,1748,2025-08-08,家居,86.41,5,1,81.41
1675,1774,2025-09-12,数码,75.88,10,0,65.88
1676,1026,2025-08-20,美妆,37.17,0,0,37.17
1677,1770,2025-07-01,数码,65.06,30,1,35.06
1678,947,2025-08-23,食品,98.29,30,1,68.29
1679,152,2025-08-29,美妆,31.66,0,0,31.66
1680,397,2025-07-29,家居,62.47,10,0,52.47
1681,546,2025-07-17,家居,126.07,20,0,106.07
1682,754,2025-07-05,食品,29.93,0,0,29.93
1683,1879,2025-09-16,服饰,113.92,10,0,103.92
1684,666,2025-07-01,食品,147.02,20,0,127.02
1685,1226,2025-08-23,食品,53.4,5,0,48.4
1686,542,2025-09-15,家居,49.97,30,0,19.97
1687,1287,2025-08-02,数码,106.51,0,0,106.51
1688,1135,2025-07-19,美妆,54.47,30,0,24.47
1689,301,2025-09-04,食品,16.54,30,0,1.0
1690,925,2025-08-27,服饰,57.15,0,0,57.15
1691,211,2025-07-02,食品,78.16,5,0,73.16
1692,1779,2025-08-23,食品,90.65,10,0,80.65
1693,1409,2025-07-01,食品,37.18,20,1,17.18
1694,1883,2025-08-06,食品,52.02,0,1,52.02
1695,1752,2025-07-28,食品,103.27,0,0,103.27
1696,439,2025-09-15,数码,58.38,20,1,38.38
1697,1415,2025-09-28,食品,26.03,5,0,21.03
1698,201,2025-09-03,服饰,119.19,10,0,109.19
1699,1922,2025-09-06,数码,53.64,10,1,43.64
1700,1571,2025-07-03,数码,109.97,30,1,79.97
1701,1361,2025-07-06,数码,28.01,0,0,28.01
1702,1990,2025-09-10,数码,56.46,30,0,26.46
1703,1694,2025-08-09,服饰,79.87,10,0,69.87
1704,1728,2025-08-16,家居,57.52,30,0,27.52
1705,201,2025-09-02,家居,31.48,0,0,31.48
1706,48,2025-08-01,服饰,16.24,10,0,6.24
1707,1923,2025-09-01,美妆,139.46,20,1,119.46
1708,503,2025-09-05,美妆,69.16,20,0,49.16
1709,853,2025-07-23,家居,114.63,0,0,114.63
1710,87,2025-09-02,家居,100.56,5,1,95.56
1711,1247,2025-07-16,美妆,83.79,0,1,83.79
1712,1642,2025-07-29,数码,50.57,0,0,50.57
1713,1684,2025-09-10,美妆,78.99,10,0,68.99
1714,1163,2025-09-29,服饰,132.67,30,0,102.67
1715,1323,2025-07-06,美妆,63.16,10,0,53.16
1716,1028,2025-08-29,服饰,171.73,0,0,171.73
1717,893,2025-08-22,家居,26.45,0,0,26.45
1718,1109,2025-08-25,数码,24.93,5,0,19.93
1719,1872,2025-09-11,服饰,103.9,0,0,103.9
1720,505,2025-07-07,食品,38.46,20,0,18.46
1721,941,2025-09-07,美妆,185.64,0,1,185.64
1722,1204,2025-07-26,食品,125.91,0,1,125.91
1723,1141,2025-07-15,家居,144.48,10,0,134.48
1724,62,2025-08-11,家居,98.14,0,0,98.14
1725,575,2025-07-03,家居,36.35,5,0,31.35
1726,1293,2025-08-28,美妆,24.22,5,0,19.22
1727,1389,2025-08-21,服饰,137.33,0,1,137.33
1728,1469,2025-08-17,服饰,26.45,10,0,16.45
1729,1983,2025-07-03,服饰,144.27,5,0,139.27
1730,1347,2025-09-09,数码,87.21,10,0,77.21
1731,1160,2025-07-04,数码,57.86,0,0,57.86
1732,665,2025-07-25,家居,76.95,5,1,71.95
1733,741,2025-08-06,服饰,77.94,10,1,67.94
1734,1653,2025-09-03,美妆,53.98,0,0,53.98
1735,938,2025-08-07,数码,132.18,0,0,132.18
1736,1432,2025-09-14,数码,129.71,0,0,129.71
1737,249,2025-09-24,食品,65.73,0,1,65.73
1738,257,2025-09-09,服饰,43.38,0,0,43.38
1739,431,2025-07-04,食品,123.75,30,0,93.75
1740,391,2025-09-09,服饰,19.84,5,0,14.84
1741,1214,2025-07-19,食品,77.03,5,0,72.03
1742,1275,2025-09-20,家居,90.63,0,0,90.63
1743,1116,2025-09-29,服饰,38.26,0,0,38.26
1744,579,2025-07-08,服饰,103.09,20,1,83.09
1745,1154,2025-07-10,数码,59.47,10,0,49.47
1746,239,2025-09-03,服饰,44.7,30,1,14.7
1747,946,2025-07-14,家居,102.49,0,0,102.49
1748,310,2025-09-28,数码,33.21,0,0,33.21
1749,154,2025-08-19,食品,97.33,10,0,87.33
1750,332,2025-08-22,美妆,20.28,0,1,20.28
1751,223,2025-09-18,美妆,70.61,0,0,70.61
1752,956,2025-07-20,美妆,61.81,0,0,61.81
1753,1092,2025-08-21,家居,44.84,0,0,44.84
1754,1215,2025-09-30,数码,74.76,20,1,54.76
1755,880,2025-07-03,美妆,57.76,20,0,37.76
1756,353,2025-07-17,服饰,107.78,10,0,97.78
1757,42,2025-07-14,食品,82.11,5,0,77.11
1758,1425,2025-07-31,数码,77.4,20,0,57.4
1759,1966,2025-07-12,数码,70.85,10,0,60.85
1760,563,2025-07-16,美妆,46.54,20,0,26.54
1761,410,2025-09-17,食品,51.11,5,0,46.11
1762,624,2025-08-12,服饰,69.17,30,1,39.17
1763,429,2025-08-02,食品,54.85,0,0,54.85
1764,447,2025-08-08,数码,111.2,10,0,101.2
1765,990,2025-09-28,美妆,63.52,20,0,43.52
1766,1571,2025-08-15,美妆,74.2,20,0,54.2
1767,1425,2025-08-13,食品,27.9,30,1,1.0
1768,1920,2025-09-24,家居,101.37,5,1,96.37
1769,715,2025-07-04,数码,43.83,10,0,33.83
1770,985,2025-08-14,家居,34.01,0,1,34.01
1771,761,2025-09-07,服饰,149.22,10,0,139.22
1772,85,2025-08-17,家居,88.56,0,1,88.56
1773,777,2025-09-18,服饰,103.28,5,0,98.28
1774,522,2025-09-20,美妆,77.48,30,1,47.48
1775,958,2025-07-31,食品,57.33,20,1,37.33
1776,317,2025-09-14,美妆,51.74,5,0,46.74
1777,1484,2025-07-23,家居,92.62,0,0,92.62
1778,1686,2025-07-23,家居,112.49,5,1,107.49
1779,1922,2025-09-28,食品,58.12,0,0,58.12
1780,170,2025-07-02,食品,188.65,0,0,188.65
1781,236,2025-08-02,数码,54.13,30,0,24.13
1782,1933,2025-08-27,数码,28.03,5,0,23.03
1783,1697,2025-08-08,食品,23.41,0,0,23.41
1784,1178,2025-09-16,家居,23.85,10,1,13.85
1785,644,2025-07-24,服饰,48.06,0,1,48.06
1786,1036,2025-08-20,美妆,53.11,5,0,48.11
1787,1072,2025-07-12,服饰,87.83,0,1,87.83
1788,1695,2025-07-20,服饰,59.4,0,0,59.4
1789,1059,2025-07-16,服饰,95.95,5,0,90.95
1790,56,2025-09-07,数码,61.85,10,0,51.85
1791,1400,2025-07-19,家居,60.79,5,0,55.79
1792,1555,2025-08-31,食品,43.92,20,0,23.92
1793,597,2025-08-01,食品,131.95,30,0,101.95
1794,234,2025-08-21,美妆,25.99,20,0,5.99
1795,285,2025-09-19,服饰,71.22,30,0,41.22
1796,1682,2025-09-18,食品,54.6,30,0,24.6
1797,896,2025-07-02,服饰,92.76,20,0,72.76
1798,1059,2025-09-11,数码,59.65,0,0,59.65
1799,1922,2025-09-26,食品,60.63,0,1,60.63
1800,123,2025-08-31,美妆,52.11,10,0,42.11
1801,412,2025-07-18,服饰,129.84,20,1,109.84
1802,1667,2025-08-31,美妆,60.42,20,1,40.42
1803,1081,2025-08-28,服饰,178.27,10,1,168.27
1804,55,2025-08-30,数码,70.09,20,0,50.09
1805,1406,2025-08-09,食品,61.07,10,0,51.07
1806,277,2025-08-18,数码,55.71,10,0,45.71
1807,1565,2025-08-29,食品,82.3,0,0,82.3
1808,1596,2025-08-12,家居,43.66,5,0,38.66
1809,1649,2025-09-10,数码,65.38,0,0,65.38
1810,930,2025-09-04,服饰,60.61,0,0,60.61
1811,536,2025-07-28,服饰,72.16,5,1,67.16
1812,1763,2025-08-26,家居,73.15,0,0,73.15
1813,1118,2025-09-08,美妆,75.27,30,1,45.27
1814,1271,2025-08-15,数码,63.57,5,1,58.57
1815,274,2025-09-04,数码,143.01,10,1,133.01
1816,1248,2025-07-12,数码,76.13,0,0,76.13
1817,1161,2025-08-05,美妆,252.98,20,1,232.98
1818,585,2025-09-03,美妆,62.02,5,0,57.02
1819,1534,2025-09-21,食品,102.25,10,1,92.25
1820,268,2025-08-29,服饰,40.47,10,0,30.47
1821,1439,2025-08-31,美妆,130.38,5,0,125.38
1822,1923,2025-08-01,食品,40.96,10,0,30.96
1823,1135,2025-09-03,美妆,77.54,10,1,67.54
1824,210,2025-08-02,美妆,52.17,20,1,32.17
1825,1107,2025-07-05,家居,77.37,0,0,77.37
1826,1059,2025-07-23,美妆,53.03,30,1,23.03
1827,1105,2025-08-26,家居,39.09,5,0,34.09
1828,546,2025-09-27,家居,51.97,0,1,51.97
1829,1253,2025-08-15,数码,140.87,0,0,140.87
1830,529,2025-09-18,服饰,78.02,5,1,73.02
1831,1116,2025-09-10,美妆,29.7,0,1,29.7
1832,1190,2025-08-21,家居,110.22,20,0,90.22
1833,1292,2025-09-12,服饰,36.95,10,0,26.95
1834,1596,2025-08-06,食品,90.82,30,0,60.82
1835,1766,2025-08-10,食品,81.8,0,1,81.8
1836,1555,2025-09-06,家居,84.69,10,0,74.69
1837,1592,2025-08-28,家居,167.21,0,1,167.21
1838,1738,2025-08-18,美妆,38.25,5,1,33.25
1839,485,2025-08-09,食品,84.43,5,0,79.43
1840,586,2025-09-28,数码,120.64,10,0,110.64
1841,1067,2025-07-07,家居,42.36,10,0,32.36
1842,932,2025-07-06,食品,40.04,0,0,40.04
1843,1405,2025-08-14,服饰,51.52,0,1,51.52
1844,19,2025-07-04,家居,72.14,5,0,67.14
1845,278,2025-08-01,食品,27.78,0,0,27.78
1846,1494,2025-08-22,服饰,81.72,10,0,71.72
1847,1644,2025-08-07,服饰,27.81,5,1,22.81
1848,605,2025-07-19,美妆,122.9,20,0,102.9
1849,622,2025-07-27,数码,80.04,30,0,50.04
1850,1123,2025-08-25,家居,172.82,5,0,167.82
1851,955,2025-09-26,食品,87.17,30,1,57.17
1852,339,2025-09-10,服饰,51.03,20,0,31.03
1853,1001,2025-08-20,家居,38.89,0,0,38.89
1854,1639,2025-07-13,数码,68.81,20,1,48.81
1855,1460,2025-07-23,食品,59.34,5,0,54.34
1856,1635,2025-08-10,服饰,115.86,10,0,105.86
1857,1288,2025-07-23,家居,36.21,10,0,26.21
1858,1755,2025-09-02,服饰,183.37,20,0,163.37
1859,500,2025-08-03,数码,121.65,20,0,101.65
1860,92,2025-09-15,食品,53.95,20,0,33.95
1861,229,2025-07-25,食品,162.2,0,0,162.2
1862,1985,2025-08-15,食品,39.22,30,0,9.22
1863,1282,2025-09-04,美妆,67.56,10,0,57.56
1864,496,2025-07-19,食品,29.9,20,0,9.9
1865,1709,2025-09-09,美妆,166.6,20,0,146.6
1866,619,2025-08-23,食品,24.38,0,0,24.38
1867,1195,2025-08-29,数码,27.32,0,0,27.32
1868,499,2025-08-11,数码,42.56,20,1,22.56
1869,190,2025-09-25,服饰,124.87,30,0,94.87
1870,536,2025-09-10,家居,102.02,20,1,82.02
1871,457,2025-07-18,服饰,64.53,5,0,59.53
1872,1106,2025-08-21,美妆,105.68,0,0,105.68
1873,42,2025-09-22,美妆,56.63,5,1,51.63
1874,480,2025-07-26,美妆,76.12,5,0,71.12
1875,1136,2025-08-19,美妆,149.67,20,1,129.67
1876,788,2025-09-08,美妆,52.69,10,0,42.69
1877,1272,2025-07-26,食品,39.59,5,0,34.59
1878,1312,2025-08-17,数码,78.16,5,0,73.16
1879,1931,2025-08-20,家居,90.66,30,0,60.66
1880,1673,2025-07-17,美妆,64.12,10,0,54.12
1881,457,2025-07-17,美妆,104.78,0,0,104.78
1882,1386,2025-08-21,数码,54.02,5,1,49.02
1883,1255,2025-07-17,服饰,64.73,5,0,59.73
1884,1189,2025-09-26,食品,74.14,0,0,74.14
1885,1598,2025-08-18,美妆,70.67,10,0,60.67
1886,296,2025-09-03,数码,146.54,0,0,146.54
1887,751,2025-08-06,服饰,73.94,5,0,68.94
1888,1633,2025-07-28,家居,51.05,5,0,46.05
1889,1785,2025-08-14,美妆,80.67,5,1,75.67
1890,75,2025-09-04,食品,105.1,10,0,95.1
1891,943,2025-08-06,食品,92.37,10,0,82.37
1892,529,2025-07-26,食品,89.6,0,0,89.6
1893,336,2025-07-14,食品,26.47,0,0,26.47
1894,115,2025-08-19,美妆,15.32,20,0,1.0
1895,1077,2025-09-01,数码,121.68,30,0,91.68
1896,1335,2025-08-18,食品,76.81,0,1,76.81
1897,1063,2025-07-24,美妆,59.63,0,0,59.63
1898,737,2025-07-23,美妆,88.4,30,1,58.4
1899,1543,2025-08-04,食品,174.17,0,1,174.17
1900,1305,2025-08-02,家居,131.29,30,0,101.29
1901,1817,2025-07-19,家居,102.43,20,1,82.43
1902,695,2025-09-25,美妆,37.05,0,0,37.05
1903,478,2025-07-31,美妆,39.8,0,0,39.8
1904,912,2025-07-24,服饰,16.24,30,0,1.0
1905,1014,2025-08-25,食品,85.49,0,0,85.49
1906,916,2025-09-12,美妆,111.02,5,0,106.02
1907,1665,2025-08-12,家居,116.12,0,1,116.12
1908,92,2025-08-31,食品,87.49,10,0,77.49
1909,1056,2025-07-09,美妆,55.44,20,0,35.44
1910,861,2025-08-19,家居,44.24,10,0,34.24
1911,422,2025-07-07,家居,38.32,0,1,38.32
1912,1283,2025-07-13,美妆,55.15,10,0,45.15
1913,1603,2025-08-24,服饰,35.24,10,0,25.24
1914,1093,2025-07-19,美妆,158.5,0,0,158.5
1915,170,2025-07-04,美妆,29.48,20,1,9.48
1916,151,2025-07-17,食品,54.14,10,0,44.14
1917,844,2025-09-10,家居,20.8,0,0,20.8
1918,1337,2025-08-23,家居,71.03,30,0,41.03
1919,628,2025-08-05,数码,60.26,5,0,55.26
1920,618,2025-09-28,家居,49.59,0,0,49.59
1921,1721,2025-08-05,服饰,36.12,0,1,36.12
1922,29,2025-09-19,服饰,60.42,5,0,55.42
1923,160,2025-08-01,家居,44.73,0,0,44.73
1924,312,2025-07-03,数码,55.96,0,1,55.96
1925,1968,2025-07-11,美妆,177.08,20,0,157.08
1926,996,2025-07-26,数码,66.33,10,0,56.33
1927,317,2025-07-18,服饰,80.89,0,0,80.89
1928,621,2025-07-15,数码,46.74,10,0,36.74
1929,1939,2025-08-05,家居,39.2,10,0,29.2
1930,1389,2025-09-28,食品,59.58,5,0,54.58
1931,448,2025-07-19,数码,239.17,30,0,209.17
1932,482,2025-07-22,数码,51.52,0,1,51.52
1933,150,2025-09-30,家居,73.61,0,0,73.61
1934,1546,2025-07-19,食品,38.26,0,0,38.26
1935,275,2025-09-15,美妆,13.26,0,0,13.26
1936,573,2025-08-27,美妆,39.08,5,1,34.08
1937,697,2025-09-24,美妆,223.5,0,0,223.5
1938,1242,2025-08-21,服饰,83.72,10,0,73.72
1939,1213,2025-08-24,数码,148.79,30,1,118.79
1940,1599,2025-07-21,美妆,49.84,20,0,29.84
1941,595,2025-08-22,数码,16.51,10,1,6.51
1942,772,2025-08-31,服饰,32.79,10,0,22.79
1943,778,2025-09-29,美妆,75.07,10,1,65.07
1944,94,2025-07-09,美妆,68.76,5,0,63.76
1945,1476,2025-07-15,服饰,60.0,5,1,55.0
1946,1071,2025-07-02,家居,45.08,0,0,45.08
1947,952,2025-09-11,食品,101.17,0,0,101.17
1948,1991,2025-07-08,家居,45.8,10,1,35.8
1949,358,2025-09-23,家居,71.47,5,0,66.47
1950,1938,2025-08-03,服饰,67.18,0,0,67.18
1951,1361,2025-07-27,家居,49.27,0,0,49.27
1952,443,2025-09-28,服饰,37.16,20,0,17.16
1953,1358,2025-09-05,家居,47.7,0,0,47.7
1954,1512,2025-08-20,数码,169.1,5,0,164.1
1955,725,2025-09-20,家居,111.26,0,0,111.26
1956,690,2025-09-08,食品,105.76,0,0,105.76
1957,1671,2025-08-28,服饰,39.15,20,1,19.15
1958,321,2025-07-30,服饰,27.37,0,0,27.37
1959,27,2025-09-29,服饰,110.29,0,0,110.29
1960,1332,2025-09-05,家居,99.25,30,0,69.25
1961,1814,2025-09-25,食品,65.07,5,0,60.07
1962,1002,2025-09-27,美妆,49.22,10,0,39.22
1963,270,2025-08-20,服饰,26.97,10,0,16.97
1964,1079,2025-08-02,服饰,97.23,0,0,97.23
1965,504,2025-09-26,美妆,115.86,5,0,110.86
1966,1655,2025-09-30,数码,41.53,5,0,36.53
1967,1225,2025-07-12,家居,39.67,0,0,39.67
1968,674,2025-08-28,数码,119.41,0,0,119.41
1969,1250,2025-08-25,家居,42.39,10,0,32.39
1970,1335,2025-09-07,美妆,160.53,0,0,160.53
1971,1358,2025-09-28,美妆,56.83,0,0,56.83
1972,733,2025-07-24,数码,48.78,10,1,38.78
1973,1142,2025-09-28,服饰,61.86,5,0,56.86
1974,86,2025-08-29,家居,48.78,10,0,38.78
1975,808,2025-07-08,数码,112.1,0,1,112.1
1976,757,2025-08-17,服饰,98.22,10,1,88.22
1977,1070,2025-07-13,服饰,109.78,20,0,89.78
1978,1901,2025-09-26,数码,66.79,5,0,61.79
1979,1908,2025-09-09,数码,46.95,20,0,26.95
1980,967,2025-09-22,美妆,60.04,5,0,55.04
1981,1293,2025-08-25,数码,47.74,0,0,47.74
1982,217,2025-08-06,食品,135.18,5,0,130.18
1983,965,2025-08-09,数码,104.72,5,1,99.72
1984,1376,2025-09-26,食品,57.38,20,0,37.38
1985,1366,2025-07-14,食品,36.25,0,1,36.25
1986,1927,2025-09-20,美妆,140.82,0,0,140.82
1987,933,2025-08-08,服饰,65.05,20,0,45.05
1988,1816,2025-08-24,服饰,56.17,0,1,56.17
1989,1958,2025-08-31,服饰,141.5,10,0,131.5
1990,1144,2025-07-08,家居,45.58,0,0,45.58
1991,183,2025-07-14,食品,50.63,30,0,20.63
1992,753,2025-07-15,美妆,53.15,0,0,53.15
1993,1530,2025-09-10,家居,29.25,10,1,19.25
1994,1162,2025-07-08,家居,71.78,10,0,61.78
1995,1873,2025-08-26,美妆,39.67,30,1,9.67
1996,1632,2025-07-10,美妆,44.08,30,0,14.08
1997,127,2025-09-09,食品,40.96,20,1,20.96
1998,1723,2025-09-28,家居,43.69,0,0,43.69
1999,715,2025-08-08,数码,38.04,5,0,33.04
2000,1638,2025-07-20,食品,69.13,20,1,49.13
2001,1016,2025-08-10,美妆,55.39,10,0,45.39
2002,911,2025-09-02,美妆,61.95,20,0,41.95
2003,145,2025-09-05,服饰,220.21,20,1,200.21
2004,238,2025-08-28,数码,55.39,0,0,55.39
2005,1191,2025-08-23,家居,84.16,0,0,84.16
2006,1139,2025-08-28,数码,89.6,0,0,89.6
2007,1110,2025-07-20,美妆,58.29,10,1,48.29
2008,313,2025-07-20,食品,70.15,5,0,65.15
2009,1020,2025-09-24,家居,61.03,0,0,61.03
2010,122,2025-08-23,食品,67.45,10,0,57.45
2011,289,2025-09-18,家居,43.7,0,0,43.7
2012,998,2025-08-27,食品,45.98,5,0,40.98
2013,1234,2025-08-11,食品,60.9,5,1,55.9
2014,1311,2025-08-22,食品,20.4,5,1,15.4
2015,1964,2025-09-02,美妆,137.39,0,1,137.39
2016,1709,2025-07-18,食品,198.04,10,1,188.04
2017,760,2025-08-12,美妆,66.27,20,0,46.27
2018,1566,2025-09-05,数码,87.01,10,0,77.01
2019,192,2025-07-09,数码,109.35,30,0,79.35
2020,1715,2025-07-07,美妆,29.12,0,0,29.12
2021,774,2025-07-15,家居,100.54,0,0,100.54
2022,1521,2025-08-24,食品,47.73,0,0,47.73
2023,1942,2025-07-22,家居,212.7,10,0,202.7
2024,1407,2025-08-10,数码,54.41,0,0,54.41
2025,1841,2025-07-13,家居,99.43,30,0,69.43
2026,21,2025-07-24,家居,54.7,10,1,44.7
2027,342,2025-07-02,美妆,201.98,20,0,181.98
2028,1253,2025-09-13,美妆,45.52,5,0,40.52
2029,1082,2025-08-12,家居,114.53,10,0,104.53
2030,241,2025-07-17,美妆,85.17,5,0,80.17
2031,1437,2025-08-18,数码,75.37,5,0,70.37
2032,118,2025-09-24,服饰,68.44,20,1,48.44
2033,1982,2025-09-14,家居,41.81,0,1,41.81
2034,313,2025-09-20,数码,14.55,20,0,1.0
2035,891,2025-08-07,食品,108.95,10,1,98.95
2036,1647,2025-08-03,食品,46.12,10,0,36.12
2037,1029,2025-07-30,数码,114.81,0,1,114.81
2038,1488,2025-07-29,美妆,73.22,0,0,73.22
2039,1408,2025-09-23,美妆,116.76,0,0,116.76
2040,1898,2025-07-13,美妆,93.79,10,1,83.79
2041,928,2025-09-17,服饰,15.56,0,0,15.56
2042,1958,2025-09-23,家居,84.62,30,0,54.62
2043,1034,2025-09-16,数码,49.95,30,1,19.95
2044,1787,2025-08-27,食品,114.52,0,0,114.52
2045,1466,2025-09-17,家居,83.53,10,0,73.53
2046,266,2025-07-03,数码,84.07,0,0,84.07
2047,1288,2025-09-14,食品,51.95,0,0,51.95
2048,1757,2025-08-17,服饰,36.53,0,0,36.53
2049,257,2025-09-27,食品,47.56,20,0,27.56
2050,1678,2025-07-08,服饰,22.42,20,0,2.42
2051,211,2025-09-24,数码,43.61,0,0,43.61
2052,1743,2025-08-22,服饰,26.97,0,0,26.97
2053,1578,2025-07-10,食品,27.36,5,0,22.36
2054,304,2025-08-16,美妆,64.33,5,0,59.33
2055,1453,2025-07-04,服饰,80.94,0,0,80.94
2056,234,2025-07-08,食品,59.29,20,0,39.29
2057,1137,2025-08-18,美妆,45.86,30,0,15.86
2058,1848,2025-09-14,美妆,35.84,5,1,30.84
2059,412,2025-07-10,家居,50.68,20,0,30.68
2060,348,2025-07-25,美妆,38.39,10,0,28.39
2061,846,2025-08-06,食品,58.29,10,0,48.29
2062,738,2025-08-19,服饰,26.13,20,0,6.13
2063,97,2025-07-01,美妆,88.74,5,0,83.74
2064,912,2025-08-28,美妆,44.17,5,0,39.17
2065,520,2025-08-15,数码,74.21,0,0,74.21
2066,249,2025-09-27,服饰,98.29,10,0,88.29
2067,553,2025-07-28,家居,72.26,0,0,72.26
2068,42,2025-08-15,服饰,93.65,0,1,93.65
2069,1831,2025-07-08,数码,19.36,5,0,14.36
2070,1989,2025-09-23,服饰,46.01,5,0,41.01
2071,736,2025-09-15,家居,110.69,0,0,110.69
2072,1754,2025-08-02,数码,79.84,0,0,79.84
2073,923,2025-08-12,家居,166.78,20,1,146.78
2074,1825,2025-09-17,家居,154.07,10,0,144.07
2075,347,2025-07-28,家居,71.15,5,0,66.15
2076,570,2025-07-22,数码,52.53,20,0,32.53
2077,1480,2025-07-23,家居,35.62,20,1,15.62
2078,441,2025-09-04,服饰,46.45,0,0,46.45
2079,1648,2025-07-20,数码,48.21,10,0,38.21
2080,852,2025-07-09,家居,43.54,0,0,43.54
2081,808,2025-07-16,美妆,36.41,5,0,31.41
2082,907,2025-09-29,家居,75.25,10,0,65.25
2083,1596,2025-09-19,食品,153.42,0,0,153.42
2084,12,2025-09-26,食品,100.82,5,1,95.82
2085,1502,2025-07-26,美妆,50.54,0,0,50.54
2086,1559,2025-08-10,服饰,105.4,5,0,100.4
2087,1643,2025-08-15,家居,73.01,0,1,73.01
2088,1994,2025-08-18,数码,59.0,20,0,39.0
2089,1565,2025-07-03,食品,57.01,5,0,52.01
2090,1058,2025-08-24,家居,54.06,0,0,54.06
2091,933,2025-07-04,服饰,86.32,20,1,66.32
2092,777,2025-07-26,数码,65.16,0,0,65.16
2093,1655,2025-07-27,食品,40.42,10,0,30.42
2094,786,2025-09-01,数码,39.36,5,0,34.36
2095,1146,2025-09-21,服饰,71.4,0,0,71.4
2096,193,2025-09-03,数码,76.38,0,1,76.38
2097,635,2025-08-10,数码,50.79,0,0,50.79
2098,533,2025-08-18,家居,32.38,10,0,22.38
2099,871,2025-08-17,美妆,120.06,10,0,110.06
2100,1005,2025-07-14,服饰,106.83,0,0,106.83
2101,1433,2025-09-27,服饰,20.23,0,1,20.23
2102,864,2025-09-23,服饰,126.06,20,0,106.06
2103,301,2025-07-23,美妆,53.79,0,0,53.79
2104,1091,2025-07-11,家居,66.99,0,0,66.99
2105,110,2025-07-16,服饰,112.85,10,1,102.85
2106,1699,2025-08-27,服饰,149.74,0,0,149.74
2107,1542,2025-07-03,服饰,104.75,30,0,74.75
2108,451,2025-07-10,美妆,68.89,0,0,68.89
2109,527,2025-08-29,数码,28.32,20,1,8.32
2110,56,2025-07-14,美妆,19.8,5,1,14.8
2111,729,2025-07-07,食品,97.81,0,0,97.81
2112,77,2025-07-02,美妆,126.23,5,0,121.23
2113,1873,2025-09-03,家居,38.55,30,0,8.55
2114,269,2025-08-03,服饰,52.02,5,0,47.02
2115,1319,2025-07-27,美妆,44.41,0,0,44.41
2116,1141,2025-08-28,食品,43.77,30,0,13.77
2117,474,2025-07-16,家居,108.99,0,0,108.99
2118,1617,2025-08-17,食品,68.04,0,0,68.04
2119,218,2025-08-14,服饰,53.19,0,0,53.19
2120,1774,2025-09-01,食品,260.25,20,0,240.25
2121,1481,2025-08-27,美妆,27.41,0,1,27.41
2122,1271,2025-09-01,美妆,81.56,0,0,81.56
2123,1760,2025-07-20,家居,33.89,30,0,3.89
2124,807,2025-07-13,家居,55.34,10,1,45.34
2125,564,2025-08-19,美妆,65.48,0,1,65.48
2126,310,2025-07-06,食品,96.02,10,1,86.02
2127,1849,2025-08-11,食品,52.27,0,1,52.27
2128,803,2025-08-27,家居,49.31,5,0,44.31
2129,1659,2025-09-14,家居,51.75,0,0,51.75
2130,665,2025-08-30,美妆,33.32,10,1,23.32
2131,1910,2025-09-30,服饰,85.44,20,0,65.44
2132,1741,2025-08-21,服饰,70.44,0,0,70.44
2133,617,2025-08-11,服饰,76.66,0,0,76.66
2134,974,2025-07-23,数码,58.08,5,0,53.08
2135,1588,2025-08-31,数码,54.27,20,0,34.27
2136,453,2025-09-13,家居,115.19,20,0,95.19
2137,48,2025-07-30,服饰,105.85,20,0,85.85
2138,578,2025-07-07,服饰,131.39,30,0,101.39
2139,1182,2025-07-01,服饰,74.06,20,0,54.06
2140,273,2025-08-28,数码,126.97,30,0,96.97
2141,667,2025-08-30,服饰,48.0,10,1,38.0
2142,1838,2025-07-12,数码,54.03,0,0,54.03
2143,151,2025-07-03,家居,116.43,10,0,106.43
2144,101,2025-08-30,服饰,95.96,0,0,95.96
2145,848,2025-08-06,数码,51.43,0,0,51.43
2146,26,2025-08-08,食品,33.94,0,0,33.94
2147,56,2025-07-25,家居,53.94,5,0,48.94
2148,366,2025-09-05,美妆,41.4,10,1,31.4
2149,205,2025-09-07,美妆,155.79,5,0,150.79
2150,1622,2025-07-05,服饰,91.65,0,0,91.65
2151,246,2025-07-09,数码,39.6,30,0,9.6
2152,1047,2025-08-21,家居,33.96,10,1,23.96
2153,1411,2025-08-25,服饰,39.33,0,1,39.33
2154,1252,2025-07-14,食品,44.37,0,0,44.37
2155,1308,2025-07-15,数码,55.05,0,1,55.05
2156,716,2025-09-01,数码,111.39,30,0,81.39
2157,1778,2025-08-11,家居,35.46,0,1,35.46
2158,138,2025-07-12,数码,212.56,30,1,182.56
2159,215,2025-08-26,家居,35.92,0,1,35.92
2160,1713,2025-07-07,家居,27.8,20,0,7.8
2161,137,2025-07-22,家居,152.71,0,0,152.71
2162,384,2025-09-04,食品,124.8,5,0,119.8
2163,347,2025-07-21,食品,54.58,5,0,49.58
2164,67,2025-07-06,食品,74.42,0,1,74.42
2165,235,2025-09-27,家居,75.46,30,0,45.46
2166,1146,2025-07-21,美妆,65.05,10,0,55.05
2167,1323,2025-08-17,数码,29.58,0,0,29.58
2168,167,2025-09-14,数码,15.41,20,0,1.0
2169,1885,2025-09-30,服饰,37.92,0,0,37.92
2170,192,2025-09-13,食品,163.84,30,0,133.84
2171,1375,2025-08-01,服饰,167.42,5,0,162.42
2172,1601,2025-09-17,数码,52.25,0,0,52.25
2173,1042,2025-07-02,食品,35.63,0,0,35.63
2174,984,2025-07-31,美妆,70.31,0,1,70.31
2175,219,2025-07-19,服饰,76.82,30,0,46.82
2176,484,2025-08-18,服饰,83.96,0,0,83.96
2177,1702,2025-09-21,数码,15.03,0,1,15.03
2178,698,2025-09-10,家居,342.67,20,0,322.67
2179,69,2025-09-30,美妆,112.49,0,0,112.49
2180,1459,2025-07-13,家居,54.12,0,0,54.12
2181,1368,2025-09-08,食品,40.64,10,0,30.64
2182,133,2025-09-05,美妆,103.86,0,0,103.86
2183,103,2025-08-11,食品,79.24,20,1,59.24
2184,233,2025-07-09,数码,63.48,10,0,53.48
2185,102,2025-07-10,家居,77.64,0,0,77.64
2186,1233,2025-09-23,食品,56.71,5,1,51.71
2187,266,2025-07-28,美妆,75.27,0,0,75.27
2188,1214,2025-08-28,数码,89.97,5,0,84.97
2189,353,2025-09-25,食品,72.88,10,0,62.88
2190,1945,2025-08-15,美妆,70.81,20,0,50.81
2191,1452,2025-07-20,食品,129.81,5,0,124.81
2192,750,2025-08-14,食品,25.07,20,0,5.07
2193,858,2025-07-22,服饰,38.91,0,1,38.91
2194,131,2025-07-17,服饰,61.23,30,1,31.23
2195,110,2025-09-13,数码,40.39,0,1,40.39
2196,1076,2025-08-01,服饰,48.53,20,0,28.53
2197,46,2025-09-02,食品,122.52,5,0,117.52
2198,1277,2025-09-05,数码,55.59,0,0,55.59
2199,765,2025-08-20,美妆,22.06,5,0,17.06
2200,280,2025-08-19,美妆,47.81,30,0,17.81
2201,1072,2025-07-17,家居,62.3,20,0,42.3
2202,1106,2025-08-18,服饰,61.67,10,0,51.67
2203,1493,2025-09-08,数码,81.93,5,0,76.93
2204,396,2025-07-18,服饰,78.33,10,0,68.33
2205,1095,2025-07-22,家居,55.9,0,1,55.9
2206,1690,2025-09-02,食品,31.31,10,0,21.31
2207,540,2025-09-29,服饰,47.34,0,0,47.34
2208,1671,2025-08-06,数码,42.84,20,0,22.84
2209,1447,2025-09-15,服饰,51.58,10,0,41.58
2210,860,2025-07-17,美妆,88.25,5,0,83.25
2211,1767,2025-08-22,食品,75.36,10,0,65.36
2212,1934,2025-09-25,数码,94.94,0,0,94.94
2213,474,2025-08-10,食品,48.85,0,0,48.85
2214,1960,2025-08-16,家居,138.32,0,0,138.32
2215,5,2025-07-15,食品,87.36,0,0,87.36
2216,259,2025-08-18,美妆,64.18,0,0,64.18
2217,87,2025-08-23,美妆,84.09,10,0,74.09
2218,736,2025-09-29,家居,41.61,10,0,31.61
2219,1874,2025-07-19,数码,18.92,5,0,13.92
2220,1201,2025-08-03,服饰,43.22,30,0,13.22
2221,1234,2025-08-29,数码,91.02,20,0,71.02
2222,170,2025-09-25,食品,63.06,0,1,63.06
2223,1033,2025-07-22,美妆,55.97,5,1,50.97
2224,766,2025-09-02,服饰,37.85,30,1,7.85
2225,959,2025-09-19,家居,20.58,0,0,20.58
2226,523,2025-08-28,服饰,132.11,5,0,127.11
2227,404,2025-08-09,家居,53.82,30,0,23.82
2228,1905,2025-07-22,服饰,47.64,20,0,27.64
2229,1117,2025-07-27,食品,41.7,20,0,21.7
2230,824,2025-07-05,服饰,120.3,20,1,100.3
2231,148,2025-07-14,食品,97.98,0,1,97.98
2232,1526,2025-08-10,家居,35.45,10,0,25.45
2233,946,2025-07-13,食品,114.49,20,0,94.49
2234,774,2025-07-01,食品,55.71,0,1,55.71
2235,1334,2025-09-02,服饰,43.13,0,1,43.13
2236,264,2025-07-07,家居,51.34,0,0,51.34
2237,1067,2025-07-13,美妆,39.22,10,0,29.22
2238,1727,2025-08-24,食品,29.18,10,0,19.18
2239,928,2025-09-23,家居,92.47,20,0,72.47
2240,1,2025-09-05,数码,53.44,0,0,53.44
2241,460,2025-07-03,数码,84.73,10,0,74.73
2242,112,2025-07-16,服饰,70.67,0,0,70.67
2243,1001,2025-09-07,食品,81.59,30,0,51.59
2244,729,2025-09-06,食品,19.58,10,1,9.58
2245,265,2025-08-05,服饰,37.46,10,0,27.46
2246,1374,2025-09-26,美妆,82.53,0,0,82.53
2247,354,2025-09-20,家居,29.93,0,0,29.93
2248,684,2025-09-07,家居,74.08,0,1,74.08
2249,1976,2025-09-07,家居,28.08,20,0,8.08
2250,133,2025-09-11,家居,60.89,0,0,60.89
2251,496,2025-07-14,家居,146.28,20,0,126.28
2252,636,2025-09-03,服饰,92.39,0,0,92.39
2253,1018,2025-09-25,家居,21.8,5,1,16.8
2254,490,2025-07-21,数码,96.22,0,0,96.22
2255,1941,2025-07-02,家居,164.39,0,0,164.39
2256,11,2025-08-03,数码,281.0,5,0,276.0
2257,1897,2025-07-25,服饰,78.36,5,0,73.36
2258,1070,2025-09-26,食品,28.49,5,1,23.49
2259,77,2025-08-11,数码,76.64,10,0,66.64
2260,234,2025-08-30,服饰,145.16,0,1,145.16
2261,207,2025-09-29,食品,54.44,10,0,44.44
2262,575,2025-09-11,数码,107.09,10,0,97.09
2263,667,2025-09-07,食品,38.02,0,1,38.02
2264,1283,2025-09-28,数码,74.05,5,0,69.05
2265,623,2025-09-02,服饰,15.34,0,1,15.34
2266,1451,2025-07-22,美妆,35.78,0,0,35.78
2267,588,2025-09-05,家居,60.14,0,0,60.14
2268,527,2025-07-30,食品,49.41,10,1,39.41
2269,551,2025-07-31,服饰,29.51,0,0,29.51
2270,659,2025-08-29,服饰,45.84,20,0,25.84
2271,1676,2025-07-30,食品,72.34,20,0,52.34
2272,494,2025-07-03,家居,57.55,0,0,57.55
2273,547,2025-09-30,服饰,62.4,10,0,52.4
2274,1914,2025-08-22,服饰,90.25,0,0,90.25
2275,1308,2025-08-31,美妆,49.96,0,1,49.96
2276,382,2025-09-13,美妆,127.43,30,0,97.43
2277,1737,2025-08-28,服饰,35.02,5,0,30.02
2278,367,2025-08-26,美妆,174.23,0,0,174.23
2279,325,2025-09-11,数码,111.29,20,0,91.29
2280,891,2025-07-28,家居,49.61,30,0,19.61
2281,1383,2025-09-15,美妆,51.46,5,0,46.46
2282,379,2025-09-05,数码,67.61,10,0,57.61
2283,1507,2025-07-17,家居,83.87,20,1,63.87
2284,314,2025-07-14,服饰,110.17,10,1,100.17
2285,1564,2025-09-19,家居,28.87,5,1,23.87
2286,192,2025-09-21,服饰,76.75,20,0,56.75
2287,929,2025-09-30,数码,18.84,5,1,13.84
2288,1281,2025-07-10,数码,54.73,0,0,54.73
2289,532,2025-09-21,家居,134.24,0,0,134.24
2290,1225,2025-09-18,食品,27.67,5,0,22.67
2291,1378,2025-09-09,数码,25.04,0,0,25.04
2292,1301,2025-08-15,服饰,68.13,0,0,68.13
2293,794,2025-08-16,食品,129.42,5,0,124.42
2294,1547,2025-08-09,家居,72.17,30,0,42.17
2295,1464,2025-07-03,服饰,21.17,0,1,21.17
2296,653,2025-08-16,服饰,23.91,0,0,23.91
2297,1467,2025-07-22,数码,63.67,20,0,43.67
2298,1837,2025-07-19,食品,31.55,5,0,26.55
2299,1634,2025-07-06,食品,65.05,20,0,45.05
2300,1467,2025-08-12,美妆,67.21,5,1,62.21
2301,1534,2025-07-05,服饰,46.09,10,0,36.09
2302,1610,2025-09-17,数码,163.71,0,0,163.71
2303,579,2025-09-20,美妆,83.49,5,0,78.49
2304,1442,2025-09-12,数码,117.49,10,0,107.49
2305,399,2025-07-28,食品,100.12,0,0,100.12
2306,717,2025-07-16,美妆,55.56,0,1,55.56
2307,1870,2025-08-16,美妆,54.22,5,0,49.22
2308,567,2025-08-31,数码,51.23,10,0,41.23
2309,1688,2025-07-02,美妆,87.76,5,0,82.76
2310,846,2025-09-17,家居,42.19,10,1,32.19
2311,420,2025-08-10,食品,155.83,10,0,145.83
2312,195,2025-09-14,家居,40.04,0,0,40.04
2313,1097,2025-07-08,食品,67.89,30,0,37.89
2314,903,2025-08-09,食品,53.2,20,1,33.2
2315,1023,2025-08-12,食品,47.09,0,0,47.09
2316,87,2025-07-05,食品,199.3,5,1,194.3
2317,537,2025-09-04,食品,47.4,0,1,47.4
2318,8,2025-09-24,家居,51.03,30,0,21.03
2319,605,2025-08-19,数码,41.88,5,0,36.88
2320,1863,2025-08-06,服饰,61.72,5,0,56.72
2321,305,2025-08-28,服饰,57.07,30,1,27.07
2322,1379,2025-08-03,服饰,32.6,10,0,22.6
2323,12,2025-08-03,数码,47.78,0,1,47.78
2324,1124,2025-09-08,美妆,84.38,10,0,74.38
2325,1842,2025-08-24,美妆,106.15,20,0,86.15
2326,683,2025-07-25,家居,61.14,0,1,61.14
2327,395,2025-08-07,服饰,62.33,5,1,57.33
2328,1142,2025-09-15,服饰,49.47,10,0,39.47
2329,558,2025-08-18,服饰,45.77,5,1,40.77
2330,1784,2025-07-07,美妆,36.39,30,0,6.39
2331,1698,2025-09-17,服饰,25.63,5,0,20.63
2332,1305,2025-09-07,数码,41.0,10,0,31.0
2333,1279,2025-07-25,数码,99.21,20,0,79.21
2334,1205,2025-09-27,服饰,47.78,0,0,47.78
2335,1471,2025-09-26,食品,49.88,0,0,49.88
2336,921,2025-09-30,美妆,49.35,30,1,19.35
2337,1940,2025-08-04,服饰,119.65,10,0,109.65
2338,692,2025-09-23,食品,36.21,5,0,31.21
2339,18,2025-09-13,数码,70.27,0,0,70.27
2340,1398,2025-09-19,美妆,58.11,0,0,58.11
2341,1325,2025-08-20,数码,62.64,0,0,62.64
2342,1962,2025-07-26,家居,69.02,5,1,64.02
2343,791,2025-07-21,服饰,62.27,10,1,52.27
2344,850,2025-09-27,服饰,93.33,0,0,93.33
2345,1125,2025-08-16,美妆,59.38,10,0,49.38
2346,785,2025-09-24,家居,157.5,30,0,127.5
2347,1570,2025-08-21,服饰,61.83,30,0,31.83
2348,857,2025-08-19,食品,23.64,20,0,3.64
2349,1568,2025-07-07,食品,85.72,5,1,80.72
2350,852,2025-08-06,服饰,74.86,5,0,69.86
2351,451,2025-08-21,服饰,61.43,5,0,56.43
2352,1982,2025-07-11,服饰,52.31,0,1,52.31
2353,1053,2025-07-15,服饰,18.86,20,0,1.0
2354,1414,2025-08-24,食品,20.68,10,0,10.68
2355,1183,2025-07-23,家居,149.33,10,1,139.33
2356,719,2025-09-03,美妆,43.73,0,0,43.73
2357,1945,2025-08-12,美妆,102.63,0,0,102.63
2358,744,2025-08-07,美妆,24.99,20,0,4.99
2359,1987,2025-07-11,家居,33.93,0,0,33.93
2360,862,2025-08-07,家居,87.64,0,0,87.64
2361,46,2025-08-19,数码,57.03,10,1,47.03
2362,74,2025-08-22,食品,81.1,10,0,71.1
2363,1948,2025-07-25,服饰,59.89,0,0,59.89
2364,1056,2025-07-03,家居,53.83,0,1,53.83
2365,776,2025-09-25,服饰,41.51,20,1,21.51
2366,1623,2025-09-27,服饰,31.29,30,1,1.29
2367,1235,2025-09-22,数码,130.51,5,1,125.51
2368,1322,2025-07-27,服饰,142.88,20,1,122.88
2369,1371,2025-08-25,服饰,34.08,0,1,34.08
2370,397,2025-07-13,食品,32.88,10,0,22.88
2371,177,2025-09-22,服饰,49.84,10,0,39.84
2372,1457,2025-07-01,美妆,72.77,20,0,52.77
2373,44,2025-08-13,数码,54.6,20,0,34.6
2374,1439,2025-09-17,服饰,79.42,0,0,79.42
2375,260,2025-09-05,数码,58.73,0,0,58.73
2376,526,2025-09-18,服饰,56.65,20,0,36.65
2377,1416,2025-08-15,数码,227.51,0,0,227.51
2378,1246,2025-07-09,服饰,45.2,10,0,35.2
2379,1564,2025-07-01,数码,148.71,5,0,143.71
2380,1222,2025-07-15,数码,133.72,0,0,133.72
2381,96,2025-07-06,数码,79.62,10,0,69.62
2382,1680,2025-08-11,美妆,20.92,5,0,15.92
2383,432,2025-07-05,美妆,61.38,20,0,41.38
2384,273,2025-07-18,家居,45.46,0,0,45.46
2385,1758,2025-08-08,数码,61.01,0,1,61.01
2386,390,2025-09-06,服饰,33.63,0,0,33.63
2387,1073,2025-09-01,服饰,91.46,0,1,91.46
2388,972,2025-07-06,美妆,103.72,10,1,93.72
2389,1540,2025-09-22,数码,114.84,5,1,109.84
2390,89,2025-08-20,美妆,48.9,0,1,48.9
2391,214,2025-08-02,家居,33.69,30,0,3.69
2392,832,2025-08-05,食品,73.22,0,0,73.22
2393,947,2025-09-17,家居,158.51,5,0,153.51
2394,1577,2025-08-12,家居,62.69,20,0,42.69
2395,1212,2025-07-23,食品,77.38,10,0,67.38
2396,298,2025-08-09,家居,53.03,0,1,53.03
2397,1958,2025-07-07,食品,45.75,30,0,15.75
2398,920,2025-07-15,服饰,86.67,5,0,81.67
2399,1930,2025-07-29,美妆,56.92,0,1,56.92
2400,1980,2025-07-21,食品,75.33,0,0,75.33
2401,104,2025-08-02,家居,79.77,30,0,49.77
2402,1012,2025-07-06,家居,73.05,0,0,73.05
2403,845,2025-08-26,服饰,82.01,20,0,62.01
2404,997,2025-07-11,服饰,37.74,0,0,37.74
2405,620,2025-07-20,食品,36.5,0,0,36.5
2406,1118,2025-09-28,食品,58.94,20,0,38.94
2407,985,2025-07-01,数码,59.73,30,0,29.73
2408,373,2025-07-26,美妆,45.27,0,0,45.27
2409,578,2025-08-16,家居,68.89,0,0,68.89
2410,295,2025-07-29,食品,99.44,10,0,89.44
2411,1688,2025-07-30,美妆,115.95,5,0,110.95
2412,1355,2025-07-12,食品,131.2,5,1,126.2
2413,776,2025-08-08,家居,29.28,0,0,29.28
2414,792,2025-09-08,美妆,31.83,30,0,1.83
2415,159,2025-08-24,食品,51.45,0,0,51.45
2416,580,2025-09-24,家居,63.06,0,0,63.06
2417,1849,2025-09-03,服饰,52.92,0,1,52.92
2418,63,2025-09-11,食品,44.52,0,1,44.52
2419,293,2025-08-09,数码,51.04,5,0,46.04
2420,1693,2025-08-26,家居,78.71,0,0,78.71
2421,1041,2025-08-23,服饰,29.04,10,0,19.04
2422,65,2025-09-13,数码,218.95,5,1,213.95
2423,980,2025-08-16,家居,61.04,0,0,61.04
2424,1500,2025-08-07,美妆,107.55,20,0,87.55
2425,691,2025-07-07,数码,43.86,5,1,38.86
2426,764,2025-09-18,食品,82.76,0,0,82.76
2427,1263,2025-08-10,数码,63.76,0,1,63.76
2428,1198,2025-09-12,美妆,96.66,10,0,86.66
2429,1806,2025-09-01,服饰,54.1,20,1,34.1
2430,496,2025-07-01,家居,141.65,10,1,131.65
2431,553,2025-08-29,美妆,26.56,20,0,6.56
2432,311,2025-08-14,服饰,101.71,0,0,101.71
2433,1330,2025-07-23,家居,64.41,30,0,34.41
2434,1067,2025-07-25,家居,34.46,0,0,34.46
2435,694,2025-08-28,数码,176.56,0,0,176.56
2436,1392,2025-07-08,食品,166.8,5,1,161.8
2437,754,2025-08-25,美妆,19.29,0,1,19.29
2438,391,2025-09-16,数码,66.5,5,1,61.5
2439,1080,2025-07-08,数码,88.95,0,0,88.95
2440,873,2025-07-01,食品,76.93,10,0,66.93
2441,811,2025-07-06,数码,138.87,20,0,118.87
2442,890,2025-09-06,食品,123.87,10,0,113.87
2443,1829,2025-09-16,家居,69.82,5,0,64.82
2444,432,2025-09-29,数码,211.12,0,0,211.12
2445,552,2025-07-03,美妆,101.01,20,0,81.01
2446,1131,2025-08-14,数码,49.74,5,0,44.74
2447,94,2025-07-05,美妆,44.53,5,0,39.53
2448,292,2025-08-04,美妆,119.56,0,0,119.56
2449,1133,2025-07-29,家居,39.01,0,0,39.01
2450,1020,2025-08-25,食品,48.17,5,1,43.17
2451,1306,2025-09-22,服饰,52.89,10,0,42.89
2452,227,2025-09-13,美妆,73.38,20,0,53.38
2453,1708,2025-07-06,家居,54.25,30,0,24.25
2454,972,2025-07-23,数码,29.24,5,0,24.24
2455,311,2025-07-26,家居,114.34,5,0,109.34
2456,624,2025-07-24,食品,48.31,20,0,28.31
2457,455,2025-08-02,服饰,183.27,0,1,183.27
2458,905,2025-08-25,服饰,71.32,5,0,66.32
2459,939,2025-09-07,服饰,121.14,10,0,111.14
2460,868,2025-09-25,数码,85.37,0,0,85.37
2461,923,2025-09-03,数码,124.37,0,1,124.37
2462,1816,2025-07-28,食品,82.57,5,0,77.57
2463,1919,2025-07-17,数码,68.67,10,1,58.67
2464,980,2025-08-04,食品,110.09,0,1,110.09
2465,1927,2025-09-12,数码,236.82,0,1,236.82
2466,1637,2025-09-30,数码,52.02,0,0,52.02
2467,1640,2025-08-06,食品,93.43,20,0,73.43
2468,452,2025-07-17,数码,60.17,20,1,40.17
2469,877,2025-07-01,美妆,79.71,30,1,49.71
2470,705,2025-07-08,数码,61.76,20,1,41.76
2471,193,2025-08-28,家居,18.42,0,1,18.42
2472,151,2025-08-24,美妆,54.05,0,0,54.05
2473,1245,2025-08-29,数码,104.56,5,0,99.56
2474,842,2025-07-03,服饰,39.61,5,0,34.61
2475,1652,2025-08-10,美妆,100.14,10,0,90.14
2476,1338,2025-07-17,数码,66.75,0,0,66.75
2477,171,2025-07-31,美妆,54.31,30,0,24.31
2478,1677,2025-08-27,美妆,99.31,0,0,99.31
2479,993,2025-07-26,美妆,87.76,10,0,77.76
2480,1132,2025-08-30,服饰,76.04,20,0,56.04
2481,1932,2025-07-27,数码,105.5,5,0,100.5
2482,1281,2025-08-16,服饰,67.47,20,0,47.47
2483,45,2025-08-12,美妆,24.42,10,0,14.42
2484,355,2025-08-05,美妆,49.01,20,1,29.01
2485,853,2025-07-12,家居,22.37,20,0,2.37
2486,75,2025-08-23,家居,86.62,5,0,81.62
2487,335,2025-09-30,服饰,98.78,5,0,93.78
2488,1584,2025-08-29,服饰,101.28,20,0,81.28
2489,286,2025-09-07,数码,78.96,10,0,68.96
2490,335,2025-09-12,美妆,102.76,10,1,92.76
2491,1010,2025-07-04,数码,25.35,5,0,20.35
2492,183,2025-09-11,家居,56.87,0,1,56.87
2493,512,2025-07-23,服饰,27.71,5,0,22.71
2494,1876,2025-08-31,家居,49.55,30,0,19.55
2495,1263,2025-09-29,服饰,146.78,0,1,146.78
2496,1928,2025-09-21,美妆,110.09,0,1,110.09
2497,709,2025-08-08,食品,86.86,0,0,86.86
2498,1233,2025-09-16,家居,54.6,5,0,49.6
2499,478,2025-08-26,食品,34.94,0,0,34.94
2500,758,2025-07-13,服饰,66.88,10,0,56.88
2501,350,2025-07-23,美妆,111.15,0,0,111.15
2502,1667,2025-09-27,数码,75.6,0,0,75.6
2503,369,2025-09-23,食品,25.23,0,0,25.23
2504,410,2025-09-21,服饰,63.91,0,1,63.91
2505,928,2025-08-05,食品,21.07,20,0,1.07
2506,859,2025-07-30,食品,93.91,30,1,63.91
2507,628,2025-09-13,服饰,41.22,20,0,21.22
2508,715,2025-07-02,美妆,30.79,20,0,10.79
2509,591,2025-09-21,家居,94.62,0,0,94.62
2510,1826,2025-08-25,数码,82.08,20,0,62.08
2511,1161,2025-08-28,服饰,68.57,5,0,63.57
2512,1840,2025-08-10,服饰,201.43,20,0,181.43
2513,1974,2025-09-29,美妆,85.56,10,0,75.56
2514,1302,2025-09-07,食品,42.32,0,0,42.32
2515,1652,2025-07-05,食品,80.28,0,0,80.28
2516,222,2025-08-18,数码,51.56,0,0,51.56
2517,1899,2025-09-18,服饰,121.11,5,0,116.11
2518,965,2025-07-08,服饰,70.42,5,0,65.42
2519,1427,2025-09-06,数码,74.36,30,0,44.36
2520,491,2025-07-23,家居,27.29,0,0,27.29
2521,192,2025-08-16,服饰,62.41,10,1,52.41
2522,1770,2025-09-20,美妆,58.5,5,1,53.5
2523,899,2025-08-15,数码,34.35,0,0,34.35
2524,277,2025-07-04,服饰,53.42,0,0,53.42
2525,1317,2025-07-02,家居,76.68,5,1,71.68
2526,109,2025-09-06,美妆,60.2,5,0,55.2
2527,901,2025-09-24,食品,27.75,0,0,27.75
2528,1409,2025-07-27,美妆,51.92,0,0,51.92
2529,1441,2025-09-25,数码,46.65,0,0,46.65
2530,907,2025-08-11,服饰,67.12,20,0,47.12
2531,740,2025-07-06,服饰,63.25,20,1,43.25
2532,1677,2025-08-18,食品,48.12,0,0,48.12
2533,370,2025-09-28,家居,47.09,10,0,37.09
2534,150,2025-07-24,数码,62.61,30,0,32.61
2535,314,2025-09-27,数码,102.48,0,0,102.48
2536,1603,2025-08-29,食品,70.33,0,1,70.33
2537,940,2025-08-06,服饰,131.98,0,1,131.98
2538,75,2025-09-02,食品,112.53,0,1,112.53
2539,338,2025-08-06,家居,137.44,20,0,117.44
2540,57,2025-07-08,数码,128.09,20,1,108.09
2541,1629,2025-09-19,数码,142.54,5,0,137.54
2542,923,2025-08-04,美妆,32.0,0,0,32.0
2543,137,2025-08-22,食品,86.15,20,0,66.15
2544,443,2025-09-07,数码,117.93,0,0,117.93
2545,1233,2025-07-08,数码,130.25,0,0,130.25
2546,1188,2025-09-05,家居,39.49,0,1,39.49
2547,1639,2025-08-03,数码,86.62,20,1,66.62
2548,52,2025-08-20,美妆,62.89,10,0,52.89
2549,139,2025-08-12,美妆,166.65,10,0,156.65
2550,71,2025-09-10,数码,28.13,10,0,18.13
2551,789,2025-07-18,家居,39.52,0,0,39.52
2552,1455,2025-07-10,家居,22.29,5,0,17.29
2553,1327,2025-08-07,数码,65.34,20,0,45.34
2554,421,2025-07-11,食品,209.58,30,0,179.58
2555,1315,2025-07-23,家居,58.89,5,0,53.89
2556,1313,2025-08-30,家居,63.79,0,1,63.79
2557,383,2025-09-14,服饰,81.67,30,1,51.67
2558,1500,2025-09-02,美妆,56.6,5,0,51.6
2559,845,2025-07-30,美妆,73.8,0,0,73.8
2560,119,2025-09-13,食品,74.87,0,0,74.87
2561,782,2025-08-07,美妆,37.9,0,0,37.9
2562,1540,2025-07-17,美妆,57.3,10,1,47.3
2563,1393,2025-09-08,服饰,90.75,10,0,80.75
2564,537,2025-08-17,服饰,100.56,0,0,100.56
2565,1514,2025-08-04,食品,123.25,0,0,123.25
2566,780,2025-08-30,家居,72.57,5,1,67.57
2567,921,2025-09-05,美妆,73.38,5,1,68.38
2568,174,2025-07-21,美妆,91.16,0,0,91.16
2569,1995,2025-07-11,美妆,43.51,0,1,43.51
2570,1678,2025-08-17,家居,42.53,20,0,22.53
2571,390,2025-07-05,数码,56.34,30,0,26.34
2572,1122,2025-08-28,数码,29.93,5,1,24.93
2573,1561,2025-08-10,服饰,75.47,10,0,65.47
2574,1010,2025-07-20,家居,107.45,20,0,87.45
2575,422,2025-08-25,服饰,40.83,0,0,40.83
2576,1938,2025-08-04,家居,76.66,30,0,46.66
2577,538,2025-08-05,家居,42.69,5,0,37.69
2578,670,2025-07-20,食品,34.5,10,0,24.5
2579,744,2025-09-01,家居,186.9,5,0,181.9
2580,1782,2025-09-22,家居,34.77,0,0,34.77
2581,1001,2025-08-26,食品,29.86,20,0,9.86
2582,1440,2025-07-22,数码,67.9,10,1,57.9
2583,1803,2025-09-15,食品,69.94,0,1,69.94
2584,1858,2025-07-12,食品,87.09,10,0,77.09
2585,1713,2025-07-27,美妆,181.39,30,0,151.39
2586,1816,2025-07-04,数码,39.35,20,0,19.35
2587,1897,2025-09-17,美妆,43.9,10,0,33.9
2588,1983,2025-07-05,服饰,146.18,0,0,146.18
2589,1287,2025-08-20,美妆,101.14,0,0,101.14
2590,264,2025-07-18,服饰,93.69,0,0,93.69
2591,227,2025-07-20,家居,43.62,20,1,23.62
2592,1593,2025-08-25,美妆,112.08,20,0,92.08
2593,633,2025-09-12,数码,93.85,30,0,63.85
2594,1609,2025-07-02,食品,66.97,0,1,66.97
2595,1870,2025-07-15,美妆,43.74,30,1,13.74
2596,1289,2025-07-27,美妆,63.99,30,0,33.99
2597,1529,2025-09-25,家居,149.41,10,0,139.41
2598,558,2025-07-06,食品,33.06,20,0,13.06
2599,870,2025-07-17,食品,38.87,5,0,33.87
2600,1931,2025-08-07,数码,42.72,0,1,42.72
2601,1634,2025-07-30,家居,48.14,0,0,48.14
2602,409,2025-07-05,数码,59.82,0,0,59.82
2603,1873,2025-08-19,食品,102.23,0,0,102.23
2604,1000,2025-08-25,家居,77.77,10,0,67.77
2605,1688,2025-07-17,家居,62.39,0,1,62.39
2606,1043,2025-09-02,家居,70.27,0,0,70.27
2607,1208,2025-07-06,服饰,85.05,0,1,85.05
2608,324,2025-09-06,家居,23.93,10,1,13.93
2609,678,2025-07-24,服饰,108.78,30,0,78.78
2610,1446,2025-07-21,数码,38.3,5,0,33.3
2611,1685,2025-07-19,数码,47.28,20,0,27.28
2612,178,2025-09-18,美妆,72.77,30,0,42.77
2613,154,2025-08-16,服饰,57.89,10,0,47.89
2614,1387,2025-09-02,家居,78.87,10,0,68.87
2615,895,2025-07-19,家居,65.24,10,0,55.24
2616,1698,2025-07-06,服饰,51.46,30,1,21.46
2617,137,2025-07-04,数码,139.88,0,0,139.88
2618,699,2025-08-10,服饰,89.07,20,1,69.07
2619,71,2025-07-31,食品,71.25,5,1,66.25
2620,1419,2025-09-09,美妆,88.31,0,0,88.31
2621,1716,2025-09-11,数码,40.94,10,0,30.94
2622,314,2025-07-29,食品,199.56,20,0,179.56
2623,648,2025-08-09,食品,33.18,20,1,13.18
2624,1692,2025-08-05,数码,64.22,30,1,34.22
2625,83,2025-09-01,食品,51.55,10,1,41.55
2626,1905,2025-08-27,服饰,50.48,5,0,45.48
2627,1774,2025-08-29,食品,47.0,30,1,17.0
2628,306,2025-07-06,数码,39.47,0,0,39.47
2629,278,2025-08-01,食品,116.0,0,0,116.0
2630,1384,2025-09-27,服饰,31.11,5,0,26.11
2631,21,2025-08-01,服饰,103.64,10,0,93.64
2632,1012,2025-07-17,美妆,86.2,10,0,76.2
2633,132,2025-07-19,数码,48.94,20,1,28.94
2634,1063,2025-07-03,美妆,80.88,0,0,80.88
2635,701,2025-09-10,家居,55.32,20,1,35.32
2636,1413,2025-07-01,美妆,32.93,10,0,22.93
2637,1762,2025-08-24,食品,33.12,30,0,3.12
2638,978,2025-08-06,数码,86.53,0,0,86.53
2639,1284,2025-07-09,数码,84.1,10,0,74.1
2640,1201,2025-09-20,服饰,68.93,20,0,48.93
2641,1970,2025-09-07,服饰,48.65,5,0,43.65
2642,462,2025-09-14,服饰,54.34,0,0,54.34
2643,478,2025-09-25,家居,50.45,0,0,50.45
2644,758,2025-09-22,服饰,23.08,0,0,23.08
2645,1474,2025-09-03,服饰,62.41,5,0,57.41
2646,1731,2025-08-19,数码,80.43,10,0,70.43
2647,557,2025-09-03,数码,62.63,10,0,52.63
2648,220,2025-08-11,家居,159.66,10,0,149.66
2649,1218,2025-07-17,美妆,34.73,0,1,34.73
2650,1196,2025-08-05,数码,41.95,0,0,41.95
2651,750,2025-08-12,服饰,64.92,20,0,44.92
2652,369,2025-07-05,食品,69.0,20,1,49.0
2653,1700,2025-09-16,服饰,21.21,10,0,11.21
2654,1694,2025-09-22,家居,84.06,10,1,74.06
2655,1496,2025-08-08,食品,69.17,30,1,39.17
2656,1159,2025-08-15,美妆,18.81,30,1,1.0
2657,523,2025-09-16,家居,56.59,10,1,46.59
2658,807,2025-08-11,服饰,38.68,0,0,38.68
2659,137,2025-09-02,数码,47.02,0,0,47.02
2660,500,2025-08-17,食品,28.91,10,0,18.91
2661,901,2025-07-25,数码,75.86,5,0,70.86
2662,874,2025-09-12,美妆,159.01,0,0,159.01
2663,161,2025-07-18,家居,69.81,0,0,69.81
2664,1916,2025-07-21,食品,18.4,30,1,1.0
2665,537,2025-09-02,食品,70.6,0,0,70.6
2666,1019,2025-09-04,食品,54.21,20,0,34.21
2667,931,2025-09-26,美妆,32.93,30,0,2.93
2668,939,2025-09-04,美妆,73.3,10,0,63.3
2669,1691,2025-07-03,服饰,97.89,0,0,97.89
2670,1493,2025-09-17,食品,41.78,20,0,21.78
2671,1736,2025-08-08,食品,24.43,10,1,14.43
2672,759,2025-07-01,美妆,19.96,0,0,19.96
2673,531,2025-08-23,家居,41.84,10,0,31.84
2674,855,2025-07-16,服饰,55.39,0,0,55.39
2675,1123,2025-08-08,家居,45.43,10,0,35.43
2676,674,2025-08-13,家居,41.44,30,0,11.44
2677,921,2025-07-07,服饰,82.46,5,0,77.46
2678,302,2025-09-17,数码,77.83,30,0,47.83
2679,1168,2025-08-16,美妆,67.34,5,0,62.34
2680,1428,2025-09-27,服饰,94.54,20,1,74.54
2681,1055,2025-08-12,家居,42.06,20,1,22.06
2682,1747,2025-08-24,服饰,33.05,0,0,33.05
2683,1992,2025-09-13,美妆,45.27,30,0,15.27
2684,1812,2025-07-20,服饰,43.59,30,1,13.59
2685,186,2025-09-22,服饰,19.53,5,0,14.53
2686,1762,2025-07-17,服饰,44.7,20,0,24.7
2687,668,2025-09-30,家居,110.79,0,0,110.79
2688,904,2025-08-28,服饰,93.73,0,0,93.73
2689,824,2025-08-17,数码,80.55,0,1,80.55
2690,569,2025-07-20,服饰,64.87,5,0,59.87
2691,1755,2025-08-22,家居,133.87,0,0,133.87
2692,1276,2025-08-20,家居,33.68,0,0,33.68
2693,1934,2025-09-29,数码,35.49,30,0,5.49
2694,1910,2025-09-15,家居,111.98,5,1,106.98
2695,840,2025-08-14,美妆,61.26,20,0,41.26
2696,1455,2025-08-05,数码,41.71,0,1,41.71
2697,1005,2025-08-05,美妆,81.74,0,0,81.74
2698,990,2025-08-04,数码,47.41,20,1,27.41
2699,1480,2025-07-02,家居,38.07,0,1,38.07
2700,1378,2025-07-04,数码,37.49,5,0,32.49
2701,1824,2025-09-08,美妆,72.01,30,1,42.01
2702,1546,2025-07-24,数码,67.57,0,0,67.57
2703,1245,2025-08-07,家居,138.96,5,0,133.96
2704,1839,2025-09-03,家居,51.44,10,0,41.44
2705,205,2025-08-25,数码,50.96,0,0,50.96
2706,1527,2025-08-03,数码,133.19,10,1,123.19
2707,785,2025-09-08,数码,103.76,5,1,98.76
2708,867,2025-07-15,数码,65.35,0,0,65.35
2709,1564,2025-08-13,服饰,25.57,5,1,20.57
2710,548,2025-07-10,家居,38.61,5,0,33.61
2711,1768,2025-08-18,服饰,33.79,10,0,23.79
2712,1000,2025-07-09,食品,61.56,30,1,31.56
2713,699,2025-09-25,美妆,45.62,20,0,25.62
2714,657,2025-08-30,美妆,145.71,5,1,140.71
2715,842,2025-07-23,美妆,25.42,30,0,1.0
2716,1886,2025-08-26,服饰,31.86,20,0,11.86
2717,206,2025-08-02,食品,69.03,0,0,69.03
2718,1016,2025-08-17,食品,80.38,0,0,80.38
2719,1671,2025-07-16,食品,14.54,0,0,14.54
2720,945,2025-08-16,服饰,23.23,0,0,23.23
2721,1133,2025-07-10,数码,52.2,5,0,47.2
2722,697,2025-07-15,服饰,127.21,0,1,127.21
2723,273,2025-08-23,家居,170.42,30,0,140.42
2724,1279,2025-08-16,服饰,48.04,5,0,43.04
2725,1840,2025-07-28,服饰,54.93,0,0,54.93
2726,1041,2025-07-06,美妆,38.08,30,0,8.08
2727,865,2025-08-08,食品,85.48,5,0,80.48
2728,259,2025-09-24,家居,139.87,0,0,139.87
2729,1890,2025-09-04,食品,120.4,0,0,120.4
2730,1739,2025-07-06,美妆,59.39,10,1,49.39
2731,1804,2025-09-25,家居,38.05,5,0,33.05
2732,719,2025-08-08,美妆,60.61,10,0,50.61
2733,1251,2025-08-22,家居,128.95,20,0,108.95
2734,866,2025-07-01,食品,48.41,10,0,38.41
2735,470,2025-07-29,美妆,22.23,20,0,2.23
2736,412,2025-09-11,美妆,49.5,10,0,39.5
2737,768,2025-07-31,服饰,51.76,10,0,41.76
2738,1107,2025-07-16,数码,22.16,0,1,22.16
2739,245,2025-07-09,食品,68.55,5,0,63.55
2740,1405,2025-09-24,数码,79.7,5,1,74.7
2741,916,2025-09-13,数码,167.83,5,0,162.83
2742,1763,2025-07-05,服饰,29.0,5,0,24.0
2743,558,2025-09-24,家居,90.18,10,0,80.18
2744,104,2025-09-14,食品,102.69,5,1,97.69
2745,625,2025-08-03,数码,80.3,10,0,70.3
2746,1947,2025-08-30,服饰,34.68,5,0,29.68
2747,644,2025-07-24,数码,33.59,30,0,3.59
2748,1408,2025-07-23,数码,63.65,5,1,58.65
2749,1687,2025-09-04,美妆,63.41,10,0,53.41
2750,569,2025-07-19,家居,44.36,10,0,34.36
2751,1286,2025-08-02,数码,122.78,5,1,117.78
2752,409,2025-08-02,家居,48.4,20,1,28.4
2753,725,2025-07-14,家居,21.29,30,0,1.0
2754,593,2025-09-15,美妆,53.34,20,0,33.34
2755,1345,2025-08-31,家居,78.58,30,0,48.58
2756,1752,2025-09-18,数码,72.83,5,1,67.83
2757,505,2025-08-18,服饰,72.52,30,0,42.52
2758,583,2025-07-17,数码,137.23,20,1,117.23
2759,1642,2025-07-26,食品,32.68,20,0,12.68
2760,926,2025-08-02,家居,47.8,20,1,27.8
2761,1027,2025-09-25,服饰,141.14,10,0,131.14
2762,1412,2025-07-22,美妆,20.45,5,0,15.45
2763,276,2025-09-02,美妆,58.58,10,1,48.58
2764,1744,2025-07-12,食品,118.62,5,1,113.62
2765,731,2025-09-26,数码,117.65,10,1,107.65
2766,1318,2025-08-29,美妆,86.75,0,0,86.75
2767,865,2025-08-09,数码,87.97,10,0,77.97
2768,1507,2025-08-01,服饰,34.04,5,1,29.04
2769,1224,2025-08-02,美妆,128.41,5,0,123.41
2770,347,2025-07-21,数码,31.19,0,0,31.19
2771,376,2025-08-25,美妆,32.23,0,0,32.23
2772,1755,2025-09-18,食品,74.69,10,0,64.69
2773,1040,2025-07-23,数码,46.01,5,0,41.01
2774,552,2025-09-07,美妆,67.61,0,0,67.61
2775,287,2025-08-22,家居,76.47,0,1,76.47
2776,257,2025-09-10,家居,160.45,5,0,155.45
2777,1840,2025-09-09,家居,76.6,0,0,76.6
2778,1953,2025-07-04,食品,42.94,0,0,42.94
2779,787,2025-07-02,美妆,87.54,10,0,77.54
2780,404,2025-09-23,家居,38.19,10,1,28.19
2781,838,2025-07-15,数码,99.71,30,1,69.71
2782,274,2025-08-22,数码,62.52,0,0,62.52
2783,1100,2025-09-08,服饰,75.21,0,1,75.21
2784,1253,2025-08-16,家居,22.66,0,0,22.66
2785,1971,2025-07-01,食品,17.5,10,1,7.5
2786,638,2025-07-01,数码,26.42,0,1,26.42
2787,396,2025-08-31,家居,157.62,0,1,157.62
2788,267,2025-09-21,服饰,32.09,10,0,22.09
2789,755,2025-08-01,服饰,90.27,5,0,85.27
2790,1203,2025-08-20,服饰,42.39,5,0,37.39
2791,134,2025-09-24,数码,52.88,10,0,42.88
2792,1518,2025-09-14,家居,58.87,20,0,38.87
2793,921,2025-08-19,服饰,149.02,5,0,144.02
2794,1587,2025-08-30,服饰,83.22,0,0,83.22
2795,928,2025-09-27,食品,74.57,5,0,69.57
2796,312,2025-09-12,美妆,123.12,0,0,123.12
2797,43,2025-08-08,服饰,42.6,0,0,42.6
2798,1114,2025-09-02,数码,108.59,5,0,103.59
2799,1079,2025-07-31,家居,99.06,0,0,99.06
2800,1628,2025-09-23,美妆,98.44,0,1,98.44
2801,1755,2025-07-09,服饰,55.41,10,0,45.41
2802,323,2025-07-21,美妆,47.44,20,0,27.44
2803,630,2025-08-01,服饰,37.4,0,1,37.4
2804,416,2025-07-19,食品,38.71,10,0,28.71
2805,214,2025-08-24,服饰,36.44,30,0,6.44
2806,5,2025-09-04,美妆,73.83,0,1,73.83
2807,165,2025-09-20,服饰,53.22,10,1,43.22
2808,1050,2025-08-16,数码,76.5,0,0,76.5
2809,304,2025-08-27,食品,78.91,30,0,48.91
2810,390,2025-08-25,服饰,33.69,0,1,33.69
2811,236,2025-07-01,服饰,33.14,0,0,33.14
2812,1449,2025-09-04,食品,53.21,30,0,23.21
2813,1272,2025-07-03,食品,39.4,10,0,29.4
2814,1925,2025-08-20,服饰,37.18,0,0,37.18
2815,223,2025-09-30,美妆,153.34,20,0,133.34
2816,418,2025-09-11,数码,25.96,20,1,5.96
2817,912,2025-08-16,食品,183.59,5,0,178.59
2818,1299,2025-07-30,服饰,70.73,0,1,70.73
2819,261,2025-09-16,美妆,103.8,0,1,103.8
2820,424,2025-09-18,服饰,97.28,30,1,67.28
2821,844,2025-08-03,家居,84.72,0,1,84.72
2822,37,2025-07-10,家居,150.51,0,0,150.51
2823,791,2025-08-23,美妆,33.27,0,0,33.27
2824,1518,2025-08-28,美妆,55.37,0,0,55.37
2825,1054,2025-09-24,服饰,37.75,5,0,32.75
2826,869,2025-09-20,数码,23.74,5,0,18.74
2827,976,2025-07-22,家居,41.94,0,1,41.94
2828,1894,2025-07-24,美妆,169.0,0,1,169.0
2829,1041,2025-09-30,数码,54.85,0,0,54.85
2830,1069,2025-07-31,美妆,179.64,0,0,179.64
2831,1862,2025-08-12,家居,190.03,0,0,190.03
2832,315,2025-07-29,美妆,313.35,10,1,303.35
2833,192,2025-08-06,服饰,172.09,0,1,172.09
2834,900,2025-08-21,家居,220.74,0,0,220.74
2835,638,2025-07-27,家居,72.16,10,0,62.16
2836,406,2025-08-07,美妆,68.41,10,1,58.41
2837,240,2025-08-02,家居,70.96,10,0,60.96
2838,1757,2025-07-10,美妆,60.34,30,1,30.34
2839,1229,2025-09-11,美妆,65.52,0,0,65.52
2840,1382,2025-09-20,食品,91.26,0,0,91.26
2841,237,2025-08-15,数码,46.7,0,0,46.7
2842,683,2025-07-19,美妆,28.28,0,1,28.28
2843,1242,2025-08-29,数码,73.7,30,0,43.7
2844,1056,2025-08-19,数码,41.22,10,1,31.22
2845,1390,2025-08-20,服饰,43.64,20,1,23.64
2846,1339,2025-08-24,家居,55.78,30,1,25.78
2847,827,2025-09-05,服饰,49.17,20,1,29.17
2848,1566,2025-07-04,食品,111.11,5,1,106.11
2849,520,2025-07-10,食品,55.05,20,1,35.05
2850,161,2025-07-09,食品,114.23,5,0,109.23
2851,1827,2025-07-15,服饰,67.58,0,1,67.58
2852,46,2025-09-28,美妆,57.47,5,1,52.47
2853,568,2025-09-06,服饰,65.83,30,0,35.83
2854,229,2025-08-31,家居,29.65,20,0,9.65
2855,464,2025-09-03,服饰,72.67,5,0,67.67
2856,790,2025-07-04,食品,96.26,20,1,76.26
2857,260,2025-07-20,美妆,104.06,5,1,99.06
2858,934,2025-09-12,服饰,28.68,10,0,18.68
2859,1855,2025-08-12,美妆,26.17,0,1,26.17
2860,273,2025-08-16,家居,44.91,0,0,44.91
2861,1854,2025-09-08,食品,129.23,0,0,129.23
2862,823,2025-07-07,家居,68.14,20,1,48.14
2863,1185,2025-09-12,家居,39.41,30,1,9.41
2864,884,2025-09-01,食品,27.14,0,0,27.14
2865,634,2025-08-07,家居,41.42,0,1,41.42
2866,219,2025-08-15,美妆,39.91,0,1,39.91
2867,1187,2025-07-07,食品,100.95,20,1,80.95
2868,1834,2025-07-19,数码,105.31,5,1,100.31
2869,1042,2025-07-23,食品,33.87,10,0,23.87
2870,1199,2025-09-19,家居,91.31,0,0,91.31
2871,1288,2025-07-11,服饰,86.31,0,0,86.31
2872,778,2025-07-27,食品,31.54,30,0,1.54
2873,242,2025-07-13,数码,57.62,10,0,47.62
2874,1014,2025-07-27,美妆,72.78,0,0,72.78
2875,1738,2025-07-01,家居,66.01,0,0,66.01
2876,629,2025-07-26,美妆,23.55,0,0,23.55
2877,1743,2025-09-05,美妆,64.85,0,0,64.85
2878,1709,2025-09-09,美妆,85.62,0,0,85.62
2879,490,2025-08-04,数码,143.85,10,0,133.85
2880,1151,2025-09-03,服饰,41.77,0,0,41.77
2881,1496,2025-08-26,服饰,44.7,5,0,39.7
2882,990,2025-09-22,数码,53.79,5,1,48.79
2883,1399,2025-09-13,美妆,70.82,0,0,70.82
2884,1822,2025-07-22,服饰,63.65,5,0,58.65
2885,1255,2025-08-24,美妆,84.13,20,1,64.13
2886,1676,2025-09-11,美妆,32.5,0,1,32.5
2887,1602,2025-07-29,服饰,75.06,20,0,55.06
2888,1626,2025-08-22,家居,40.12,0,0,40.12
2889,1705,2025-08-06,服饰,55.77,0,0,55.77
2890,452,2025-07-29,食品,154.38,0,0,154.38
2891,37,2025-07-19,美妆,27.97,10,1,17.97
2892,307,2025-07-04,美妆,51.74,5,0,46.74
2893,500,2025-09-07,服饰,29.93,20,1,9.93
2894,1381,2025-09-14,家居,65.64,0,0,65.64
2895,1020,2025-08-29,家居,107.4,10,1,97.4
2896,938,2025-07-23,服饰,66.24,0,0,66.24
2897,19,2025-07-02,服饰,56.59,0,0,56.59
2898,1368,2025-08-28,家居,125.29,10,0,115.29
2899,729,2025-07-19,食品,72.37,0,0,72.37
2900,1522,2025-08-20,服饰,94.7,5,0,89.7
2901,226,2025-09-28,服饰,89.42,10,1,79.42
2902,591,2025-07-01,食品,12.4,10,0,2.4
2903,110,2025-08-23,食品,57.85,10,0,47.85
2904,570,2025-09-30,数码,33.35,0,0,33.35
2905,1847,2025-07-31,服饰,38.24,0,0,38.24
2906,982,2025-09-13,美妆,135.78,5,0,130.78
2907,880,2025-09-15,美妆,49.1,0,0,49.1
2908,548,2025-08-14,食品,170.87,0,1,170.87
2909,530,2025-07-29,美妆,27.82,0,0,27.82
2910,1335,2025-09-01,美妆,33.25,5,1,28.25
2911,1971,2025-08-26,家居,91.77,5,0,86.77
2912,1494,2025-08-13,食品,50.01,0,0,50.01
2913,1474,2025-07-18,食品,71.45,0,0,71.45
2914,945,2025-09-07,服饰,56.73,0,0,56.73
2915,198,2025-07-20,服饰,55.79,0,0,55.79
2916,1448,2025-07-13,数码,51.04,20,0,31.04
2917,1618,2025-07-07,家居,66.6,0,0,66.6
2918,1021,2025-08-11,食品,85.88,0,1,85.88
2919,184,2025-07-12,服饰,146.63,20,1,126.63
2920,1426,2025-07-31,食品,53.98,5,0,48.98
2921,1843,2025-07-23,美妆,48.59,0,0,48.59
2922,450,2025-08-12,服饰,45.27,20,0,25.27
2923,319,2025-09-10,服饰,135.42,10,0,125.42
2924,1478,2025-08-11,食品,88.21,30,0,58.21
2925,664,2025-08-21,食品,21.23,20,0,1.23
2926,1431,2025-07-14,食品,20.72,10,1,10.72
2927,1407,2025-07-11,数码,38.22,0,0,38.22
2928,534,2025-09-28,美妆,68.48,5,1,63.48
2929,85,2025-08-27,美妆,59.24,0,1,59.24
2930,1112,2025-07-02,数码,80.09,5,0,75.09
2931,816,2025-08-21,服饰,54.79,30,0,24.79
2932,1711,2025-07-01,服饰,130.14,0,0,130.14
2933,716,2025-07-08,家居,92.26,20,0,72.26
2934,500,2025-08-04,美妆,62.97,5,0,57.97
2935,1721,2025-08-30,服饰,113.29,0,0,113.29
2936,1472,2025-08-27,数码,24.36,20,0,4.36
2937,1237,2025-09-11,食品,57.58,5,0,52.58
2938,1908,2025-07-17,服饰,65.08,5,0,60.08
2939,1566,2025-07-18,家居,84.03,5,1,79.03
2940,1733,2025-08-19,美妆,23.49,0,1,23.49
2941,1599,2025-09-18,数码,52.29,0,1,52.29
2942,804,2025-09-05,数码,75.21,10,0,65.21
2943,125,2025-08-31,家居,78.45,20,0,58.45
2944,1215,2025-07-09,数码,115.86,10,0,105.86
2945,1530,2025-09-19,数码,91.73,20,1,71.73
2946,1984,2025-09-29,服饰,58.35,20,0,38.35
2947,1364,2025-08-23,家居,87.46,0,0,87.46
2948,1137,2025-07-31,服饰,54.01,20,1,34.01
2949,1152,2025-08-30,美妆,65.41,20,0,45.41
2950,231,2025-08-29,食品,93.42,0,1,93.42
2951,15,2025-09-24,美妆,58.86,5,0,53.86
2952,91,2025-07-11,食品,73.63,10,0,63.63
2953,1810,2025-08-17,服饰,102.38,30,1,72.38
2954,1581,2025-09-04,食品,89.27,30,0,59.27
2955,521,2025-08-02,美妆,118.92,5,0,113.92
2956,848,2025-09-16,数码,217.16,20,0,197.16
2957,968,2025-07-06,食品,88.82,5,0,83.82
2958,494,2025-07-10,数码,46.82,20,0,26.82
2959,846,2025-09-11,服饰,79.96,10,0,69.96
2960,696,2025-07-12,家居,78.09,30,0,48.09
2961,1390,2025-08-08,美妆,84.56,30,0,54.56
2962,1515,2025-07-26,美妆,137.31,0,0,137.31
2963,197,2025-09-02,食品,23.9,30,0,1.0
2964,931,2025-07-02,服饰,138.74,10,1,128.74
2965,1983,2025-08-02,家居,166.96,0,0,166.96
2966,1737,2025-09-29,美妆,82.47,0,0,82.47
2967,1588,2025-08-03,家居,83.57,10,0,73.57
2968,1470,2025-08-25,服饰,52.83,0,0,52.83
2969,9,2025-09-29,家居,60.55,0,0,60.55
2970,1949,2025-08-25,美妆,88.58,10,1,78.58
2971,1471,2025-09-08,数码,85.49,0,0,85.49
2972,1778,2025-09-27,家居,89.69,5,1,84.69
2973,1818,2025-08-26,服饰,85.17,20,0,65.17
2974,510,2025-09-15,美妆,98.9,0,1,98.9
2975,28,2025-08-16,家居,93.01,10,1,83.01
2976,1319,2025-09-13,服饰,34.35,0,1,34.35
2977,918,2025-08-29,服饰,95.37,20,0,75.37
2978,42,2025-08-01,食品,167.71,5,0,162.71
2979,542,2025-08-21,服饰,59.46,20,0,39.46
2980,1983,2025-07-31,家居,137.65,10,0,127.65
2981,727,2025-08-06,家居,36.43,20,0,16.43
2982,523,2025-07-27,服饰,59.36,5,1,54.36
2983,1310,2025-08-15,服饰,42.41,5,0,37.41
2984,1330,2025-08-01,数码,128.84,0,0,128.84
2985,665,2025-08-27,食品,148.75,5,1,143.75
2986,1699,2025-08-03,家居,57.14,5,0,52.14
2987,1161,2025-08-15,家居,114.9,10,1,104.9
2988,321,2025-07-13,食品,149.58,0,1,149.58
2989,650,2025-08-05,美妆,59.26,5,0,54.26
2990,1696,2025-08-02,数码,64.8,5,0,59.8
2991,179,2025-09-27,数码,90.33,10,1,80.33
2992,25,2025-08-11,食品,37.96,10,0,27.96
2993,1314,2025-07-02,美妆,64.11,5,1,59.11
2994,884,2025-07-29,美妆,196.08,5,0,191.08
2995,506,2025-09-06,食品,45.83,5,0,40.83
2996,945,2025-07-16,食品,96.51,20,0,76.51
2997,368,2025-07-15,食品,80.49,20,0,60.49
2998,749,2025-08-04,服饰,55.14,0,0,55.14
2999,468,2025-08-02,家居,68.16,0,0,68.16
3000,1173,2025-08-14,数码,158.21,10,0,148.21
3001,1348,2025-07-04,家居,81.82,20,0,61.82
3002,1830,2025-09-05,家居,89.16,0,1,89.16
3003,136,2025-07-20,数码,145.54,5,0,140.54
3004,654,2025-09-04,美妆,51.46,0,0,51.46
3005,529,2025-08-21,数码,33.93,20,0,13.93
3006,1159,2025-07-19,食品,159.59,0,0,159.59
3007,1067,2025-08-13,家居,65.05,20,0,45.05
3008,1755,2025-07-04,美妆,98.64,10,1,88.64
3009,1839,2025-09-03,服饰,39.67,20,0,19.67
3010,1546,2025-07-28,服饰,74.72,30,1,44.72
3011,398,2025-08-05,服饰,33.01,5,1,28.01
3012,82,2025-07-15,数码,62.49,10,1,52.49
3013,1799,2025-08-03,服饰,42.25,10,0,32.25
3014,1886,2025-08-06,服饰,37.24,20,0,17.24
3015,501,2025-07-21,美妆,51.07,5,0,46.07
3016,94,2025-09-29,数码,17.09,0,0,17.09
3017,1362,2025-07-26,食品,31.88,30,0,1.88
3018,1178,2025-07-17,美妆,92.79,0,0,92.79
3019,1778,2025-08-20,美妆,73.06,30,0,43.06
3020,1151,2025-07-30,家居,33.42,0,0,33.42
3021,1521,2025-08-11,食品,81.56,5,0,76.56
3022,1573,2025-09-05,美妆,37.23,30,0,7.23
3023,20,2025-07-08,数码,89.75,10,0,79.75
3024,297,2025-08-16,美妆,56.62,10,0,46.62
3025,1561,2025-07-02,美妆,50.46,0,0,50.46
3026,359,2025-07-05,数码,57.39,0,0,57.39
3027,413,2025-07-09,美妆,246.59,0,1,246.59
3028,1505,2025-07-15,食品,39.75,10,0,29.75
3029,410,2025-08-02,数码,68.35,5,0,63.35
3030,300,2025-09-25,美妆,92.74,0,0,92.74
3031,27,2025-09-22,服饰,35.54,5,0,30.54
3032,939,2025-07-10,家居,25.11,30,0,1.0
3033,1274,2025-09-30,美妆,43.35,20,1,23.35
3034,1464,2025-08-28,美妆,91.63,5,1,86.63
3035,1812,2025-08-20,食品,49.99,30,0,19.99
3036,1303,2025-09-11,服饰,53.14,5,0,48.14
3037,1513,2025-08-14,服饰,99.58,0,1,99.58
3038,422,2025-07-25,食品,38.73,5,0,33.73
3039,681,2025-08-18,家居,57.47,20,0,37.47
3040,608,2025-09-05,食品,26.24,0,1,26.24
3041,131,2025-09-01,食品,71.98,0,0,71.98
3042,1938,2025-07-16,数码,68.46,30,1,38.46
3043,483,2025-09-25,家居,93.46,10,0,83.46
3044,898,2025-07-27,家居,32.14,20,1,12.14
3045,714,2025-09-14,服饰,54.3,10,0,44.3
3046,89,2025-07-29,食品,29.87,10,0,19.87
3047,1807,2025-07-06,食品,52.7,0,0,52.7
3048,440,2025-09-30,美妆,136.32,20,0,116.32
3049,201,2025-08-24,家居,50.58,0,0,50.58
3050,685,2025-07-20,美妆,28.47,0,0,28.47
3051,288,2025-07-01,家居,41.52,30,0,11.52
3052,1999,2025-07-12,服饰,24.88,0,0,24.88
3053,378,2025-07-16,数码,29.59,0,0,29.59
3054,606,2025-09-24,数码,87.27,0,1,87.27
3055,543,2025-07-17,食品,27.24,20,0,7.24
3056,53,2025-07-15,服饰,71.65,30,0,41.65
3057,26,2025-09-16,服饰,61.2,0,1,61.2
3058,1026,2025-09-19,数码,45.04,5,0,40.04
3059,466,2025-07-20,家居,68.38,10,0,58.38
3060,168,2025-08-29,食品,36.03,10,0,26.03
3061,583,2025-08-19,服饰,95.82,0,0,95.82
3062,549,2025-08-23,数码,41.1,0,1,41.1
3063,849,2025-07-29,食品,48.79,10,1,38.79
3064,1985,2025-09-08,服饰,45.7,0,0,45.7
3065,614,2025-09-20,美妆,88.17,20,1,68.17
3066,1410,2025-09-05,美妆,81.41,0,0,81.41
3067,1537,2025-09-22,家居,14.27,20,0,1.0
3068,102,2025-07-11,家居,69.4,10,0,59.4
3069,1003,2025-08-30,服饰,23.11,10,0,13.11
3070,898,2025-09-30,食品,50.01,20,0,30.01
3071,1016,2025-08-19,服饰,56.86,0,0,56.86
3072,344,2025-09-25,食品,49.72,0,0,49.72
3073,931,2025-08-02,服饰,79.48,5,0,74.48
3074,246,2025-09-21,数码,89.66,20,0,69.66
3075,1892,2025-09-25,服饰,39.43,20,1,19.43
3076,1175,2025-08-27,家居,38.65,5,1,33.65
3077,70,2025-09-03,美妆,59.16,20,0,39.16
3078,1012,2025-08-18,美妆,25.81,0,0,25.81
3079,1853,2025-07-30,家居,46.42,0,0,46.42
3080,1486,2025-08-19,家居,126.65,0,0,126.65
3081,546,2025-09-27,服饰,26.35,30,0,1.0
3082,1785,2025-07-02,服饰,50.05,5,1,45.05
3083,372,2025-07-19,家居,43.56,5,0,38.56
3084,494,2025-08-15,家居,181.8,10,1,171.8
3085,310,2025-08-01,食品,44.89,0,1,44.89
3086,1846,2025-08-27,服饰,46.34,0,0,46.34
3087,1434,2025-08-03,服饰,34.23,0,1,34.23
3088,1036,2025-08-30,美妆,60.65,0,0,60.65
3089,1336,2025-07-10,数码,70.01,5,1,65.01
3090,518,2025-07-31,服饰,37.07,0,0,37.07
3091,142,2025-09-02,数码,103.94,20,0,83.94
3092,1692,2025-08-13,家居,70.04,20,0,50.04
3093,1929,2025-09-04,服饰,96.4,30,0,66.4
3094,72,2025-08-28,家居,50.38,0,1,50.38
3095,104,2025-07-31,家居,68.98,5,1,63.98
3096,1120,2025-08-09,美妆,53.67,0,0,53.67
3097,87,2025-09-27,服饰,134.52,0,1,134.52
3098,1444,2025-09-27,美妆,64.32,10,0,54.32
3099,1891,2025-07-04,美妆,60.63,5,0,55.63
3100,560,2025-09-03,美妆,46.9,10,0,36.9
3101,589,2025-08-15,家居,45.43,20,1,25.43
3102,1727,2025-07-01,服饰,68.77,0,0,68.77
3103,713,2025-08-28,美妆,94.71,30,0,64.71
3104,481,2025-07-03,数码,41.41,0,0,41.41
3105,169,2025-07-30,服饰,64.69,30,1,34.69
3106,1680,2025-09-02,服饰,66.77,10,0,56.77
3107,1852,2025-09-13,美妆,73.49,0,0,73.49
3108,158,2025-08-07,家居,23.59,5,0,18.59
3109,1606,2025-09-13,家居,36.28,0,0,36.28
3110,320,2025-09-16,家居,28.47,20,0,8.47
3111,278,2025-08-11,家居,61.44,0,1,61.44
3112,762,2025-07-16,服饰,36.76,20,0,16.76
3113,874,2025-08-30,食品,45.93,0,1,45.93
3114,1709,2025-07-02,食品,31.29,30,1,1.29
3115,1400,2025-09-21,服饰,48.34,0,0,48.34
3116,290,2025-08-05,家居,32.52,10,0,22.52
3117,1169,2025-09-08,数码,91.55,20,0,71.55
3118,1751,2025-09-06,家居,78.54,0,0,78.54
3119,1325,2025-08-13,美妆,65.54,0,0,65.54
3120,460,2025-09-28,数码,51.11,10,0,41.11
3121,258,2025-09-12,服饰,19.67,10,1,9.67
3122,906,2025-09-20,服饰,46.9,20,1,26.9
3123,945,2025-07-09,数码,39.69,0,0,39.69
3124,706,2025-08-14,服饰,69.13,20,1,49.13
3125,219,2025-09-26,美妆,84.85,30,1,54.85
3126,237,2025-09-13,数码,72.14,20,0,52.14
3127,1058,2025-08-11,食品,120.86,0,0,120.86
3128,1889,2025-07-07,美妆,44.14,0,1,44.14
3129,1196,2025-07-26,美妆,43.15,30,1,13.15
3130,877,2025-08-22,数码,106.79,10,0,96.79
3131,1863,2025-08-29,家居,66.12,10,0,56.12
3132,1381,2025-09-24,数码,52.68,30,0,22.68
3133,1436,2025-07-09,美妆,166.6,0,0,166.6
3134,1151,2025-08-06,食品,82.91,20,1,62.91
3135,1526,2025-07-26,服饰,54.34,10,1,44.34
3136,1004,2025-09-27,服饰,41.38,20,0,21.38
3137,1245,2025-07-16,美妆,125.16,20,0,105.16
3138,1234,2025-07-21,美妆,67.62,5,0,62.62
3139,1506,2025-07-28,家居,61.16,0,0,61.16
3140,1797,2025-07-10,家居,87.53,30,1,57.53
3141,589,2025-08-29,服饰,97.91,20,0,77.91
3142,1399,2025-08-18,美妆,81.65,5,1,76.65
3143,64,2025-08-21,服饰,98.12,30,0,68.12
3144,1065,2025-09-22,服饰,77.34,0,0,77.34
3145,1798,2025-08-09,美妆,81.87,5,0,76.87
3146,1291,2025-07-29,家居,40.35,30,1,10.35
3147,536,2025-08-04,服饰,163.32,10,0,153.32
3148,1213,2025-09-12,数码,30.61,20,0,10.61
3149,716,2025-08-18,美妆,71.53,20,0,51.53
3150,867,2025-07-16,食品,28.93,5,0,23.93
3151,457,2025-09-02,家居,57.17,0,0,57.17
3152,1250,2025-09-07,家居,44.07,20,1,24.07
3153,397,2025-07-23,家居,65.02,5,1,60.02
3154,888,2025-08-21,食品,72.82,10,0,62.82
3155,1879,2025-08-21,服饰,35.66,5,1,30.66
3156,1516,2025-07-17,家居,59.37,0,0,59.37
3157,829,2025-07-01,家居,129.87,0,0,129.87
3158,1938,2025-09-05,家居,29.32,10,0,19.32
3159,28,2025-08-26,食品,37.72,20,0,17.72
3160,1920,2025-09-04,美妆,96.87,5,0,91.87
3161,705,2025-08-04,服饰,62.97,0,0,62.97
3162,1642,2025-08-17,美妆,65.57,5,0,60.57
3163,1896,2025-09-29,美妆,105.88,20,0,85.88
3164,1204,2025-07-21,美妆,38.99,0,0,38.99
3165,1221,2025-08-30,家居,45.35,10,0,35.35
3166,1499,2025-07-13,数码,42.37,10,0,32.37
3167,480,2025-07-07,美妆,49.82,5,0,44.82
3168,357,2025-09-27,数码,126.06,10,0,116.06
3169,688,2025-07-12,数码,23.67,20,0,3.67
3170,959,2025-08-30,食品,31.29,0,0,31.29
3171,1486,2025-08-17,家居,28.47,0,1,28.47
3172,515,2025-09-13,家居,130.44,0,0,130.44
3173,1130,2025-08-20,食品,43.04,10,0,33.04
3174,7,2025-09-03,食品,50.42,30,0,20.42
3175,62,2025-09-21,美妆,24.83,10,0,14.83
3176,1934,2025-09-15,数码,52.23,30,0,22.23
3177,1701,2025-09-05,家居,97.18,10,1,87.18
3178,1728,2025-07-15,数码,69.35,0,0,69.35
3179,658,2025-07-16,美妆,56.86,0,0,56.86
3180,1028,2025-08-15,食品,25.52,10,0,15.52
3181,1350,2025-08-30,数码,50.38,10,1,40.38
3182,509,2025-08-31,服饰,65.42,5,0,60.42
3183,1489,2025-09-11,食品,34.97,5,0,29.97
3184,1386,2025-07-10,数码,86.5,5,0,81.5
3185,815,2025-07-16,食品,98.18,0,1,98.18
3186,870,2025-07-14,数码,45.12,10,1,35.12
3187,615,2025-08-19,家居,89.95,10,1,79.95
3188,1607,2025-08-28,服饰,56.81,20,1,36.81
3189,1974,2025-07-11,食品,113.4,0,0,113.4
3190,2000,2025-09-18,数码,184.71,20,0,164.71
3191,1543,2025-07-28,家居,33.07,0,1,33.07
3192,699,2025-08-30,食品,92.13,0,0,92.13
3193,1563,2025-09-08,家居,123.68,20,0,103.68
3194,489,2025-07-04,美妆,35.38,30,0,5.38
3195,1794,2025-09-18,食品,43.98,30,0,13.98
3196,535,2025-09-28,家居,43.71,0,0,43.71
3197,806,2025-09-27,食品,56.09,0,0,56.09
3198,187,2025-07-13,美妆,49.6,20,0,29.6
3199,163,2025-08-06,食品,54.11,20,0,34.11
3200,789,2025-07-22,数码,95.67,5,0,90.67
3201,1101,2025-08-11,家居,21.27,0,1,21.27
3202,35,2025-09-28,数码,35.32,5,1,30.32
3203,1693,2025-09-09,服饰,87.22,0,1,87.22
3204,229,2025-09-09,服饰,81.78,0,0,81.78
3205,1997,2025-08-08,家居,33.71,10,1,23.71
3206,544,2025-09-25,食品,82.09,0,1,82.09
3207,758,2025-09-23,美妆,125.18,10,0,115.18
3208,320,2025-09-13,美妆,58.73,10,0,48.73
3209,1649,2025-09-13,服饰,34.66,5,0,29.66
3210,1465,2025-08-29,服饰,97.63,5,0,92.63
3211,158,2025-07-09,数码,155.66,30,1,125.66
3212,212,2025-07-27,数码,37.06,10,0,27.06
3213,1219,2025-09-09,食品,61.66,20,0,41.66
3214,1732,2025-07-31,服饰,109.9,5,0,104.9
3215,220,2025-07-16,数码,64.29,10,1,54.29
3216,443,2025-09-26,家居,23.08,30,0,1.0
3217,1091,2025-08-14,家居,77.01,0,0,77.01
3218,218,2025-09-18,美妆,35.22,0,1,35.22
3219,610,2025-07-27,数码,30.0,30,0,1.0
3220,21,2025-08-03,美妆,23.33,5,0,18.33
3221,999,2025-08-01,家居,116.13,0,0,116.13
3222,1431,2025-08-04,家居,38.13,30,1,8.13
3223,824,2025-08-10,美妆,72.48,0,1,72.48
3224,514,2025-07-28,食品,82.97,10,1,72.97
3225,849,2025-09-13,美妆,65.96,20,1,45.96
3226,1019,2025-07-31,数码,71.03,20,0,51.03
3227,332,2025-08-10,美妆,74.41,5,0,69.41
3228,224,2025-09-18,数码,65.1,0,0,65.1
3229,364,2025-08-10,家居,39.72,20,0,19.72
3230,1971,2025-07-01,家居,37.82,20,0,17.82
3231,1446,2025-07-01,服饰,56.95,0,0,56.95
3232,251,2025-08-10,服饰,56.3,0,0,56.3
3233,603,2025-08-29,家居,76.41,5,0,71.41
3234,824,2025-09-25,服饰,110.6,0,0,110.6
3235,363,2025-07-13,食品,72.9,20,1,52.9
3236,1704,2025-08-19,家居,38.63,30,0,8.63
3237,1882,2025-07-27,食品,18.18,0,1,18.18
3238,490,2025-08-11,服饰,39.53,30,0,9.53
3239,34,2025-08-10,家居,28.8,20,1,8.8
3240,534,2025-07-29,数码,40.38,10,0,30.38
3241,1166,2025-07-02,美妆,68.94,30,0,38.94
3242,1617,2025-07-07,数码,63.21,0,0,63.21
3243,680,2025-08-18,数码,167.67,30,0,137.67
3244,547,2025-07-21,食品,78.7,0,1,78.7
3245,498,2025-07-31,家居,172.44,5,0,167.44
3246,6,2025-07-09,数码,89.42,10,0,79.42
3247,29,2025-07-05,美妆,109.63,0,0,109.63
3248,856,2025-07-12,家居,49.53,10,0,39.53
3249,1236,2025-08-04,家居,33.42,5,0,28.42
3250,26,2025-07-16,服饰,47.14,5,0,42.14
3251,401,2025-07-22,美妆,59.95,10,0,49.95
3252,1820,2025-07-28,数码,42.71,0,0,42.71
3253,1981,2025-07-27,家居,34.79,0,0,34.79
3254,1284,2025-07-02,数码,75.89,0,0,75.89
3255,1044,2025-07-11,食品,34.71,30,1,4.71
3256,1167,2025-09-26,美妆,25.96,20,0,5.96
3257,741,2025-08-31,服饰,32.55,5,0,27.55
3258,404,2025-07-12,家居,53.04,10,1,43.04
3259,752,2025-07-27,食品,34.99,10,1,24.99
3260,1400,2025-08-05,食品,53.23,0,1,53.23
3261,1326,2025-09-22,家居,83.95,0,0,83.95
3262,1355,2025-09-19,服饰,82.76,10,1,72.76
3263,1218,2025-09-09,美妆,41.95,0,0,41.95
3264,121,2025-07-10,家居,29.45,20,1,9.45
3265,1253,2025-08-15,美妆,43.97,0,0,43.97
3266,1762,2025-08-14,家居,86.54,10,0,76.54
3267,1298,2025-08-28,家居,98.4,5,1,93.4
3268,1159,2025-09-16,服饰,73.27,10,0,63.27
3269,448,2025-07-30,食品,116.84,30,0,86.84
3270,1585,2025-08-21,数码,156.19,5,1,151.19
3271,904,2025-07-25,食品,46.26,0,0,46.26
3272,526,2025-07-20,美妆,136.68,10,0,126.68
3273,980,2025-07-29,服饰,52.28,0,0,52.28
3274,245,2025-09-06,服饰,105.73,0,0,105.73
3275,1853,2025-08-10,服饰,89.1,10,0,79.1
3276,1405,2025-09-01,美妆,20.34,0,0,20.34
3277,654,2025-09-02,美妆,35.47,0,1,35.47
3278,1588,2025-08-03,家居,30.82,5,0,25.82
3279,109,2025-09-26,食品,22.64,5,1,17.64
3280,773,2025-07-05,服饰,97.87,30,1,67.87
3281,1303,2025-09-21,服饰,188.26,0,1,188.26
3282,48,2025-07-01,服饰,52.37,5,0,47.37
3283,1418,2025-08-05,美妆,96.52,10,0,86.52
3284,1637,2025-09-14,数码,136.53,20,0,116.53
3285,1189,2025-09-01,服饰,67.67,0,1,67.67
3286,413,2025-07-30,食品,59.51,10,1,49.51
3287,1499,2025-09-20,食品,52.71,10,1,42.71
3288,679,2025-07-13,服饰,81.1,0,0,81.1
3289,1472,2025-08-31,服饰,97.62,0,0,97.62
3290,1257,2025-08-17,美妆,77.79,10,0,67.79
3291,187,2025-07-20,服饰,76.33,0,0,76.33
3292,200,2025-09-23,数码,58.66,0,1,58.66
3293,31,2025-09-09,家居,25.13,10,1,15.13
3294,144,2025-07-01,数码,98.86,0,1,98.86
3295,600,2025-07-08,数码,29.77,0,1,29.77
3296,52,2025-07-06,数码,84.83,5,0,79.83
3297,1877,2025-08-08,家居,91.44,20,0,71.44
3298,1834,2025-08-08,服饰,32.23,20,0,12.23
3299,346,2025-09-05,家居,43.19,0,1,43.19
3300,623,2025-09-01,食品,193.8,0,1,193.8
3301,1485,2025-07-02,食品,57.76,30,0,27.76
3302,1322,2025-08-13,数码,30.84,10,0,20.84
3303,1164,2025-09-11,食品,93.74,10,0,83.74
3304,1979,2025-09-21,美妆,39.45,0,0,39.45
3305,1260,2025-07-27,服饰,20.98,0,1,20.98
3306,1339,2025-07-05,服饰,80.31,0,0,80.31
3307,1005,2025-07-15,服饰,36.45,20,0,16.45
3308,1051,2025-08-01,美妆,72.0,30,0,42.0
3309,583,2025-08-10,数码,38.59,0,1,38.59
3310,1042,2025-08-02,美妆,89.03,10,0,79.03
3311,1837,2025-07-09,食品,66.75,20,0,46.75
3312,754,2025-08-01,服饰,14.53,20,0,1.0
3313,267,2025-07-27,食品,74.45,5,0,69.45
3314,1200,2025-08-14,家居,51.45,0,0,51.45
3315,1571,2025-07-08,美妆,131.52,30,1,101.52
3316,1918,2025-09-11,食品,74.99,0,1,74.99
3317,1085,2025-08-08,家居,91.46,0,0,91.46
3318,1577,2025-07-30,数码,40.82,0,0,40.82
3319,501,2025-09-22,美妆,39.07,5,0,34.07
3320,849,2025-09-07,服饰,59.5,0,0,59.5
3321,839,2025-07-13,家居,49.48,10,0,39.48
3322,665,2025-07-14,数码,125.95,30,1,95.95
3323,1433,2025-07-01,服饰,55.46,5,0,50.46
3324,1768,2025-08-21,食品,30.76,30,0,1.0
3325,654,2025-08-02,家居,38.28,30,0,8.28
3326,272,2025-08-04,家居,102.59,20,0,82.59
3327,1651,2025-08-16,服饰,55.04,10,0,45.04
3328,1700,2025-08-19,食品,53.44,20,0,33.44
3329,1870,2025-07-01,家居,108.11,10,1,98.11
3330,511,2025-07-10,数码,36.48,0,0,36.48
3331,1439,2025-09-11,食品,17.65,30,0,1.0
3332,1432,2025-09-26,美妆,37.75,5,1,32.75
3333,1581,2025-09-16,数码,68.93,30,0,38.93
3334,1613,2025-09-22,食品,52.6,5,1,47.6
3335,1906,2025-08-12,食品,25.58,0,0,25.58
3336,954,2025-09-15,家居,105.51,20,0,85.51
3337,152,2025-09-20,美妆,66.02,10,0,56.02
3338,385,2025-09-21,数码,74.74,5,1,69.74
3339,1774,2025-07-14,服饰,76.0,20,1,56.0
3340,1690,2025-07-14,数码,29.54,5,0,24.54
3341,23,2025-08-07,食品,71.28,0,0,71.28
3342,736,2025-08-16,家居,99.39,10,0,89.39
3343,491,2025-09-27,美妆,112.98,0,0,112.98
3344,642,2025-07-30,家居,89.72,5,0,84.72
3345,1278,2025-09-15,食品,80.02,0,1,80.02
3346,1021,2025-09-20,美妆,23.21,0,0,23.21
3347,962,2025-09-27,服饰,59.85,30,0,29.85
3348,871,2025-07-18,服饰,35.65,0,0,35.65
3349,1284,2025-07-23,美妆,122.14,20,0,102.14
3350,1367,2025-07-21,食品,112.36,10,1,102.36
3351,87,2025-09-06,家居,35.77,0,0,35.77
3352,275,2025-09-02,家居,58.83,30,1,28.83
3353,683,2025-08-07,数码,69.18,0,0,69.18
3354,872,2025-07-09,食品,99.03,5,0,94.03
3355,1993,2025-08-17,数码,24.01,20,0,4.01
3356,1784,2025-09-06,美妆,17.9,20,1,1.0
3357,1298,2025-08-13,美妆,61.62,0,0,61.62
3358,73,2025-07-25,食品,15.0,20,0,1.0
3359,202,2025-08-24,家居,65.84,30,0,35.84
3360,915,2025-08-30,服饰,83.57,5,0,78.57
3361,1175,2025-08-24,服饰,119.09,10,1,109.09
3362,1322,2025-09-19,服饰,42.84,5,1,37.84
3363,284,2025-07-29,美妆,65.93,5,0,60.93
3364,1776,2025-08-26,服饰,86.34,5,0,81.34
3365,987,2025-09-17,服饰,31.61,0,0,31.61
3366,1188,2025-07-20,服饰,99.83,10,0,89.83
3367,79,2025-07-26,美妆,70.17,0,0,70.17
3368,1649,2025-07-05,数码,43.25,0,0,43.25
3369,1087,2025-08-04,服饰,65.22,5,0,60.22
3370,446,2025-07-05,美妆,55.89,0,1,55.89
3371,638,2025-09-07,家居,92.67,10,0,82.67
3372,706,2025-07-09,服饰,49.49,5,1,44.49
3373,55,2025-09-02,家居,68.37,0,1,68.37
3374,1885,2025-08-23,食品,42.88,0,1,42.88
3375,1606,2025-09-29,数码,36.02,0,1,36.02
3376,1772,2025-08-02,美妆,66.31,10,0,56.31
3377,708,2025-08-01,美妆,36.85,0,0,36.85
3378,1116,2025-07-23,美妆,93.72,10,1,83.72
3379,917,2025-08-19,服饰,83.57,10,1,73.57
3380,951,2025-07-21,美妆,39.61,5,0,34.61
3381,1178,2025-07-11,家居,67.87,0,0,67.87
3382,903,2025-09-26,服饰,39.51,0,1,39.51
3383,1547,2025-09-01,食品,24.97,0,0,24.97
3384,118,2025-07-11,数码,43.45,0,0,43.45
3385,386,2025-08-26,服饰,58.69,30,0,28.69
3386,1785,2025-07-29,服饰,80.38,0,0,80.38
3387,1765,2025-07-17,食品,65.51,0,0,65.51
3388,1637,2025-08-13,美妆,99.41,20,0,79.41
3389,738,2025-09-11,家居,35.18,30,1,5.18
3390,913,2025-07-01,服饰,49.05,5,0,44.05
3391,51,2025-08-02,服饰,149.07,5,1,144.07
3392,559,2025-09-23,美妆,20.86,0,0,20.86
3393,1453,2025-08-06,美妆,47.06,20,1,27.06
3394,686,2025-07-10,服饰,33.47,10,0,23.47
3395,961,2025-08-09,数码,54.19,5,0,49.19
3396,247,2025-09-01,美妆,47.52,0,0,47.52
3397,993,2025-09-30,食品,84.03,5,0,79.03
3398,1444,2025-08-27,美妆,69.45,10,0,59.45
3399,1145,2025-07-05,服饰,29.43,0,0,29.43
3400,1114,2025-09-13,服饰,43.66,5,1,38.66
3401,1830,2025-09-10,服饰,60.34,0,0,60.34
3402,469,2025-08-29,家居,90.62,20,1,70.62
3403,599,2025-09-21,美妆,230.01,0,0,230.01
3404,1247,2025-09-09,美妆,88.81,30,0,58.81
3405,961,2025-07-22,食品,34.57,5,1,29.57
3406,1959,2025-08-08,服饰,57.3,5,0,52.3
3407,120,2025-08-16,数码,66.66,5,1,61.66
3408,245,2025-08-14,食品,45.35,5,0,40.35
3409,684,2025-08-28,数码,78.15,0,0,78.15
3410,917,2025-09-03,服饰,17.3,5,1,12.3
3411,1781,2025-07-10,服饰,81.8,0,0,81.8
3412,989,2025-08-22,数码,46.43,0,0,46.43
3413,875,2025-07-04,美妆,56.81,20,0,36.81
3414,334,2025-08-17,服饰,135.12,0,0,135.12
3415,869,2025-08-08,食品,30.15,20,0,10.15
3416,1064,2025-07-19,食品,70.11,20,0,50.11
3417,1168,2025-09-30,家居,93.38,10,0,83.38
3418,1212,2025-07-24,家居,66.27,0,0,66.27
3419,860,2025-07-06,食品,24.83,10,1,14.83
3420,315,2025-08-02,服饰,126.81,20,1,106.81
3421,306,2025-09-08,数码,53.72,5,1,48.72
3422,310,2025-07-01,美妆,45.14,0,1,45.14
3423,1238,2025-08-15,家居,50.87,0,1,50.87
3424,1713,2025-08-08,数码,48.9,5,0,43.9
3425,1767,2025-09-18,美妆,31.36,0,0,31.36
3426,623,2025-07-01,家居,66.07,0,0,66.07
3427,160,2025-07-02,食品,43.45,10,0,33.45
3428,1261,2025-08-21,美妆,87.27,5,1,82.27
3429,77,2025-07-17,服饰,80.21,0,0,80.21
3430,1254,2025-09-03,数码,147.54,30,0,117.54
3431,767,2025-07-26,美妆,53.71,0,1,53.71
3432,1679,2025-08-21,服饰,38.79,0,0,38.79
3433,1251,2025-07-04,服饰,26.89,0,1,26.89
3434,1480,2025-09-02,数码,201.61,0,1,201.61
3435,812,2025-08-17,家居,86.85,5,0,81.85
3436,1682,2025-07-01,美妆,41.23,0,0,41.23
3437,1051,2025-07-25,美妆,153.12,20,0,133.12
3438,1251,2025-07-06,数码,127.22,20,0,107.22
3439,722,2025-07-05,服饰,28.7,0,1,28.7
3440,899,2025-09-03,服饰,39.87,20,0,19.87
3441,1681,2025-08-09,数码,56.1,10,0,46.1
3442,788,2025-09-12,食品,33.5,20,0,13.5
3443,43,2025-07-24,服饰,57.22,0,0,57.22
3444,759,2025-09-05,美妆,89.26,10,0,79.26
3445,784,2025-08-26,服饰,28.35,0,0,28.35
3446,837,2025-08-30,数码,70.89,0,0,70.89
3447,142,2025-09-15,数码,114.74,20,1,94.74
3448,259,2025-09-04,数码,75.2,0,0,75.2
3449,649,2025-09-07,服饰,57.88,5,0,52.88
3450,848,2025-09-07,家居,41.79,0,0,41.79
3451,59,2025-08-11,美妆,95.29,20,1,75.29
3452,779,2025-09-05,家居,31.59,5,0,26.59
3453,641,2025-09-16,家居,68.96,0,0,68.96
3454,70,2025-09-06,食品,61.19,10,0,51.19
3455,501,2025-08-25,数码,112.07,0,0,112.07
3456,551,2025-07-07,数码,43.79,0,1,43.79
3457,288,2025-08-10,数码,45.89,10,1,35.89
3458,1504,2025-07-06,服饰,30.48,30,0,1.0
3459,145,2025-07-10,服饰,76.75,20,0,56.75
3460,1156,2025-08-03,家居,47.79,0,0,47.79
3461,1331,2025-08-12,数码,37.56,0,0,37.56
3462,1613,2025-08-18,数码,39.58,20,0,19.58
3463,1092,2025-09-21,美妆,81.08,0,0,81.08
3464,1086,2025-09-09,食品,32.9,10,0,22.9
3465,1522,2025-08-08,美妆,34.54,5,0,29.54
3466,1709,2025-07-31,食品,98.79,20,0,78.79
3467,422,2025-09-04,数码,55.07,5,0,50.07
3468,1593,2025-07-26,数码,102.05,30,0,72.05
3469,925,2025-09-20,美妆,49.52,5,0,44.52
3470,197,2025-09-10,家居,60.3,10,0,50.3
3471,1225,2025-09-01,服饰,65.76,0,0,65.76
3472,1955,2025-07-23,家居,129.41,5,1,124.41
3473,282,2025-08-27,数码,123.75,0,0,123.75
3474,30,2025-09-14,食品,113.78,0,0,113.78
3475,1834,2025-07-07,美妆,42.7,5,0,37.7
3476,1194,2025-07-17,美妆,35.07,0,0,35.07
3477,439,2025-08-17,美妆,91.69,30,1,61.69
3478,1586,2025-08-03,家居,128.67,20,0,108.67
3479,788,2025-09-04,服饰,114.38,10,1,104.38
3480,664,2025-08-06,数码,60.77,5,0,55.77
3481,580,2025-09-30,家居,90.04,0,0,90.04
3482,1198,2025-07-28,食品,90.92,0,0,90.92
3483,270,2025-08-03,数码,65.49,0,0,65.49
3484,725,2025-07-01,食品,67.07,10,0,57.07
3485,611,2025-07-23,食品,63.69,20,0,43.69
3486,122,2025-07-22,数码,39.12,0,0,39.12
3487,1527,2025-09-09,家居,41.37,0,0,41.37
3488,17,2025-08-01,数码,41.02,0,0,41.02
3489,1920,2025-07-19,家居,25.04,5,0,20.04
3490,190,2025-07-29,食品,65.27,0,1,65.27
3491,717,2025-08-21,数码,59.01,5,0,54.01
3492,197,2025-09-11,家居,91.75,0,0,91.75
3493,734,2025-09-29,美妆,120.71,0,0,120.71
3494,1222,2025-07-05,家居,125.01,10,0,115.01
3495,175,2025-09-16,数码,131.65,30,0,101.65
3496,1052,2025-08-05,食品,39.79,0,0,39.79
3497,1544,2025-09-13,数码,27.45,0,1,27.45
3498,911,2025-07-04,服饰,100.68,0,0,100.68
3499,225,2025-08-27,数码,129.05,20,0,109.05
3500,1384,2025-09-24,食品,142.0,5,0,137.0
3501,373,2025-07-04,家居,78.79,10,0,68.79
3502,34,2025-09-11,数码,20.12,5,0,15.12
3503,874,2025-07-11,食品,73.78,30,0,43.78
3504,542,2025-09-29,食品,81.9,0,0,81.9
3505,57,2025-09-07,食品,120.14,0,0,120.14
3506,1555,2025-09-22,家居,132.46,5,0,127.46
3507,1200,2025-09-21,数码,99.51,5,0,94.51
3508,1820,2025-07-30,服饰,43.68,0,0,43.68
3509,961,2025-08-08,食品,34.26,20,0,14.26
3510,877,2025-09-02,美妆,80.94,10,0,70.94
3511,1686,2025-07-17,服饰,39.02,30,0,9.02
3512,163,2025-07-29,家居,135.82,30,0,105.82
3513,724,2025-07-10,家居,23.63,5,0,18.63
3514,1598,2025-09-20,家居,82.42,20,0,62.42
3515,586,2025-07-23,美妆,71.93,10,1,61.93
3516,1771,2025-08-07,食品,53.85,5,1,48.85
3517,569,2025-08-11,数码,36.28,10,0,26.28
3518,828,2025-08-04,服饰,19.41,30,0,1.0
3519,1795,2025-09-10,服饰,45.05,20,1,25.05
3520,487,2025-09-23,食品,45.48,10,0,35.48
3521,1937,2025-08-22,数码,111.21,0,0,111.21
3522,88,2025-09-15,食品,39.23,20,0,19.23
3523,532,2025-07-11,美妆,77.4,5,0,72.4
3524,1183,2025-09-27,食品,29.64,10,0,19.64
3525,1189,2025-07-11,家居,78.58,10,0,68.58
3526,1820,2025-07-07,美妆,17.62,5,0,12.62
3527,1920,2025-07-03,食品,191.03,0,0,191.03
3528,1356,2025-07-23,美妆,55.84,10,0,45.84
3529,1320,2025-09-16,美妆,12.98,0,0,12.98
3530,635,2025-07-28,数码,40.66,0,0,40.66
3531,1612,2025-09-11,美妆,37.28,0,0,37.28
3532,1286,2025-08-09,数码,42.07,10,0,32.07
3533,49,2025-07-10,服饰,49.38,0,1,49.38
3534,1665,2025-08-13,数码,41.91,0,0,41.91
3535,720,2025-07-22,服饰,38.51,20,0,18.51
3536,952,2025-07-27,美妆,31.9,5,0,26.9
3537,973,2025-08-17,家居,94.82,20,0,74.82
3538,1640,2025-09-11,美妆,116.82,5,0,111.82
3539,536,2025-08-23,数码,52.46,0,0,52.46
3540,784,2025-07-21,美妆,59.76,20,1,39.76
3541,79,2025-09-05,家居,32.48,5,0,27.48
3542,698,2025-09-03,家居,62.74,30,0,32.74
3543,177,2025-07-22,家居,68.48,0,1,68.48
3544,1166,2025-09-17,美妆,53.48,20,0,33.48
3545,1787,2025-09-16,美妆,75.03,5,0,70.03
3546,930,2025-08-25,数码,71.51,20,0,51.51
3547,1825,2025-07-28,家居,33.79,0,0,33.79
3548,1955,2025-08-02,食品,116.3,10,0,106.3
3549,108,2025-08-10,数码,53.83,0,1,53.83
3550,1033,2025-07-18,家居,151.65,20,0,131.65
3551,1057,2025-07-29,数码,76.04,0,0,76.04
3552,771,2025-07-13,美妆,178.4,5,0,173.4
3553,1661,2025-07-15,美妆,115.17,10,0,105.17
3554,790,2025-09-07,食品,68.37,5,1,63.37
3555,111,2025-07-12,食品,40.54,20,0,20.54
3556,1096,2025-08-13,家居,41.02,10,0,31.02
3557,404,2025-08-09,美妆,80.9,0,0,80.9
3558,710,2025-07-05,服饰,65.28,20,1,45.28
3559,1004,2025-09-15,美妆,43.64,5,0,38.64
3560,1446,2025-09-29,食品,95.41,10,0,85.41
3561,557,2025-08-28,美妆,61.64,0,0,61.64
3562,762,2025-08-31,美妆,95.72,5,0,90.72
3563,136,2025-07-22,美妆,35.29,20,0,15.29
3564,769,2025-09-16,家居,104.55,30,0,74.55
3565,1161,2025-09-11,食品,79.48,30,1,49.48
3566,1234,2025-08-10,数码,116.59,10,1,106.59
3567,587,2025-09-03,食品,103.29,0,1,103.29
3568,122,2025-09-26,服饰,57.59,5,0,52.59
3569,1155,2025-08-25,美妆,55.09,0,1,55.09
3570,1311,2025-07-19,家居,160.88,10,0,150.88
3571,171,2025-07-31,食品,51.43,0,0,51.43
3572,1010,2025-07-18,数码,91.07,30,1,61.07
3573,191,2025-07-31,数码,48.92,0,1,48.92
3574,907,2025-09-20,食品,21.67,0,1,21.67
3575,1282,2025-07-18,食品,30.72,20,0,10.72
3576,1439,2025-09-21,美妆,75.43,0,0,75.43
3577,1428,2025-07-27,美妆,88.73,0,1,88.73
3578,1517,2025-08-15,服饰,75.57,5,1,70.57
3579,483,2025-08-18,美妆,113.33,30,0,83.33
3580,1693,2025-07-12,数码,74.83,0,0,74.83
3581,700,2025-07-17,家居,39.39,5,0,34.39
3582,750,2025-07-29,食品,83.67,0,0,83.67
3583,1576,2025-07-06,数码,66.24,10,0,56.24
3584,655,2025-09-08,家居,43.97,0,1,43.97
3585,150,2025-08-20,数码,78.25,10,0,68.25
3586,1429,2025-09-16,美妆,63.03,5,1,58.03
3587,1325,2025-09-18,美妆,43.26,30,0,13.26
3588,1164,2025-08-01,数码,54.72,10,0,44.72
3589,287,2025-09-14,美妆,131.3,10,0,121.3
3590,1264,2025-07-06,美妆,128.96,5,0,123.96
3591,397,2025-08-09,食品,66.92,0,1,66.92
3592,1112,2025-08-31,数码,62.27,0,0,62.27
3593,1016,2025-08-12,美妆,27.44,5,1,22.44
3594,1546,2025-09-07,服饰,155.35,0,0,155.35
3595,1954,2025-09-17,数码,106.7,0,1,106.7
3596,381,2025-08-09,美妆,91.25,5,0,86.25
3597,230,2025-07-26,数码,17.27,0,0,17.27
3598,1112,2025-08-23,服饰,61.71,0,0,61.71
3599,1904,2025-09-18,美妆,56.27,5,0,51.27
3600,317,2025-09-29,数码,87.84,20,0,67.84
3601,975,2025-09-14,服饰,47.08,0,1,47.08
3602,815,2025-07-23,美妆,53.12,20,1,33.12
3603,637,2025-07-19,数码,84.83,0,0,84.83
3604,1328,2025-08-22,数码,39.43,30,0,9.43
3605,591,2025-08-07,美妆,44.0,5,0,39.0
3606,987,2025-08-26,服饰,67.11,5,1,62.11
3607,1691,2025-09-23,服饰,125.99,10,1,115.99
3608,760,2025-08-20,食品,94.13,5,0,89.13
3609,43,2025-08-02,数码,109.01,5,0,104.01
3610,1770,2025-09-18,食品,62.48,5,0,57.48
3611,550,2025-08-10,食品,137.32,30,0,107.32
3612,1546,2025-08-25,服饰,23.16,20,0,3.16
3613,1526,2025-07-13,美妆,183.5,5,0,178.5
3614,1053,2025-08-16,服饰,197.05,20,1,177.05
3615,176,2025-08-09,食品,77.57,0,0,77.57
3616,1901,2025-07-12,美妆,95.37,5,1,90.37
3617,1362,2025-07-20,服饰,59.09,5,1,54.09
3618,849,2025-09-03,数码,53.77,0,0,53.77
3619,1708,2025-07-17,美妆,43.12,30,0,13.12
3620,1577,2025-07-13,家居,58.74,20,0,38.74
3621,1521,2025-07-06,食品,81.92,30,0,51.92
3622,336,2025-07-03,服饰,76.02,10,0,66.02
3623,1266,2025-08-09,数码,179.94,5,1,174.94
3624,572,2025-08-14,数码,63.76,20,1,43.76
3625,157,2025-08-27,家居,26.61,0,0,26.61
3626,677,2025-08-22,数码,149.06,20,0,129.06
3627,209,2025-08-19,美妆,30.83,0,0,30.83
3628,212,2025-09-30,数码,44.36,20,0,24.36
3629,1455,2025-07-23,数码,70.07,10,0,60.07
3630,1004,2025-09-04,食品,75.9,0,1,75.9
3631,796,2025-07-08,数码,27.25,0,0,27.25
3632,385,2025-09-17,家居,40.02,5,0,35.02
3633,1542,2025-08-03,数码,26.72,0,1,26.72
3634,1269,2025-08-01,食品,84.94,20,0,64.94
3635,1172,2025-07-13,食品,115.68,0,0,115.68
3636,381,2025-08-16,家居,30.81,5,0,25.81
3637,248,2025-08-06,家居,104.34,0,0,104.34
3638,248,2025-09-28,美妆,100.68,0,0,100.68
3639,51,2025-07-17,服饰,41.99,0,0,41.99
3640,1939,2025-08-08,家居,20.28,20,0,1.0
3641,736,2025-09-21,美妆,33.48,10,0,23.48
3642,1317,2025-09-13,家居,43.49,30,0,13.49
3643,1965,2025-09-09,服饰,140.88,5,0,135.88
3644,1873,2025-08-18,家居,56.54,0,0,56.54
3645,642,2025-09-19,数码,34.68,0,0,34.68
3646,980,2025-07-21,美妆,65.45,5,1,60.45
3647,927,2025-09-13,服饰,29.59,0,0,29.59
3648,67,2025-08-23,家居,80.07,0,1,80.07
3649,1537,2025-08-02,服饰,35.24,10,1,25.24
3650,1149,2025-07-21,服饰,38.17,0,0,38.17
3651,743,2025-08-17,数码,74.18,10,0,64.18
3652,1117,2025-07-01,数码,158.01,10,0,148.01
3653,1471,2025-09-04,服饰,202.1,10,0,192.1
3654,30,2025-07-22,美妆,34.06,5,1,29.06
3655,1293,2025-08-05,数码,43.46,10,1,33.46
3656,1723,2025-07-18,数码,80.12,5,0,75.12
3657,1453,2025-08-12,美妆,114.76,0,1,114.76
3658,1240,2025-08-04,食品,18.35,0,1,18.35
3659,182,2025-07-18,服饰,63.31,0,0,63.31
3660,1490,2025-09-20,服饰,46.16,5,1,41.16
3661,1502,2025-09-08,家居,20.94,10,0,10.94
3662,988,2025-08-05,美妆,28.92,20,1,8.92
3663,1166,2025-07-06,家居,44.16,0,1,44.16
3664,1237,2025-09-16,服饰,62.32,0,0,62.32
3665,243,2025-09-03,家居,105.05,0,0,105.05
3666,515,2025-08-21,食品,73.32,30,1,43.32
3667,1585,2025-08-25,家居,101.61,0,0,101.61
3668,1948,2025-07-01,家居,61.23,5,0,56.23
3669,541,2025-08-13,美妆,40.95,0,0,40.95
3670,802,2025-07-18,数码,54.54,20,0,34.54
3671,1831,2025-08-29,美妆,88.46,5,0,83.46
3672,325,2025-09-24,数码,106.47,0,0,106.47
3673,523,2025-08-18,家居,55.63,5,1,50.63
3674,112,2025-08-25,家居,36.2,10,1,26.2
3675,470,2025-08-31,数码,72.57,5,1,67.57
3676,1273,2025-09-24,美妆,78.48,30,0,48.48
3677,697,2025-07-04,服饰,118.87,20,0,98.87
3678,1967,2025-07-29,食品,41.54,5,0,36.54
3679,1784,2025-07-25,服饰,41.79,30,0,11.79
3680,1792,2025-09-04,食品,91.46,20,1,71.46
3681,1453,2025-08-11,家居,48.23,5,0,43.23
3682,1405,2025-09-10,服饰,47.12,20,1,27.12
3683,1020,2025-08-13,家居,120.27,5,1,115.27
3684,1982,2025-09-28,食品,28.39,5,0,23.39
3685,191,2025-09-09,服饰,186.96,5,1,181.96
3686,1446,2025-07-02,数码,43.08,20,1,23.08
3687,281,2025-09-29,服饰,97.19,30,0,67.19
3688,679,2025-09-26,数码,56.84,0,0,56.84
3689,512,2025-07-04,食品,70.05,10,0,60.05
3690,1203,2025-08-06,数码,52.22,10,1,42.22
3691,1575,2025-09-28,美妆,96.65,20,0,76.65
3692,160,2025-09-16,服饰,49.85,5,0,44.85
3693,1204,2025-08-13,美妆,44.03,0,0,44.03
3694,444,2025-08-20,数码,163.59,0,0,163.59
3695,154,2025-07-03,家居,61.32,0,0,61.32
3696,836,2025-08-21,美妆,41.61,0,0,41.61
3697,1163,2025-08-31,美妆,26.58,0,1,26.58
3698,404,2025-08-03,家居,168.35,0,0,168.35
3699,780,2025-07-29,美妆,44.54,20,0,24.54
3700,1908,2025-09-15,美妆,187.54,5,0,182.54
3701,694,2025-08-11,家居,75.14,5,1,70.14
3702,1992,2025-07-25,食品,65.27,20,1,45.27
3703,1669,2025-08-04,食品,66.25,0,1,66.25
3704,742,2025-08-15,食品,204.13,10,0,194.13
3705,1154,2025-07-24,数码,18.07,20,0,1.0
3706,1419,2025-08-21,美妆,67.89,5,0,62.89
3707,930,2025-09-18,数码,52.15,5,0,47.15
3708,816,2025-09-07,美妆,53.67,0,0,53.67
3709,660,2025-07-22,食品,65.5,5,0,60.5
3710,280,2025-08-13,服饰,52.12,10,0,42.12
3711,50,2025-08-20,服饰,66.92,0,0,66.92
3712,674,2025-09-01,食品,59.56,5,0,54.56
3713,1592,2025-09-08,服饰,29.3,5,1,24.3
3714,467,2025-08-14,家居,74.42,0,0,74.42
3715,360,2025-07-29,家居,89.46,0,0,89.46
3716,657,2025-08-30,美妆,44.78,5,0,39.78
3717,1198,2025-07-12,美妆,168.57,0,0,168.57
3718,431,2025-09-01,食品,125.78,10,1,115.78
3719,441,2025-09-21,美妆,95.98,30,0,65.98
3720,225,2025-09-04,家居,95.34,20,0,75.34
3721,665,2025-08-09,服饰,61.35,0,1,61.35
3722,435,2025-09-14,食品,113.04,5,0,108.04
3723,1663,2025-08-18,服饰,143.15,10,0,133.15
3724,1812,2025-08-19,家居,94.11,10,0,84.11
3725,742,2025-09-17,服饰,44.09,30,0,14.09
3726,171,2025-07-18,食品,59.04,5,0,54.04
3727,175,2025-09-10,家居,82.72,0,1,82.72
3728,650,2025-09-01,食品,95.66,5,0,90.66
3729,927,2025-08-18,服饰,57.82,30,0,27.82
3730,1057,2025-07-08,服饰,44.18,10,0,34.18
3731,609,2025-09-09,数码,144.22,20,0,124.22
3732,710,2025-07-21,服饰,33.46,10,0,23.46
3733,568,2025-09-21,美妆,35.95,30,1,5.95
3734,1036,2025-09-11,数码,29.08,5,0,24.08
3735,1394,2025-08-03,美妆,35.91,30,1,5.91
3736,87,2025-08-10,家居,119.83,20,0,99.83
3737,958,2025-07-03,数码,122.05,20,0,102.05
3738,1298,2025-08-15,服饰,57.93,30,0,27.93
3739,1346,2025-07-06,家居,79.28,5,0,74.28
3740,1127,2025-09-29,家居,59.99,10,0,49.99
3741,1051,2025-08-28,美妆,31.32,10,0,21.32
3742,1362,2025-07-22,美妆,204.38,20,1,184.38
3743,757,2025-09-12,美妆,128.52,20,1,108.52
3744,1135,2025-07-02,食品,73.33,20,0,53.33
3745,639,2025-08-20,食品,37.68,5,0,32.68
3746,876,2025-07-11,家居,53.32,20,0,33.32
3747,249,2025-07-06,数码,41.23,20,0,21.23
3748,701,2025-07-23,家居,63.67,10,0,53.67
3749,285,2025-07-28,美妆,71.55,5,1,66.55
3750,453,2025-09-05,食品,50.02,20,0,30.02
3751,839,2025-09-20,服饰,27.11,20,0,7.11
3752,1001,2025-09-10,美妆,194.93,5,1,189.93
3753,1884,2025-09-07,食品,68.76,10,0,58.76
3754,53,2025-08-22,服饰,77.57,10,1,67.57
3755,1798,2025-08-04,家居,47.83,10,1,37.83
3756,657,2025-07-24,美妆,25.56,0,0,25.56
3757,1449,2025-09-26,服饰,57.64,0,0,57.64
3758,1356,2025-08-18,数码,50.51,20,0,30.51
3759,1942,2025-08-21,服饰,89.14,30,0,59.14
3760,218,2025-07-02,美妆,99.32,5,1,94.32
3761,1935,2025-08-12,服饰,91.91,30,0,61.91
3762,126,2025-09-01,数码,103.91,5,1,98.91
3763,1755,2025-08-15,家居,162.72,0,0,162.72
3764,1305,2025-08-26,服饰,74.77,10,0,64.77
3765,964,2025-09-13,食品,110.45,0,0,110.45
3766,796,2025-07-03,食品,79.17,0,1,79.17
3767,188,2025-09-22,数码,21.22,30,0,1.0
3768,1604,2025-09-14,美妆,55.42,5,0,50.42
3769,1456,2025-08-08,食品,37.44,0,1,37.44
3770,1875,2025-09-09,食品,68.53,5,0,63.53
3771,1461,2025-07-07,服饰,39.05,10,1,29.05
3772,1915,2025-07-29,食品,84.19,10,0,74.19
3773,1774,2025-07-10,食品,103.5,0,1,103.5
3774,852,2025-08-28,家居,116.98,5,0,111.98
3775,1408,2025-09-17,食品,147.02,5,0,142.02
3776,529,2025-08-25,家居,24.0,10,0,14.0
3777,1591,2025-09-04,美妆,31.2,30,0,1.2
3778,1218,2025-07-14,数码,301.96,5,0,296.96
3779,881,2025-09-24,家居,105.13,20,0,85.13
3780,1257,2025-07-18,服饰,68.27,30,0,38.27
3781,555,2025-08-18,食品,61.41,0,0,61.41
3782,1245,2025-09-01,家居,58.48,0,1,58.48
3783,950,2025-09-17,食品,20.83,10,0,10.83
3784,644,2025-09-24,家居,39.46,30,0,9.46
3785,1952,2025-08-25,食品,56.74,0,1,56.74
3786,128,2025-08-23,家居,40.7,0,0,40.7
3787,1516,2025-08-08,数码,43.74,10,1,33.74
3788,421,2025-08-22,食品,246.49,20,0,226.49
3789,446,2025-09-01,美妆,52.54,0,0,52.54
3790,309,2025-08-29,服饰,70.31,5,1,65.31
3791,205,2025-08-24,美妆,68.95,0,0,68.95
3792,248,2025-08-10,数码,83.45,30,0,53.45
3793,1666,2025-07-19,食品,46.41,10,0,36.41
3794,1853,2025-07-05,美妆,119.8,5,0,114.8
3795,1170,2025-08-08,食品,77.01,20,0,57.01
3796,28,2025-08-06,美妆,29.73,5,1,24.73
3797,1729,2025-08-25,家居,56.88,30,0,26.88
3798,1204,2025-09-21,美妆,54.89,0,0,54.89
3799,1042,2025-09-03,食品,53.52,0,0,53.52
3800,1895,2025-09-13,食品,79.85,5,0,74.85
3801,820,2025-08-23,数码,85.55,0,0,85.55
3802,721,2025-09-24,美妆,80.17,20,0,60.17
3803,1560,2025-09-25,服饰,72.7,5,0,67.7
3804,1055,2025-07-15,数码,63.25,0,0,63.25
3805,1434,2025-08-28,食品,18.48,20,1,1.0
3806,1392,2025-08-16,数码,92.56,5,1,87.56
3807,1679,2025-09-28,食品,78.93,5,0,73.93
3808,635,2025-08-23,食品,35.11,0,0,35.11
3809,145,2025-07-02,家居,70.41,30,0,40.41
3810,956,2025-07-20,服饰,86.17,10,0,76.17
3811,1296,2025-07-12,服饰,114.91,20,1,94.91
3812,1635,2025-07-19,家居,79.89,20,0,59.89
3813,535,2025-07-09,家居,72.02,5,0,67.02
3814,1491,2025-09-10,食品,101.57,0,1,101.57
3815,1665,2025-08-15,食品,50.98,10,1,40.98
3816,1617,2025-08-31,食品,75.69,0,0,75.69
3817,1617,2025-09-30,家居,42.88,30,0,12.88
3818,1975,2025-08-29,食品,111.13,0,0,111.13
3819,1323,2025-08-14,数码,24.89,5,0,19.89
3820,741,2025-07-25,美妆,94.56,10,0,84.56
3821,873,2025-09-08,美妆,60.93,5,0,55.93
3822,1495,2025-08-16,数码,102.61,10,0,92.61
3823,474,2025-09-08,美妆,39.28,20,0,19.28
3824,1206,2025-07-03,服饰,63.4,20,0,43.4
3825,1146,2025-07-16,服饰,62.39,30,1,32.39
3826,1334,2025-07-12,家居,76.6,5,0,71.6
3827,843,2025-09-01,美妆,33.91,5,1,28.91
3828,1480,2025-08-17,服饰,85.62,20,0,65.62
3829,143,2025-07-30,家居,21.86,0,1,21.86
3830,1500,2025-07-29,家居,41.79,0,0,41.79
3831,1624,2025-08-25,食品,25.55,0,0,25.55
3832,1772,2025-09-27,数码,95.16,10,0,85.16
3833,1846,2025-09-30,数码,75.19,10,0,65.19
3834,699,2025-08-13,服饰,77.54,0,0,77.54
3835,93,2025-08-31,美妆,135.67,0,0,135.67
3836,1307,2025-07-08,食品,50.72,0,0,50.72
3837,181,2025-09-25,食品,84.38,5,0,79.38
3838,561,2025-07-02,美妆,62.57,0,0,62.57
3839,1405,2025-08-01,服饰,57.55,20,0,37.55
3840,1190,2025-09-05,家居,123.8,30,0,93.8
3841,1214,2025-09-28,数码,189.62,20,0,169.62
3842,1503,2025-07-16,数码,47.59,20,0,27.59
3843,330,2025-08-30,食品,95.44,30,1,65.44
3844,1583,2025-07-18,食品,71.92,10,0,61.92
3845,1174,2025-07-05,食品,72.39,10,0,62.39
3846,841,2025-08-08,食品,69.13,20,0,49.13
3847,928,2025-08-23,数码,50.24,10,0,40.24
3848,1018,2025-07-25,家居,8.4,5,0,3.4
3849,1101,2025-09-28,数码,140.35,0,1,140.35
3850,668,2025-08-26,数码,41.18,10,1,31.18
3851,447,2025-08-10,服饰,52.83,20,0,32.83
3852,339,2025-08-14,食品,53.45,10,0,43.45
3853,682,2025-08-12,家居,39.21,5,0,34.21
3854,522,2025-07-11,美妆,68.86,10,1,58.86
3855,1033,2025-08-25,食品,58.89,20,0,38.89
3856,1825,2025-09-11,美妆,40.69,20,1,20.69
3857,217,2025-08-08,服饰,65.5,5,0,60.5
3858,618,2025-08-09,数码,59.25,5,0,54.25
3859,99,2025-09-22,美妆,100.52,5,0,95.52
3860,1950,2025-08-26,食品,28.87,30,0,1.0
3861,1402,2025-07-28,食品,38.75,0,0,38.75
3862,483,2025-07-01,家居,89.92,20,0,69.92
3863,829,2025-09-14,家居,42.44,0,0,42.44
3864,1447,2025-08-27,食品,36.71,30,0,6.71
3865,1916,2025-08-27,服饰,43.61,5,0,38.61
3866,1148,2025-07-27,食品,57.08,10,0,47.08
3867,542,2025-07-18,家居,57.2,10,0,47.2
3868,1394,2025-08-15,食品,53.76,20,0,33.76
3869,1372,2025-09-08,食品,34.27,20,1,14.27
3870,1288,2025-07-28,数码,92.32,0,0,92.32
3871,92,2025-08-18,食品,125.14,0,0,125.14
3872,1414,2025-09-30,食品,21.1,0,0,21.1
3873,40,2025-07-21,食品,25.68,10,0,15.68
3874,1812,2025-07-22,家居,104.75,10,1,94.75
3875,1764,2025-07-22,食品,143.08,0,1,143.08
3876,1127,2025-09-22,美妆,18.71,20,0,1.0
3877,1293,2025-08-18,食品,94.49,0,0,94.49
3878,136,2025-09-23,数码,148.54,0,0,148.54
3879,1749,2025-09-26,家居,37.55,5,1,32.55
3880,542,2025-08-08,家居,143.86,10,0,133.86
3881,525,2025-07-06,数码,54.71,0,0,54.71
3882,1417,2025-07-28,数码,71.74,30,0,41.74
3883,1878,2025-08-20,食品,40.63,10,0,30.63
3884,989,2025-08-05,美妆,104.64,10,1,94.64
3885,1016,2025-07-01,食品,95.48,0,0,95.48
3886,1098,2025-09-30,数码,155.8,20,1,135.8
3887,583,2025-07-28,食品,133.26,20,0,113.26
3888,1194,2025-08-26,美妆,60.04,5,0,55.04
3889,1922,2025-09-26,服饰,333.49,0,1,333.49
3890,766,2025-08-20,服饰,126.84,5,0,121.84
3891,1547,2025-09-02,食品,81.23,5,1,76.23
3892,1548,2025-07-04,数码,34.87,0,0,34.87
3893,1702,2025-09-03,数码,26.01,10,0,16.01
3894,1448,2025-09-17,家居,27.25,0,0,27.25
3895,1843,2025-09-23,数码,36.11,20,1,16.11
3896,1429,2025-07-08,服饰,128.7,5,0,123.7
3897,1953,2025-07-22,家居,78.88,10,0,68.88
3898,1431,2025-07-05,家居,43.06,30,1,13.06
3899,1674,2025-09-23,家居,56.0,5,0,51.0
3900,1781,2025-07-26,食品,52.37,0,1,52.37
3901,1967,2025-08-18,美妆,93.69,5,0,88.69
3902,1191,2025-08-13,家居,37.21,5,1,32.21
3903,1421,2025-09-02,服饰,73.14,20,0,53.14
3904,1935,2025-09-21,数码,71.17,20,0,51.17
3905,761,2025-07-30,家居,37.83,10,1,27.83
3906,239,2025-09-11,家居,144.52,30,1,114.52
3907,1769,2025-07-27,食品,51.29,0,0,51.29
3908,1264,2025-07-19,家居,34.95,0,0,34.95
3909,857,2025-07-10,家居,96.46,0,0,96.46
3910,1434,2025-08-04,家居,62.18,10,1,52.18
3911,66,2025-08-21,美妆,75.54,0,1,75.54
3912,955,2025-09-10,数码,31.45,0,0,31.45
3913,531,2025-09-17,家居,94.33,30,0,64.33
3914,577,2025-08-18,美妆,199.3,0,0,199.3
3915,1939,2025-08-07,美妆,30.13,0,1,30.13
3916,1101,2025-07-17,美妆,73.32,5,1,68.32
3917,281,2025-09-23,美妆,39.18,0,0,39.18
3918,730,2025-08-06,数码,264.88,0,1,264.88
3919,486,2025-09-09,家居,119.32,0,0,119.32
3920,1819,2025-08-27,服饰,70.47,0,0,70.47
3921,583,2025-09-24,美妆,30.71,20,1,10.71
3922,714,2025-09-28,家居,35.08,5,0,30.08
3923,669,2025-09-04,食品,90.96,10,0,80.96
3924,352,2025-08-30,美妆,28.52,10,0,18.52
3925,1561,2025-07-13,数码,29.02,20,0,9.02
3926,1153,2025-07-02,家居,60.63,30,0,30.63
3927,874,2025-08-20,美妆,64.93,5,0,59.93
3928,792,2025-09-03,食品,74.37,0,0,74.37
3929,1334,2025-09-07,数码,47.38,0,0,47.38
3930,192,2025-07-24,家居,100.09,0,0,100.09
3931,1864,2025-08-16,食品,37.56,20,0,17.56
3932,1130,2025-09-18,家居,85.17,10,1,75.17
3933,456,2025-07-09,数码,67.88,0,0,67.88
3934,1076,2025-08-05,食品,83.96,0,1,83.96
3935,1705,2025-09-25,食品,115.6,20,0,95.6
3936,347,2025-07-19,数码,46.97,5,0,41.97
3937,1048,2025-07-30,服饰,41.95,0,0,41.95
3938,1196,2025-08-13,美妆,23.84,20,0,3.84
3939,1621,2025-09-02,美妆,19.88,10,0,9.88
3940,1135,2025-07-24,家居,54.77,5,0,49.77
3941,1473,2025-09-11,家居,56.88,5,1,51.88
3942,1548,2025-07-22,家居,33.2,10,1,23.2
3943,1783,2025-08-03,服饰,37.37,0,0,37.37
3944,724,2025-08-22,美妆,139.48,30,0,109.48
3945,1408,2025-07-02,美妆,97.68,20,0,77.68
3946,498,2025-09-09,服饰,30.15,10,1,20.15
3947,1689,2025-08-31,美妆,47.31,10,1,37.31
3948,1903,2025-09-15,食品,75.44,30,0,45.44
3949,589,2025-07-26,家居,42.75,0,0,42.75
3950,1123,2025-08-06,服饰,38.68,0,1,38.68
3951,1645,2025-09-21,家居,50.1,20,0,30.1
3952,55,2025-07-07,家居,109.93,0,1,109.93
3953,1411,2025-08-15,服饰,115.56,10,0,105.56
3954,1642,2025-08-14,美妆,40.27,5,1,35.27
3955,1743,2025-08-11,食品,77.73,0,0,77.73
3956,394,2025-08-09,家居,60.13,0,1,60.13
3957,1515,2025-09-07,数码,34.66,20,0,14.66
3958,1573,2025-07-19,家居,51.24,0,0,51.24
3959,6,2025-09-20,美妆,30.1,0,1,30.1
3960,1411,2025-09-21,家居,114.4,5,0,109.4
3961,1253,2025-07-17,家居,141.72,0,1,141.72
3962,1938,2025-09-28,食品,48.14,10,0,38.14
3963,87,2025-07-25,服饰,42.22,30,0,12.22
3964,1932,2025-07-05,美妆,107.77,10,0,97.77
3965,1143,2025-08-06,服饰,117.79,10,0,107.79
3966,549,2025-09-12,家居,32.69,5,0,27.69
3967,775,2025-09-16,美妆,55.62,30,1,25.62
3968,1533,2025-08-29,数码,58.42,20,0,38.42
3969,1993,2025-09-13,美妆,39.49,20,0,19.49
3970,634,2025-07-25,家居,74.61,0,0,74.61
3971,1968,2025-09-19,数码,41.06,0,0,41.06
3972,1259,2025-08-28,美妆,44.83,0,0,44.83
3973,385,2025-07-13,食品,57.07,0,1,57.07
3974,1196,2025-07-12,服饰,26.6,0,0,26.6
3975,1604,2025-07-25,服饰,19.47,20,0,1.0
3976,110,2025-07-07,家居,99.99,0,1,99.99
3977,158,2025-07-27,家居,40.16,0,0,40.16
3978,11,2025-09-30,家居,195.23,20,0,175.23
3979,1141,2025-07-23,数码,178.49,30,0,148.49
3980,116,2025-08-28,美妆,45.67,0,1,45.67
3981,1865,2025-09-28,服饰,218.43,0,0,218.43
3982,256,2025-07-24,数码,101.06,20,0,81.06
3983,144,2025-09-03,美妆,42.31,30,0,12.31
3984,516,2025-08-11,服饰,14.58,10,0,4.58
3985,1527,2025-07-27,服饰,88.1,5,0,83.1
3986,1814,2025-09-26,食品,61.39,10,0,51.39
3987,503,2025-08-30,家居,76.5,20,0,56.5
3988,1038,2025-08-10,美妆,53.2,0,1,53.2
3989,1548,2025-09-13,家居,32.16,5,0,27.16
3990,1594,2025-09-21,美妆,47.71,20,0,27.71
3991,306,2025-09-10,数码,89.0,10,1,79.0
3992,1677,2025-09-18,美妆,49.65,0,0,49.65
3993,1735,2025-07-30,数码,49.49,20,0,29.49
3994,1470,2025-08-01,美妆,26.16,10,1,16.16
3995,1055,2025-07-22,数码,63.44,0,0,63.44
3996,783,2025-09-03,食品,32.73,0,0,32.73
3997,1779,2025-09-12,服饰,100.0,0,1,100.0
3998,1728,2025-08-30,美妆,40.3,30,0,10.3
3999,1037,2025-08-25,美妆,51.28,0,0,51.28
4000,1485,2025-09-09,食品,198.38,20,0,178.38
4001,800,2025-07-17,美妆,50.98,5,0,45.98
4002,1487,2025-08-03,食品,47.36,20,0,27.36
4003,179,2025-09-04,家居,83.27,30,0,53.27
4004,1804,2025-07-05,数码,22.6,30,0,1.0
4005,1032,2025-09-22,美妆,120.05,20,0,100.05
4006,1198,2025-07-16,数码,104.24,5,1,99.24
4007,379,2025-09-11,家居,80.52,0,0,80.52
4008,1058,2025-08-26,美妆,9.42,0,0,9.42
4009,7,2025-09-16,美妆,52.32,10,0,42.32
4010,1781,2025-09-10,服饰,29.96,0,0,29.96
4011,1498,2025-08-17,家居,111.97,5,0,106.97
4012,909,2025-09-08,家居,107.65,0,0,107.65
4013,1672,2025-08-01,食品,74.69,20,0,54.69
4014,1624,2025-08-23,家居,31.13,0,0,31.13
4015,239,2025-09-23,数码,137.26,0,0,137.26
4016,108,2025-07-08,家居,52.24,10,0,42.24
4017,508,2025-08-02,家居,162.87,5,1,157.87
4018,3,2025-07-02,家居,69.82,20,0,49.82
4019,1147,2025-08-19,美妆,79.74,10,1,69.74
4020,1057,2025-09-10,数码,46.84,20,0,26.84
4021,1076,2025-07-04,服饰,130.82,0,0,130.82
4022,148,2025-08-20,家居,84.32,0,1,84.32
4023,1837,2025-08-08,美妆,133.43,10,0,123.43
4024,1954,2025-09-11,食品,66.53,0,1,66.53
4025,1182,2025-07-21,食品,58.8,20,0,38.8
4026,12,2025-07-15,数码,83.71,30,1,53.71
4027,792,2025-07-09,数码,133.41,0,0,133.41
4028,1437,2025-08-07,家居,105.55,20,0,85.55
4029,1498,2025-08-14,数码,65.11,5,0,60.11
4030,487,2025-09-23,数码,21.73,0,0,21.73
4031,1646,2025-08-12,食品,94.23,5,0,89.23
4032,1936,2025-07-16,食品,27.35,10,1,17.35
4033,1018,2025-09-03,家居,61.51,30,1,31.51
4034,764,2025-07-06,美妆,56.62,0,1,56.62
4035,1053,2025-08-01,数码,27.67,10,1,17.67
4036,55,2025-08-30,美妆,74.06,0,0,74.06
4037,1047,2025-07-24,食品,197.33,0,0,197.33
4038,54,2025-08-24,美妆,50.81,10,1,40.81
4039,70,2025-08-11,美妆,91.95,20,0,71.95
4040,1107,2025-09-26,家居,220.44,10,0,210.44
4041,1022,2025-07-27,数码,96.97,30,0,66.97
4042,1974,2025-09-22,数码,42.32,0,0,42.32
4043,1016,2025-08-27,服饰,68.74,5,1,63.74
4044,1960,2025-09-07,美妆,78.6,0,0,78.6
4045,1615,2025-07-16,美妆,132.77,20,0,112.77
4046,675,2025-07-02,数码,117.65,0,1,117.65
4047,1853,2025-09-06,家居,13.15,0,1,13.15
4048,966,2025-08-14,美妆,37.68,20,0,17.68
4049,1190,2025-07-29,美妆,58.06,5,1,53.06
4050,201,2025-09-21,食品,34.52,10,0,24.52
4051,426,2025-07-31,家居,7.88,30,0,1.0
4052,1045,2025-08-09,美妆,40.48,5,0,35.48
4053,543,2025-09-05,美妆,60.22,5,0,55.22
4054,1200,2025-09-27,食品,45.2,30,0,15.2
4055,160,2025-09-21,家居,34.87,10,0,24.87
4056,503,2025-08-30,数码,61.73,0,0,61.73
4057,1331,2025-07-11,食品,72.87,20,1,52.87
4058,1225,2025-07-11,数码,46.63,5,0,41.63
4059,1968,2025-09-02,服饰,128.31,20,0,108.31
4060,1800,2025-08-16,数码,62.29,10,0,52.29
4061,1622,2025-07-13,服饰,37.36,0,1,37.36
4062,2,2025-09-02,美妆,32.51,20,1,12.51
4063,1205,2025-09-25,美妆,53.67,0,1,53.67
4064,458,2025-07-07,数码,111.32,20,1,91.32
4065,534,2025-09-14,美妆,38.36,20,0,18.36
4066,420,2025-08-01,美妆,83.74,30,0,53.74
4067,912,2025-08-06,家居,63.56,0,0,63.56
4068,248,2025-09-04,食品,180.6,5,1,175.6
4069,1064,2025-07-23,数码,74.79,0,0,74.79
4070,333,2025-07-15,食品,41.1,5,0,36.1
4071,1001,2025-09-27,数码,90.47,5,0,85.47
4072,1252,2025-08-02,数码,92.16,10,1,82.16
4073,360,2025-07-16,数码,48.5,5,0,43.5
4074,206,2025-09-02,家居,31.81,30,1,1.81
4075,1613,2025-07-20,数码,81.03,0,1,81.03
4076,1478,2025-09-10,美妆,62.49,5,0,57.49
4077,523,2025-07-07,服饰,26.2,10,1,16.2
4078,1775,2025-08-17,家居,69.41,0,0,69.41
4079,443,2025-08-07,美妆,42.51,10,0,32.51
4080,1854,2025-09-27,美妆,26.22,10,0,16.22
4081,227,2025-08-17,服饰,49.72,10,0,39.72
4082,1321,2025-09-24,食品,122.19,10,0,112.19
4083,39,2025-07-23,食品,117.26,20,1,97.26
4084,395,2025-08-13,家居,101.57,30,1,71.57
4085,810,2025-09-13,数码,69.97,0,0,69.97
4086,171,2025-07-15,数码,83.74,5,0,78.74
4087,914,2025-09-24,食品,63.7,20,0,43.7
4088,465,2025-09-10,家居,32.86,0,0,32.86
4089,198,2025-09-01,家居,36.67,5,1,31.67
4090,1924,2025-07-23,家居,43.21,10,0,33.21
4091,1964,2025-09-14,美妆,130.42,0,1,130.42
4092,1925,2025-09-16,美妆,109.09,5,1,104.09
4093,309,2025-07-27,服饰,33.32,20,0,13.32
4094,764,2025-08-24,家居,62.14,0,0,62.14
4095,655,2025-07-06,数码,48.35,0,1,48.35
4096,652,2025-08-06,家居,55.41,20,0,35.41
4097,834,2025-07-14,数码,44.93,20,0,24.93
4098,1021,2025-08-21,食品,130.73,10,1,120.73
4099,971,2025-08-20,服饰,59.72,5,1,54.72
4100,584,2025-08-19,服饰,67.96,0,1,67.96
4101,1960,2025-09-01,数码,68.26,20,1,48.26
4102,1960,2025-09-24,美妆,34.29,0,1,34.29
4103,663,2025-07-19,美妆,64.05,30,0,34.05
4104,443,2025-07-20,家居,108.23,20,0,88.23
4105,1066,2025-07-20,食品,135.64,0,1,135.64
4106,739,2025-09-24,家居,32.1,10,0,22.1
4107,1975,2025-07-09,食品,26.17,30,1,1.0
4108,859,2025-07-03,家居,62.44,20,0,42.44
4109,80,2025-07-15,服饰,111.06,10,0,101.06
4110,251,2025-09-09,美妆,73.54,0,1,73.54
4111,150,2025-08-23,服饰,87.72,10,1,77.72
4112,766,2025-09-23,服饰,28.56,10,0,18.56
4113,634,2025-07-19,家居,44.05,10,0,34.05
4114,1714,2025-08-06,食品,18.03,0,0,18.03
4115,1782,2025-08-21,美妆,55.79,30,0,25.79
4116,281,2025-07-07,美妆,18.35,5,0,13.35
4117,1890,2025-09-23,美妆,125.58,0,1,125.58
4118,1169,2025-09-13,服饰,141.9,0,1,141.9
4119,614,2025-07-14,家居,65.19,0,0,65.19
4120,814,2025-09-16,服饰,26.26,5,1,21.26
4121,883,2025-08-11,美妆,74.19,0,0,74.19
4122,342,2025-07-31,服饰,167.76,5,0,162.76
4123,1735,2025-09-26,家居,78.39,0,0,78.39
4124,25,2025-08-17,美妆,115.79,0,1,115.79
4125,140,2025-07-21,美妆,46.21,0,1,46.21
4126,547,2025-09-13,数码,37.37,5,0,32.37
4127,288,2025-09-04,食品,58.03,5,0,53.03
4128,124,2025-07-18,美妆,20.91,5,0,15.91
4129,767,2025-09-01,食品,209.61,10,1,199.61
4130,754,2025-08-27,食品,65.16,5,0,60.16
4131,252,2025-07-26,美妆,97.2,10,0,87.2
4132,1621,2025-08-09,食品,46.81,0,0,46.81
4133,1766,2025-09-16,美妆,25.82,5,0,20.82
4134,1440,2025-07-17,家居,132.18,0,0,132.18
4135,1045,2025-09-05,食品,32.52,5,1,27.52
4136,1895,2025-09-15,数码,73.1,10,0,63.1
4137,702,2025-09-25,美妆,76.99,20,0,56.99
4138,855,2025-07-30,数码,62.85,10,1,52.85
4139,31,2025-07-25,食品,39.19,5,0,34.19
4140,1416,2025-09-24,数码,55.57,0,0,55.57
4141,185,2025-08-12,食品,35.78,30,0,5.78
4142,1331,2025-08-22,数码,94.16,0,0,94.16
4143,1565,2025-08-17,服饰,82.63,0,1,82.63
4144,435,2025-08-17,数码,59.63,0,0,59.63
4145,1225,2025-08-27,数码,44.14,30,1,14.14
4146,608,2025-08-08,食品,192.29,30,0,162.29
4147,797,2025-08-06,服饰,29.48,0,0,29.48
4148,1060,2025-08-06,食品,25.8,0,0,25.8
4149,499,2025-08-30,数码,57.68,20,0,37.68
4150,1594,2025-09-14,食品,52.36,0,0,52.36
4151,790,2025-08-21,服饰,110.35,0,0,110.35
4152,924,2025-09-01,美妆,86.09,5,0,81.09
4153,1630,2025-08-08,家居,61.33,5,0,56.33
4154,456,2025-09-10,美妆,79.45,5,0,74.45
4155,905,2025-08-06,食品,78.66,10,0,68.66
4156,1987,2025-08-08,美妆,191.9,10,0,181.9
4157,800,2025-07-06,数码,69.36,10,0,59.36
4158,232,2025-07-25,食品,41.49,0,1,41.49
4159,569,2025-09-06,美妆,67.3,0,0,67.3
4160,1912,2025-07-08,食品,14.29,20,1,1.0
4161,1519,2025-07-21,食品,59.27,0,0,59.27
4162,1619,2025-09-10,食品,110.07,5,1,105.07
4163,508,2025-09-19,美妆,84.03,0,0,84.03
4164,1678,2025-08-08,服饰,71.11,0,0,71.11
4165,787,2025-08-07,数码,86.24,5,1,81.24
4166,1590,2025-08-16,美妆,110.7,0,0,110.7
4167,1762,2025-09-09,数码,132.14,10,1,122.14
4168,417,2025-08-13,美妆,77.18,5,1,72.18
4169,1877,2025-07-16,家居,50.71,20,0,30.71
4170,1266,2025-08-09,数码,16.9,10,0,6.9
4171,1462,2025-07-24,食品,103.34,0,0,103.34
4172,1514,2025-09-01,美妆,80.11,20,0,60.11
4173,337,2025-07-14,数码,65.63,30,0,35.63
4174,1492,2025-08-26,服饰,41.33,0,0,41.33
4175,426,2025-07-12,服饰,102.6,10,0,92.6
4176,544,2025-09-28,服饰,52.38,10,1,42.38
4177,234,2025-08-28,美妆,59.21,10,0,49.21
4178,363,2025-07-13,食品,58.51,0,0,58.51
4179,1958,2025-09-27,美妆,77.28,0,0,77.28
4180,657,2025-08-22,服饰,32.08,0,0,32.08
4181,775,2025-08-25,美妆,82.22,0,0,82.22
4182,960,2025-07-06,食品,40.59,5,0,35.59
4183,1426,2025-07-18,美妆,41.38,20,0,21.38
4184,1148,2025-09-13,食品,98.19,5,0,93.19
4185,1073,2025-08-13,美妆,34.91,5,0,29.91
4186,1674,2025-08-26,家居,98.09,0,1,98.09
4187,992,2025-09-29,家居,63.8,5,0,58.8
4188,1539,2025-08-09,数码,24.37,20,0,4.37
4189,1822,2025-08-05,食品,127.8,20,0,107.8
4190,1353,2025-09-12,服饰,71.57,5,0,66.57
4191,71,2025-07-07,数码,74.95,5,0,69.95
4192,527,2025-08-11,美妆,105.0,0,0,105.0
4193,1236,2025-09-17,美妆,137.63,30,0,107.63
4194,958,2025-07-21,数码,67.39,0,0,67.39
4195,570,2025-07-28,服饰,84.73,0,0,84.73
4196,671,2025-08-13,美妆,74.01,5,1,69.01
4197,157,2025-07-07,数码,49.97,0,0,49.97
4198,470,2025-07-07,家居,25.26,0,0,25.26
4199,1566,2025-07-24,食品,67.91,30,0,37.91
4200,21,2025-09-21,食品,128.82,0,1,128.82
4201,1674,2025-07-21,家居,83.17,0,0,83.17
4202,679,2025-09-06,服饰,33.55,0,0,33.55
4203,1616,2025-08-09,食品,110.35,0,0,110.35
4204,513,2025-09-08,美妆,50.9,30,0,20.9
4205,1658,2025-07-31,食品,19.09,10,0,9.09
4206,1144,2025-09-19,家居,105.62,30,0,75.62
4207,1703,2025-08-04,食品,35.87,20,0,15.87
4208,125,2025-09-11,家居,160.68,10,0,150.68
4209,1595,2025-09-15,食品,113.44,10,1,103.44
4210,542,2025-08-09,家居,53.23,5,0,48.23
4211,718,2025-08-31,服饰,77.68,10,0,67.68
4212,90,2025-07-11,美妆,228.87,10,0,218.87
4213,1909,2025-08-15,美妆,104.59,10,1,94.59
4214,1283,2025-08-04,数码,68.79,5,1,63.79
4215,1962,2025-09-26,食品,295.61,10,0,285.61
4216,1137,2025-09-24,美妆,64.37,0,0,64.37
4217,317,2025-09-11,服饰,83.1,10,0,73.1
4218,675,2025-09-26,美妆,36.06,5,0,31.06
4219,880,2025-09-28,服饰,24.02,5,0,19.02
4220,295,2025-09-09,数码,51.51,5,0,46.51
4221,1864,2025-08-24,家居,61.63,20,1,41.63
4222,1916,2025-07-19,家居,72.32,20,0,52.32
4223,1127,2025-09-14,美妆,27.64,0,0,27.64
4224,1169,2025-07-18,食品,86.78,5,0,81.78
4225,1407,2025-07-18,食品,38.22,0,0,38.22
4226,1359,2025-09-19,食品,84.34,0,0,84.34
4227,126,2025-07-11,食品,100.91,0,0,100.91
4228,1063,2025-07-14,美妆,48.54,20,0,28.54
4229,1555,2025-08-17,服饰,35.51,20,0,15.51
4230,1614,2025-08-23,食品,141.03,0,0,141.03
4231,1193,2025-07-05,服饰,97.52,20,1,77.52
4232,1793,2025-08-04,服饰,65.6,5,1,60.6
4233,1173,2025-07-21,食品,135.32,20,0,115.32
4234,766,2025-07-28,家居,63.17,5,0,58.17
4235,886,2025-07-17,食品,42.89,10,0,32.89
4236,1381,2025-09-01,服饰,34.78,5,0,29.78
4237,1773,2025-08-13,家居,56.87,0,0,56.87
4238,460,2025-09-27,数码,92.24,0,1,92.24
4239,587,2025-07-01,美妆,129.59,10,1,119.59
4240,1304,2025-09-10,美妆,61.13,30,0,31.13
4241,1528,2025-09-22,家居,117.59,10,0,107.59
4242,799,2025-08-14,食品,53.63,20,0,33.63
4243,1287,2025-09-03,服饰,39.26,0,1,39.26
4244,14,2025-08-10,美妆,29.42,20,0,9.42
4245,584,2025-08-24,美妆,45.68,20,1,25.68
4246,1912,2025-09-22,食品,30.03,5,0,25.03
4247,1153,2025-08-18,美妆,182.22,5,0,177.22
4248,1737,2025-08-23,食品,76.83,0,0,76.83
4249,436,2025-09-29,美妆,57.25,0,0,57.25
4250,582,2025-08-15,数码,155.57,0,0,155.57
4251,1950,2025-07-16,食品,29.48,10,0,19.48
4252,1996,2025-09-01,家居,55.96,20,1,35.96
4253,1754,2025-09-02,家居,181.24,0,0,181.24
4254,635,2025-07-22,美妆,55.74,30,0,25.74
4255,1603,2025-09-06,服饰,231.77,20,0,211.77
4256,918,2025-07-06,食品,92.95,10,0,82.95
4257,1688,2025-07-30,美妆,123.75,30,0,93.75
4258,1703,2025-09-17,家居,125.74,20,0,105.74
4259,870,2025-08-26,食品,60.39,0,1,60.39
4260,610,2025-08-25,美妆,46.13,30,0,16.13
4261,1950,2025-08-27,美妆,56.63,5,0,51.63
4262,902,2025-07-16,家居,35.06,0,0,35.06
4263,864,2025-09-27,服饰,58.19,0,0,58.19
4264,1332,2025-07-28,家居,60.19,10,1,50.19
4265,1874,2025-09-11,美妆,152.79,30,0,122.79
4266,261,2025-09-30,家居,83.62,5,0,78.62
4267,1969,2025-07-23,食品,221.28,10,1,211.28
4268,845,2025-08-28,食品,18.4,0,0,18.4
4269,52,2025-07-04,美妆,30.9,20,0,10.9
4270,619,2025-08-28,数码,49.63,0,0,49.63
4271,925,2025-08-10,数码,137.12,10,0,127.12
4272,1354,2025-07-07,食品,56.81,10,0,46.81
4273,1133,2025-08-31,食品,26.92,0,0,26.92
4274,272,2025-09-28,食品,52.73,30,0,22.73
4275,977,2025-07-08,食品,31.23,30,0,1.23
4276,466,2025-09-21,家居,28.04,5,1,23.04
4277,540,2025-09-16,服饰,181.16,10,0,171.16
4278,1423,2025-08-20,美妆,49.73,20,0,29.73
4279,1607,2025-09-21,家居,66.37,0,0,66.37
4280,313,2025-07-29,数码,57.33,0,0,57.33
4281,1205,2025-09-05,美妆,52.55,10,0,42.55
4282,845,2025-09-03,食品,38.0,10,1,28.0
4283,674,2025-08-23,服饰,50.86,10,0,40.86
4284,1426,2025-09-15,服饰,72.64,10,0,62.64
4285,498,2025-09-19,家居,131.66,10,1,121.66
4286,1531,2025-09-11,数码,101.6,0,0,101.6
4287,802,2025-08-24,服饰,30.86,0,0,30.86
4288,190,2025-09-28,数码,103.93,0,1,103.93
4289,1585,2025-08-21,食品,78.37,5,0,73.37
4290,1704,2025-08-28,食品,42.79,20,0,22.79
4291,1127,2025-07-18,家居,66.7,20,1,46.7
4292,1448,2025-07-30,家居,82.66,5,0,77.66
4293,296,2025-09-22,服饰,61.92,10,0,51.92
4294,679,2025-08-15,美妆,78.58,0,0,78.58
4295,700,2025-08-17,美妆,37.54,5,1,32.54
4296,1528,2025-09-14,家居,180.56,30,0,150.56
4297,705,2025-07-30,数码,20.88,0,0,20.88
4298,1457,2025-07-25,数码,82.92,20,1,62.92
4299,614,2025-07-01,服饰,73.83,0,1,73.83
4300,1202,2025-07-22,家居,85.94,0,0,85.94
4301,420,2025-08-17,食品,40.87,10,1,30.87
4302,1117,2025-09-05,美妆,114.78,20,0,94.78
4303,162,2025-07-31,食品,56.86,10,1,46.86
4304,1470,2025-08-10,食品,31.42,20,0,11.42
4305,59,2025-07-21,美妆,33.04,20,0,13.04
4306,1999,2025-09-14,家居,64.62,10,0,54.62
4307,1678,2025-08-18,家居,25.08,0,0,25.08
4308,1158,2025-07-14,服饰,162.44,5,0,157.44
4309,1820,2025-08-26,家居,107.44,10,1,97.44
4310,1618,2025-07-31,食品,164.81,10,0,154.81
4311,286,2025-09-18,数码,155.52,5,1,150.52
4312,1489,2025-07-25,数码,49.72,5,0,44.72
4313,755,2025-09-18,食品,37.41,0,0,37.41
4314,1712,2025-09-03,数码,13.84,0,0,13.84
4315,1728,2025-07-13,数码,48.26,5,0,43.26
4316,1910,2025-09-08,家居,159.35,20,0,139.35
4317,902,2025-09-05,食品,38.27,20,0,18.27
4318,387,2025-08-11,数码,53.76,30,0,23.76
4319,251,2025-07-15,家居,44.48,10,0,34.48
4320,331,2025-08-13,家居,74.16,0,1,74.16
4321,1984,2025-08-25,服饰,122.41,10,1,112.41
4322,1173,2025-07-13,食品,25.88,20,0,5.88
4323,704,2025-08-01,食品,28.75,10,0,18.75
4324,899,2025-09-03,数码,136.68,5,1,131.68
4325,346,2025-08-20,数码,90.3,10,1,80.3
4326,1142,2025-09-30,家居,52.32,0,0,52.32
4327,852,2025-07-20,食品,154.3,0,0,154.3
4328,1597,2025-09-10,数码,28.48,0,1,28.48
4329,43,2025-08-09,家居,100.7,5,1,95.7
4330,1864,2025-07-21,服饰,58.12,20,0,38.12
4331,122,2025-09-26,数码,84.23,0,0,84.23
4332,835,2025-08-27,美妆,16.23,0,1,16.23
4333,682,2025-08-19,家居,52.28,20,0,32.28
4334,1436,2025-07-28,食品,90.49,20,0,70.49
4335,1317,2025-09-20,数码,58.27,5,0,53.27
4336,394,2025-07-03,数码,120.35,5,0,115.35
4337,982,2025-07-11,美妆,118.15,5,0,113.15
4338,1070,2025-07-17,食品,35.62,10,0,25.62
4339,928,2025-08-30,数码,94.94,20,0,74.94
4340,44,2025-07-10,数码,34.95,0,0,34.95
4341,357,2025-09-12,美妆,62.16,30,0,32.16
4342,1008,2025-07-19,家居,86.56,10,0,76.56
4343,521,2025-09-01,服饰,38.11,10,1,28.11
4344,1091,2025-09-12,美妆,93.02,0,1,93.02
4345,328,2025-09-19,家居,45.7,30,0,15.7
4346,1471,2025-07-27,数码,43.84,5,0,38.84
4347,377,2025-07-07,食品,89.0,5,1,84.0
4348,1299,2025-09-08,食品,38.1,5,0,33.1
4349,1674,2025-08-11,家居,37.05,0,0,37.05
4350,717,2025-09-26,美妆,106.98,0,0,106.98
4351,279,2025-07-18,美妆,64.05,0,0,64.05
4352,12,2025-08-22,食品,27.12,0,0,27.12
4353,722,2025-07-11,家居,96.6,5,0,91.6
4354,231,2025-08-14,食品,48.25,10,0,38.25
4355,1764,2025-07-01,数码,27.89,10,0,17.89
4356,1947,2025-09-08,家居,15.2,10,0,5.2
4357,1962,2025-08-25,家居,99.17,0,0,99.17
4358,1845,2025-07-09,食品,37.6,5,0,32.6
4359,1174,2025-08-15,食品,30.44,10,0,20.44
4360,651,2025-08-09,服饰,85.77,10,0,75.77
4361,894,2025-08-31,服饰,93.99,0,0,93.99
4362,518,2025-08-15,食品,39.14,30,1,9.14
4363,1681,2025-08-12,数码,99.68,20,0,79.68
4364,873,2025-09-15,家居,186.83,20,0,166.83
4365,771,2025-08-17,食品,126.55,10,0,116.55
4366,1380,2025-09-13,食品,116.17,5,0,111.17
4367,748,2025-09-20,家居,71.72,30,1,41.72
4368,714,2025-09-17,美妆,47.27,30,0,17.27
4369,455,2025-09-26,服饰,58.51,20,0,38.51
4370,135,2025-09-03,家居,76.89,20,0,56.89
4371,76,2025-08-21,食品,30.22,30,0,1.0
4372,806,2025-08-18,服饰,39.52,10,0,29.52
4373,1991,2025-07-19,美妆,27.52,0,0,27.52
4374,522,2025-09-15,美妆,68.67,5,1,63.67
4375,1283,2025-09-02,美妆,63.16,10,0,53.16
4376,650,2025-09-19,食品,42.14,20,0,22.14
4377,606,2025-09-03,家居,94.75,5,0,89.75
4378,326,2025-08-14,数码,33.97,5,0,28.97
4379,1127,2025-07-28,家居,41.29,30,0,11.29
4380,1318,2025-09-29,家居,92.69,5,0,87.69
4381,701,2025-09-06,美妆,100.57,0,1,100.57
4382,1054,2025-09-19,服饰,38.95,10,0,28.95
4383,953,2025-08-23,服饰,68.55,5,0,63.55
4384,542,2025-08-16,数码,39.32,0,0,39.32
4385,1384,2025-07-04,美妆,54.13,10,0,44.13
4386,1108,2025-07-07,数码,65.31,30,0,35.31
4387,132,2025-09-04,食品,82.12,0,1,82.12
4388,986,2025-07-21,家居,71.86,5,0,66.86
4389,779,2025-07-08,食品,70.12,5,0,65.12
4390,1592,2025-09-10,家居,33.34,10,0,23.34
4391,614,2025-08-27,美妆,74.71,5,0,69.71
4392,1912,2025-07-11,数码,81.7,5,0,76.7
4393,1231,2025-08-15,食品,88.14,10,0,78.14
4394,262,2025-08-13,服饰,40.62,30,0,10.62
4395,807,2025-07-01,美妆,99.84,0,0,99.84
4396,1768,2025-08-25,美妆,29.24,10,1,19.24
4397,510,2025-08-06,服饰,47.61,20,1,27.61
4398,1410,2025-09-19,家居,51.86,0,0,51.86
4399,1567,2025-07-11,美妆,30.13,20,1,10.13
4400,1386,2025-09-16,食品,51.42,5,0,46.42
4401,181,2025-07-01,食品,68.16,0,1,68.16
4402,749,2025-09-09,食品,22.11,0,0,22.11
4403,697,2025-09-10,数码,48.57,0,0,48.57
4404,688,2025-08-07,家居,23.07,20,0,3.07
4405,1758,2025-07-26,家居,185.46,10,0,175.46
4406,12,2025-07-14,家居,67.82,20,1,47.82
4407,1079,2025-08-01,食品,64.66,20,0,44.66
4408,1965,2025-08-31,数码,68.56,5,1,63.56
4409,1752,2025-09-05,服饰,84.14,30,0,54.14
4410,1214,2025-07-17,家居,103.34,20,0,83.34
4411,1996,2025-07-02,服饰,25.53,0,0,25.53
4412,805,2025-08-21,服饰,124.04,20,0,104.04
4413,1223,2025-08-23,家居,119.73,20,0,99.73
4414,1088,2025-09-29,数码,58.18,5,0,53.18
4415,95,2025-09-09,服饰,56.53,0,1,56.53
4416,82,2025-08-20,家居,10.95,0,0,10.95
4417,1794,2025-08-24,服饰,30.44,30,0,1.0
4418,348,2025-08-29,服饰,80.27,10,0,70.27
4419,710,2025-08-11,家居,116.79,20,0,96.79
4420,1247,2025-09-01,美妆,90.09,30,1,60.09
4421,1152,2025-07-18,美妆,57.88,0,0,57.88
4422,1029,2025-09-15,数码,174.03,30,0,144.03
4423,1959,2025-09-18,数码,104.88,5,0,99.88
4424,1575,2025-08-10,食品,48.59,10,0,38.59
4425,1884,2025-08-12,家居,200.37,0,0,200.37
4426,1318,2025-08-15,服饰,33.02,0,0,33.02
4427,1959,2025-09-14,家居,26.86,5,1,21.86
4428,1203,2025-07-17,美妆,47.87,0,0,47.87
4429,1084,2025-08-01,数码,39.76,0,0,39.76
4430,1631,2025-08-26,美妆,49.37,0,0,49.37
4431,1738,2025-09-02,美妆,93.59,10,0,83.59
4432,137,2025-07-28,美妆,59.22,30,1,29.22
4433,1822,2025-07-11,食品,60.07,0,1,60.07
4434,1382,2025-08-16,家居,62.32,0,0,62.32
4435,1796,2025-08-28,服饰,16.92,10,0,6.92
4436,1432,2025-09-09,数码,26.22,10,1,16.22
4437,1854,2025-07-01,家居,48.82,10,0,38.82
4438,551,2025-07-02,数码,37.95,30,0,7.95
4439,376,2025-08-05,家居,53.12,0,0,53.12
4440,392,2025-08-21,服饰,130.62,5,0,125.62
4441,505,2025-07-01,美妆,57.92,30,0,27.92
4442,428,2025-07-16,食品,29.16,10,0,19.16
4443,884,2025-08-08,食品,39.01,10,1,29.01
4444,397,2025-07-26,美妆,154.6,30,0,124.6
4445,317,2025-09-04,美妆,140.17,0,0,140.17
4446,1048,2025-07-04,家居,83.74,0,0,83.74
4447,1587,2025-09-20,美妆,25.55,0,0,25.55
4448,272,2025-07-16,家居,71.43,20,1,51.43
4449,1023,2025-08-10,服饰,74.52,20,0,54.52
4450,1319,2025-09-29,食品,61.19,0,0,61.19
4451,1412,2025-08-30,数码,44.1,5,1,39.1
4452,211,2025-09-30,家居,49.43,10,0,39.43
4453,1468,2025-07-02,数码,42.44,0,0,42.44
4454,54,2025-09-05,服饰,32.14,20,0,12.14
4455,474,2025-07-07,数码,127.91,5,0,122.91
4456,639,2025-08-26,美妆,98.03,20,0,78.03
4457,1707,2025-07-30,家居,51.59,20,0,31.59
4458,384,2025-09-10,数码,73.24,0,0,73.24
4459,1565,2025-07-12,服饰,74.76,10,0,64.76
4460,1978,2025-09-21,美妆,218.89,10,1,208.89
4461,1920,2025-08-14,家居,97.51,0,0,97.51
4462,606,2025-08-17,家居,95.5,0,0,95.5
4463,192,2025-08-22,数码,61.61,20,0,41.61
4464,445,2025-07-04,美妆,47.52,10,0,37.52
4465,1538,2025-07-29,美妆,129.09,10,0,119.09
4466,394,2025-09-04,数码,86.38,0,0,86.38
4467,1292,2025-09-27,食品,38.24,10,0,28.24
4468,748,2025-09-29,美妆,77.45,10,0,67.45
4469,1534,2025-08-19,美妆,95.64,0,0,95.64
4470,1212,2025-07-24,服饰,19.05,0,0,19.05
4471,1172,2025-08-13,食品,36.33,5,0,31.33
4472,1564,2025-08-12,食品,73.66,10,1,63.66
4473,1910,2025-08-06,食品,20.94,0,0,20.94
4474,730,2025-08-03,家居,22.84,20,0,2.84
4475,1058,2025-09-18,数码,52.0,0,0,52.0
4476,1252,2025-08-05,食品,79.07,20,0,59.07
4477,1647,2025-07-03,美妆,81.11,0,0,81.11
4478,965,2025-09-05,数码,144.07,10,0,134.07
4479,750,2025-08-31,家居,63.13,10,0,53.13
4480,1693,2025-08-04,服饰,49.16,10,0,39.16
4481,1907,2025-08-27,美妆,29.4,30,0,1.0
4482,1139,2025-09-25,服饰,48.84,0,0,48.84
4483,207,2025-09-24,美妆,89.04,0,0,89.04
4484,580,2025-09-11,服饰,91.29,0,0,91.29
4485,926,2025-08-23,食品,69.79,5,0,64.79
4486,1408,2025-07-03,家居,81.53,20,0,61.53
4487,1340,2025-08-17,家居,121.76,0,0,121.76
4488,1641,2025-09-14,美妆,62.89,20,0,42.89
4489,60,2025-09-16,数码,128.0,5,0,123.0
4490,931,2025-09-10,美妆,40.46,30,1,10.46
4491,1403,2025-09-29,美妆,57.96,5,0,52.96
4492,1975,2025-08-17,数码,46.32,30,1,16.32
4493,285,2025-07-11,数码,93.32,10,1,83.32
4494,1759,2025-08-15,食品,34.54,30,0,4.54
4495,16,2025-07-30,服饰,50.55,10,1,40.55
4496,394,2025-09-15,食品,21.7,0,0,21.7
4497,1694,2025-09-10,美妆,83.67,20,0,63.67
4498,1574,2025-08-09,服饰,119.79,5,1,114.79
4499,1946,2025-08-05,服饰,99.57,0,0,99.57
4500,1202,2025-07-15,食品,94.34,5,1,89.34
4501,1232,2025-07-04,服饰,95.74,20,1,75.74
4502,1070,2025-07-29,数码,88.66,10,1,78.66
4503,1024,2025-07-23,服饰,84.6,0,0,84.6
4504,1028,2025-07-25,美妆,87.65,20,0,67.65
4505,586,2025-09-30,家居,42.07,5,0,37.07
4506,1707,2025-09-01,数码,54.05,0,0,54.05
4507,714,2025-08-20,食品,62.72,0,1,62.72
4508,1222,2025-07-17,服饰,50.17,0,0,50.17
4509,1339,2025-09-16,服饰,25.5,10,0,15.5
4510,1076,2025-08-29,家居,30.59,0,1,30.59
4511,1223,2025-08-17,数码,68.48,0,0,68.48
4512,98,2025-08-12,家居,99.3,5,1,94.3
4513,632,2025-08-20,家居,60.65,20,0,40.65
4514,897,2025-09-16,服饰,276.07,10,0,266.07
4515,789,2025-09-05,家居,36.38,5,0,31.38
4516,1817,2025-08-14,食品,77.07,10,0,67.07
4517,1795,2025-08-31,数码,122.75,0,1,122.75
4518,1424,2025-09-24,食品,108.43,20,0,88.43
4519,705,2025-07-31,数码,86.51,0,0,86.51
4520,102,2025-09-21,家居,108.71,0,1,108.71
4521,1511,2025-08-25,家居,62.21,5,0,57.21
4522,1768,2025-07-18,食品,150.59,0,0,150.59
4523,980,2025-09-27,美妆,122.21,0,0,122.21
4524,1654,2025-09-02,数码,37.76,10,1,27.76
4525,1862,2025-08-05,食品,72.01,5,1,67.01
4526,1094,2025-07-20,美妆,25.76,0,0,25.76
4527,420,2025-09-23,数码,139.35,10,0,129.35
4528,45,2025-09-14,服饰,68.26,10,1,58.26
4529,1514,2025-07-05,食品,126.7,30,1,96.7
4530,1125,2025-08-28,数码,56.82,0,0,56.82
4531,308,2025-07-11,家居,21.74,20,0,1.74
4532,110,2025-07-28,数码,257.38,10,0,247.38
4533,1939,2025-08-22,家居,64.85,10,0,54.85
4534,641,2025-07-23,家居,34.81,0,0,34.81
4535,655,2025-08-17,美妆,113.31,5,0,108.31
4536,1258,2025-08-09,家居,184.88,0,0,184.88
4537,729,2025-08-23,美妆,53.98,10,1,43.98
4538,1826,2025-09-12,数码,57.13,10,0,47.13
4539,1362,2025-07-15,美妆,68.78,0,1,68.78
4540,716,2025-09-12,食品,32.75,0,0,32.75
4541,534,2025-07-21,数码,41.27,30,1,11.27
4542,1721,2025-07-04,家居,160.78,5,0,155.78
4543,1184,2025-08-11,家居,56.11,10,0,46.11
4544,1837,2025-07-28,家居,38.07,30,0,8.07
4545,691,2025-07-17,食品,47.06,0,0,47.06
4546,43,2025-08-08,家居,108.86,10,0,98.86
4547,1799,2025-09-18,服饰,20.35,20,1,1.0
4548,479,2025-08-23,家居,69.41,0,0,69.41
4549,1691,2025-09-05,美妆,233.74,0,1,233.74
4550,1420,2025-07-14,食品,184.4,20,0,164.4
4551,464,2025-07-07,家居,82.7,0,0,82.7
4552,1514,2025-07-31,数码,124.47,0,0,124.47
4553,164,2025-09-10,家居,123.81,5,0,118.81
4554,785,2025-09-20,数码,56.3,20,0,36.3
4555,714,2025-07-10,数码,100.35,5,0,95.35
4556,1314,2025-08-13,服饰,161.37,0,0,161.37
4557,1070,2025-08-06,家居,30.11,5,0,25.11
4558,1225,2025-09-07,数码,82.86,5,0,77.86
4559,953,2025-07-19,数码,73.61,10,0,63.61
4560,1480,2025-08-14,食品,63.86,20,0,43.86
4561,321,2025-09-17,家居,60.83,0,0,60.83
4562,1438,2025-08-12,食品,68.54,10,1,58.54
4563,101,2025-09-10,服饰,71.78,10,0,61.78
4564,172,2025-08-27,服饰,111.64,20,1,91.64
4565,1448,2025-08-24,数码,78.42,10,0,68.42
4566,317,2025-07-24,数码,54.72,0,1,54.72
4567,1541,2025-09-30,美妆,38.02,10,0,28.02
4568,266,2025-07-23,数码,46.53,10,0,36.53
4569,294,2025-09-24,家居,69.66,10,0,59.66
4570,1865,2025-09-30,食品,40.92,0,1,40.92
4571,355,2025-08-17,家居,101.52,0,0,101.52
4572,1828,2025-09-18,服饰,76.44,0,1,76.44
4573,697,2025-09-04,食品,113.18,0,0,113.18
4574,1595,2025-09-06,食品,42.46,0,0,42.46
4575,1879,2025-07-07,美妆,38.2,0,1,38.2
4576,234,2025-07-13,服饰,112.71,0,0,112.71
4577,661,2025-07-07,食品,64.81,0,0,64.81
4578,1149,2025-07-03,美妆,53.98,30,1,23.98
4579,1732,2025-09-15,美妆,88.61,5,0,83.61
4580,375,2025-07-17,美妆,86.82,0,0,86.82
4581,374,2025-07-01,食品,30.24,10,0,20.24
4582,737,2025-09-25,家居,129.22,5,1,124.22
4583,410,2025-07-26,食品,48.15,0,0,48.15
4584,535,2025-09-14,食品,153.7,5,0,148.7
4585,260,2025-09-27,美妆,28.98,0,0,28.98
4586,1658,2025-08-18,食品,71.85,10,1,61.85
4587,1594,2025-09-24,美妆,54.48,0,0,54.48
4588,289,2025-09-28,家居,20.36,5,0,15.36
4589,1074,2025-07-14,食品,86.66,0,1,86.66
4590,1293,2025-07-14,食品,20.94,0,1,20.94
4591,1256,2025-08-04,服饰,51.4,10,0,41.4
4592,1968,2025-08-21,家居,110.76,0,0,110.76
4593,1283,2025-09-11,食品,45.08,5,0,40.08
4594,1375,2025-07-17,服饰,36.71,0,0,36.71
4595,66,2025-07-18,服饰,93.71,10,0,83.71
4596,159,2025-07-29,美妆,52.6,5,0,47.6
4597,1238,2025-07-25,数码,48.29,20,0,28.29
4598,1816,2025-09-25,服饰,121.66,5,0,116.66
4599,799,2025-08-06,服饰,31.75,30,0,1.75
4600,1287,2025-09-18,食品,46.86,0,0,46.86
4601,421,2025-07-06,食品,97.18,10,0,87.18
4602,913,2025-07-10,家居,30.64,5,0,25.64
4603,1503,2025-09-12,数码,160.2,5,0,155.2
4604,1320,2025-07-23,数码,53.56,10,1,43.56
4605,229,2025-07-08,美妆,97.61,30,0,67.61
4606,1759,2025-08-24,数码,97.5,20,1,77.5
4607,1855,2025-07-14,食品,55.49,0,1,55.49
4608,955,2025-07-06,美妆,46.36,5,0,41.36
4609,682,2025-08-07,美妆,58.93,0,1,58.93
4610,1063,2025-08-20,家居,89.3,10,0,79.3
4611,1603,2025-08-18,食品,35.07,5,0,30.07
4612,905,2025-08-23,食品,31.13,0,0,31.13
4613,61,2025-07-03,数码,136.5,0,0,136.5
4614,146,2025-07-27,美妆,40.28,30,0,10.28
4615,1624,2025-08-01,美妆,73.31,0,1,73.31
4616,1575,2025-07-27,家居,53.99,0,0,53.99
4617,1545,2025-08-21,家居,55.32,0,1,55.32
4618,253,2025-07-22,食品,132.52,5,1,127.52
4619,342,2025-08-28,家居,57.58,0,1,57.58
4620,790,2025-09-25,美妆,49.59,10,0,39.59
4621,462,2025-08-30,数码,52.02,0,0,52.02
4622,774,2025-08-05,服饰,45.75,0,0,45.75
4623,1117,2025-08-09,数码,41.74,0,0,41.74
4624,561,2025-08-23,服饰,45.85,0,0,45.85
4625,247,2025-09-05,美妆,150.62,10,0,140.62
4626,806,2025-07-28,家居,89.24,0,1,89.24
4627,1446,2025-07-04,美妆,49.91,10,0,39.91
4628,1237,2025-09-03,食品,103.54,5,0,98.54
4629,643,2025-08-30,家居,25.21,0,0,25.21
4630,623,2025-07-10,家居,128.59,0,0,128.59
4631,1168,2025-08-27,食品,123.02,5,1,118.02
4632,346,2025-07-07,服饰,206.43,5,1,201.43
4633,1668,2025-08-29,美妆,105.25,5,0,100.25
4634,1739,2025-09-07,数码,76.74,20,0,56.74
4635,51,2025-07-02,美妆,122.75,0,1,122.75
4636,1942,2025-09-05,数码,42.77,5,0,37.77
4637,47,2025-07-12,家居,48.55,5,0,43.55
4638,918,2025-07-25,数码,58.25,0,0,58.25
4639,1335,2025-09-03,数码,128.11,5,0,123.11
4640,655,2025-08-02,食品,37.69,10,1,27.69
4641,408,2025-09-28,服饰,35.55,10,0,25.55
4642,95,2025-09-27,食品,68.72,10,0,58.72
4643,1455,2025-09-29,家居,89.54,0,1,89.54
4644,74,2025-07-10,数码,40.99,5,0,35.99
4645,969,2025-07-17,数码,87.25,20,0,67.25
4646,786,2025-07-17,家居,128.08,5,0,123.08
4647,1936,2025-08-23,美妆,116.78,10,1,106.78
4648,1861,2025-08-09,美妆,73.28,10,1,63.28
4649,1636,2025-09-07,家居,57.41,5,0,52.41
4650,1462,2025-07-26,食品,156.74,0,1,156.74
4651,1086,2025-07-19,数码,60.85,10,1,50.85
4652,699,2025-08-29,数码,101.21,5,0,96.21
4653,334,2025-08-26,服饰,177.16,0,0,177.16
4654,1937,2025-09-02,美妆,95.53,0,1,95.53
4655,770,2025-07-29,美妆,34.87,0,0,34.87
4656,858,2025-08-18,服饰,30.52,10,0,20.52
4657,283,2025-09-24,数码,51.23,0,0,51.23
4658,554,2025-08-26,家居,89.14,20,0,69.14
4659,1270,2025-09-24,家居,77.06,30,0,47.06
4660,853,2025-08-09,服饰,203.14,30,0,173.14
4661,1172,2025-07-05,食品,76.65,0,0,76.65
4662,424,2025-09-08,美妆,50.4,5,1,45.4
4663,165,2025-08-12,服饰,32.35,20,0,12.35
4664,1772,2025-07-04,数码,115.5,10,0,105.5
4665,865,2025-07-13,家居,60.14,0,0,60.14
4666,723,2025-07-29,服饰,26.35,20,0,6.35
4667,573,2025-07-18,数码,61.08,10,1,51.08
4668,1316,2025-09-01,服饰,34.9,10,0,24.9
4669,1127,2025-08-26,家居,47.75,30,0,17.75
4670,779,2025-07-31,服饰,60.55,30,0,30.55
4671,1862,2025-07-08,食品,36.68,5,1,31.68
4672,1804,2025-07-08,服饰,46.15,0,1,46.15
4673,398,2025-09-25,食品,40.07,10,0,30.07
4674,1285,2025-08-01,食品,40.67,10,1,30.67
4675,1937,2025-07-10,食品,34.66,10,1,24.66
4676,977,2025-09-04,家居,46.27,5,1,41.27
4677,61,2025-09-19,家居,36.89,10,1,26.89
4678,265,2025-07-12,美妆,83.31,5,1,78.31
4679,1336,2025-09-25,家居,67.39,30,0,37.39
4680,1804,2025-09-05,食品,116.41,20,0,96.41
4681,257,2025-07-24,服饰,170.32,5,1,165.32
4682,1094,2025-09-10,数码,87.58,10,1,77.58
4683,994,2025-08-08,数码,77.27,10,0,67.27
4684,571,2025-08-28,美妆,90.67,5,0,85.67
4685,1264,2025-07-12,食品,77.99,0,0,77.99
4686,1756,2025-07-23,食品,62.03,10,0,52.03
4687,479,2025-09-10,服饰,59.37,10,0,49.37
4688,109,2025-09-13,美妆,34.4,5,0,29.4
4689,719,2025-07-02,食品,95.72,30,0,65.72
4690,629,2025-07-20,美妆,59.31,30,0,29.31
4691,1455,2025-08-25,家居,133.92,20,0,113.92
4692,1074,2025-09-22,美妆,99.82,30,0,69.82
4693,36,2025-09-01,数码,42.77,5,1,37.77
4694,680,2025-09-04,服饰,119.78,30,0,89.78
4695,1471,2025-08-05,美妆,14.76,30,0,1.0
4696,954,2025-07-06,家居,174.45,10,0,164.45
4697,1126,2025-09-09,家居,28.9,0,0,28.9
4698,529,2025-09-12,家居,79.23,0,0,79.23
4699,639,2025-08-10,服饰,76.33,5,0,71.33
4700,261,2025-08-16,家居,111.95,10,1,101.95
4701,164,2025-07-22,美妆,50.36,5,0,45.36
4702,74,2025-08-11,服饰,18.54,20,0,1.0
4703,1249,2025-07-23,服饰,50.4,20,1,30.4
4704,316,2025-08-08,数码,53.49,0,1,53.49
4705,1148,2025-07-13,食品,19.55,0,0,19.55
4706,1906,2025-08-25,食品,61.86,10,1,51.86
4707,1395,2025-07-23,家居,33.39,0,0,33.39
4708,1151,2025-09-05,服饰,86.23,30,1,56.23
4709,234,2025-08-17,服饰,52.7,20,0,32.7
4710,978,2025-09-21,家居,177.43,5,0,172.43
4711,1783,2025-07-21,数码,52.41,10,1,42.41
4712,769,2025-07-26,数码,76.46,20,1,56.46
4713,1653,2025-07-23,食品,53.67,20,0,33.67
4714,1417,2025-08-28,服饰,24.71,10,0,14.71
4715,534,2025-07-10,食品,53.91,30,1,23.91
4716,283,2025-09-02,家居,91.32,5,0,86.32
4717,34,2025-09-14,服饰,84.02,0,0,84.02
4718,553,2025-09-01,服饰,51.35,10,0,41.35
4719,666,2025-07-13,美妆,27.08,20,1,7.08
4720,1312,2025-08-15,食品,86.01,30,0,56.01
4721,1146,2025-08-19,数码,76.0,0,0,76.0
4722,959,2025-08-05,服饰,95.95,5,0,90.95
4723,1446,2025-08-12,家居,51.9,10,0,41.9
4724,1541,2025-09-09,服饰,23.89,20,0,3.89
4725,1427,2025-09-15,美妆,80.93,10,0,70.93
4726,1795,2025-07-28,家居,60.04,0,0,60.04
4727,720,2025-07-31,美妆,129.73,20,1,109.73
4728,1647,2025-07-20,食品,61.3,10,0,51.3
4729,842,2025-08-06,食品,58.85,20,0,38.85
4730,369,2025-08-20,美妆,75.91,20,0,55.91
4731,292,2025-09-04,食品,43.45,0,1,43.45
4732,183,2025-07-25,数码,42.32,30,0,12.32
4733,1912,2025-07-20,服饰,57.18,5,0,52.18
4734,339,2025-07-04,家居,36.37,30,0,6.37
4735,1671,2025-07-09,服饰,53.2,0,0,53.2
4736,1568,2025-07-05,家居,175.35,20,0,155.35
4737,879,2025-07-20,家居,107.07,0,0,107.07
4738,1828,2025-09-02,家居,71.48,0,1,71.48
4739,1817,2025-09-10,数码,141.66,30,0,111.66
4740,1851,2025-09-28,家居,38.33,0,1,38.33
4741,994,2025-08-20,家居,237.4,0,1,237.4
4742,597,2025-08-11,数码,46.84,20,1,26.84
4743,88,2025-09-21,家居,181.65,5,0,176.65
4744,1681,2025-07-14,美妆,181.21,10,0,171.21
4745,1746,2025-08-27,家居,23.01,30,0,1.0
4746,1073,2025-09-14,家居,135.22,5,0,130.22
4747,142,2025-08-16,数码,51.62,0,0,51.62
4748,1646,2025-07-25,服饰,44.15,10,0,34.15
4749,597,2025-08-27,美妆,80.52,10,1,70.52
4750,1097,2025-09-30,服饰,34.66,0,1,34.66
4751,1319,2025-07-22,食品,79.53,5,0,74.53
4752,292,2025-08-21,食品,35.97,5,1,30.97
4753,126,2025-07-05,家居,66.51,0,0,66.51
4754,159,2025-07-22,美妆,125.77,0,1,125.77
4755,1919,2025-09-09,服饰,74.63,30,0,44.63
4756,1915,2025-08-15,数码,49.51,0,0,49.51
4757,854,2025-07-19,服饰,81.27,0,0,81.27
4758,852,2025-07-31,家居,27.84,30,1,1.0
4759,814,2025-07-12,服饰,38.04,5,1,33.04
4760,702,2025-09-10,食品,47.62,30,1,17.62
4761,1088,2025-09-25,家居,93.02,20,1,73.02
4762,713,2025-07-10,食品,75.43,5,0,70.43
4763,1233,2025-07-22,家居,80.99,5,0,75.99
4764,758,2025-09-17,食品,59.44,0,0,59.44
4765,1260,2025-09-19,数码,39.12,0,0,39.12
4766,1890,2025-09-09,数码,136.79,0,0,136.79
4767,412,2025-09-04,食品,41.11,5,0,36.11
4768,126,2025-09-18,服饰,75.98,5,0,70.98
4769,1054,2025-08-04,家居,56.73,20,1,36.73
4770,239,2025-09-21,服饰,82.24,0,0,82.24
4771,463,2025-09-20,美妆,43.25,5,0,38.25
4772,1580,2025-07-22,数码,107.66,0,0,107.66
4773,836,2025-07-07,数码,128.77,0,0,128.77
4774,1099,2025-08-17,食品,104.09,20,0,84.09
4775,1553,2025-09-08,食品,65.8,10,0,55.8
4776,258,2025-09-17,食品,47.5,5,1,42.5
4777,958,2025-07-14,家居,284.91,10,0,274.91
4778,69,2025-08-04,美妆,34.97,5,0,29.97
4779,999,2025-09-09,家居,97.97,20,1,77.97
4780,449,2025-07-06,服饰,72.46,5,1,67.46
4781,1823,2025-09-05,数码,58.3,10,0,48.3
4782,522,2025-07-27,数码,66.81,0,0,66.81
4783,401,2025-07-03,数码,45.58,5,0,40.58
4784,29,2025-07-23,食品,76.32,5,0,71.32
4785,267,2025-09-07,数码,71.83,0,0,71.83
4786,433,2025-09-19,食品,263.15,10,0,253.15
4787,457,2025-07-08,食品,108.74,10,1,98.74
4788,1477,2025-08-12,家居,80.14,0,0,80.14
4789,1776,2025-07-19,数码,82.81,30,1,52.81
4790,1711,2025-09-01,数码,165.96,0,0,165.96
4791,1913,2025-09-10,家居,35.38,20,0,15.38
4792,1797,2025-09-27,美妆,54.57,5,1,49.57
4793,911,2025-08-02,食品,21.14,0,0,21.14
4794,780,2025-07-28,数码,82.05,0,0,82.05
4795,1299,2025-07-29,数码,96.21,10,0,86.21
4796,639,2025-09-09,服饰,34.9,20,0,14.9
4797,1208,2025-08-10,数码,132.86,10,0,122.86
4798,2000,2025-07-03,服饰,40.63,5,0,35.63
4799,397,2025-09-26,食品,49.98,0,0,49.98
4800,1539,2025-07-10,数码,64.44,20,0,44.44
4801,1871,2025-09-24,美妆,145.01,20,0,125.01
4802,1075,2025-07-15,服饰,37.64,5,0,32.64
4803,713,2025-08-19,数码,70.82,20,0,50.82
4804,510,2025-07-29,美妆,92.4,10,0,82.4
4805,336,2025-09-02,家居,82.49,5,0,77.49
4806,643,2025-08-07,家居,84.18,10,0,74.18
4807,1494,2025-08-03,美妆,91.73,0,1,91.73
4808,1031,2025-08-13,数码,44.47,0,1,44.47
4809,443,2025-09-28,美妆,152.67,10,1,142.67
4810,1085,2025-07-23,家居,56.76,30,0,26.76
4811,1619,2025-07-21,美妆,52.77,5,0,47.77
4812,28,2025-07-07,家居,126.62,0,0,126.62
4813,42,2025-09-06,数码,42.66,0,1,42.66
4814,1919,2025-09-01,美妆,71.96,5,1,66.96
4815,1497,2025-08-26,家居,40.55,10,0,30.55
4816,1152,2025-07-03,数码,241.19,0,0,241.19
4817,1813,2025-09-11,数码,214.81,0,0,214.81
4818,1179,2025-09-13,美妆,56.79,10,0,46.79
4819,1042,2025-09-25,美妆,80.31,0,0,80.31
4820,423,2025-09-24,数码,60.51,5,0,55.51
4821,1622,2025-07-25,服饰,49.81,10,0,39.81
4822,1530,2025-09-04,美妆,64.44,0,1,64.44
4823,592,2025-08-07,服饰,59.01,5,1,54.01
4824,1475,2025-08-24,服饰,26.14,0,1,26.14
4825,1455,2025-07-31,服饰,69.73,0,0,69.73
4826,191,2025-08-30,服饰,58.95,30,0,28.95
4827,321,2025-09-26,家居,71.64,10,0,61.64
4828,1190,2025-08-30,数码,57.82,0,0,57.82
4829,1248,2025-09-23,家居,49.49,0,1,49.49
4830,1317,2025-09-24,服饰,97.63,0,0,97.63
4831,747,2025-07-11,家居,80.9,20,0,60.9
4832,1672,2025-09-27,食品,130.04,10,0,120.04
4833,892,2025-09-14,数码,79.21,10,0,69.21
4834,413,2025-08-09,家居,54.13,0,0,54.13
4835,231,2025-08-25,美妆,84.71,30,0,54.71
4836,1756,2025-08-26,数码,20.3,20,0,1.0
4837,1415,2025-09-11,数码,191.91,0,0,191.91
4838,923,2025-09-12,食品,70.17,5,0,65.17
4839,419,2025-07-10,食品,200.63,5,0,195.63
4840,194,2025-07-01,美妆,37.41,10,1,27.41
4841,306,2025-07-23,服饰,32.63,5,0,27.63
4842,212,2025-08-18,家居,73.79,0,0,73.79
4843,1059,2025-09-17,数码,73.66,10,0,63.66
4844,396,2025-08-30,食品,72.68,10,0,62.68
4845,256,2025-07-13,数码,66.83,5,0,61.83
4846,566,2025-09-04,食品,42.71,5,0,37.71
4847,1399,2025-08-13,美妆,26.66,0,1,26.66
4848,993,2025-08-03,家居,70.51,5,0,65.51
4849,308,2025-09-09,家居,29.8,20,0,9.8
4850,1498,2025-07-28,美妆,28.29,10,1,18.29
4851,980,2025-08-26,家居,48.94,30,0,18.94
4852,374,2025-07-17,食品,76.47,10,0,66.47
4853,1383,2025-08-05,数码,180.06,20,0,160.06
4854,1986,2025-08-21,服饰,103.4,5,0,98.4
4855,1081,2025-08-27,食品,132.72,0,0,132.72
4856,324,2025-09-23,服饰,86.45,30,1,56.45
4857,620,2025-07-27,家居,73.83,10,0,63.83
4858,1199,2025-09-21,美妆,239.41,30,0,209.41
4859,1999,2025-09-14,美妆,29.15,10,1,19.15
4860,1858,2025-08-03,数码,48.07,5,0,43.07
4861,1867,2025-07-13,家居,50.18,0,0,50.18
4862,1666,2025-07-24,美妆,98.64,5,1,93.64
4863,1150,2025-08-30,数码,35.22,10,0,25.22
4864,1296,2025-09-11,数码,91.83,30,1,61.83
4865,1468,2025-08-26,食品,83.0,20,0,63.0
4866,1431,2025-09-05,家居,94.38,5,0,89.38
4867,1278,2025-07-10,服饰,93.44,5,1,88.44
4868,269,2025-08-16,家居,140.62,0,0,140.62
4869,1760,2025-09-19,食品,58.73,5,1,53.73
4870,20,2025-08-05,服饰,80.77,30,1,50.77
4871,852,2025-09-21,家居,40.24,10,0,30.24
4872,869,2025-07-12,数码,35.49,5,1,30.49
4873,1993,2025-09-29,家居,159.28,20,1,139.28
4874,180,2025-09-11,服饰,38.6,0,1,38.6
4875,952,2025-08-27,数码,85.86,30,0,55.86
4876,716,2025-08-26,数码,80.81,10,0,70.81
4877,196,2025-09-25,家居,115.15,0,0,115.15
4878,448,2025-08-04,美妆,24.24,10,0,14.24
4879,845,2025-07-16,家居,98.51,0,1,98.51
4880,1833,2025-09-23,数码,58.44,10,1,48.44
4881,777,2025-07-10,美妆,43.38,0,0,43.38
4882,1761,2025-08-30,美妆,52.56,0,0,52.56
4883,1468,2025-07-25,家居,106.72,10,1,96.72
4884,1638,2025-09-24,数码,90.21,5,0,85.21
4885,1708,2025-09-28,服饰,56.24,0,0,56.24
4886,1428,2025-08-13,服饰,32.25,20,0,12.25
4887,1467,2025-08-19,家居,33.53,0,0,33.53
4888,309,2025-08-11,服饰,91.3,10,1,81.3
4889,1435,2025-08-09,美妆,29.88,10,0,19.88
4890,97,2025-09-25,数码,56.54,0,0,56.54
4891,1475,2025-07-27,家居,263.64,30,1,233.64
4892,1308,2025-09-27,美妆,77.69,5,1,72.69
4893,1514,2025-08-29,数码,90.76,0,1,90.76
4894,1285,2025-09-27,数码,33.66,5,1,28.66
4895,738,2025-08-26,数码,30.72,10,0,20.72
4896,739,2025-09-14,数码,93.48,0,1,93.48
4897,1193,2025-08-15,美妆,51.66,0,0,51.66
4898,946,2025-08-12,数码,115.06,5,0,110.06
4899,682,2025-07-24,服饰,65.28,10,0,55.28
4900,979,2025-07-20,数码,426.67,0,0,426.67
4901,1074,2025-07-04,数码,46.54,5,0,41.54
4902,480,2025-08-05,数码,74.74,0,1,74.74
4903,1277,2025-09-29,服饰,38.99,0,0,38.99
4904,629,2025-09-25,家居,112.47,10,0,102.47
4905,536,2025-09-02,食品,81.23,0,1,81.23
4906,837,2025-08-03,服饰,37.58,0,1,37.58
4907,207,2025-08-17,食品,53.54,0,1,53.54
4908,1207,2025-09-08,食品,135.57,10,0,125.57
4909,1467,2025-07-01,食品,126.91,10,0,116.91
4910,1912,2025-09-23,数码,29.29,5,0,24.29
4911,568,2025-09-19,食品,49.34,10,1,39.34
4912,1077,2025-09-28,美妆,173.6,10,1,163.6
4913,1008,2025-07-09,数码,58.15,0,0,58.15
4914,1463,2025-09-26,美妆,70.52,0,0,70.52
4915,1250,2025-08-26,服饰,112.15,0,0,112.15
4916,1615,2025-08-21,美妆,30.64,20,0,10.64
4917,1702,2025-07-17,家居,38.02,0,0,38.02
4918,228,2025-08-15,食品,53.35,0,0,53.35
4919,711,2025-08-03,美妆,123.66,5,0,118.66
4920,1307,2025-09-29,美妆,111.71,5,0,106.71
4921,1088,2025-08-01,家居,94.71,20,0,74.71
4922,965,2025-07-21,数码,59.05,5,0,54.05
4923,347,2025-09-26,数码,118.66,0,0,118.66
4924,1145,2025-07-18,数码,58.62,10,0,48.62
4925,1482,2025-09-22,家居,87.61,10,0,77.61
4926,77,2025-09-27,数码,105.28,30,0,75.28
4927,1184,2025-07-29,食品,162.11,10,1,152.11
4928,1813,2025-09-02,美妆,61.81,5,0,56.81
4929,1148,2025-09-12,服饰,52.23,0,1,52.23
4930,1906,2025-08-19,数码,129.97,30,0,99.97
4931,706,2025-09-03,家居,135.57,10,0,125.57
4932,7,2025-07-13,数码,47.28,0,0,47.28
4933,1365,2025-08-17,食品,34.72,5,0,29.72
4934,426,2025-08-17,服饰,124.64,10,0,114.64
4935,20,2025-08-22,数码,25.84,0,0,25.84
4936,361,2025-09-25,美妆,25.13,10,0,15.13
4937,1869,2025-09-14,数码,55.01,10,1,45.01
4938,1563,2025-08-25,美妆,63.84,0,0,63.84
4939,551,2025-08-07,家居,33.68,30,0,3.68
4940,1197,2025-08-07,家居,68.17,30,0,38.17
4941,679,2025-07-02,美妆,69.86,0,0,69.86
4942,355,2025-08-20,美妆,46.33,5,1,41.33
4943,1977,2025-07-24,家居,184.64,20,0,164.64
4944,1628,2025-09-20,服饰,76.43,5,0,71.43
4945,727,2025-09-10,食品,112.24,30,0,82.24
4946,707,2025-09-22,服饰,27.09,0,0,27.09
4947,1632,2025-09-30,食品,26.96,10,1,16.96
4948,922,2025-08-06,服饰,77.71,10,0,67.71
4949,754,2025-08-09,服饰,167.36,0,0,167.36
4950,775,2025-08-25,食品,34.62,10,0,24.62
4951,894,2025-08-09,服饰,65.29,0,0,65.29
4952,1043,2025-07-26,数码,30.59,0,0,30.59
4953,81,2025-09-04,食品,40.64,0,0,40.64
4954,961,2025-08-11,食品,67.1,0,0,67.1
4955,880,2025-09-25,食品,46.02,0,0,46.02
4956,550,2025-07-21,家居,29.43,5,1,24.43
4957,711,2025-08-10,家居,29.07,0,0,29.07
4958,850,2025-08-18,服饰,21.39,0,1,21.39
4959,733,2025-09-22,数码,78.42,0,0,78.42
4960,1817,2025-08-23,食品,83.82,20,0,63.82
4961,1058,2025-07-07,数码,83.59,0,1,83.59
4962,1006,2025-08-01,数码,36.6,10,0,26.6
4963,526,2025-09-20,数码,104.93,0,0,104.93
4964,1833,2025-07-26,数码,89.01,0,0,89.01
4965,47,2025-08-01,美妆,60.58,5,0,55.58
4966,1101,2025-07-14,家居,55.35,5,0,50.35
4967,338,2025-09-05,数码,42.22,5,0,37.22
4968,1538,2025-07-13,美妆,67.07,10,0,57.07
4969,757,2025-08-03,美妆,146.86,0,0,146.86
4970,588,2025-09-04,食品,112.82,0,0,112.82
4971,116,2025-09-21,美妆,52.41,20,0,32.41
4972,1581,2025-07-21,数码,81.15,0,1,81.15
4973,793,2025-07-31,食品,32.92,20,0,12.92
4974,529,2025-07-11,服饰,90.16,10,0,80.16
4975,1689,2025-08-10,美妆,38.21,0,0,38.21
4976,40,2025-09-30,家居,88.2,0,1,88.2
4977,938,2025-07-28,家居,308.89,5,0,303.89
4978,322,2025-07-24,美妆,44.1,10,1,34.1
4979,254,2025-08-06,数码,301.13,30,1,271.13
4980,44,2025-09-21,服饰,79.03,0,0,79.03
4981,375,2025-08-20,家居,39.95,30,1,9.95
4982,1895,2025-08-26,数码,38.96,0,0,38.96
4983,892,2025-09-10,服饰,221.57,0,0,221.57
4984,2000,2025-09-04,数码,79.13,5,1,74.13
4985,535,2025-08-25,食品,44.2,30,1,14.2
4986,1525,2025-08-21,家居,53.95,5,0,48.95
4987,180,2025-08-19,美妆,76.47,20,1,56.47
4988,217,2025-07-17,家居,60.05,5,0,55.05
4989,33,2025-08-08,家居,72.98,20,1,52.98
4990,1798,2025-09-16,美妆,160.05,20,1,140.05
4991,1344,2025-07-04,食品,32.45,10,1,22.45
4992,1488,2025-09-15,数码,86.02,10,0,76.02
4993,1855,2025-08-22,美妆,57.97,5,0,52.97
4994,665,2025-08-02,家居,45.86,30,1,15.86
4995,1446,2025-07-11,服饰,108.82,10,0,98.82
4996,1005,2025-09-09,美妆,27.01,0,1,27.01
4997,1086,2025-07-01,食品,16.42,20,0,1.0
4998,1324,2025-08-19,食品,68.27,10,0,58.27
4999,940,2025-07-15,服饰,55.92,10,0,45.92
5000,49,2025-09-22,家居,28.67,10,0,18.67
5001,151,2025-07-17,美妆,23.55,0,0,23.55
5002,1004,2025-09-12,服饰,174.49,5,0,169.49
5003,1140,2025-08-22,食品,77.84,0,1,77.84
5004,1465,2025-07-04,家居,61.0,20,0,41.0
5005,1145,2025-09-05,服饰,201.82,10,0,191.82
5006,377,2025-09-19,食品,105.86,20,0,85.86
5007,734,2025-07-21,家居,159.67,0,0,159.67
5008,888,2025-09-28,家居,31.53,30,0,1.53
5009,1968,2025-09-12,服饰,30.89,5,1,25.89
5010,1066,2025-09-07,数码,84.72,5,0,79.72
5011,1270,2025-07-31,家居,75.79,30,0,45.79
5012,1472,2025-07-12,数码,119.98,10,0,109.98
5013,725,2025-08-09,数码,24.61,30,0,1.0
5014,1929,2025-09-13,数码,88.85,10,0,78.85
5015,1350,2025-08-23,食品,103.97,0,0,103.97
5016,1697,2025-08-29,服饰,100.98,5,0,95.98
5017,1499,2025-09-10,数码,48.25,20,1,28.25
5018,1244,2025-08-01,数码,80.26,5,0,75.26
5019,62,2025-07-04,家居,39.39,10,0,29.39
5020,1168,2025-09-20,家居,51.36,0,0,51.36
5021,260,2025-08-26,美妆,34.0,5,0,29.0
5022,1207,2025-08-22,家居,39.75,20,1,19.75
5023,1403,2025-08-22,服饰,52.85,30,0,22.85
5024,1091,2025-09-17,家居,46.06,0,0,46.06
5025,617,2025-09-09,服饰,39.75,0,0,39.75
5026,119,2025-08-31,数码,29.52,0,0,29.52
5027,1343,2025-09-10,数码,177.43,0,0,177.43
5028,1397,2025-07-27,数码,45.82,20,0,25.82
5029,956,2025-09-04,家居,72.35,5,0,67.35
5030,1433,2025-09-28,食品,22.93,0,1,22.93
5031,1559,2025-07-22,服饰,127.32,20,0,107.32
5032,1025,2025-08-22,数码,66.15,20,0,46.15
5033,96,2025-09-01,美妆,47.27,5,0,42.27
5034,1741,2025-08-17,数码,47.5,30,0,17.5
5035,934,2025-09-28,美妆,97.34,5,0,92.34
5036,1345,2025-08-07,服饰,11.89,0,1,11.89
5037,1822,2025-07-21,数码,38.35,20,1,18.35
5038,726,2025-07-13,服饰,56.51,0,0,56.51
5039,1244,2025-09-17,美妆,56.16,30,0,26.16
5040,40,2025-09-02,数码,239.35,10,0,229.35
5041,1771,2025-08-23,家居,50.12,30,0,20.12
5042,119,2025-08-09,美妆,104.02,0,1,104.02
5043,1083,2025-08-07,美妆,163.43,5,1,158.43
5044,704,2025-09-24,美妆,87.26,20,1,67.26
5045,72,2025-09-01,食品,41.65,20,0,21.65
5046,925,2025-09-27,服饰,29.77,20,1,9.77
5047,1872,2025-09-12,食品,90.92,0,1,90.92
5048,334,2025-09-09,家居,149.12,10,0,139.12
5049,585,2025-08-20,服饰,81.47,5,0,76.47
5050,379,2025-07-23,家居,118.91,0,1,118.91
5051,250,2025-08-30,食品,251.03,5,0,246.03
5052,461,2025-09-04,数码,95.64,10,0,85.64
5053,1144,2025-08-18,数码,32.94,5,0,27.94
5054,1562,2025-07-02,家居,62.06,0,0,62.06
5055,1381,2025-09-27,数码,128.2,20,1,108.2
5056,1543,2025-09-15,家居,52.62,30,1,22.62
5057,1432,2025-08-02,美妆,138.12,5,1,133.12
5058,766,2025-08-15,美妆,58.16,20,0,38.16
5059,1801,2025-07-12,数码,72.52,20,1,52.52
5060,345,2025-09-25,服饰,49.75,0,0,49.75
5061,1400,2025-07-22,服饰,65.87,10,0,55.87
5062,222,2025-08-04,美妆,67.82,30,1,37.82
5063,1532,2025-08-09,美妆,24.91,10,1,14.91
5064,175,2025-07-25,服饰,47.33,0,0,47.33
5065,433,2025-08-28,数码,30.62,10,0,20.62
5066,783,2025-09-30,食品,48.24,20,0,28.24
5067,1389,2025-09-17,美妆,38.96,10,0,28.96
5068,92,2025-08-18,美妆,105.27,0,0,105.27
5069,515,2025-07-13,家居,105.94,0,0,105.94
5070,668,2025-09-18,家居,82.12,20,1,62.12
5071,1463,2025-07-24,服饰,30.05,5,0,25.05
5072,1924,2025-09-22,数码,57.17,30,0,27.17
5073,1229,2025-08-06,美妆,28.76,5,0,23.76
5074,1016,2025-08-17,美妆,55.64,20,0,35.64
5075,673,2025-08-10,食品,86.15,0,0,86.15
5076,1646,2025-08-11,家居,104.13,20,0,84.13
5077,215,2025-07-16,食品,78.26,20,0,58.26
5078,259,2025-08-20,家居,120.56,5,0,115.56
5079,403,2025-08-07,家居,69.61,0,0,69.61
5080,537,2025-09-16,数码,53.07,30,1,23.07
5081,924,2025-08-13,数码,97.56,20,0,77.56
5082,1894,2025-09-27,数码,99.34,10,0,89.34
5083,1301,2025-07-28,美妆,45.23,5,0,40.23
5084,768,2025-07-31,家居,74.32,30,0,44.32
5085,424,2025-07-04,家居,51.32,10,0,41.32
5086,1297,2025-09-06,数码,19.99,5,1,14.99
5087,507,2025-07-07,数码,76.87,5,0,71.87
5088,1953,2025-07-27,家居,29.61,0,0,29.61
5089,956,2025-09-22,服饰,72.28,20,0,52.28
5090,1102,2025-08-26,服饰,25.93,20,1,5.93
5091,1807,2025-08-21,家居,40.62,5,0,35.62
5092,611,2025-09-13,食品,47.54,0,0,47.54
5093,944,2025-09-09,数码,116.86,0,0,116.86
5094,1064,2025-09-20,食品,45.0,0,1,45.0
5095,543,2025-08-31,食品,33.41,30,0,3.41
5096,110,2025-08-11,服饰,73.73,20,1,53.73
5097,568,2025-07-13,美妆,53.55,5,1,48.55
5098,225,2025-08-04,服饰,93.21,0,0,93.21
5099,1352,2025-09-03,食品,34.59,0,0,34.59
5100,15,2025-07-24,服饰,67.76,10,1,57.76
5101,633,2025-08-31,家居,234.69,0,0,234.69
5102,1769,2025-07-13,美妆,52.9,0,0,52.9
5103,1138,2025-07-06,数码,66.87,30,0,36.87
5104,1343,2025-08-03,服饰,24.2,10,0,14.2
5105,1338,2025-07-22,服饰,37.75,20,0,17.75
5106,597,2025-09-19,食品,77.7,0,1,77.7
5107,1265,2025-08-04,数码,50.33,0,0,50.33
5108,443,2025-08-08,家居,84.6,20,0,64.6
5109,1272,2025-08-07,食品,76.23,20,0,56.23
5110,1367,2025-07-30,数码,29.23,10,0,19.23
5111,1753,2025-09-23,数码,105.47,10,0,95.47
5112,1840,2025-09-07,数码,30.46,0,0,30.46
5113,48,2025-07-15,数码,39.62,10,1,29.62
5114,599,2025-07-20,服饰,68.46,0,1,68.46
5115,1095,2025-07-08,食品,142.86,0,0,142.86
5116,644,2025-07-24,家居,34.74,5,0,29.74
5117,1238,2025-08-30,食品,65.45,0,0,65.45
5118,1709,2025-09-25,服饰,65.75,0,0,65.75
5119,517,2025-08-14,数码,86.62,0,1,86.62
5120,1787,2025-07-08,美妆,115.73,0,1,115.73
5121,1765,2025-07-05,食品,48.32,20,1,28.32
5122,1829,2025-08-08,食品,105.27,30,0,75.27
5123,148,2025-07-25,数码,125.42,0,0,125.42
5124,587,2025-08-23,家居,160.96,0,0,160.96
5125,249,2025-07-11,数码,79.52,20,0,59.52
5126,241,2025-07-22,家居,65.8,0,0,65.8
5127,107,2025-08-21,服饰,46.48,10,1,36.48
5128,880,2025-07-26,数码,27.05,0,1,27.05
5129,175,2025-08-03,食品,51.79,10,1,41.79
5130,592,2025-07-21,数码,64.19,0,0,64.19
5131,1963,2025-07-05,服饰,56.81,10,0,46.81
5132,1768,2025-08-01,食品,83.83,5,0,78.83
5133,1875,2025-07-31,服饰,27.12,0,0,27.12
5134,74,2025-09-21,数码,54.59,5,0,49.59
5135,1322,2025-09-21,美妆,180.75,5,0,175.75
5136,1268,2025-08-09,服饰,104.33,30,0,74.33
5137,266,2025-07-27,服饰,84.68,5,0,79.68
5138,1813,2025-08-08,美妆,74.8,0,1,74.8
5139,809,2025-08-25,家居,49.35,10,1,39.35
5140,1954,2025-08-05,家居,22.99,0,0,22.99
5141,228,2025-09-08,服饰,77.59,20,0,57.59
5142,1301,2025-09-27,家居,15.7,20,0,1.0
5143,262,2025-08-07,食品,50.45,0,1,50.45
5144,1900,2025-07-11,美妆,60.22,10,0,50.22
5145,1216,2025-07-12,家居,47.18,10,0,37.18
5146,152,2025-09-19,美妆,199.19,0,1,199.19
5147,430,2025-08-08,服饰,164.58,10,0,154.58
5148,719,2025-07-31,美妆,106.49,5,1,101.49
5149,26,2025-08-26,服饰,36.27,5,1,31.27
5150,18,2025-09-26,食品,173.6,10,1,163.6
5151,1851,2025-08-09,服饰,84.81,10,1,74.81
5152,1963,2025-07-30,美妆,35.94,10,1,25.94
5153,1073,2025-09-18,美妆,61.44,5,0,56.44
5154,1806,2025-07-08,数码,102.23,10,0,92.23
5155,1311,2025-09-16,家居,43.41,5,0,38.41
5156,57,2025-08-17,服饰,65.19,10,0,55.19
5157,1429,2025-07-02,数码,71.81,0,0,71.81
5158,37,2025-07-21,服饰,32.93,5,0,27.93
5159,1634,2025-09-01,家居,52.01,5,0,47.01
5160,734,2025-09-08,美妆,34.33,0,1,34.33
5161,283,2025-07-18,家居,97.3,0,0,97.3
5162,518,2025-08-30,数码,36.62,5,0,31.62
5163,1367,2025-09-30,美妆,70.84,0,0,70.84
5164,1694,2025-09-02,美妆,28.09,5,0,23.09
5165,1142,2025-09-03,美妆,32.35,5,0,27.35
5166,321,2025-07-18,食品,31.5,10,0,21.5
5167,1801,2025-08-28,食品,51.46,30,1,21.46
5168,1582,2025-09-04,数码,66.63,20,0,46.63
5169,820,2025-07-11,食品,73.75,30,0,43.75
5170,1109,2025-07-29,数码,22.77,30,0,1.0
5171,1928,2025-09-20,食品,55.0,0,1,55.0
5172,755,2025-09-30,美妆,39.93,0,0,39.93
5173,52,2025-07-16,美妆,80.95,0,0,80.95
5174,292,2025-09-06,数码,52.08,0,0,52.08
5175,1201,2025-08-16,服饰,57.72,20,0,37.72
5176,1996,2025-08-24,美妆,40.06,20,0,20.06
5177,1480,2025-08-17,美妆,155.8,10,0,145.8
5178,1236,2025-09-18,数码,29.79,20,0,9.79
5179,647,2025-08-10,服饰,48.43,10,0,38.43
5180,879,2025-08-24,食品,64.02,5,1,59.02
5181,77,2025-08-31,数码,52.55,0,0,52.55
5182,743,2025-08-20,家居,39.64,30,0,9.64
5183,1247,2025-09-19,食品,22.28,10,0,12.28
5184,1812,2025-07-22,家居,41.25,5,0,36.25
5185,1845,2025-09-26,数码,35.6,0,1,35.6
5186,1643,2025-09-01,数码,151.95,20,0,131.95
5187,43,2025-09-27,美妆,209.68,20,1,189.68
5188,1623,2025-08-04,家居,58.68,5,0,53.68
5189,438,2025-08-14,美妆,27.87,30,0,1.0
5190,1233,2025-07-04,服饰,90.55,5,1,85.55
5191,1893,2025-09-24,服饰,35.18,30,1,5.18
5192,1776,2025-09-14,数码,44.61,10,1,34.61
5193,1329,2025-07-28,数码,42.7,10,0,32.7
5194,599,2025-07-05,服饰,45.82,30,0,15.82
5195,1042,2025-09-03,家居,49.65,20,0,29.65
5196,1408,2025-08-31,美妆,29.3,0,0,29.3
5197,1029,2025-08-18,数码,41.01,20,0,21.01
5198,809,2025-07-15,食品,105.74,5,0,100.74
5199,806,2025-09-23,食品,59.24,0,0,59.24
5200,1200,2025-08-09,数码,64.65,10,1,54.65
5201,72,2025-09-05,家居,17.68,5,1,12.68
5202,1997,2025-09-18,数码,101.62,5,0,96.62
5203,205,2025-08-20,家居,41.39,5,0,36.39
5204,1970,2025-07-09,家居,111.96,0,0,111.96
5205,71,2025-09-20,美妆,65.68,0,0,65.68
5206,1026,2025-08-31,食品,44.29,20,0,24.29
5207,836,2025-09-21,服饰,23.98,0,1,23.98
5208,1148,2025-08-26,家居,199.57,10,0,189.57
5209,868,2025-09-22,家居,93.86,5,0,88.86
5210,1795,2025-09-18,家居,97.0,0,0,97.0
5211,34,2025-07-20,数码,164.08,0,0,164.08
5212,1972,2025-07-16,家居,68.25,5,1,63.25
5213,1379,2025-07-15,数码,126.95,20,1,106.95
5214,1558,2025-09-12,美妆,46.38,30,0,16.38
5215,280,2025-07-23,美妆,90.53,5,0,85.53
5216,131,2025-08-11,食品,42.67,0,1,42.67
5217,795,2025-09-11,食品,45.74,10,0,35.74
5218,646,2025-08-09,数码,63.65,5,0,58.65
5219,1566,2025-07-06,数码,30.05,5,0,25.05
5220,1794,2025-08-03,家居,72.33,5,0,67.33
5221,855,2025-07-09,数码,50.83,10,0,40.83
5222,1537,2025-08-05,服饰,20.22,0,0,20.22
5223,120,2025-09-06,美妆,46.91,20,0,26.91
5224,1485,2025-08-17,美妆,49.91,5,0,44.91
5225,199,2025-09-01,数码,96.45,0,0,96.45
5226,1336,2025-07-10,美妆,70.59,30,1,40.59
5227,765,2025-09-08,家居,133.77,5,1,128.77
5228,831,2025-08-09,美妆,80.32,0,0,80.32
5229,553,2025-07-27,食品,44.49,0,0,44.49
5230,807,2025-08-29,家居,58.43,10,0,48.43
5231,1749,2025-07-13,美妆,49.83,10,1,39.83
5232,1618,2025-08-15,服饰,78.92,5,0,73.92
5233,681,2025-08-08,美妆,62.36,0,1,62.36
5234,588,2025-07-16,美妆,42.7,0,1,42.7
5235,1019,2025-09-26,数码,60.63,5,0,55.63
5236,1370,2025-08-03,数码,77.76,5,0,72.76
5237,365,2025-07-04,食品,34.69,5,0,29.69
5238,1453,2025-08-10,食品,71.83,5,0,66.83
5239,1898,2025-09-27,食品,25.32,10,0,15.32
5240,1690,2025-08-31,服饰,110.84,10,0,100.84
5241,1097,2025-08-28,服饰,80.64,10,1,70.64
5242,640,2025-09-21,数码,147.84,10,0,137.84
5243,647,2025-07-08,家居,32.65,0,0,32.65
5244,1484,2025-08-20,食品,112.55,10,0,102.55
5245,910,2025-07-30,服饰,100.96,0,0,100.96
5246,213,2025-09-01,家居,54.59,10,0,44.59
5247,1356,2025-09-17,美妆,49.05,5,0,44.05
5248,277,2025-07-08,数码,33.22,10,0,23.22
5249,1974,2025-07-15,家居,28.78,20,0,8.78
5250,835,2025-09-26,家居,39.92,5,0,34.92
5251,684,2025-08-15,服饰,30.24,0,1,30.24
5252,111,2025-07-29,服饰,145.13,20,0,125.13
5253,336,2025-07-15,数码,26.41,5,1,21.41
5254,1896,2025-08-02,数码,65.49,5,0,60.49
5255,1075,2025-07-01,家居,76.68,0,0,76.68
5256,1804,2025-07-21,食品,73.45,5,0,68.45
5257,1912,2025-07-17,服饰,77.09,5,0,72.09
5258,98,2025-07-08,数码,101.55,20,0,81.55
5259,762,2025-09-28,数码,47.22,10,1,37.22
5260,1677,2025-09-11,食品,63.32,5,0,58.32
5261,992,2025-09-25,数码,51.34,20,0,31.34
5262,1018,2025-07-23,美妆,123.52,20,0,103.52
5263,1141,2025-07-27,家居,191.51,0,0,191.51
5264,1404,2025-07-27,服饰,31.29,10,0,21.29
5265,1878,2025-08-21,家居,19.74,0,0,19.74
5266,1774,2025-07-17,家居,82.52,0,0,82.52
5267,1251,2025-07-22,数码,108.71,20,1,88.71
5268,1154,2025-09-28,家居,177.03,20,0,157.03
5269,722,2025-08-02,家居,90.54,20,0,70.54
5270,233,2025-09-10,服饰,130.02,5,0,125.02
5271,1419,2025-07-22,食品,150.36,0,0,150.36
5272,6,2025-09-24,数码,135.05,0,1,135.05
5273,1397,2025-09-02,家居,97.97,0,1,97.97
5274,994,2025-09-18,数码,29.81,5,0,24.81
5275,1573,2025-08-17,食品,60.06,5,0,55.06
5276,1899,2025-09-22,食品,71.17,10,0,61.17
5277,1106,2025-08-03,服饰,57.12,0,1,57.12
5278,1146,2025-08-14,美妆,59.09,0,0,59.09
5279,975,2025-07-06,食品,142.88,0,0,142.88
5280,746,2025-07-16,家居,39.8,20,0,19.8
5281,178,2025-09-09,家居,93.64,0,1,93.64
5282,62,2025-07-31,数码,71.81,0,1,71.81
5283,1447,2025-07-10,服饰,37.65,5,0,32.65
5284,1830,2025-07-27,数码,33.38,0,0,33.38
5285,108,2025-08-02,食品,23.67,5,0,18.67
5286,655,2025-09-04,数码,78.81,20,0,58.81
5287,1217,2025-07-09,食品,58.28,0,0,58.28
5288,1410,2025-07-03,数码,38.31,0,0,38.31
5289,1471,2025-09-05,美妆,21.5,0,1,21.5
5290,1389,2025-07-14,服饰,76.55,0,1,76.55
5291,168,2025-08-08,美妆,54.84,30,1,24.84
5292,508,2025-09-01,家居,40.75,10,0,30.75
5293,939,2025-08-17,服饰,35.51,5,0,30.51
5294,128,2025-07-12,美妆,52.92,10,0,42.92
5295,687,2025-09-05,美妆,78.14,0,0,78.14
5296,771,2025-07-05,家居,50.33,5,0,45.33
5297,1957,2025-07-22,美妆,31.38,0,1,31.38
5298,635,2025-07-11,家居,58.44,20,0,38.44
5299,1943,2025-08-17,家居,107.24,10,0,97.24
5300,1401,2025-09-02,数码,61.69,0,0,61.69
5301,1385,2025-08-29,美妆,62.65,20,0,42.65
5302,1640,2025-07-13,食品,50.44,0,0,50.44
5303,1685,2025-08-01,数码,36.99,0,0,36.99
5304,445,2025-07-14,服饰,36.32,0,0,36.32
5305,842,2025-08-01,家居,24.19,0,0,24.19
5306,1057,2025-07-22,食品,115.55,0,0,115.55
5307,1954,2025-09-07,家居,77.82,30,1,47.82
5308,82,2025-09-08,数码,63.14,0,1,63.14
5309,954,2025-09-14,家居,70.99,5,0,65.99
5310,429,2025-07-19,服饰,72.73,0,1,72.73
5311,414,2025-07-02,服饰,40.29,0,0,40.29
5312,1524,2025-07-04,服饰,50.46,0,1,50.46
5313,404,2025-09-16,家居,46.49,0,0,46.49
5314,1587,2025-09-22,家居,240.15,0,0,240.15
5315,1988,2025-07-20,家居,105.75,0,0,105.75
5316,1553,2025-09-19,美妆,66.18,0,1,66.18
5317,340,2025-08-18,美妆,127.91,10,1,117.91
5318,285,2025-07-18,美妆,119.32,30,0,89.32
5319,875,2025-07-29,家居,28.24,0,0,28.24
5320,1103,2025-07-25,美妆,53.38,10,0,43.38
5321,1557,2025-09-09,食品,59.8,10,1,49.8
5322,846,2025-07-18,数码,84.47,10,0,74.47
5323,335,2025-07-17,美妆,53.35,10,0,43.35
5324,1983,2025-09-05,食品,57.16,5,0,52.16
5325,1810,2025-07-28,数码,46.82,30,0,16.82
5326,1309,2025-07-24,数码,107.44,0,0,107.44
5327,1391,2025-09-13,服饰,27.28,5,1,22.28
5328,1871,2025-09-24,食品,47.7,10,1,37.7
5329,950,2025-08-21,服饰,21.89,30,0,1.0
5330,291,2025-09-15,服饰,34.25,5,1,29.25
5331,1212,2025-09-16,数码,71.84,30,0,41.84
5332,902,2025-08-24,食品,72.59,10,0,62.59
5333,1600,2025-09-15,美妆,50.79,10,0,40.79
5334,1544,2025-07-01,服饰,111.97,20,0,91.97
5335,943,2025-07-04,家居,127.07,10,1,117.07
5336,736,2025-09-20,家居,58.09,5,0,53.09
5337,845,2025-07-13,家居,69.25,20,0,49.25
5338,1266,2025-09-05,服饰,47.04,0,0,47.04
5339,1275,2025-08-08,服饰,85.18,30,0,55.18
5340,1024,2025-09-11,美妆,31.29,20,0,11.29
5341,1064,2025-08-31,服饰,162.02,10,0,152.02
5342,1984,2025-07-07,食品,112.96,0,1,112.96
5343,508,2025-07-31,数码,31.21,0,0,31.21
5344,348,2025-09-04,服饰,39.1,0,0,39.1
5345,1599,2025-09-23,美妆,76.07,0,0,76.07
5346,1871,2025-09-13,食品,50.1,10,0,40.1
5347,1218,2025-09-21,美妆,81.41,20,0,61.41
5348,804,2025-09-27,食品,49.52,10,0,39.52
5349,698,2025-09-21,食品,139.58,5,1,134.58
5350,936,2025-08-23,家居,60.62,30,0,30.62
5351,105,2025-07-31,美妆,228.45,20,1,208.45
5352,1058,2025-08-16,服饰,84.06,10,1,74.06
5353,540,2025-09-12,家居,28.73,5,0,23.73
5354,531,2025-08-09,食品,190.1,10,0,180.1
5355,1121,2025-09-15,食品,110.42,5,0,105.42
5356,1928,2025-09-03,数码,74.37,0,0,74.37
5357,412,2025-07-20,家居,86.11,10,0,76.11
5358,1823,2025-09-23,服饰,31.38,10,0,21.38
5359,1039,2025-09-16,家居,22.37,0,0,22.37
5360,1946,2025-08-25,数码,58.97,30,0,28.97
5361,765,2025-07-18,食品,128.81,20,0,108.81
5362,1994,2025-07-21,家居,75.01,10,0,65.01
5363,1320,2025-09-16,美妆,154.48,0,1,154.48
5364,1340,2025-07-02,数码,124.79,0,1,124.79
5365,1127,2025-08-14,食品,61.03,10,1,51.03
5366,904,2025-08-26,家居,115.71,20,0,95.71
5367,1051,2025-07-22,食品,139.41,5,0,134.41
5368,1702,2025-09-18,数码,57.74,0,0,57.74
5369,1585,2025-08-18,食品,53.65,0,0,53.65
5370,48,2025-07-07,美妆,65.19,0,0,65.19
5371,1390,2025-07-30,美妆,16.01,10,1,6.01
5372,1669,2025-08-06,家居,70.4,5,1,65.4
5373,1489,2025-07-21,家居,89.68,0,1,89.68
5374,995,2025-09-25,美妆,65.33,5,0,60.33
5375,672,2025-08-03,家居,72.94,20,0,52.94
5376,1347,2025-08-16,食品,58.91,5,0,53.91
5377,1328,2025-08-19,服饰,20.12,0,1,20.12
5378,749,2025-07-21,数码,150.57,10,0,140.57
5379,813,2025-08-22,服饰,49.29,30,1,19.29
5380,738,2025-08-02,家居,42.96,0,1,42.96
5381,90,2025-07-01,食品,127.34,0,0,127.34
5382,64,2025-08-07,家居,103.37,10,0,93.37
5383,167,2025-08-23,食品,70.12,0,1,70.12
5384,848,2025-07-11,服饰,92.13,20,0,72.13
5385,1021,2025-09-10,数码,31.97,10,0,21.97
5386,817,2025-08-30,数码,57.71,0,0,57.71
5387,1911,2025-07-29,美妆,122.99,20,0,102.99
5388,450,2025-08-24,美妆,41.58,10,1,31.58
5389,786,2025-07-28,家居,34.85,5,0,29.85
5390,495,2025-08-29,数码,63.01,0,0,63.01
5391,600,2025-07-15,美妆,63.82,10,1,53.82
5392,1169,2025-08-26,数码,86.16,20,0,66.16
5393,620,2025-07-06,美妆,28.28,0,1,28.28
5394,636,2025-07-02,服饰,14.85,5,1,9.85
5395,1342,2025-07-24,数码,100.15,30,0,70.15
5396,1661,2025-07-17,家居,33.26,5,0,28.26
5397,426,2025-08-15,家居,43.14,0,0,43.14
5398,223,2025-07-16,食品,18.16,0,0,18.16
5399,479,2025-07-23,服饰,105.91,10,0,95.91
5400,1156,2025-07-10,食品,73.16,10,0,63.16
5401,1920,2025-09-20,数码,71.57,0,0,71.57
5402,321,2025-09-06,家居,71.3,0,1,71.3
5403,86,2025-07-21,服饰,19.43,10,0,9.43
5404,1057,2025-07-12,数码,35.1,10,0,25.1
5405,1982,2025-09-17,食品,47.07,0,0,47.07
5406,1106,2025-08-31,食品,39.97,5,0,34.97
5407,1849,2025-09-20,服饰,51.97,10,0,41.97
5408,1285,2025-07-17,服饰,69.09,0,0,69.09
5409,64,2025-08-03,数码,104.96,0,1,104.96
5410,855,2025-07-11,服饰,26.73,30,1,1.0
5411,1541,2025-08-08,数码,60.05,20,0,40.05
5412,1019,2025-07-15,服饰,89.24,0,1,89.24
5413,390,2025-07-01,家居,36.3,20,0,16.3
5414,362,2025-08-16,美妆,54.27,10,0,44.27
5415,1328,2025-09-29,食品,77.99,30,0,47.99
5416,927,2025-08-29,美妆,60.71,30,1,30.71
5417,1149,2025-09-08,食品,87.43,10,1,77.43
5418,747,2025-09-13,食品,63.57,5,0,58.57
5419,679,2025-09-28,数码,50.83,0,0,50.83
5420,1333,2025-07-12,数码,31.66,5,0,26.66
5421,16,2025-07-24,家居,69.13,5,0,64.13
5422,870,2025-08-26,服饰,63.75,10,0,53.75
5423,742,2025-09-14,家居,34.95,0,0,34.95
5424,1559,2025-09-10,数码,83.11,20,0,63.11
5425,1457,2025-09-05,美妆,121.19,30,0,91.19
5426,852,2025-07-29,家居,41.97,0,1,41.97
5427,526,2025-08-03,数码,40.44,10,0,30.44
5428,472,2025-07-08,服饰,39.64,20,0,19.64
5429,423,2025-07-29,服饰,23.97,10,0,13.97
5430,548,2025-07-15,数码,181.72,30,0,151.72
5431,1522,2025-09-25,数码,47.14,5,1,42.14
5432,91,2025-07-09,服饰,37.63,0,0,37.63
5433,53,2025-08-03,数码,32.47,5,1,27.47
5434,1080,2025-09-20,食品,48.75,5,0,43.75
5435,447,2025-09-26,家居,41.17,0,1,41.17
5436,1662,2025-08-04,数码,133.08,20,0,113.08
5437,1505,2025-08-12,家居,30.36,10,0,20.36
5438,1539,2025-08-18,服饰,25.89,5,0,20.89
5439,915,2025-09-14,数码,81.73,5,1,76.73
5440,876,2025-09-09,美妆,56.89,5,0,51.89
5441,852,2025-08-18,食品,53.38,5,0,48.38
5442,393,2025-08-04,家居,82.09,5,0,77.09
5443,1135,2025-08-04,家居,65.05,0,1,65.05
5444,1727,2025-08-29,美妆,58.81,20,0,38.81
5445,514,2025-09-15,美妆,27.85,30,0,1.0
5446,114,2025-07-08,数码,24.11,5,1,19.11
5447,1130,2025-09-09,家居,41.05,10,0,31.05
5448,799,2025-08-14,数码,33.23,30,0,3.23
5449,1595,2025-07-14,服饰,69.97,0,1,69.97
5450,1714,2025-07-09,服饰,22.44,0,0,22.44
5451,1902,2025-08-01,数码,47.18,0,0,47.18
5452,787,2025-07-23,数码,54.86,5,0,49.86
5453,1804,2025-07-10,家居,59.04,0,0,59.04
5454,236,2025-07-27,食品,75.15,10,1,65.15
5455,746,2025-09-15,食品,50.42,5,0,45.42
5456,532,2025-09-05,服饰,41.8,0,0,41.8
5457,1847,2025-07-20,数码,119.64,5,0,114.64
5458,1201,2025-09-01,家居,50.6,0,0,50.6
5459,732,2025-08-11,服饰,131.7,5,0,126.7
5460,305,2025-09-07,食品,50.46,0,0,50.46
5461,1566,2025-07-23,美妆,59.8,0,1,59.8
5462,1310,2025-07-06,数码,55.91,0,0,55.91
5463,1706,2025-07-29,数码,68.52,10,0,58.52
5464,877,2025-09-30,美妆,47.9,0,1,47.9
5465,300,2025-08-21,家居,63.62,10,0,53.62
5466,669,2025-07-06,服饰,140.04,20,0,120.04
5467,1241,2025-09-28,数码,107.43,5,1,102.43
5468,482,2025-09-14,数码,107.84,0,1,107.84
5469,142,2025-08-20,服饰,28.85,10,0,18.85
5470,1647,2025-09-07,数码,31.53,0,0,31.53
5471,1062,2025-07-17,美妆,68.02,20,0,48.02
5472,794,2025-08-24,美妆,92.19,20,0,72.19
5473,1106,2025-09-22,服饰,45.35,5,0,40.35
5474,1477,2025-08-10,数码,41.11,0,0,41.11
5475,3,2025-07-04,家居,129.88,10,1,119.88
5476,881,2025-09-08,食品,87.99,10,0,77.99
5477,509,2025-09-06,数码,107.97,0,1,107.97
5478,184,2025-09-07,美妆,47.33,20,0,27.33
5479,72,2025-08-29,食品,45.33,0,0,45.33
5480,882,2025-07-13,数码,101.69,20,0,81.69
5481,1088,2025-07-11,食品,52.22,20,0,32.22
5482,1016,2025-09-11,数码,43.12,0,0,43.12
5483,1566,2025-09-17,服饰,36.52,0,0,36.52
5484,916,2025-07-08,食品,45.55,5,1,40.55
5485,1180,2025-08-23,家居,97.64,20,1,77.64
5486,1633,2025-08-16,数码,26.3,0,0,26.3
5487,1315,2025-08-02,美妆,85.28,0,0,85.28
5488,1822,2025-08-29,食品,40.87,10,1,30.87
5489,444,2025-09-23,数码,53.75,0,0,53.75
5490,1574,2025-09-14,家居,55.68,0,0,55.68
5491,1394,2025-07-15,家居,53.44,20,1,33.44
5492,1166,2025-08-12,家居,51.53,5,0,46.53
5493,8,2025-09-25,数码,47.26,10,0,37.26
5494,1083,2025-07-22,美妆,44.07,0,0,44.07
5495,1717,2025-09-17,美妆,124.7,5,0,119.7
5496,1290,2025-08-15,食品,61.18,5,0,56.18
5497,11,2025-08-17,食品,56.3,5,0,51.3
5498,576,2025-07-24,家居,42.33,30,1,12.33
5499,1139,2025-09-23,家居,48.21,0,0,48.21
5500,1624,2025-08-18,家居,42.41,5,0,37.41
5501,890,2025-08-22,数码,91.92,20,0,71.92
5502,1714,2025-08-12,服饰,39.87,0,0,39.87
5503,1592,2025-07-09,服饰,17.54,30,0,1.0
5504,535,2025-09-10,美妆,62.31,5,0,57.31
5505,390,2025-07-31,数码,51.75,0,1,51.75
5506,1806,2025-07-23,美妆,43.72,0,0,43.72
5507,1179,2025-09-10,数码,99.62,0,1,99.62
5508,1698,2025-07-19,家居,13.42,30,0,1.0
5509,1845,2025-09-01,美妆,143.59,30,0,113.59
5510,849,2025-08-13,家居,107.78,10,1,97.78
5511,92,2025-09-12,食品,42.72,0,0,42.72
5512,1819,2025-07-05,家居,47.09,5,1,42.09
5513,1168,2025-09-10,服饰,79.63,5,0,74.63
5514,241,2025-07-22,美妆,80.82,0,0,80.82
5515,1060,2025-09-19,家居,42.58,0,0,42.58
5516,56,2025-08-02,家居,24.8,5,0,19.8
5517,580,2025-07-01,食品,192.97,5,0,187.97
5518,696,2025-08-14,服饰,102.09,10,1,92.09
5519,909,2025-07-06,服饰,65.78,5,1,60.78
5520,1131,2025-07-25,食品,66.47,0,1,66.47
5521,1679,2025-09-04,家居,84.92,0,0,84.92
5522,703,2025-08-21,美妆,90.7,10,0,80.7
5523,1471,2025-09-04,家居,19.15,10,1,9.15
5524,1885,2025-09-19,食品,49.75,0,0,49.75
5525,1498,2025-08-13,服饰,46.99,20,0,26.99
5526,510,2025-08-20,食品,55.21,10,0,45.21
5527,1356,2025-07-06,美妆,92.2,0,1,92.2
5528,563,2025-07-27,美妆,22.54,0,1,22.54
5529,956,2025-09-05,数码,28.73,30,0,1.0
5530,1270,2025-07-06,美妆,41.47,5,1,36.47
5531,587,2025-08-03,家居,65.69,0,1,65.69
5532,8,2025-07-13,家居,95.36,5,0,90.36
5533,1675,2025-09-17,数码,148.0,0,0,148.0
5534,1456,2025-08-21,服饰,51.55,20,0,31.55
5535,247,2025-08-29,家居,95.27,20,0,75.27
5536,755,2025-09-01,食品,89.17,20,0,69.17
5537,524,2025-07-21,数码,81.28,10,0,71.28
5538,1956,2025-07-05,服饰,59.54,10,0,49.54
5539,1884,2025-08-06,数码,48.44,0,0,48.44
5540,1383,2025-07-18,美妆,33.58,20,0,13.58
5541,882,2025-07-30,数码,32.38,0,1,32.38
5542,105,2025-07-30,美妆,73.03,0,0,73.03
5543,494,2025-09-10,家居,58.56,30,1,28.56
5544,186,2025-07-30,数码,48.01,30,1,18.01
5545,1579,2025-07-14,食品,86.98,5,1,81.98
5546,177,2025-09-27,食品,54.04,5,0,49.04
5547,1356,2025-07-05,服饰,36.52,0,1,36.52
5548,1906,2025-07-19,美妆,52.11,10,1,42.11
5549,616,2025-08-01,数码,94.76,0,1,94.76
5550,1369,2025-07-06,家居,34.37,0,0,34.37
5551,1759,2025-09-21,家居,67.7,5,0,62.7
5552,856,2025-08-02,服饰,58.53,20,0,38.53
5553,898,2025-09-10,美妆,39.71,30,0,9.71
5554,401,2025-07-13,数码,51.35,30,0,21.35
5555,856,2025-08-17,美妆,25.42,20,0,5.42
5556,1748,2025-07-12,美妆,64.09,0,1,64.09
5557,1327,2025-07-22,美妆,28.49,0,0,28.49
5558,404,2025-08-07,家居,108.84,5,0,103.84
5559,1054,2025-09-18,家居,57.36,0,0,57.36
5560,1414,2025-07-29,服饰,44.06,10,0,34.06
5561,155,2025-09-08,家居,114.24,5,0,109.24
5562,1527,2025-07-09,食品,34.21,20,1,14.21
5563,403,2025-07-24,家居,40.0,5,0,35.0
5564,590,2025-08-25,数码,22.06,5,0,17.06
5565,833,2025-08-13,数码,123.99,20,0,103.99
5566,1010,2025-08-16,食品,169.03,10,0,159.03
5567,1833,2025-09-01,数码,24.04,0,0,24.04
5568,446,2025-07-08,家居,38.53,10,1,28.53
5569,512,2025-09-02,食品,62.7,10,0,52.7
5570,758,2025-09-18,服饰,45.44,0,0,45.44
5571,1715,2025-09-09,服饰,59.31,5,1,54.31
5572,1931,2025-07-27,食品,56.56,30,0,26.56
5573,909,2025-08-02,食品,75.5,0,0,75.5
5574,1387,2025-09-27,家居,35.57,5,1,30.57
5575,1835,2025-09-11,服饰,67.09,0,0,67.09
5576,1694,2025-09-24,家居,32.66,5,0,27.66
5577,1363,2025-09-23,服饰,48.11,30,1,18.11
5578,1082,2025-08-09,食品,23.21,0,0,23.21
5579,1969,2025-07-12,食品,48.3,20,0,28.3
5580,479,2025-07-22,食品,44.04,20,0,24.04
5581,726,2025-07-28,服饰,101.39,0,0,101.39
5582,1426,2025-09-15,数码,58.41,20,0,38.41
5583,42,2025-07-26,服饰,64.55,30,1,34.55
5584,1002,2025-08-03,数码,59.6,30,1,29.6
5585,1709,2025-09-17,食品,18.71,10,0,8.71
5586,354,2025-07-16,家居,20.12,0,1,20.12
5587,1607,2025-08-31,家居,50.64,0,0,50.64
5588,825,2025-08-20,家居,70.33,0,0,70.33
5589,1722,2025-09-29,食品,53.03,10,0,43.03
5590,1270,2025-08-15,食品,37.52,5,0,32.52
5591,315,2025-08-17,数码,52.87,10,0,42.87
5592,1471,2025-09-17,数码,50.41,20,0,30.41
5593,113,2025-09-30,数码,92.62,0,1,92.62
5594,487,2025-09-06,食品,89.81,30,0,59.81
5595,1777,2025-09-03,食品,44.51,0,1,44.51
5596,1752,2025-09-19,服饰,58.71,0,0,58.71
5597,93,2025-09-29,服饰,70.24,20,0,50.24
5598,760,2025-09-06,家居,76.21,0,0,76.21
5599,189,2025-07-27,家居,149.74,0,0,149.74
5600,543,2025-08-29,数码,59.41,30,0,29.41
5601,1935,2025-07-22,美妆,114.76,30,0,84.76
5602,391,2025-08-16,服饰,31.88,20,0,11.88
5603,1283,2025-08-10,服饰,42.49,0,0,42.49
5604,1609,2025-09-29,数码,18.64,0,0,18.64
5605,1762,2025-08-20,数码,65.58,0,0,65.58
5606,709,2025-09-27,美妆,86.15,0,0,86.15
5607,1394,2025-09-13,服饰,14.8,30,1,1.0
5608,967,2025-09-17,服饰,66.92,0,0,66.92
5609,215,2025-07-16,数码,84.13,10,0,74.13
5610,446,2025-09-10,数码,81.53,0,0,81.53
5611,1497,2025-07-24,美妆,31.26,5,1,26.26
5612,1373,2025-08-23,数码,92.32,0,0,92.32
5613,1043,2025-08-14,家居,60.65,0,0,60.65
5614,1563,2025-07-24,食品,83.52,0,0,83.52
5615,1383,2025-09-29,美妆,56.3,30,0,26.3
5616,679,2025-09-19,服饰,74.41,10,0,64.41
5617,588,2025-08-22,数码,111.06,10,1,101.06
5618,1891,2025-07-01,食品,53.94,0,0,53.94
5619,1944,2025-07-17,美妆,70.55,10,0,60.55
5620,62,2025-07-21,服饰,119.99,10,0,109.99
5621,1582,2025-09-28,家居,56.08,5,0,51.08
5622,266,2025-08-07,家居,32.49,10,0,22.49
5623,1723,2025-07-05,食品,87.52,20,0,67.52
5624,1178,2025-08-23,美妆,132.84,30,0,102.84
5625,1376,2025-09-26,数码,122.59,30,0,92.59
5626,1403,2025-08-21,家居,89.41,5,0,84.41
5627,1210,2025-08-10,食品,16.62,0,0,16.62
5628,502,2025-07-17,服饰,42.53,0,0,42.53
5629,1615,2025-09-19,服饰,43.75,0,1,43.75
5630,1109,2025-07-10,服饰,61.85,0,0,61.85
5631,1091,2025-09-24,食品,152.71,5,0,147.71
5632,637,2025-07-21,食品,33.3,10,0,23.3
5633,21,2025-07-13,食品,207.1,5,1,202.1
5634,1109,2025-08-02,数码,48.9,10,0,38.9
5635,691,2025-07-01,服饰,39.58,30,0,9.58
5636,1319,2025-07-02,家居,96.05,0,0,96.05
5637,730,2025-07-18,美妆,100.32,0,1,100.32
5638,1946,2025-09-02,食品,86.27,10,1,76.27
5639,1362,2025-09-13,美妆,39.52,5,0,34.52
5640,912,2025-07-23,美妆,79.53,5,1,74.53
5641,1417,2025-08-29,家居,34.18,20,0,14.18
5642,1297,2025-08-02,服饰,38.92,0,1,38.92
5643,1242,2025-08-09,食品,57.27,10,0,47.27
5644,1157,2025-07-31,食品,38.44,30,1,8.44
5645,1864,2025-09-21,食品,107.66,5,1,102.66
5646,636,2025-08-17,美妆,43.9,10,1,33.9
5647,865,2025-08-16,美妆,53.45,0,0,53.45
5648,507,2025-09-18,家居,37.18,0,0,37.18
5649,1140,2025-08-30,美妆,106.77,0,0,106.77
5650,1976,2025-07-14,食品,41.83,10,0,31.83
5651,1217,2025-07-18,美妆,113.08,10,0,103.08
5652,414,2025-08-01,数码,108.6,30,0,78.6
5653,1844,2025-07-10,家居,47.22,10,0,37.22
5654,1581,2025-09-02,家居,61.33,0,0,61.33
5655,881,2025-08-15,服饰,46.5,20,1,26.5
5656,294,2025-07-05,服饰,81.46,0,0,81.46
5657,806,2025-08-06,美妆,54.22,10,0,44.22
5658,1609,2025-09-15,食品,47.96,0,0,47.96
5659,1155,2025-09-22,服饰,61.89,20,0,41.89
5660,372,2025-09-27,家居,25.27,30,0,1.0
5661,318,2025-09-23,家居,57.87,0,0,57.87
5662,1935,2025-08-25,食品,86.25,5,0,81.25
5663,895,2025-09-24,数码,65.1,5,0,60.1
5664,1372,2025-09-26,食品,101.84,0,1,101.84
5665,722,2025-08-28,数码,49.03,0,0,49.03
5666,181,2025-08-08,家居,46.87,10,0,36.87
5667,824,2025-09-27,服饰,32.64,0,1,32.64
5668,1387,2025-08-08,美妆,48.27,0,1,48.27
5669,667,2025-07-16,食品,177.9,20,0,157.9
5670,1208,2025-07-10,家居,70.21,10,0,60.21
5671,877,2025-08-22,食品,43.73,0,0,43.73
5672,676,2025-07-04,美妆,34.7,30,0,4.7
5673,511,2025-07-11,服饰,25.05,20,0,5.05
5674,522,2025-07-23,食品,38.22,30,0,8.22
5675,512,2025-08-18,美妆,91.61,5,0,86.61
5676,1438,2025-08-13,美妆,47.71,0,0,47.71
5677,675,2025-08-17,家居,35.62,0,1,35.62
5678,1483,2025-08-16,食品,37.85,30,0,7.85
5679,623,2025-09-30,服饰,86.25,20,1,66.25
5680,655,2025-07-21,服饰,57.7,10,0,47.7
5681,1849,2025-08-13,美妆,42.74,5,1,37.74
5682,1753,2025-08-26,服饰,50.93,5,1,45.93
5683,802,2025-07-26,食品,203.01,10,0,193.01
5684,538,2025-07-17,食品,118.01,0,0,118.01
5685,1432,2025-07-05,家居,135.33,5,0,130.33
5686,140,2025-07-31,美妆,23.02,10,1,13.02
5687,913,2025-07-24,美妆,55.53,20,0,35.53
5688,1200,2025-07-19,数码,42.32,5,0,37.32
5689,1352,2025-07-25,数码,81.38,10,1,71.38
5690,215,2025-09-03,服饰,108.08,0,0,108.08
5691,6,2025-09-15,服饰,72.21,0,0,72.21
5692,554,2025-08-17,服饰,37.34,0,1,37.34
5693,239,2025-07-07,数码,41.95,0,1,41.95
5694,1015,2025-09-06,美妆,84.89,0,0,84.89
5695,1840,2025-07-14,家居,89.66,5,0,84.66
5696,573,2025-07-06,食品,65.2,5,0,60.2
5697,908,2025-08-22,家居,64.81,5,0,59.81
5698,430,2025-08-09,美妆,62.03,5,0,57.03
5699,88,2025-07-29,食品,69.97,20,1,49.97
5700,1407,2025-09-27,服饰,89.46,0,0,89.46
5701,513,2025-07-09,家居,85.34,5,0,80.34
5702,1094,2025-07-05,食品,61.13,0,0,61.13
5703,1367,2025-08-24,服饰,58.73,0,1,58.73
5704,1680,2025-08-08,数码,57.51,10,0,47.51
5705,372,2025-09-12,家居,39.28,20,0,19.28
5706,1163,2025-07-04,数码,39.01,0,0,39.01
5707,1822,2025-08-08,家居,81.38,5,0,76.38
5708,967,2025-07-14,美妆,40.77,0,0,40.77
5709,82,2025-07-04,食品,94.41,0,0,94.41
5710,523,2025-08-12,家居,58.66,20,0,38.66
5711,1590,2025-09-06,数码,94.71,10,0,84.71
5712,1585,2025-07-15,数码,85.65,10,0,75.65
5713,629,2025-09-16,数码,95.93,20,1,75.93
5714,394,2025-08-17,数码,46.43,10,0,36.43
5715,584,2025-08-14,服饰,75.56,0,1,75.56
5716,485,2025-09-23,美妆,90.54,10,0,80.54
5717,1482,2025-07-31,数码,25.71,10,0,15.71
5718,1684,2025-07-19,美妆,153.84,5,0,148.84
5719,94,2025-09-11,数码,209.83,10,0,199.83
5720,1483,2025-07-10,食品,101.6,5,0,96.6
5721,1505,2025-09-19,数码,93.99,0,0,93.99
5722,1226,2025-09-14,美妆,83.41,10,1,73.41
5723,1743,2025-09-28,美妆,50.51,0,0,50.51
5724,78,2025-08-12,数码,56.79,0,0,56.79
5725,1400,2025-08-27,服饰,102.56,5,0,97.56
5726,255,2025-09-20,美妆,35.33,10,0,25.33
5727,1795,2025-07-13,家居,33.67,20,0,13.67
5728,1000,2025-07-29,服饰,48.5,10,1,38.5
5729,182,2025-08-13,食品,86.57,10,1,76.57
5730,1493,2025-08-27,服饰,37.48,0,1,37.48
5731,1499,2025-09-01,数码,53.3,10,0,43.3
5732,929,2025-09-23,服饰,56.9,0,0,56.9
5733,621,2025-08-15,食品,34.59,5,0,29.59
5734,35,2025-07-16,食品,15.77,10,0,5.77
5735,1816,2025-07-18,数码,34.31,0,0,34.31
5736,369,2025-09-12,服饰,69.65,30,0,39.65
5737,1686,2025-08-12,食品,78.84,5,0,73.84
5738,1178,2025-08-28,食品,79.19,10,1,69.19
5739,1371,2025-08-21,美妆,84.37,5,1,79.37
5740,1389,2025-09-13,美妆,42.75,10,1,32.75
5741,1717,2025-07-21,数码,38.0,10,0,28.0
5742,67,2025-07-16,食品,74.16,0,1,74.16
5743,1983,2025-09-06,食品,53.71,30,0,23.71
5744,87,2025-08-09,家居,99.37,10,0,89.37
5745,1999,2025-09-14,食品,74.42,5,0,69.42
5746,523,2025-07-12,家居,122.25,10,0,112.25
5747,1692,2025-07-26,家居,46.71,0,0,46.71
5748,168,2025-09-27,食品,108.54,20,1,88.54
5749,922,2025-09-16,美妆,184.76,5,0,179.76
5750,1084,2025-07-06,食品,62.15,20,1,42.15
5751,1909,2025-09-14,服饰,79.41,0,0,79.41
5752,248,2025-07-07,数码,36.17,20,1,16.17
5753,73,2025-07-12,美妆,98.67,30,1,68.67
5754,1297,2025-09-21,家居,112.28,30,0,82.28
5755,99,2025-07-12,数码,45.97,20,1,25.97
5756,1555,2025-07-28,食品,83.29,10,0,73.29
5757,77,2025-07-13,服饰,70.4,5,0,65.4
5758,1942,2025-08-24,服饰,74.81,0,0,74.81
5759,1066,2025-07-06,数码,94.31,10,0,84.31
5760,1897,2025-07-27,数码,80.27,10,0,70.27
5761,254,2025-07-31,美妆,55.9,0,0,55.9
5762,547,2025-08-29,服饰,95.42,10,0,85.42
5763,910,2025-08-15,美妆,111.22,0,0,111.22
5764,59,2025-07-18,数码,44.49,10,1,34.49
5765,206,2025-08-12,食品,60.28,5,1,55.28
5766,659,2025-08-12,服饰,22.81,20,0,2.81
5767,1475,2025-08-02,服饰,83.18,0,0,83.18
5768,1417,2025-08-19,服饰,118.24,0,0,118.24
5769,174,2025-07-31,数码,52.38,10,0,42.38
5770,120,2025-07-31,数码,64.94,5,0,59.94
5771,1313,2025-09-11,食品,53.46,0,1,53.46
5772,720,2025-07-24,数码,48.86,10,0,38.86
5773,1585,2025-07-31,服饰,68.56,30,0,38.56
5774,597,2025-07-13,食品,39.2,10,0,29.2
5775,726,2025-09-03,美妆,53.02,0,1,53.02
5776,439,2025-09-03,家居,36.69,0,0,36.69
5777,534,2025-09-01,食品,83.43,10,0,73.43
5778,1413,2025-07-16,家居,68.83,10,0,58.83
5779,943,2025-08-11,食品,47.6,30,0,17.6
5780,1319,2025-07-27,食品,61.58,0,0,61.58
5781,158,2025-09-09,家居,53.44,5,0,48.44
5782,1071,2025-07-31,家居,113.2,30,0,83.2
5783,918,2025-08-08,食品,47.34,0,0,47.34
5784,1822,2025-08-11,美妆,85.56,30,1,55.56
5785,847,2025-09-08,数码,40.94,5,0,35.94
5786,207,2025-09-03,服饰,94.43,10,1,84.43
5787,1395,2025-09-14,美妆,106.75,5,0,101.75
5788,300,2025-08-09,家居,109.56,20,1,89.56
5789,1819,2025-09-14,家居,135.51,30,1,105.51
5790,767,2025-09-19,食品,70.87,0,0,70.87
5791,1570,2025-08-18,美妆,119.21,10,0,109.21
5792,1312,2025-09-01,家居,147.42,0,0,147.42
5793,930,2025-09-22,美妆,32.55,0,1,32.55
5794,1169,2025-09-16,服饰,43.3,10,0,33.3
5795,366,2025-07-26,服饰,26.51,10,0,16.51
5796,149,2025-09-04,服饰,108.16,5,1,103.16
5797,1533,2025-08-11,家居,26.32,0,1,26.32
5798,1917,2025-07-14,服饰,22.67,0,0,22.67
5799,1724,2025-08-04,美妆,33.0,0,1,33.0
5800,611,2025-09-28,数码,23.19,0,0,23.19
5801,717,2025-09-27,数码,70.08,0,1,70.08
5802,718,2025-09-11,家居,33.23,20,0,13.23
5803,1406,2025-09-30,家居,23.82,0,0,23.82
5804,1248,2025-08-22,食品,58.97,30,0,28.97
5805,1593,2025-09-08,美妆,60.91,0,1,60.91
5806,1891,2025-07-16,服饰,21.58,5,0,16.58
5807,785,2025-07-28,家居,40.75,0,0,40.75
5808,1326,2025-07-16,美妆,57.91,0,0,57.91
5809,1001,2025-09-25,家居,49.59,10,0,39.59
5810,1910,2025-08-26,美妆,50.34,0,0,50.34
5811,709,2025-09-24,数码,115.42,0,0,115.42
5812,376,2025-08-08,数码,196.49,5,1,191.49
5813,758,2025-08-07,数码,50.79,20,0,30.79
5814,1238,2025-09-01,数码,29.16,5,0,24.16
5815,1907,2025-08-22,美妆,53.04,0,0,53.04
5816,1658,2025-08-04,服饰,67.15,0,0,67.15
5817,37,2025-07-30,服饰,58.6,10,0,48.6
5818,1019,2025-08-17,食品,84.43,30,0,54.43
5819,319,2025-07-07,家居,203.68,0,0,203.68
5820,725,2025-07-18,数码,23.52,0,0,23.52
5821,1888,2025-07-05,数码,45.65,5,0,40.65
5822,1970,2025-07-15,美妆,140.84,30,0,110.84
5823,308,2025-07-19,食品,45.28,0,0,45.28
5824,282,2025-07-07,食品,93.15,20,0,73.15
5825,1393,2025-07-06,服饰,85.37,10,0,75.37
5826,822,2025-09-14,数码,119.14,0,1,119.14
5827,866,2025-07-17,美妆,172.83,20,1,152.83
5828,1747,2025-08-21,食品,72.47,10,0,62.47
5829,1842,2025-07-10,食品,23.1,0,0,23.1
5830,1801,2025-09-26,服饰,41.05,0,0,41.05
5831,1566,2025-07-22,家居,200.8,0,0,200.8
5832,1961,2025-09-07,美妆,27.72,0,0,27.72
5833,1440,2025-08-28,数码,79.3,10,1,69.3
5834,1770,2025-09-09,数码,15.14,10,0,5.14
5835,1081,2025-08-27,服饰,28.7,20,0,8.7
5836,102,2025-08-16,美妆,98.28,5,0,93.28
5837,1633,2025-09-10,食品,61.55,5,0,56.55
5838,1860,2025-09-14,家居,49.06,0,0,49.06
5839,625,2025-08-04,数码,38.56,20,1,18.56
5840,857,2025-09-25,食品,20.12,0,0,20.12
5841,1145,2025-09-29,家居,88.36,0,0,88.36
5842,1304,2025-09-05,食品,51.64,10,0,41.64
5843,1350,2025-09-24,家居,26.13,20,1,6.13
5844,789,2025-07-10,数码,61.35,0,0,61.35
5845,1709,2025-08-19,服饰,83.07,10,0,73.07
5846,1628,2025-08-29,美妆,54.03,0,1,54.03
5847,1885,2025-09-24,服饰,64.32,20,1,44.32
5848,1152,2025-07-12,美妆,61.62,10,0,51.62
5849,155,2025-09-13,服饰,40.91,10,1,30.91
5850,1692,2025-07-08,服饰,62.17,0,0,62.17
5851,159,2025-08-02,服饰,90.41,10,0,80.41
5852,388,2025-09-02,数码,106.6,0,0,106.6
5853,571,2025-07-27,食品,93.21,5,0,88.21
5854,370,2025-09-15,食品,41.62,30,1,11.62
5855,1448,2025-09-24,数码,85.62,0,0,85.62
5856,881,2025-07-15,家居,77.95,10,0,67.95
5857,439,2025-07-24,食品,40.84,0,0,40.84
5858,10,2025-07-07,食品,46.74,5,0,41.74
5859,433,2025-09-04,数码,87.69,5,1,82.69
5860,1386,2025-09-20,食品,128.68,5,1,123.68
5861,1589,2025-08-25,食品,22.28,10,0,12.28
5862,593,2025-07-13,美妆,148.72,30,0,118.72
5863,147,2025-07-16,服饰,114.47,20,0,94.47
5864,1115,2025-07-04,服饰,67.32,30,1,37.32
5865,1566,2025-08-15,数码,52.86,0,0,52.86
5866,141,2025-09-05,家居,74.79,30,0,44.79
5867,1592,2025-07-14,食品,42.42,0,0,42.42
5868,342,2025-09-16,服饰,54.72,0,1,54.72
5869,516,2025-07-24,数码,26.81,5,0,21.81
5870,1246,2025-08-17,家居,23.15,0,1,23.15
5871,103,2025-08-31,食品,217.62,20,0,197.62
5872,612,2025-08-19,服饰,62.47,0,0,62.47
5873,278,2025-08-13,服饰,67.49,5,0,62.49
5874,430,2025-07-31,食品,59.33,0,1,59.33
5875,1547,2025-08-09,家居,38.27,0,0,38.27
5876,458,2025-07-22,服饰,50.96,20,1,30.96
5877,87,2025-07-28,数码,63.44,5,0,58.44
5878,430,2025-09-08,数码,54.15,0,1,54.15
5879,174,2025-09-20,服饰,39.9,10,0,29.9
5880,1246,2025-09-17,美妆,78.55,20,0,58.55
5881,1946,2025-07-31,服饰,66.93,5,0,61.93
5882,336,2025-07-30,食品,74.9,0,1,74.9
5883,1458,2025-07-06,服饰,88.92,30,0,58.92
5884,726,2025-07-26,家居,54.94,5,0,49.94
5885,144,2025-08-23,服饰,54.99,0,0,54.99
5886,1376,2025-07-25,数码,136.37,0,1,136.37
5887,420,2025-09-06,数码,35.9,0,0,35.9
5888,1028,2025-07-05,服饰,21.53,30,0,1.0
5889,1015,2025-08-07,美妆,81.9,30,0,51.9
5890,1195,2025-07-26,数码,42.69,5,0,37.69
5891,270,2025-08-15,服饰,33.36,10,0,23.36
5892,502,2025-07-03,食品,98.19,20,1,78.19
5893,1475,2025-08-08,美妆,55.72,10,1,45.72
5894,1866,2025-09-11,服饰,30.12,10,0,20.12
5895,24,2025-09-17,食品,174.9,30,0,144.9
5896,828,2025-07-24,食品,24.88,0,0,24.88
5897,1763,2025-08-09,美妆,57.53,0,1,57.53
5898,574,2025-09-02,家居,21.35,20,1,1.35
5899,896,2025-08-12,服饰,70.03,10,0,60.03
5900,1809,2025-08-19,食品,42.41,0,1,42.41
5901,1938,2025-08-01,服饰,94.69,0,0,94.69
5902,1311,2025-09-16,数码,59.77,10,1,49.77
5903,1389,2025-08-28,食品,126.83,5,1,121.83
5904,1228,2025-09-27,数码,47.64,20,0,27.64
5905,568,2025-09-10,服饰,24.97,20,1,4.97
5906,1774,2025-08-03,食品,68.76,5,0,63.76
5907,69,2025-07-31,服饰,52.51,10,0,42.51
5908,118,2025-07-09,美妆,22.18,10,1,12.18
5909,1204,2025-08-27,家居,33.77,0,0,33.77
5910,1676,2025-09-07,数码,40.23,5,0,35.23
5911,1629,2025-08-02,服饰,141.95,5,0,136.95
5912,1356,2025-07-02,美妆,89.04,20,0,69.04
5913,753,2025-09-14,家居,49.84,20,0,29.84
5914,720,2025-07-21,服饰,78.18,0,1,78.18
5915,852,2025-08-23,数码,19.65,20,1,1.0
5916,513,2025-07-05,美妆,44.23,10,1,34.23
5917,839,2025-07-06,食品,75.23,0,0,75.23
5918,210,2025-09-21,家居,66.09,5,1,61.09
5919,640,2025-08-31,数码,44.85,20,0,24.85
5920,1883,2025-07-01,美妆,59.08,5,1,54.08
5921,1414,2025-07-10,服饰,72.67,10,0,62.67
5922,284,2025-08-15,美妆,60.03,10,0,50.03
5923,573,2025-09-01,食品,96.89,10,0,86.89
5924,519,2025-08-09,服饰,71.9,5,0,66.9
5925,564,2025-09-19,家居,79.93,5,1,74.93
5926,1383,2025-08-30,服饰,154.85,30,0,124.85
5927,1791,2025-08-26,食品,95.12,5,1,90.12
5928,1421,2025-07-27,家居,157.2,0,0,157.2
5929,977,2025-09-01,美妆,41.7,5,0,36.7
5930,322,2025-09-19,食品,25.13,10,0,15.13
5931,286,2025-07-05,服饰,55.86,5,1,50.86
5932,1629,2025-09-06,数码,53.3,10,0,43.3
5933,1356,2025-09-19,家居,134.65,0,0,134.65
5934,1021,2025-08-09,数码,32.41,10,1,22.41
5935,1155,2025-09-09,服饰,57.78,20,1,37.78
5936,1697,2025-08-02,美妆,75.4,5,1,70.4
5937,1628,2025-07-18,数码,63.76,10,0,53.76
5938,175,2025-09-14,数码,54.91,10,0,44.91
5939,791,2025-07-29,食品,73.49,10,0,63.49
5940,86,2025-09-08,家居,109.24,5,0,104.24
5941,770,2025-07-30,美妆,140.42,10,0,130.42
5942,1274,2025-08-06,数码,61.44,5,1,56.44
5943,417,2025-09-02,食品,38.52,5,1,33.52
5944,301,2025-08-01,数码,140.33,5,0,135.33
5945,982,2025-09-13,食品,33.36,5,1,28.36
5946,1050,2025-07-04,食品,161.55,0,0,161.55
5947,1429,2025-07-02,家居,126.38,10,0,116.38
5948,29,2025-07-08,家居,136.89,10,1,126.89
5949,496,2025-07-24,家居,87.97,0,0,87.97
5950,1560,2025-07-05,服饰,18.88,0,0,18.88
5951,1364,2025-08-05,食品,34.07,10,1,24.07
5952,1800,2025-07-03,数码,71.44,5,0,66.44
5953,1630,2025-09-08,家居,41.61,10,0,31.61
5954,1678,2025-07-15,美妆,50.73,5,0,45.73
5955,1022,2025-09-28,数码,84.52,20,0,64.52
5956,1917,2025-09-17,食品,54.95,0,0,54.95
5957,832,2025-09-02,美妆,30.86,10,0,20.86
5958,1807,2025-09-12,家居,98.21,5,0,93.21
5959,784,2025-09-10,食品,80.09,0,1,80.09
5960,889,2025-09-16,数码,52.62,30,1,22.62
5961,1372,2025-08-21,美妆,89.23,20,0,69.23
5962,797,2025-08-27,服饰,63.58,0,1,63.58
5963,295,2025-08-13,食品,125.49,0,0,125.49
5964,1793,2025-08-27,数码,65.57,20,0,45.57
5965,906,2025-08-05,美妆,124.98,0,0,124.98
5966,1854,2025-07-12,家居,21.53,30,0,1.0
5967,799,2025-09-24,数码,77.68,0,1,77.68
5968,1946,2025-09-03,数码,48.48,5,1,43.48
5969,1206,2025-09-03,家居,37.62,0,1,37.62
5970,1537,2025-07-26,家居,114.11,5,0,109.11
5971,1512,2025-09-09,数码,98.4,0,0,98.4
5972,404,2025-08-17,家居,20.01,5,0,15.01
5973,1631,2025-07-08,数码,89.44,30,0,59.44
5974,1890,2025-09-26,家居,83.66,0,1,83.66
5975,1323,2025-09-30,服饰,40.54,10,1,30.54
5976,1895,2025-09-19,美妆,38.11,0,1,38.11
5977,1693,2025-08-13,家居,25.16,10,1,15.16
5978,1333,2025-07-22,食品,50.12,0,0,50.12
5979,955,2025-07-02,服饰,54.73,10,1,44.73
5980,1715,2025-09-06,家居,93.54,20,1,73.54
5981,371,2025-09-20,数码,69.98,20,0,49.98
5982,1123,2025-07-10,家居,33.68,30,0,3.68
5983,1632,2025-09-01,服饰,68.81,0,0,68.81
5984,1889,2025-07-03,服饰,52.47,0,0,52.47
5985,535,2025-09-10,食品,36.08,0,0,36.08
5986,188,2025-07-03,服饰,25.17,10,1,15.17
5987,667,2025-09-28,食品,85.08,0,1,85.08
5988,1728,2025-07-16,美妆,77.13,20,1,57.13
5989,1048,2025-08-06,美妆,81.96,30,0,51.96
5990,112,2025-09-02,数码,40.43,0,0,40.43
5991,239,2025-09-16,服饰,66.29,0,0,66.29
5992,679,2025-08-03,家居,28.32,5,0,23.32
5993,686,2025-09-29,服饰,35.07,5,0,30.07
5994,271,2025-07-02,食品,61.47,5,1,56.47
5995,989,2025-08-13,家居,69.71,0,1,69.71
5996,959,2025-09-29,服饰,24.63,20,1,4.63
5997,399,2025-07-26,家居,33.73,10,0,23.73
5998,465,2025-08-19,美妆,49.35,0,0,49.35
5999,1329,2025-08-10,数码,102.23,0,0,102.23
6000,1905,2025-08-06,家居,38.58,20,0,18.58
6001,1993,2025-09-09,美妆,65.19,0,1,65.19
6002,1119,2025-08-17,美妆,69.06,20,0,49.06
6003,77,2025-09-04,家居,52.6,5,0,47.6
6004,1796,2025-08-17,服饰,69.92,30,1,39.92
6005,1902,2025-09-30,服饰,28.8,20,0,8.8
6006,557,2025-08-13,美妆,42.07,20,0,22.07
6007,801,2025-09-12,数码,132.81,10,1,122.81
6008,52,2025-08-26,家居,138.05,10,1,128.05
6009,1603,2025-09-12,食品,95.93,0,1,95.93
6010,1552,2025-09-20,食品,110.52,10,0,100.52
6011,42,2025-07-21,家居,22.1,10,0,12.1
6012,1405,2025-07-28,服饰,35.81,5,0,30.81
6013,824,2025-07-28,家居,50.85,10,0,40.85
6014,1091,2025-08-14,美妆,227.83,0,0,227.83
6015,437,2025-08-15,美妆,50.8,5,0,45.8
6016,1631,2025-07-01,家居,90.89,0,0,90.89
6017,809,2025-09-21,数码,74.3,5,0,69.3
6018,1681,2025-09-18,食品,73.4,5,0,68.4
6019,297,2025-08-25,美妆,59.56,20,0,39.56
6020,1176,2025-07-29,食品,31.19,5,1,26.19
6021,621,2025-09-15,数码,13.66,30,0,1.0
6022,1932,2025-07-25,服饰,122.12,30,0,92.12
6023,1114,2025-07-29,服饰,42.99,0,0,42.99
6024,1440,2025-09-30,美妆,21.61,10,0,11.61
6025,173,2025-09-24,食品,76.77,0,0,76.77
6026,1354,2025-08-23,家居,75.97,20,0,55.97
6027,203,2025-07-16,美妆,92.05,5,0,87.05
6028,723,2025-07-12,数码,111.46,0,0,111.46
6029,445,2025-09-27,家居,36.4,0,0,36.4
6030,5,2025-07-25,食品,37.29,10,0,27.29
6031,1173,2025-09-01,家居,50.64,0,0,50.64
6032,482,2025-08-02,家居,94.81,5,0,89.81
6033,1026,2025-08-15,数码,18.98,20,0,1.0
6034,1528,2025-09-29,美妆,64.75,0,0,64.75
6035,357,2025-08-24,美妆,100.75,10,1,90.75
6036,1420,2025-08-09,家居,98.49,10,0,88.49
6037,595,2025-08-08,食品,89.1,0,0,89.1
6038,663,2025-07-22,服饰,108.27,0,0,108.27
6039,1154,2025-08-21,数码,13.32,0,0,13.32
6040,1252,2025-08-22,美妆,146.56,30,0,116.56
6041,1311,2025-07-09,家居,72.36,10,1,62.36
6042,391,2025-08-07,家居,125.72,5,0,120.72
6043,1160,2025-08-29,服饰,31.63,20,0,11.63
6044,528,2025-07-06,家居,23.0,0,1,23.0
6045,554,2025-09-28,家居,161.18,0,0,161.18
6046,1895,2025-09-18,数码,36.25,0,0,36.25
6047,202,2025-08-28,美妆,50.86,20,1,30.86
6048,827,2025-07-02,数码,80.65,5,0,75.65
6049,879,2025-08-17,家居,92.3,10,0,82.3
6050,490,2025-09-21,家居,109.19,0,1,109.19
6051,1571,2025-07-03,食品,68.23,20,0,48.23
6052,975,2025-09-11,数码,33.79,20,1,13.79
6053,1439,2025-09-16,美妆,89.0,5,0,84.0
6054,775,2025-07-07,美妆,89.78,0,0,89.78
6055,1794,2025-07-22,数码,22.24,10,0,12.24
6056,1460,2025-09-05,食品,131.67,0,1,131.67
6057,667,2025-09-22,美妆,15.37,0,0,15.37
6058,1925,2025-09-09,数码,106.58,10,0,96.58
6059,1731,2025-08-18,美妆,42.57,5,0,37.57
6060,1184,2025-08-25,食品,88.95,20,0,68.95
6061,33,2025-08-18,美妆,79.89,0,0,79.89
6062,1183,2025-08-23,家居,59.12,0,1,59.12
6063,1382,2025-09-09,家居,77.33,10,0,67.33
6064,730,2025-07-05,食品,57.54,10,0,47.54
6065,288,2025-07-20,数码,89.36,5,0,84.36
6066,1130,2025-07-06,服饰,200.72,5,0,195.72
6067,1604,2025-09-12,家居,28.86,0,0,28.86
6068,639,2025-09-05,美妆,10.45,5,0,5.45
6069,913,2025-07-05,家居,48.01,30,1,18.01
6070,3,2025-07-10,家居,46.24,0,0,46.24
6071,1408,2025-07-25,服饰,49.03,10,0,39.03
6072,1733,2025-07-23,服饰,36.25,0,0,36.25
6073,1553,2025-08-17,数码,97.5,0,0,97.5
6074,859,2025-08-15,家居,28.23,20,1,8.23
6075,91,2025-08-02,数码,77.32,10,1,67.32
6076,985,2025-07-16,服饰,85.73,0,0,85.73
6077,1881,2025-08-29,数码,71.81,5,1,66.81
6078,168,2025-09-11,美妆,78.88,0,0,78.88
6079,428,2025-08-28,家居,101.71,5,0,96.71
6080,1675,2025-09-13,家居,62.14,20,0,42.14
6081,1137,2025-09-23,数码,49.87,0,1,49.87
6082,341,2025-09-16,食品,78.85,5,0,73.85
6083,49,2025-08-29,美妆,83.95,5,0,78.95
6084,822,2025-07-05,家居,98.43,20,1,78.43
6085,1190,2025-07-31,服饰,23.53,0,0,23.53
6086,1681,2025-08-09,服饰,54.55,10,0,44.55
6087,1768,2025-09-04,服饰,33.58,0,0,33.58
6088,916,2025-09-16,食品,82.15,0,0,82.15
6089,845,2025-08-28,服饰,89.99,0,0,89.99
6090,1863,2025-08-03,食品,51.89,10,0,41.89
6091,1554,2025-09-11,服饰,40.4,0,0,40.4
6092,419,2025-09-03,家居,83.79,30,0,53.79
6093,1363,2025-09-12,食品,56.08,5,1,51.08
6094,1431,2025-08-24,服饰,132.23,20,1,112.23
6095,468,2025-08-29,数码,159.99,0,0,159.99
6096,1956,2025-08-01,美妆,104.63,0,0,104.63
6097,594,2025-08-06,美妆,68.58,10,0,58.58
6098,1100,2025-07-26,数码,164.69,5,1,159.69
6099,988,2025-07-24,家居,68.88,5,1,63.88
6100,1385,2025-08-30,家居,46.36,20,1,26.36
6101,1804,2025-08-05,食品,41.62,10,1,31.62
6102,787,2025-07-13,家居,40.98,20,1,20.98
6103,770,2025-07-04,美妆,60.13,0,0,60.13
6104,1503,2025-09-18,家居,77.84,10,0,67.84
6105,1905,2025-08-10,家居,27.71,10,0,17.71
6106,1818,2025-08-23,食品,47.14,10,0,37.14
6107,1506,2025-09-22,食品,67.83,10,1,57.83
6108,1407,2025-07-11,食品,85.97,10,0,75.97
6109,1538,2025-09-25,服饰,59.49,20,0,39.49
6110,1872,2025-09-03,家居,69.03,0,0,69.03
6111,22,2025-08-28,数码,30.53,0,0,30.53
6112,1178,2025-08-09,家居,36.54,0,0,36.54
6113,69,2025-09-03,服饰,58.35,0,0,58.35
6114,1155,2025-07-19,家居,79.9,10,0,69.9
6115,790,2025-07-28,美妆,68.53,5,0,63.53
6116,610,2025-09-27,家居,37.83,0,0,37.83
6117,1782,2025-07-26,家居,52.98,30,0,22.98
6118,1420,2025-09-05,家居,138.59,30,0,108.59
6119,1135,2025-09-24,家居,81.4,5,1,76.4
6120,1764,2025-08-24,服饰,55.18,5,0,50.18
6121,196,2025-07-28,美妆,34.32,0,0,34.32
6122,1293,2025-09-17,美妆,40.76,5,1,35.76
6123,313,2025-09-15,食品,60.56,5,1,55.56
6124,467,2025-08-20,家居,70.23,0,0,70.23
6125,371,2025-07-11,数码,82.36,20,0,62.36
6126,1089,2025-08-10,食品,74.69,5,1,69.69
6127,1259,2025-08-09,家居,49.22,0,0,49.22
6128,1512,2025-07-18,服饰,45.55,10,1,35.55
6129,882,2025-08-06,数码,186.02,5,0,181.02
6130,1879,2025-07-15,食品,44.43,0,1,44.43
6131,748,2025-09-02,美妆,29.65,0,1,29.65
6132,314,2025-08-09,数码,24.5,0,1,24.5
6133,74,2025-09-06,家居,49.69,5,1,44.69
6134,255,2025-08-11,家居,101.19,5,0,96.19
6135,891,2025-09-04,家居,43.96,0,0,43.96
6136,826,2025-09-06,家居,136.0,20,0,116.0
6137,1709,2025-07-15,食品,60.1,20,0,40.1
6138,252,2025-08-10,服饰,111.08,5,0,106.08
6139,525,2025-09-07,家居,39.78,20,0,19.78
6140,1961,2025-08-24,食品,40.12,5,0,35.12
6141,58,2025-07-21,数码,63.44,0,0,63.44
6142,849,2025-09-15,服饰,78.68,5,1,73.68
6143,397,2025-07-19,家居,54.68,0,1,54.68
6144,1068,2025-09-30,家居,70.87,5,0,65.87
6145,1948,2025-09-04,家居,83.4,30,1,53.4
6146,455,2025-07-30,服饰,27.63,5,0,22.63
6147,741,2025-07-18,家居,50.02,0,0,50.02
6148,899,2025-09-21,数码,45.36,0,1,45.36
6149,1597,2025-08-18,服饰,46.59,20,0,26.59
6150,1970,2025-09-13,食品,75.47,0,0,75.47
6151,194,2025-09-15,食品,45.71,30,1,15.71
6152,978,2025-07-07,数码,20.03,0,0,20.03
6153,1506,2025-09-01,服饰,52.98,20,0,32.98
6154,18,2025-07-31,食品,33.6,0,0,33.6
6155,1613,2025-09-22,数码,79.28,0,0,79.28
6156,486,2025-07-21,数码,93.98,0,0,93.98
6157,1037,2025-07-04,数码,18.24,0,1,18.24
6158,1957,2025-08-31,数码,39.42,0,0,39.42
6159,1271,2025-08-20,数码,73.28,0,0,73.28
6160,1979,2025-08-21,服饰,27.8,10,0,17.8
6161,1207,2025-07-25,数码,92.8,10,0,82.8
6162,421,2025-08-15,美妆,107.46,0,0,107.46
6163,1386,2025-09-27,食品,55.2,10,1,45.2
6164,1231,2025-09-09,食品,39.42,20,1,19.42
6165,622,2025-09-29,家居,16.93,30,0,1.0
6166,154,2025-07-31,美妆,94.42,5,0,89.42
6167,1297,2025-09-19,美妆,181.53,5,1,176.53
6168,1155,2025-08-05,数码,162.0,30,0,132.0
6169,1548,2025-09-25,数码,54.2,30,0,24.2
6170,252,2025-09-18,美妆,33.08,30,0,3.08
6171,1078,2025-07-16,美妆,95.65,10,0,85.65
6172,1638,2025-09-28,家居,56.27,10,1,46.27
6173,1783,2025-08-25,家居,78.49,30,0,48.49
6174,1880,2025-09-10,服饰,71.27,5,0,66.27
6175,424,2025-08-23,美妆,63.51,0,0,63.51
6176,346,2025-07-20,数码,106.24,30,1,76.24
6177,1153,2025-09-29,服饰,108.43,20,0,88.43
6178,926,2025-07-11,服饰,45.26,0,1,45.26
6179,469,2025-09-13,服饰,36.32,0,1,36.32
6180,205,2025-07-20,食品,15.26,20,1,1.0
6181,288,2025-09-11,食品,49.88,0,0,49.88
6182,679,2025-08-08,美妆,33.07,10,1,23.07
6183,1479,2025-07-22,服饰,75.99,0,0,75.99
6184,131,2025-07-22,数码,50.16,0,1,50.16
6185,211,2025-07-30,家居,53.25,10,0,43.25
6186,530,2025-09-21,美妆,94.31,30,0,64.31
6187,1748,2025-09-09,数码,75.08,5,0,70.08
6188,1981,2025-08-31,数码,56.59,0,1,56.59
6189,881,2025-08-27,食品,152.56,0,0,152.56
6190,90,2025-08-08,食品,90.56,0,0,90.56
6191,24,2025-09-21,服饰,48.0,30,1,18.0
6192,1718,2025-07-26,家居,49.2,5,0,44.2
6193,890,2025-09-25,家居,93.09,30,0,63.09
6194,155,2025-08-05,数码,67.46,20,0,47.46
6195,1667,2025-08-01,家居,32.57,5,1,27.57
6196,1058,2025-08-13,数码,98.7,0,0,98.7
6197,700,2025-09-07,数码,120.48,30,0,90.48
6198,905,2025-09-04,家居,115.56,0,1,115.56
6199,451,2025-09-09,服饰,140.97,20,1,120.97
6200,1864,2025-07-09,美妆,188.3,5,0,183.3
6201,1576,2025-07-15,美妆,156.25,0,0,156.25
6202,399,2025-09-17,数码,72.77,5,0,67.77
6203,1470,2025-09-29,美妆,53.8,5,0,48.8
6204,360,2025-07-12,美妆,22.06,10,0,12.06
6205,907,2025-09-22,食品,60.7,10,1,50.7
6206,1498,2025-07-25,数码,80.28,0,0,80.28
6207,73,2025-09-29,食品,61.8,5,0,56.8
6208,1452,2025-09-30,服饰,21.36,5,0,16.36
6209,452,2025-08-28,数码,51.54,30,1,21.54
6210,1399,2025-07-18,食品,86.05,20,0,66.05
6211,999,2025-09-11,服饰,34.32,10,0,24.32
6212,53,2025-07-10,数码,66.1,30,0,36.1
6213,1524,2025-07-31,美妆,76.51,5,1,71.51
6214,520,2025-08-28,食品,111.6,0,0,111.6
6215,1905,2025-07-07,家居,154.77,0,0,154.77
6216,1680,2025-08-06,美妆,49.02,20,1,29.02
6217,386,2025-09-12,家居,66.76,5,0,61.76
6218,1202,2025-07-09,食品,67.92,20,0,47.92
6219,725,2025-08-03,家居,86.24,5,0,81.24
6220,1205,2025-07-01,家居,81.09,0,0,81.09
6221,1115,2025-08-30,家居,132.13,5,0,127.13
6222,592,2025-07-08,美妆,16.74,10,0,6.74
6223,1303,2025-07-26,数码,75.94,5,0,70.94
6224,521,2025-08-18,美妆,78.89,20,1,58.89
6225,1815,2025-07-20,家居,53.02,10,1,43.02
6226,1894,2025-07-22,家居,17.37,5,0,12.37
6227,332,2025-09-15,数码,58.35,10,0,48.35
6228,1456,2025-09-10,家居,40.82,0,0,40.82
6229,1859,2025-07-08,食品,151.85,20,1,131.85
6230,254,2025-09-17,服饰,74.17,0,0,74.17
6231,1480,2025-08-13,家居,38.96,10,0,28.96
6232,1876,2025-07-14,食品,19.51,5,1,14.51
6233,451,2025-09-22,服饰,83.5,0,0,83.5
6234,1165,2025-08-01,服饰,88.49,10,0,78.49
6235,1596,2025-07-30,数码,53.59,5,0,48.59
6236,667,2025-07-14,家居,84.1,10,1,74.1
6237,476,2025-09-20,数码,49.82,5,1,44.82
6238,795,2025-07-27,食品,108.52,0,0,108.52
6239,671,2025-08-24,美妆,104.17,0,0,104.17
6240,1451,2025-07-23,食品,24.5,10,1,14.5
6241,742,2025-09-21,美妆,28.01,5,0,23.01
6242,753,2025-09-11,美妆,184.42,5,0,179.42
6243,1890,2025-08-16,服饰,100.76,0,1,100.76
6244,1158,2025-08-01,食品,30.14,0,1,30.14
6245,1859,2025-08-30,美妆,25.44,10,0,15.44
6246,1421,2025-08-15,服饰,67.65,20,0,47.65
6247,1771,2025-09-25,美妆,32.19,10,1,22.19
6248,391,2025-08-31,数码,50.69,5,0,45.69
6249,1877,2025-07-03,食品,58.79,5,0,53.79
6250,1889,2025-09-14,食品,57.41,10,0,47.41
6251,82,2025-07-18,食品,112.12,20,0,92.12
6252,713,2025-07-28,食品,165.52,0,0,165.52
6253,827,2025-08-10,食品,46.37,10,1,36.37
6254,839,2025-07-20,家居,32.4,0,1,32.4
6255,1557,2025-09-25,数码,74.73,0,0,74.73
6256,1398,2025-09-29,服饰,148.02,0,0,148.02
6257,426,2025-07-15,家居,48.34,0,1,48.34
6258,1218,2025-07-30,服饰,96.32,0,0,96.32
6259,1950,2025-08-04,服饰,38.08,0,0,38.08
6260,881,2025-08-31,食品,61.05,0,0,61.05
6261,1857,2025-08-24,美妆,31.85,0,0,31.85
6262,1300,2025-09-01,数码,60.7,0,0,60.7
6263,1850,2025-07-03,数码,56.6,0,1,56.6
6264,1806,2025-08-17,服饰,84.31,20,0,64.31
6265,34,2025-07-20,食品,160.44,10,0,150.44
6266,1601,2025-07-22,数码,48.72,0,1,48.72
6267,379,2025-09-10,数码,20.09,5,0,15.09
6268,1649,2025-07-14,食品,53.99,5,0,48.99
6269,1617,2025-07-03,数码,71.14,0,1,71.14
6270,517,2025-08-14,食品,67.43,5,0,62.43
6271,133,2025-09-06,美妆,55.34,0,0,55.34
6272,839,2025-08-17,食品,136.76,5,0,131.76
6273,606,2025-07-15,数码,65.03,10,0,55.03
6274,1108,2025-09-10,服饰,56.96,5,0,51.96
6275,165,2025-08-05,数码,39.34,0,1,39.34
6276,89,2025-09-04,美妆,23.09,0,0,23.09
6277,875,2025-07-19,服饰,72.32,20,0,52.32
6278,1540,2025-09-22,数码,69.06,10,1,59.06
6279,630,2025-07-27,美妆,33.7,10,0,23.7
6280,647,2025-09-28,食品,58.89,30,1,28.89
6281,329,2025-08-04,数码,55.75,5,1,50.75
6282,566,2025-09-05,食品,42.8,0,0,42.8
6283,598,2025-08-16,数码,39.0,10,0,29.0
6284,519,2025-07-08,家居,75.4,0,0,75.4
6285,688,2025-07-10,数码,53.29,10,1,43.29
6286,567,2025-08-07,服饰,43.6,5,0,38.6
6287,1362,2025-07-18,美妆,37.57,0,1,37.57
6288,677,2025-08-26,食品,56.18,0,1,56.18
6289,1510,2025-07-13,食品,100.33,5,0,95.33
6290,1210,2025-08-24,美妆,67.6,10,1,57.6
6291,1281,2025-07-19,服饰,52.96,0,0,52.96
6292,1168,2025-07-17,服饰,71.5,0,0,71.5
6293,1846,2025-08-03,服饰,127.79,5,0,122.79
6294,512,2025-08-23,家居,79.02,20,0,59.02
6295,1965,2025-08-06,美妆,69.62,20,0,49.62
6296,413,2025-08-02,家居,85.73,10,0,75.73
6297,277,2025-08-01,美妆,55.32,5,0,50.32
6298,1653,2025-08-01,美妆,66.77,5,1,61.77
6299,1792,2025-08-07,食品,46.11,0,1,46.11
6300,186,2025-09-15,家居,25.72,0,0,25.72
6301,1200,2025-08-23,食品,72.86,0,1,72.86
6302,1026,2025-08-08,服饰,73.02,20,1,53.02
6303,441,2025-09-07,美妆,51.51,5,1,46.51
6304,1042,2025-08-18,家居,106.67,0,0,106.67
6305,1372,2025-09-26,服饰,40.57,5,0,35.57
6306,1149,2025-08-21,家居,22.78,0,0,22.78
6307,1040,2025-07-20,家居,41.12,5,0,36.12
6308,1772,2025-08-21,美妆,25.85,10,0,15.85
6309,452,2025-09-10,食品,72.67,20,0,52.67
6310,1248,2025-07-20,食品,39.9,10,0,29.9
6311,634,2025-07-19,数码,103.71,20,0,83.71
6312,1948,2025-08-25,数码,102.52,0,0,102.52
6313,504,2025-09-20,服饰,36.28,10,0,26.28
6314,1743,2025-07-31,美妆,38.69,20,0,18.69
6315,1265,2025-08-16,家居,80.96,0,1,80.96
6316,430,2025-08-30,美妆,103.43,20,1,83.43
6317,1518,2025-08-31,美妆,19.95,30,1,1.0
6318,483,2025-07-14,数码,70.45,10,1,60.45
6319,525,2025-08-06,服饰,18.02,0,0,18.02
6320,690,2025-09-30,服饰,44.63,0,0,44.63
6321,1364,2025-09-20,数码,110.11,10,0,100.11
6322,784,2025-09-10,服饰,315.88,20,1,295.88
6323,1139,2025-07-03,家居,52.91,0,0,52.91
6324,1106,2025-08-08,美妆,30.39,0,0,30.39
6325,394,2025-07-05,服饰,45.49,0,1,45.49
6326,466,2025-07-28,数码,62.57,5,0,57.57
6327,614,2025-09-18,服饰,41.74,20,0,21.74
6328,445,2025-08-05,美妆,36.28,5,1,31.28
6329,1838,2025-07-16,美妆,47.71,5,0,42.71
6330,763,2025-09-05,食品,75.01,10,1,65.01
6331,810,2025-09-08,食品,54.97,5,0,49.97
6332,1345,2025-08-30,服饰,37.16,10,0,27.16
6333,1577,2025-09-13,美妆,41.74,0,0,41.74
6334,1377,2025-09-03,服饰,48.06,0,0,48.06
6335,1103,2025-08-28,服饰,34.82,20,0,14.82
6336,1953,2025-09-20,数码,40.9,5,0,35.9
6337,1800,2025-07-30,食品,85.97,0,0,85.97
6338,405,2025-08-11,服饰,53.16,5,0,48.16
6339,321,2025-08-21,美妆,23.0,10,0,13.0
6340,786,2025-08-31,数码,106.03,0,0,106.03
6341,1671,2025-08-13,美妆,75.88,5,0,70.88
6342,1930,2025-08-10,食品,28.2,0,0,28.2
6343,1406,2025-07-16,数码,49.36,20,0,29.36
6344,1381,2025-08-28,数码,39.03,10,1,29.03
6345,468,2025-07-12,数码,87.56,20,0,67.56
6346,1185,2025-08-13,美妆,49.19,10,1,39.19
6347,369,2025-08-07,食品,57.97,20,0,37.97
6348,1080,2025-09-10,家居,54.38,0,0,54.38
6349,388,2025-08-13,家居,26.73,0,0,26.73
6350,152,2025-07-01,服饰,130.71,20,0,110.71
6351,1935,2025-08-16,家居,86.86,20,1,66.86
6352,1787,2025-07-20,家居,40.0,20,1,20.0
6353,1371,2025-08-04,家居,67.06,30,0,37.06
6354,1252,2025-07-28,美妆,103.11,10,0,93.11
6355,480,2025-07-16,食品,62.22,5,1,57.22
6356,1144,2025-09-25,服饰,142.06,20,0,122.06
6357,1497,2025-07-24,服饰,300.31,0,0,300.31
6358,1080,2025-08-16,食品,56.3,20,0,36.3
6359,564,2025-09-15,美妆,43.8,20,0,23.8
6360,784,2025-08-03,美妆,35.02,10,0,25.02
6361,1682,2025-09-25,美妆,17.86,5,0,12.86
6362,510,2025-08-07,食品,119.88,10,0,109.88
6363,1923,2025-09-26,服饰,49.68,30,0,19.68
6364,1511,2025-08-11,家居,97.66,0,0,97.66
6365,1781,2025-07-02,数码,109.08,0,0,109.08
6366,1020,2025-09-18,数码,33.3,10,0,23.3
6367,448,2025-09-18,家居,36.16,20,0,16.16
6368,68,2025-09-27,数码,157.52,10,0,147.52
6369,1070,2025-07-12,美妆,58.06,10,0,48.06
6370,799,2025-09-16,家居,41.97,0,0,41.97
6371,228,2025-08-01,食品,33.96,5,0,28.96
6372,1858,2025-09-16,食品,55.82,20,0,35.82
6373,1941,2025-09-27,食品,138.29,5,0,133.29
6374,748,2025-07-19,服饰,87.97,5,0,82.97
6375,1337,2025-08-04,家居,66.68,5,0,61.68
6376,827,2025-07-25,家居,144.56,5,0,139.56
6377,994,2025-07-29,数码,130.02,5,0,125.02
6378,1248,2025-08-24,美妆,72.51,20,0,52.51
6379,833,2025-08-07,家居,277.79,5,1,272.79
6380,1604,2025-08-30,服饰,52.66,10,0,42.66
6381,379,2025-09-01,美妆,110.38,5,0,105.38
6382,1337,2025-07-19,服饰,48.61,20,0,28.61
6383,1967,2025-07-05,美妆,99.14,0,1,99.14
6384,1701,2025-09-07,美妆,52.64,0,0,52.64
6385,92,2025-07-17,数码,77.77,5,0,72.77
6386,228,2025-07-19,美妆,224.66,30,0,194.66
6387,1258,2025-08-25,家居,101.85,10,0,91.85
6388,1850,2025-07-25,美妆,78.43,10,1,68.43
6389,1689,2025-07-18,食品,39.41,5,0,34.41
6390,1808,2025-07-29,食品,66.92,0,1,66.92
6391,300,2025-08-18,家居,34.66,30,1,4.66
6392,1039,2025-09-16,数码,98.28,5,0,93.28
6393,1452,2025-09-29,家居,96.93,10,1,86.93
6394,1250,2025-09-06,家居,54.66,20,0,34.66
6395,1555,2025-09-21,服饰,150.65,10,0,140.65
6396,426,2025-08-18,服饰,139.43,0,0,139.43
6397,915,2025-08-07,食品,65.52,0,0,65.52
6398,896,2025-09-14,服饰,82.35,0,0,82.35
6399,1880,2025-07-28,食品,43.66,30,0,13.66
6400,406,2025-09-13,食品,51.95,20,0,31.95
6401,653,2025-09-30,美妆,33.35,5,0,28.35
6402,44,2025-08-05,服饰,46.38,20,0,26.38
6403,304,2025-08-28,家居,56.97,0,0,56.97
6404,1962,2025-09-10,美妆,24.21,0,0,24.21
6405,1696,2025-09-11,家居,82.87,0,0,82.87
6406,519,2025-07-19,数码,105.87,20,0,85.87
6407,1405,2025-09-27,数码,60.08,0,1,60.08
6408,1187,2025-08-16,数码,13.69,0,1,13.69
6409,1814,2025-07-04,美妆,52.5,0,0,52.5
6410,601,2025-07-11,美妆,28.04,5,0,23.04
6411,1989,2025-09-05,家居,43.15,5,0,38.15
6412,742,2025-08-09,数码,134.1,0,0,134.1
6413,1434,2025-07-10,美妆,15.82,20,0,1.0
6414,796,2025-08-17,数码,38.51,30,1,8.51
6415,1344,2025-08-25,美妆,95.23,0,0,95.23
6416,671,2025-07-08,家居,41.02,30,0,11.02
6417,1687,2025-08-02,食品,39.33,20,0,19.33
6418,1275,2025-08-12,美妆,184.53,20,1,164.53
6419,578,2025-09-10,数码,74.3,0,1,74.3
6420,1922,2025-08-29,数码,100.87,20,0,80.87
6421,1419,2025-07-09,美妆,79.21,10,0,69.21
6422,858,2025-08-26,数码,65.95,0,1,65.95
6423,272,2025-09-22,美妆,120.93,20,0,100.93
6424,1947,2025-07-06,美妆,172.08,0,0,172.08
6425,1510,2025-09-29,家居,23.9,20,0,3.9
6426,1336,2025-07-09,数码,59.18,10,1,49.18
6427,1667,2025-08-27,服饰,58.92,5,0,53.92
6428,1215,2025-08-02,数码,47.65,0,0,47.65
6429,465,2025-09-06,美妆,103.5,20,0,83.5
6430,475,2025-09-16,美妆,69.5,0,0,69.5
6431,159,2025-09-17,食品,173.99,20,0,153.99
6432,126,2025-09-19,食品,110.51,10,0,100.51
6433,1458,2025-09-14,家居,127.82,0,0,127.82
6434,1704,2025-07-29,食品,31.2,5,0,26.2
6435,328,2025-08-12,美妆,38.73,30,0,8.73
6436,1148,2025-09-05,数码,40.53,30,0,10.53
6437,248,2025-07-16,食品,124.93,0,0,124.93
6438,829,2025-08-23,服饰,35.45,0,0,35.45
6439,1582,2025-08-18,数码,36.02,0,1,36.02
6440,1624,2025-09-29,食品,32.57,20,0,12.57
6441,1898,2025-07-05,食品,274.28,0,0,274.28
6442,622,2025-07-09,服饰,55.8,0,0,55.8
6443,1898,2025-07-03,食品,80.76,5,0,75.76
6444,1568,2025-08-20,数码,32.22,30,0,2.22
6445,678,2025-08-20,数码,102.27,0,1,102.27
6446,656,2025-08-24,数码,22.75,10,0,12.75
6447,216,2025-07-23,家居,35.22,0,0,35.22
6448,1842,2025-07-29,食品,40.36,10,0,30.36
6449,407,2025-08-08,食品,68.06,10,0,58.06
6450,536,2025-07-05,食品,39.01,30,0,9.01
6451,826,2025-09-08,美妆,139.52,10,0,129.52
6452,276,2025-07-05,美妆,79.58,0,0,79.58
6453,1612,2025-08-31,数码,41.29,5,0,36.29
6454,1397,2025-08-11,美妆,104.45,0,0,104.45
6455,314,2025-09-30,数码,48.6,0,1,48.6
6456,326,2025-09-02,数码,43.61,30,0,13.61
6457,44,2025-08-13,家居,98.76,5,1,93.76
6458,1899,2025-09-03,服饰,15.66,20,0,1.0
6459,872,2025-07-11,美妆,90.39,0,1,90.39
6460,1312,2025-07-17,数码,40.76,20,0,20.76
6461,300,2025-08-15,食品,40.73,20,1,20.73
6462,462,2025-09-17,数码,177.15,10,0,167.15
6463,1083,2025-09-14,数码,45.05,0,0,45.05
6464,418,2025-08-04,家居,102.08,20,0,82.08
6465,1226,2025-07-27,美妆,70.36,20,1,50.36
6466,1848,2025-09-27,美妆,74.49,0,0,74.49
6467,611,2025-08-22,食品,52.57,30,1,22.57
6468,1216,2025-07-11,食品,51.09,20,1,31.09
6469,1832,2025-07-21,家居,139.83,0,0,139.83
6470,1788,2025-09-15,服饰,100.66,5,1,95.66
6471,16,2025-09-21,美妆,45.84,0,0,45.84
6472,221,2025-09-22,家居,33.95,5,0,28.95
6473,1973,2025-07-01,数码,43.75,20,0,23.75
6474,1851,2025-09-14,数码,103.53,20,1,83.53
6475,644,2025-07-11,美妆,115.39,0,0,115.39
6476,1041,2025-09-13,数码,81.88,10,0,71.88
6477,1146,2025-09-20,美妆,24.8,5,0,19.8
6478,1337,2025-08-03,数码,91.34,5,1,86.34
6479,1501,2025-07-18,服饰,123.59,10,0,113.59
6480,746,2025-09-04,美妆,66.38,10,0,56.38
6481,1780,2025-07-07,数码,179.27,0,0,179.27
6482,119,2025-08-23,数码,29.18,0,0,29.18
6483,65,2025-07-31,家居,87.94,20,0,67.94
6484,1916,2025-08-09,家居,34.43,0,1,34.43
6485,355,2025-09-14,服饰,108.01,5,0,103.01
6486,1990,2025-09-30,服饰,84.53,30,0,54.53
6487,572,2025-08-07,美妆,162.51,20,1,142.51
6488,730,2025-07-27,家居,79.43,10,0,69.43
6489,56,2025-09-15,食品,48.32,0,1,48.32
6490,1888,2025-08-08,家居,46.06,10,0,36.06
6491,719,2025-07-19,服饰,52.58,10,0,42.58
6492,336,2025-09-22,家居,45.56,5,0,40.56
6493,967,2025-09-30,服饰,126.58,0,1,126.58
6494,310,2025-07-27,家居,121.71,5,0,116.71
6495,1580,2025-07-15,家居,26.49,5,0,21.49
6496,147,2025-07-15,美妆,61.63,30,0,31.63
6497,999,2025-08-25,美妆,62.45,10,1,52.45
6498,783,2025-07-29,食品,39.26,0,0,39.26
6499,75,2025-08-27,数码,76.79,0,0,76.79
6500,105,2025-09-08,服饰,134.76,5,0,129.76
6501,1038,2025-07-01,美妆,98.54,5,0,93.54
6502,790,2025-09-18,数码,126.58,0,0,126.58
6503,260,2025-07-03,家居,40.64,30,1,10.64
6504,277,2025-07-11,服饰,61.56,30,0,31.56
6505,1610,2025-09-05,家居,39.6,30,0,9.6
6506,1462,2025-08-27,家居,68.83,5,1,63.83
6507,1216,2025-09-29,家居,72.33,20,1,52.33
6508,1667,2025-08-22,美妆,102.3,10,1,92.3
6509,139,2025-08-08,数码,124.27,5,1,119.27
6510,1376,2025-08-31,服饰,88.14,0,1,88.14
6511,1506,2025-09-09,服饰,37.6,0,0,37.6
6512,401,2025-08-31,服饰,28.68,0,1,28.68
6513,1073,2025-08-04,食品,80.32,20,0,60.32
6514,1534,2025-09-27,数码,137.73,10,0,127.73
6515,1207,2025-07-28,服饰,59.52,30,0,29.52
6516,500,2025-08-01,服饰,26.05,10,0,16.05
6517,1330,2025-07-26,美妆,189.92,0,1,189.92
6518,1519,2025-07-28,服饰,78.98,5,1,73.98
6519,20,2025-07-20,家居,66.3,0,0,66.3
6520,1135,2025-08-23,服饰,31.74,30,1,1.74
6521,1010,2025-09-06,美妆,60.88,0,1,60.88
6522,734,2025-08-09,美妆,88.04,0,0,88.04
6523,89,2025-09-23,美妆,79.57,5,1,74.57
6524,167,2025-08-13,家居,41.52,20,0,21.52
6525,1501,2025-08-12,美妆,58.48,5,0,53.48
6526,1656,2025-07-07,食品,43.0,0,0,43.0
6527,839,2025-09-22,食品,150.7,10,1,140.7
6528,1880,2025-07-14,美妆,98.71,0,0,98.71
6529,1856,2025-07-16,食品,45.22,10,0,35.22
6530,1332,2025-09-25,服饰,31.73,10,0,21.73
6531,1162,2025-08-17,食品,70.3,0,1,70.3
6532,1930,2025-07-07,服饰,46.01,5,1,41.01
6533,1220,2025-08-10,食品,47.94,0,0,47.94
6534,1869,2025-08-24,美妆,32.32,0,1,32.32
6535,1958,2025-07-01,美妆,34.6,10,0,24.6
6536,390,2025-09-08,服饰,65.99,0,0,65.99
6537,1322,2025-08-31,家居,52.1,0,0,52.1
6538,1463,2025-07-02,服饰,238.19,10,0,228.19
6539,1641,2025-08-26,服饰,83.67,10,0,73.67
6540,699,2025-07-21,服饰,32.03,20,0,12.03
6541,1724,2025-09-06,家居,25.93,20,0,5.93
6542,976,2025-08-04,美妆,75.11,5,1,70.11
6543,774,2025-07-19,食品,48.51,5,1,43.51
6544,314,2025-08-16,数码,125.5,10,0,115.5
6545,643,2025-08-10,服饰,70.46,20,1,50.46
6546,1950,2025-08-01,服饰,20.28,5,1,15.28
6547,1433,2025-09-19,服饰,34.44,30,0,4.44
6548,1453,2025-08-29,数码,41.62,10,0,31.62
6549,1792,2025-08-14,家居,76.95,0,0,76.95
6550,534,2025-07-21,数码,33.82,20,1,13.82
6551,1324,2025-08-22,家居,65.63,0,0,65.63
6552,743,2025-07-03,家居,28.94,30,1,1.0
6553,1696,2025-09-20,美妆,60.55,0,0,60.55
6554,845,2025-07-01,服饰,73.96,10,0,63.96
6555,1710,2025-09-03,服饰,134.81,10,1,124.81
6556,1496,2025-08-01,数码,69.07,0,0,69.07
6557,1544,2025-09-05,数码,38.51,10,1,28.51
6558,1852,2025-08-03,家居,137.16,0,0,137.16
6559,1582,2025-07-03,食品,54.56,5,0,49.56
6560,643,2025-09-26,家居,92.34,0,1,92.34
6561,1044,2025-09-09,家居,43.07,20,0,23.07
6562,946,2025-07-05,家居,63.43,20,0,43.43
6563,130,2025-07-04,家居,38.83,0,0,38.83
6564,1187,2025-08-18,服饰,72.04,20,0,52.04
6565,875,2025-09-27,数码,93.89,20,0,73.89
6566,787,2025-08-23,家居,45.96,0,0,45.96
6567,220,2025-07-01,美妆,44.56,30,0,14.56
6568,1009,2025-09-03,家居,73.42,0,0,73.42
6569,1159,2025-08-09,美妆,38.33,20,1,18.33
6570,212,2025-08-28,美妆,26.18,10,0,16.18
6571,1270,2025-08-02,数码,73.28,30,0,43.28
6572,336,2025-07-01,服饰,56.87,0,0,56.87
6573,291,2025-07-02,食品,56.21,5,1,51.21
6574,803,2025-08-28,家居,80.37,20,0,60.37
6575,779,2025-08-28,服饰,86.78,10,0,76.78
6576,1830,2025-07-30,服饰,55.23,10,1,45.23
6577,136,2025-07-08,家居,32.54,10,1,22.54
6578,699,2025-09-10,数码,42.47,10,1,32.47
6579,1470,2025-07-14,食品,83.24,0,0,83.24
6580,500,2025-07-18,食品,65.04,0,0,65.04
6581,1964,2025-08-11,家居,44.6,0,0,44.6
6582,1486,2025-09-04,数码,39.2,0,0,39.2
6583,1893,2025-09-30,家居,84.76,20,0,64.76
6584,1899,2025-08-27,服饰,53.41,5,0,48.41
6585,219,2025-09-27,食品,91.29,5,0,86.29
6586,919,2025-08-30,数码,97.87,0,0,97.87
6587,1490,2025-09-17,服饰,50.8,20,1,30.8
6588,18,2025-07-17,食品,101.73,0,0,101.73
6589,905,2025-07-06,服饰,65.11,0,1,65.11
6590,1377,2025-08-31,家居,69.91,20,0,49.91
6591,1586,2025-09-28,数码,18.1,0,0,18.1
6592,831,2025-09-06,服饰,35.37,20,1,15.37
6593,1727,2025-08-01,食品,36.45,5,0,31.45
6594,1348,2025-08-15,服饰,50.64,20,1,30.64
6595,91,2025-07-11,家居,64.26,0,1,64.26
6596,556,2025-08-01,服饰,65.72,0,1,65.72
6597,1876,2025-09-01,数码,70.61,5,0,65.61
6598,5,2025-07-16,服饰,41.4,10,0,31.4
6599,217,2025-08-14,服饰,88.26,20,0,68.26
6600,689,2025-07-27,家居,163.22,0,1,163.22
6601,1988,2025-08-15,美妆,49.68,10,0,39.68
6602,1410,2025-09-09,服饰,41.89,0,0,41.89
6603,296,2025-09-20,数码,41.39,20,1,21.39
6604,787,2025-08-07,美妆,63.24,30,0,33.24
6605,1880,2025-09-15,食品,45.19,0,0,45.19
6606,439,2025-09-03,家居,23.3,0,1,23.3
6607,1151,2025-09-23,数码,27.08,20,0,7.08
6608,929,2025-09-07,美妆,105.75,20,0,85.75
6609,1521,2025-08-20,美妆,122.12,10,0,112.12
6610,1505,2025-09-01,美妆,145.47,5,0,140.47
6611,1667,2025-07-30,数码,68.34,20,0,48.34
6612,239,2025-08-31,数码,34.99,0,1,34.99
6613,908,2025-09-04,食品,47.42,30,0,17.42
6614,1384,2025-08-26,美妆,26.57,20,0,6.57
6615,838,2025-07-10,服饰,26.01,20,1,6.01
6616,1335,2025-08-17,家居,69.44,20,1,49.44
6617,1272,2025-09-04,数码,81.16,30,0,51.16
6618,742,2025-07-19,数码,177.17,0,1,177.17
6619,201,2025-09-11,服饰,57.64,30,0,27.64
6620,1941,2025-09-16,美妆,28.59,0,0,28.59
6621,1652,2025-08-19,美妆,56.43,5,1,51.43
6622,1790,2025-09-27,食品,51.66,5,0,46.66
6623,600,2025-09-17,数码,46.05,0,0,46.05
6624,633,2025-08-12,家居,72.9,5,1,67.9
6625,647,2025-09-20,食品,30.94,5,0,25.94
6626,63,2025-09-24,美妆,64.84,0,0,64.84
6627,340,2025-07-10,食品,86.35,5,1,81.35
6628,617,2025-09-30,数码,131.74,0,0,131.74
6629,1975,2025-07-01,美妆,71.57,10,0,61.57
6630,410,2025-08-14,食品,107.09,10,0,97.09
6631,1016,2025-09-25,数码,47.27,10,0,37.27
6632,1095,2025-09-05,食品,51.04,20,0,31.04
6633,720,2025-07-25,食品,126.64,10,1,116.64
6634,1838,2025-08-29,数码,28.38,0,0,28.38
6635,187,2025-07-20,美妆,48.34,5,0,43.34
6636,1741,2025-07-22,服饰,112.24,5,0,107.24
6637,1488,2025-09-22,数码,53.73,0,0,53.73
6638,612,2025-07-05,食品,51.57,20,1,31.57
6639,1536,2025-09-27,美妆,52.15,0,0,52.15
6640,858,2025-08-11,服饰,64.36,30,0,34.36
6641,1942,2025-07-06,家居,109.66,0,1,109.66
6642,74,2025-09-11,数码,100.32,10,0,90.32
6643,60,2025-07-05,美妆,60.72,0,0,60.72
6644,1089,2025-07-30,数码,110.04,30,0,80.04
6645,1863,2025-07-23,食品,72.82,20,0,52.82
6646,127,2025-09-11,美妆,96.79,0,0,96.79
6647,1556,2025-08-06,美妆,34.27,0,0,34.27
6648,1878,2025-08-30,服饰,156.99,10,1,146.99
6649,973,2025-07-07,家居,68.11,0,0,68.11
6650,1734,2025-09-02,家居,13.31,0,0,13.31
6651,1514,2025-09-04,家居,150.32,30,0,120.32
6652,429,2025-07-27,美妆,60.51,10,1,50.51
6653,1709,2025-09-20,家居,48.54,0,1,48.54
6654,1399,2025-08-13,美妆,43.24,5,0,38.24
6655,26,2025-08-31,家居,76.84,0,0,76.84
6656,1137,2025-07-17,服饰,37.02,20,0,17.02
6657,1309,2025-09-24,美妆,43.93,0,1,43.93
6658,1603,2025-07-23,食品,44.52,5,1,39.52
6659,1543,2025-08-27,家居,51.38,0,0,51.38
6660,952,2025-07-09,美妆,45.45,30,0,15.45
6661,598,2025-07-05,食品,96.45,0,1,96.45
6662,384,2025-07-12,家居,70.04,10,1,60.04
6663,179,2025-09-25,食品,74.9,5,0,69.9
6664,1280,2025-07-20,数码,84.42,20,0,64.42
6665,1920,2025-09-19,食品,57.33,0,0,57.33
6666,161,2025-08-23,服饰,34.43,20,0,14.43
6667,1406,2025-07-09,美妆,162.85,30,1,132.85
6668,1170,2025-08-10,食品,100.5,0,0,100.5
6669,344,2025-08-14,服饰,146.5,0,1,146.5
6670,426,2025-07-25,美妆,106.59,30,0,76.59
6671,569,2025-08-25,家居,46.84,5,0,41.84
6672,1370,2025-09-18,服饰,16.59,20,0,1.0
6673,598,2025-09-20,美妆,30.69,20,0,10.69
6674,1657,2025-08-18,数码,85.63,0,0,85.63
6675,740,2025-09-21,食品,57.06,0,0,57.06
6676,220,2025-09-23,美妆,47.9,5,1,42.9
6677,191,2025-07-09,服饰,15.29,10,1,5.29
6678,801,2025-08-28,家居,59.91,5,0,54.91
6679,816,2025-09-10,食品,33.28,10,0,23.28
6680,1468,2025-07-02,食品,40.51,5,1,35.51
6681,958,2025-08-25,服饰,96.31,20,0,76.31
6682,328,2025-09-23,美妆,34.26,0,0,34.26
6683,427,2025-07-25,服饰,36.11,5,1,31.11
6684,1134,2025-09-17,家居,66.82,0,0,66.82
6685,669,2025-09-24,数码,97.49,0,0,97.49
6686,1344,2025-08-28,食品,48.35,0,0,48.35
6687,1847,2025-08-27,数码,135.23,30,0,105.23
6688,710,2025-08-19,服饰,29.87,5,0,24.87
6689,1104,2025-08-07,家居,27.12,0,0,27.12
6690,1664,2025-08-11,食品,25.88,10,0,15.88
6691,421,2025-08-18,食品,24.32,10,0,14.32
6692,1022,2025-08-14,家居,72.61,5,0,67.61
6693,611,2025-09-14,服饰,35.24,0,1,35.24
6694,1254,2025-09-09,食品,27.78,0,1,27.78
6695,1487,2025-08-01,服饰,74.36,0,1,74.36
6696,282,2025-08-17,食品,94.93,5,0,89.93
6697,375,2025-07-20,美妆,107.55,0,0,107.55
6698,47,2025-07-17,食品,97.65,10,0,87.65
6699,25,2025-08-03,数码,36.42,20,0,16.42
6700,102,2025-07-06,美妆,70.24,0,0,70.24
6701,1414,2025-09-17,服饰,79.3,0,0,79.3
6702,1808,2025-07-12,服饰,46.47,20,0,26.47
6703,820,2025-07-31,数码,66.06,10,0,56.06
6704,1766,2025-07-24,食品,30.31,10,1,20.31
6705,1460,2025-07-20,家居,42.73,20,0,22.73
6706,1616,2025-08-03,家居,74.03,10,1,64.03
6707,1480,2025-09-05,服饰,138.26,10,1,128.26
6708,400,2025-09-21,数码,113.67,5,1,108.67
6709,1047,2025-07-18,服饰,86.79,30,1,56.79
6710,1051,2025-07-22,服饰,63.04,10,1,53.04
6711,1284,2025-08-13,数码,57.89,0,0,57.89
6712,1593,2025-07-30,食品,27.22,10,1,17.22
6713,226,2025-09-12,家居,38.11,0,0,38.11
6714,1350,2025-07-21,服饰,38.8,5,1,33.8
6715,1667,2025-08-07,食品,82.77,0,0,82.77
6716,232,2025-08-20,美妆,101.47,10,0,91.47
6717,830,2025-08-05,家居,90.48,5,1,85.48
6718,1792,2025-08-26,数码,115.64,10,1,105.64
6719,49,2025-09-12,数码,62.79,10,0,52.79
6720,322,2025-08-18,美妆,35.14,0,0,35.14
6721,1608,2025-08-12,家居,58.71,0,0,58.71
6722,344,2025-09-26,家居,40.5,5,0,35.5
6723,1404,2025-09-29,数码,86.65,10,1,76.65
6724,1803,2025-09-30,食品,49.53,30,0,19.53
6725,998,2025-07-02,家居,57.16,5,1,52.16
6726,970,2025-09-16,数码,88.37,10,0,78.37
6727,858,2025-09-21,服饰,40.14,30,0,10.14
6728,746,2025-09-13,家居,102.53,10,0,92.53
6729,761,2025-09-07,服饰,28.76,0,0,28.76
6730,1108,2025-08-03,数码,71.42,5,1,66.42
6731,1792,2025-09-05,美妆,57.4,20,0,37.4
6732,1963,2025-08-23,家居,95.11,5,0,90.11
6733,1732,2025-09-15,数码,28.33,0,0,28.33
6734,240,2025-08-02,家居,26.0,5,1,21.0
6735,614,2025-09-07,数码,91.15,0,0,91.15
6736,1514,2025-09-11,食品,48.67,10,0,38.67
6737,1092,2025-09-15,家居,57.4,30,0,27.4
6738,669,2025-07-16,美妆,41.98,30,0,11.98
6739,623,2025-09-18,食品,99.69,10,0,89.69
6740,235,2025-07-20,美妆,71.13,20,0,51.13
6741,665,2025-09-25,服饰,68.88,20,0,48.88
6742,844,2025-07-04,家居,31.71,30,0,1.71
6743,832,2025-07-21,食品,79.51,20,0,59.51
6744,1098,2025-08-26,服饰,34.96,20,0,14.96
6745,546,2025-08-19,家居,42.01,0,0,42.01
6746,412,2025-09-02,家居,28.48,0,0,28.48
6747,1776,2025-08-07,数码,55.36,0,1,55.36
6748,811,2025-07-01,美妆,108.36,10,0,98.36
6749,510,2025-08-26,家居,68.35,30,0,38.35
6750,1272,2025-08-16,数码,47.32,30,0,17.32
6751,1085,2025-08-16,美妆,64.07,20,0,44.07
6752,1153,2025-08-04,美妆,63.88,20,1,43.88
6753,444,2025-09-20,家居,62.57,5,0,57.57
6754,1447,2025-09-11,家居,66.52,5,1,61.52
6755,385,2025-07-17,数码,34.06,10,0,24.06
6756,1673,2025-07-04,服饰,63.98,0,0,63.98
6757,849,2025-07-17,美妆,22.98,20,1,2.98
6758,819,2025-07-05,美妆,82.81,10,0,72.81
6759,777,2025-09-04,食品,32.9,0,0,32.9
6760,846,2025-08-27,家居,115.32,10,0,105.32
6761,1331,2025-08-12,家居,15.72,10,0,5.72
6762,994,2025-08-24,美妆,151.55,20,1,131.55
6763,254,2025-09-13,服饰,24.49,20,0,4.49
6764,1133,2025-09-15,美妆,31.19,0,1,31.19
6765,535,2025-08-09,美妆,71.13,20,1,51.13
6766,217,2025-08-24,家居,84.8,0,0,84.8
6767,1680,2025-08-23,服饰,51.63,5,1,46.63
6768,626,2025-09-26,家居,98.59,5,0,93.59
6769,1191,2025-09-09,数码,38.94,20,1,18.94
6770,344,2025-07-29,服饰,48.43,30,0,18.43
6771,679,2025-09-20,数码,51.1,0,0,51.1
6772,772,2025-08-06,食品,44.88,10,0,34.88
6773,268,2025-09-08,服饰,20.83,20,0,1.0
6774,1947,2025-09-28,美妆,59.53,30,1,29.53
6775,624,2025-09-13,美妆,56.64,0,0,56.64
6776,1166,2025-07-10,美妆,109.18,0,0,109.18
6777,1132,2025-07-19,食品,29.75,5,1,24.75
6778,859,2025-09-12,数码,42.45,30,0,12.45
6779,1172,2025-07-12,服饰,116.97,0,0,116.97
6780,1132,2025-07-02,服饰,70.9,5,1,65.9
6781,161,2025-07-24,数码,81.63,30,0,51.63
6782,1339,2025-08-14,食品,77.43,5,0,72.43
6783,229,2025-07-12,美妆,77.62,10,0,67.62
6784,870,2025-07-15,美妆,164.28,30,0,134.28
6785,730,2025-08-01,服饰,63.46,5,0,58.46
6786,896,2025-08-25,家居,34.6,0,0,34.6
6787,144,2025-08-20,家居,85.74,0,0,85.74
6788,1403,2025-09-12,食品,44.19,10,0,34.19
6789,838,2025-09-29,美妆,56.8,0,1,56.8
6790,122,2025-07-04,美妆,73.97,0,0,73.97
6791,8,2025-09-02,美妆,38.41,0,0,38.41
6792,1081,2025-07-16,家居,45.57,5,0,40.57
6793,1333,2025-08-03,服饰,78.39,20,1,58.39
6794,1095,2025-08-01,家居,44.62,5,0,39.62
6795,1441,2025-09-03,美妆,103.07,20,1,83.07
6796,1514,2025-07-24,美妆,35.08,30,0,5.08
6797,1744,2025-09-21,家居,35.01,10,0,25.01
6798,1966,2025-08-05,家居,172.14,10,0,162.14
6799,1770,2025-09-13,家居,26.01,0,0,26.01
6800,1592,2025-09-26,美妆,59.46,5,0,54.46
6801,862,2025-08-16,食品,167.05,0,0,167.05
6802,1008,2025-07-10,美妆,59.4,5,0,54.4
6803,1233,2025-09-03,服饰,126.56,30,1,96.56
6804,339,2025-08-08,美妆,86.39,0,0,86.39
6805,1356,2025-08-01,服饰,60.1,0,1,60.1
6806,1177,2025-08-12,服饰,56.16,20,1,36.16
6807,1041,2025-07-28,食品,18.81,30,0,1.0
6808,1669,2025-07-26,数码,50.63,20,0,30.63
6809,1375,2025-09-30,美妆,68.56,0,0,68.56
6810,1865,2025-07-26,食品,68.54,10,0,58.54
6811,1954,2025-08-12,数码,234.21,5,0,229.21
6812,1651,2025-09-04,家居,70.42,10,0,60.42
6813,596,2025-07-21,食品,85.33,10,0,75.33
6814,378,2025-08-26,美妆,114.52,20,0,94.52
6815,599,2025-09-21,数码,81.23,0,1,81.23
6816,1426,2025-09-13,服饰,57.55,30,0,27.55
6817,1729,2025-07-03,服饰,57.71,0,0,57.71
6818,1761,2025-08-07,美妆,49.76,0,0,49.76
6819,1368,2025-07-01,美妆,77.04,20,1,57.04
6820,1363,2025-08-25,服饰,54.94,5,1,49.94
6821,1904,2025-07-30,服饰,85.09,5,0,80.09
6822,1372,2025-09-21,家居,34.64,0,1,34.64
6823,282,2025-07-17,数码,65.42,0,0,65.42
6824,1001,2025-09-17,数码,141.69,0,0,141.69
6825,718,2025-08-01,服饰,53.33,20,0,33.33
6826,1274,2025-09-23,数码,166.28,0,1,166.28
6827,1272,2025-07-19,美妆,66.02,30,0,36.02
6828,589,2025-07-25,数码,58.49,20,0,38.49
6829,600,2025-08-02,食品,64.34,20,0,44.34
6830,178,2025-09-29,美妆,50.84,20,1,30.84
6831,587,2025-09-06,美妆,20.3,10,1,10.3
6832,1656,2025-09-14,服饰,97.91,5,0,92.91
6833,1311,2025-08-20,家居,201.54,30,0,171.54
6834,1887,2025-09-12,食品,78.59,5,0,73.59
6835,1853,2025-08-27,数码,81.27,0,1,81.27
6836,1714,2025-08-31,家居,54.57,10,0,44.57
6837,360,2025-09-16,服饰,114.07,0,0,114.07
6838,668,2025-09-29,美妆,59.05,10,0,49.05
6839,115,2025-08-22,服饰,69.89,30,0,39.89
6840,188,2025-08-10,服饰,25.51,10,0,15.51
6841,463,2025-08-30,家居,45.1,0,0,45.1
6842,561,2025-09-07,数码,73.85,0,1,73.85
6843,31,2025-09-29,食品,99.38,5,1,94.38
6844,1686,2025-09-03,美妆,100.91,0,0,100.91
6845,1055,2025-09-26,食品,25.32,10,0,15.32
6846,1312,2025-09-06,食品,26.77,20,0,6.77
6847,1308,2025-09-26,美妆,83.2,10,0,73.2
6848,1934,2025-09-08,服饰,40.02,10,0,30.02
6849,295,2025-09-20,食品,98.69,5,0,93.69
6850,686,2025-07-18,食品,24.62,0,0,24.62
6851,617,2025-09-30,数码,57.16,10,1,47.16
6852,1103,2025-08-02,美妆,59.21,5,0,54.21
6853,1053,2025-09-12,服饰,78.59,0,0,78.59
6854,1581,2025-08-06,家居,34.22,10,0,24.22
6855,1122,2025-08-12,食品,20.46,5,1,15.46
6856,468,2025-09-07,数码,66.3,0,0,66.3
6857,1130,2025-08-19,服饰,80.6,5,0,75.6
6858,1929,2025-09-04,服饰,105.01,0,0,105.01
6859,1158,2025-07-08,服饰,49.54,10,0,39.54
6860,1185,2025-09-15,数码,92.45,0,0,92.45
6861,352,2025-08-07,美妆,78.82,20,0,58.82
6862,16,2025-09-11,数码,124.88,5,0,119.88
6863,420,2025-07-27,家居,58.53,0,0,58.53
6864,51,2025-08-24,数码,23.3,0,0,23.3
6865,905,2025-08-24,家居,58.14,30,0,28.14
6866,1765,2025-07-13,家居,63.35,5,1,58.35
6867,894,2025-08-13,数码,80.24,20,0,60.24
6868,1291,2025-08-28,家居,25.97,20,1,5.97
6869,1712,2025-09-15,数码,50.82,0,0,50.82
6870,1527,2025-09-20,美妆,97.27,5,0,92.27
6871,1302,2025-08-05,服饰,56.98,10,0,46.98
6872,1569,2025-08-29,美妆,51.0,20,1,31.0
6873,562,2025-07-17,食品,172.17,5,0,167.17
6874,841,2025-09-21,美妆,33.5,30,0,3.5
6875,798,2025-09-18,服饰,118.89,10,0,108.89
6876,1598,2025-09-30,食品,105.81,20,0,85.81
6877,818,2025-08-14,食品,53.31,0,0,53.31
6878,1876,2025-08-03,家居,59.26,5,0,54.26
6879,374,2025-09-08,家居,59.14,0,0,59.14
6880,345,2025-09-05,数码,66.69,30,0,36.69
6881,1433,2025-07-20,家居,43.51,0,0,43.51
6882,1529,2025-08-19,美妆,47.68,10,1,37.68
6883,1359,2025-08-29,家居,49.63,0,0,49.63
6884,616,2025-08-11,家居,50.51,0,0,50.51
6885,19,2025-08-04,服饰,50.86,0,0,50.86
6886,643,2025-07-23,数码,17.59,20,0,1.0
6887,934,2025-08-07,食品,63.67,0,1,63.67
6888,826,2025-07-23,美妆,45.15,20,1,25.15
6889,1845,2025-07-28,食品,21.61,20,0,1.61
6890,1728,2025-07-18,家居,49.77,30,0,19.77
6891,1551,2025-08-04,家居,48.93,10,0,38.93
6892,45,2025-08-28,美妆,121.68,10,0,111.68
6893,255,2025-08-04,食品,44.85,10,0,34.85
6894,868,2025-07-14,食品,87.12,0,1,87.12
6895,1244,2025-09-12,数码,129.09,5,0,124.09
6896,1361,2025-08-09,食品,42.72,20,0,22.72
6897,593,2025-08-23,美妆,58.78,0,1,58.78
6898,221,2025-08-18,家居,156.14,0,0,156.14
6899,657,2025-08-16,美妆,68.44,10,0,58.44
6900,1585,2025-08-10,美妆,74.11,20,0,54.11
6901,1974,2025-09-08,美妆,48.23,0,0,48.23
6902,1884,2025-09-17,美妆,88.05,20,0,68.05
6903,1187,2025-09-22,食品,59.04,0,0,59.04
6904,182,2025-08-10,数码,22.03,5,0,17.03
6905,1936,2025-08-01,服饰,49.63,30,1,19.63
6906,306,2025-07-08,家居,31.48,5,0,26.48
6907,537,2025-08-10,美妆,64.18,10,0,54.18
6908,1949,2025-09-30,服饰,36.44,30,0,6.44
6909,1008,2025-07-24,数码,78.49,0,0,78.49
6910,396,2025-09-16,美妆,61.84,0,0,61.84
6911,1005,2025-09-08,数码,30.37,30,0,1.0
6912,158,2025-08-30,家居,46.02,10,0,36.02
6913,632,2025-08-22,数码,84.89,30,0,54.89
6914,1905,2025-09-08,数码,113.45,20,0,93.45
6915,598,2025-07-10,食品,36.73,10,0,26.73
6916,1786,2025-07-12,美妆,33.0,5,1,28.0
6917,1086,2025-07-19,数码,176.45,5,0,171.45
6918,1312,2025-09-09,美妆,60.02,0,1,60.02
6919,1406,2025-08-09,家居,63.45,5,0,58.45
6920,1103,2025-07-20,食品,40.18,20,0,20.18
6921,69,2025-07-05,食品,67.92,30,0,37.92
6922,1839,2025-08-14,数码,154.98,30,0,124.98
6923,951,2025-08-06,服饰,69.4,30,0,39.4
6924,1312,2025-07-17,食品,108.39,0,0,108.39
6925,1108,2025-07-03,数码,61.31,5,0,56.31
6926,1317,2025-09-08,数码,34.32,0,0,34.32
6927,710,2025-09-10,美妆,41.44,10,0,31.44
6928,1688,2025-07-23,服饰,32.63,30,0,2.63
6929,449,2025-08-15,服饰,68.02,20,0,48.02
6930,1307,2025-07-24,家居,118.29,20,0,98.29
6931,1156,2025-08-07,美妆,65.93,5,0,60.93
6932,1008,2025-07-11,服饰,50.94,5,0,45.94
6933,44,2025-09-26,食品,39.08,0,0,39.08
6934,780,2025-09-05,家居,73.37,10,0,63.37
6935,96,2025-09-21,美妆,30.54,0,0,30.54
6936,1007,2025-07-28,服饰,32.34,20,1,12.34
6937,1376,2025-09-19,服饰,99.0,5,0,94.0
6938,1045,2025-08-17,服饰,51.79,10,0,41.79
6939,1515,2025-07-19,美妆,51.23,20,0,31.23
6940,722,2025-07-31,服饰,54.98,0,1,54.98
6941,613,2025-09-13,数码,89.95,10,1,79.95
6942,897,2025-09-10,美妆,66.09,20,0,46.09
6943,459,2025-09-05,食品,40.1,30,1,10.1
6944,1604,2025-07-21,食品,40.9,0,0,40.9
6945,1620,2025-08-29,数码,54.2,10,1,44.2
6946,834,2025-09-25,数码,71.25,5,0,66.25
6947,1586,2025-07-05,食品,59.17,0,0,59.17
6948,52,2025-07-30,家居,56.35,0,0,56.35
6949,310,2025-07-08,服饰,61.9,10,0,51.9
6950,567,2025-07-10,食品,59.15,0,0,59.15
6951,776,2025-09-30,美妆,39.28,10,0,29.28
6952,464,2025-07-23,食品,110.93,0,0,110.93
6953,1025,2025-07-17,服饰,46.28,0,0,46.28
6954,1588,2025-07-07,美妆,64.78,20,1,44.78
6955,913,2025-09-29,家居,19.43,0,1,19.43
6956,899,2025-08-13,家居,53.61,0,0,53.61
6957,120,2025-09-11,食品,32.96,0,0,32.96
6958,561,2025-07-24,服饰,35.22,0,0,35.22
6959,1615,2025-08-28,数码,228.65,5,0,223.65
6960,1622,2025-09-20,美妆,69.22,20,1,49.22
6961,209,2025-08-31,美妆,118.43,10,1,108.43
6962,39,2025-08-17,服饰,96.58,0,0,96.58
6963,1663,2025-07-20,美妆,103.63,0,0,103.63
6964,349,2025-07-22,美妆,54.08,20,1,34.08
6965,1150,2025-08-24,服饰,145.99,0,1,145.99
6966,1654,2025-08-11,食品,96.13,0,1,96.13
6967,1575,2025-07-05,家居,61.73,0,0,61.73
6968,1102,2025-07-19,服饰,69.74,20,0,49.74
6969,754,2025-08-09,服饰,55.97,10,1,45.97
6970,1548,2025-07-17,服饰,62.1,0,0,62.1
6971,1390,2025-08-20,食品,58.91,0,0,58.91
6972,1677,2025-07-28,家居,74.43,20,0,54.43
6973,1028,2025-07-27,美妆,157.12,0,0,157.12
6974,1884,2025-07-10,服饰,31.1,5,1,26.1
6975,1540,2025-08-16,服饰,113.1,20,1,93.1
6976,127,2025-07-18,数码,49.28,0,1,49.28
6977,588,2025-08-27,美妆,121.31,5,0,116.31
6978,1599,2025-09-25,美妆,50.23,10,1,40.23
6979,233,2025-09-22,美妆,75.72,10,0,65.72
6980,1418,2025-08-31,家居,55.29,5,0,50.29
6981,682,2025-09-13,美妆,23.29,5,0,18.29
6982,415,2025-09-23,数码,157.03,5,1,152.03
6983,1080,2025-09-01,数码,35.93,5,1,30.93
6984,1864,2025-07-24,服饰,63.19,0,1,63.19
6985,1796,2025-08-16,美妆,33.82,0,1,33.82
6986,809,2025-09-17,家居,28.92,0,0,28.92
6987,8,2025-08-31,家居,53.91,5,1,48.91
6988,1776,2025-08-03,食品,43.54,5,0,38.54
6989,1795,2025-07-16,服饰,31.73,10,1,21.73
6990,1211,2025-07-14,美妆,59.18,10,1,49.18
6991,1258,2025-08-04,家居,26.71,30,0,1.0
6992,1054,2025-09-13,数码,64.65,10,0,54.65
6993,25,2025-08-20,服饰,56.26,10,0,46.26
6994,320,2025-07-06,数码,15.42,0,1,15.42
6995,287,2025-09-23,服饰,45.25,20,0,25.25
6996,1829,2025-08-07,美妆,78.07,5,0,73.07
6997,100,2025-08-05,食品,33.62,20,1,13.62
6998,1114,2025-09-14,美妆,79.96,30,0,49.96
6999,726,2025-08-04,数码,76.55,0,0,76.55
7000,13,2025-08-26,服饰,34.48,30,1,4.48
